:10000000A0390020BD2700003FCB0000A927000039
:10001000A9270000A9270000A9270000A9270000A0
:100020000000000000000000000000002129000086
:10003000A927000000000000B9280000A92700003F
:10004000C52A0000C52A0000C52A0000C52A0000F4
:10005000C52A0000C52A0000C52A0000C52A0000E4
:10006000C52A0000C52A0000C52A0000C52A0000D4
:10007000C52A0000C52A0000C52A0000C52A0000C4
:10008000C52A0000C52A0000C52A0000C52A0000B4
:10009000C52A0000C52A0000C52A0000C52A0000A4
:1000A000C52A0000C52A0000C52A0000C52A000094
:1000B000C52A0000C52A0000C52A0000C52A000084
:1000C000C52A0000C52A0000C52A0000C52A000074
:1000D000C52A0000C52A0000C52A0000C52A000064
:1000E000C52A0000C52A0000C52A0000C52A000054
:1000F000C52A0000C52A0000C52A0000C52A000044
:10010000C52A0000C52A0000C52A0000C52A000033
:10011000C52A0000C52A0000C52A0000C52A000023
:10012000C52A0000C52A0000C52A0000C52A000013
:10013000C52A0000C52A0000C52A0000C52A000003
:10014000C52A0000C52A0000C52A0000C52A0000F3
:04015000C52A0000BC
:1001540053B94AB9002908BF00281CBF4FF0FF312A
:100164004FF0FF3000F00CB8ADF1080C6DE904CE8F
:1001740000F01AF8DDF804E0DDE9022304B070476A
:10018400704700BF10F8012B11F8013B012A28BF6A
:100194009A42F7D0D01A7047034613F8012B002A6D
:1001A400FBD1181A013870472DE9F04786468C4672
:1001B4000846089E154674461946002B40F0C18037
:1001C4008542B2FA82F245D94AB1C2F1200300FA5B
:1001D40002FC954094402EFA03F343EA0C0C4FEAD8
:1001E400154EA8B2230CBCFBFEF80EFB18CC08FB82
:1001F40000F943EA0C43994528D9EB1808F1FF3775
:1002040004D2994502D9A8F102072B44A3EB0903B0
:10021400A4B2B3FBFEFC0EFB1C330CFB00F044EA5F
:100224000344A04214D92C190CF1FF3304D2A04288
:1002340002D9ACF102032C44241A43EA07401EB14C
:10024400D440002334607360BDE8F0874746DDE79F
:100254006346F1E792BB431B01214FEA154EAFB24F
:10026400200CB3FBFEFC0EFB1C330CFB07F840EA2E
:100274000343984561D9EB180CF1FF3004D298453B
:1002840002D9ACF102002B44A3EB0803A4B2B3FBE4
:10029400FEFC0EFB1C330CFB07F744EA0344A742A5
:1002A4004DD92C190CF1FF3304D2A74202D9ACF179
:1002B40002032C44E41B43EA0040C0E7C2F12003DC
:1002C4009540944020FA03F12EFA03F34FEA154EB9
:1002D4009040AFB20343B1FBFEFC0EFB1C10190CA3
:1002E4000CFB07F841EA0041884522D969180CF152
:1002F400FF3004D2884502D9ACF102002944A1EBB5
:1003040008019BB2B1FBFEFC0EFB1C110CFB07F7B2
:1003140043EA01439F420ED9EB180CF1FF3104D29A
:100324009F4202D9ACF102012B44DB1B41EA00419C
:1003340093E76046E3E76146F7E76046A4E7634670
:10034400B8E7834206D916B9002108467CE7C6E916
:1003540000E0F9E7B3FA83F78FB9834201D372451A
:1003640008D8BEEB020460EB030301209C461EB9CF
:10037400002169E73846FAE7C6E9004CF8E7C7F117
:10038400200CBB400EFA07F522FA0CF42EFA0CF1FD
:10039400BA401C4320FA0CF3B8404FEA1449014315
:1003A4001FFA84FEB3FBF9F809FB18300B0C08FBA9
:1003B4000EFA43EA00439A4540D9E31808F1FF30A6
:1003C40004D29A4502D9A8F102002344A3EB0A03FC
:1003D40089B2B3FBF9F809FB183308FB0EFE41EAB6
:1003E40003418E452CD9611808F1FF3304D28E45A0
:1003F40002D9A8F10203214443EA0040A1EB0E0113
:10040400A0FB02984145CE46434602D306D14D4552
:1004140004D20138B9EB020E68EB0403002EA7D016
:10042400B5EB0E0261EB030101FA0CFC22FA07F3AF
:10043400F9404CEA0303C6E9003199E74046C5E7B1
:100444004346D9E72DE9F0414379012B4FD1C588C3
:100454008468284603F0C0F8074628460CF0F5FBEC
:10046400002F44DB234D00212B68CCB9224EFAB275
:1004740030469C420FD016F8011B914204F1010151
:1004840031D15E1E321B0144B44288BF0022204495
:100494000DF0A8F82E600022184B1A705A700BE069
:1004A400052B98BF5C1C154A9CBF2C60124C117024
:1004B40098BFE7545170C0B900232868104A0E4C05
:1004C400984294BF0021E15C0133062B02F8011F1E
:1004D400F6D10C4808F038FEBDE8F04100230822AC
:1004E400064902F0F7BF0C46C3E71070E4E7BDE825
:1004F400F08100BFC80D0020982300209E23002017
:100504009F2300203EE1000010B5134808F01CFEB4
:10051400044618B911480CF028FA10BD10490023FC
:100524003F2202F0C1FF20460CF085FB014618B1C2
:100534000C480CF01AFAF0E701F046FA014608B14B
:100544000948F6E709480CF010FA4FF0FF314FF074
:10055400FF300AF073FEF8E73EE1000044E10000DA
:10056400DAE1000063E1000091E10000B7E100007E
:1005740070B586B045680646122200210DF10600CA
:100584000DF04AF8EA691A4BB3FBF2F31022029316
:10059400AB688DF8042003936B68022204934FF434
:1005A4007A738DF8052005932868836801211B68F8
:1005B40001AA9847041E06DB0023297BDAB2914284
:1005C40009D8002404E0224645210A480CF072FAB6
:1005D400204606B070BD6A69D25C0133042AEDD9A5
:1005E4004521326804480CF065FA6FF01504EFE712
:1005F40040420F001EE200003DE200002DE9F347F7
:1006040045680C46164600234FF4A022A86801A9A9
:1006140095F8247095F8258095F8269008F080FFC9
:10062400021EC7F1000709DA45213F480CF042FADF
:100634006FF00B04204602B0BDE8F0872146019814
:1006440006EB860640F8047B26448E424BD10023F9
:10065400298B9AB2914248D828686A6883680199BC
:10066400DB689847041E44DA0199A86808F0CAFFB9
:10067400224645212D480CF01DFADBE76B699B5C93
:10068400042B29D8DFE803F02403202226000A786B
:100694004FF0080C4FF0800E002312EA0E0F0CBF2F
:1006A400CA46C246BCF1010C4AEA03134FEA5E0E85
:1006B400F3D187EA334340F8043B01342B7BE2B2A5
:1006C4009342DBD80531C0E74A78E1E78A78DFE76F
:1006D400CA78DDE70A79DBE70199A86808F092FF98
:1006E4006FF01504A6E70024E8E740F8237001330F
:1006F400AEE728688368002201211B699847041E1D
:1007040098DB28688368022201211B699847041E2C
:1007140090DBD5E907206B689B0802FB03000AF015
:10072400B7FD002486E700BF5DE200007CE2000024
:1007340070B589B30668012230460BF07BFF014691
:10074400044630460BF03EFFC30708D41349AF22DA
:1007540013480CF020F9AF2110480CF013F921468E
:1007640030460BF045FF25182946002230460BF091
:1007740029FF2D1AAC4206D00849B72208480CF0CC
:100784000AF9B721E8E7214630460BF037FF214646
:10079400BDE870400CF073B870BD00BFB0E200005B
:1007A400D3E200002DE9F8430F4606681446B26808
:1007B4004B1EB2F5004F34BF042108213B4010D03A
:1007C400C7F1000909EA0709494503F1FF3028BFC9
:1007D400494618420CD11F46BCB900252846BDE83D
:1007E400F8838F420FD82146BDE8F8430CF089B84E
:1007F4002C492D484FF4A2720CF0CDF84FF4A2719D
:1008040028480CF0BFF89946E6E7B2EBD40FE4D9D8
:10081400E319591A10460BF017FF014630460BF046
:100824006DFF80460028D8D0B36809EBC005B3F546
:10083400004F34BF042308231D4435447B1E1D444C
:10084400B5FBF7F57D43A5EB0905294630460BF0CA
:10085400F1FE2C44073424F00704A41B804507460A
:100864004FEAE40408D20246414630460BF080FFCA
:10087400414630460BF0C1FF394630460BF0B8FE16
:100884003844844208D23946304622460BF070FF81
:10089400214630460BF0B1FF0122394630460BF0B9
:1008A400ADFE9BE7B0E20000D3E20000B2F5802F7A
:1008B4002DE9F0410CD2042A20D83D494FF4F972B5
:1008C4003C480CF068F84FF4F97139480CF05AF8C8
:1008D4000823D21ACC1D114424F0070421F0070187
:1008E400091B17294FEAD1060AD8314940F2FB12F5
:1008F40030480CF050F840F2FB11E6E70423E8E737
:100904000027046031463046A660E7600BF0A5FE80
:100914000121421D804630460BF096FE9200D51D03
:10092400ED082844B0423AD8B8F1FF3F3946A2F165
:10093400100204F11000B8BF3A460CF06DFE2A46CE
:10094400394620460BF072FE3B463A46394620466D
:100954000BF043FEA6EB05082046394601220BF0B6
:100964004DFE424629460BF061FE2B463A46294687
:1009740020460BF032FE314620460BF057FE43462C
:100984003A46314620460BF028FE314620460122E5
:100994000BF034FE2946BDE8F0410BF02EBF0449AC
:1009A4004FF4037203480BF0F6FF4FF403718CE726
:1009B400B0E20000D3E20000014B1B68184700BFFF
:1009C40000000020014B1860704700BF00000020A9
:1009D40030B585B004460D461022002168460CF05F
:1009E4001BFE02238DF80230044B2A46214668463A
:1009F40001930BF089FB05B030BD00BFBD090000B9
:100A040080B505460E46174698460AF0A7FC0346ED
:100A14000CF07CFE0446DFF81890424649F800309A
:100A240039463046A84754F8090001F02DFF00BFAD
:100A340008000000044608B5EFF31183202383F374
:100A44001288BFF36F8F06F0FFFE204602F0CAFB48
:100A540002480BF08AFF0CF086F8FCE7FCE2000089
:100A64002DE9F84F0446A38B08461907164612D4FD
:100A7400022803F0070162D120460BF0B4FF88B1CD
:100A84000138042800F22581DFE810F05900230121
:100A94007E00C800F50001280CBF43F0100143F0AC
:100AA4002001A18304F114000AF060FE002800F084
:100AB400AB8086F31188BFF36F8FBDE8F88F03F026
:100AC4000702501F01281ED80020062A2768C4E9FF
:100AD400000014D13A4603E0E08B0130E083126851
:100AE400002AF9D123F0070343F002022046A2832F
:100AF4000BF079FF90B342F02002A2832EE023F0A2
:100B040007039AB2F2E7042A33D123F007039AB217
:100B14002046A2830BF067FF10B142F02002A283AB
:100B2400A38B03F00709894540F0DC80A18BCA063A
:100B340040F1218121F01003A38301F00701D4F8CF
:100B44001880A38BB8F1000FB9DA0022276823F0CC
:100B54000703C4E9002243F00103A383A38B03F03A
:100B64000709894540F0BF80002FDFD00025AA4641
:100B740040E0854940F21B1284480BF00CFF40F220
:100B84001B1181480BF0FEFE41B17F494FF4AB725B
:100B94007E480BF000FF4FF4AB71F2E7236843B9D2
:100BA400794940F2571279480BF0F5FE40F257119B
:100BB400E7E723691D6845B973494FF4AD7273487B
:100BC4000BF0E9FE4FF4AD71DBE70F4688464FF0BA
:100BD4000609A38B23F0070343F006039BB2A38308
:100BE400A268002A40F08180002F40F08180002D0F
:100BF4009CD0BA4643F0080304F1140B5846A3836F
:100C04000AF0B4FD002875D1614940F231125F4801
:100C14000BF0C1FE40F231115D48B3E7022908D060
:100C2400594940F25D1259480BF0B5FE40F25D118E
:100C3400A7E7E78B47B154494FF4AF7253480BF021
:100C4400AAFE4FF4AF719CE723695D6845B94E492C
:100C540040F261124D480BF09EFE40F2611190E7A4
:100C6400A38BB84623F0070343F004039BB24FF071
:100C74000409A383B4E7012908D043494FF4B272AD
:100C840042480BF088FE4FF4B2717AE7236843B907
:100C94003D4940F265123D480BF07DFE40F265117E
:100CA4006FE723699D6845B937494FF4B4723748F3
:100CB4000BF071FE4FF4B47163E70027A38BB846C1
:100CC40023F0070343F005039BB24FF00509A38308
:100CD40086E72D4940F26B122C480BF05CFE40F283
:100CE4006B114EE7002700257AE74FF0010A81E7F0
:100CF40092467FE786F31188BFF36F8FBAF1000F36
:100D040016D147BB15B120462249A847EFF31186F7
:100D1400202383F31288BFF36F8F58460AF018FD1F
:100D240008BB1B49882219480BF035FE882173E75C
:100D3400A1680029E5D00E680029E2D043464A465E
:100D44002046D1F804A0D0471EB1336831461E4670
:100D5400F2E73346FAE7394643464A4620463F68B7
:100D64000BF06DFECDE758460AF016FDA38B23F079
:100D74000803A383DAE68B067FF594AE21F0200303
:100D8400A38301F0070177E625E30000D3E2000026
:100D94004AE300009D0D0000F8B504460D4600F13D
:100DA4001406EFF31187202383F31288BFF36F8FA8
:100DB40030460AF0CDFC40B909490A4888220BF0B4
:100DC400EAFD882106480BF0DDFD30460AF0E4FC1C
:100DD400A5613A462046BDE8F8400121FFF740BE30
:100DE4004AE30000D3E200002DE9F04704460F4631
:100DF4000BF015FE051E5DDB04F11409EFF3118AF7
:100E0400202383F31288BFF36F8F48460AF0A0FCB7
:100E1400804638B93349882233480BF0BCFD882119
:100E240030483CE048460AF0B7FC4FF6FF72E38BCB
:100E3400A68B934206F007063FD0022E10D135460A
:100E44000133E38348460AF091FC00283BD125494D
:100E540040F2311224480BF09EFD40F23111DFE7DD
:100E6400062E13D8DFE806F0092C12120904090033
:100E74006FF085054FF00008E4E700233B606368EA
:100E84007BB9C4E900777EB13546F3E717491648C4
:100E94004FF4E4720BF07FFD4FF4E47113480BF050
:100EA40071FD1F606760EEE7524602212046FFF79E
:100EB400D7FD35462846BDE8F0876FF00A05D9E727
:100EC4006FF00405D6E78AF31188BFF36F8FB8F18A
:100ED400000FEFD000233246394620460BF0AFFD19
:100EE400E8E700BF4AE30000D3E2000025E3000086
:100EF400F8B5054600F11406EFF31187202383F3B8
:100F04001288BFF36F8F30460AF022FC38B92049AB
:100F1400882220480BF03FFD88211D4825E03046FB
:100F24000AF03AFCAC8B04F00704022C12D0012C1A
:100F34000CBF6FF004046FF0850430460AF016FC11
:100F440008BB134940F2311212480BF024FD40F261
:100F54003111E2E7EB8B53B90F490E4840F2EF121F
:100F64000BF019FD40F2EF110B480BF00BFD013BA8
:100F74009BB2EB83002BE0D13A4621462846FFF78B
:100F84006FFD2046F8BD87F31188BFF36F8FF8E734
:100F94004AE30000D3E2000025E300002DE9F0411C
:100FA4000E460546002845D0002943D000F1140719
:100FB400EFF31188202383F31288BFF36F8F384631
:100FC4000AF0C6FB38B91D4988221D480BF0E3FC22
:100FD40088211A4816E038460AF0DEFB31462846D6
:100FE400AC8B0BF0E5FC78B104F00704231F022B53
:100FF4000CD91449124840F22D220BF0CCFC40F2DB
:101004002D2110480BF0BEFC6FF0770438460AF02F
:10101400ADFB40B9094940F2311209480BF0BBFC61
:1010240040F23111D5E788F31188BFF36F8F204662
:10103400BDE8F0816FF01504F9E700BF4AE3000052
:10104400D3E2000025E3000008B54268034602F03D
:101054000302032A816002D02AB1002000E0006864
:1010640000225A6008BD0449044845220BF093FC51
:10107400452101480BF086FC77E30000D3E2000031
:10108400014B0360002070476CDC00002DE9F04741
:1010940005460E461746184CDFF86080DFF860906E
:1010A400444524D9174918484FF4BB620BF073FC2C
:1010B4004FF4BB6113480BF065FC6268D9F8243027
:1010C4009A4212D3A36983B190782979884205D1D1
:1010D4003A4631462846BDE8F04718475279012A76
:1010E40003D13A463146284698472434D8E7E4D316
:1010F4006FF08500BDE8F087C8030020EC030020F2
:10110400CC0D00209DE30000D3E200002DE9F04166
:10111400124B134F5E6A134BBB421AD91249134840
:1011240040F2BB520BF037FC40F2BB510E480BF0BF
:1011340029FC5D68B5420AD31C6944B195F802C024
:101144000579AC4503D12346BDE8F0411847243363
:10115400E2E7EED36FF08500BDE8F081CC0D00200E
:10116400EC030020C80300209DE30000D3E200004C
:101174000022024B1A605A60704700BF870E00209D
:1011840010F0700F08B5024600F07F0305D0074841
:1011940045210BF08FFC002008BD10F0800F4FF0AC
:1011A400010018BF10339840F6E700BFCFE30000FA
:1011B40038B505460BF088FD10F1780F044610D1C0
:1011C4002A4657210B480BF075FC2846FFF7D8FF39
:1011D400094A0024D2F8C43023EA0003C2F8C43018
:1011E40006E00028F1D02A46452104480BF062FCB1
:1011F400204638BDEFE30000CC0D002015E40000CC
:101204002DE9F04105460E461746104CDFF84080A4
:10121400444516D90F4910484FF4C1620BF0BBFB8B
:101224004FF4C1610B480BF0ADFB63690BB9243477
:10123400EEE73A463146284698470028F7D1BDE8FC
:10124400F081F2D36FF08500F9E700BFC8030020F6
:10125400EC0300209DE30000D3E20000430670B5D8
:101264001CD0114B114CA3421AD9114911484FF407
:101274007D720BF090FB4FF47D710D480BF082FBF7
:101284000022196A1E7F0439D5B2AE4201D8243334
:10129400E9E7013211F832508542F5D1012001E02D
:1012A400EED3002070BD00BFC8030020EC03002073
:1012B4009DE30000D3E2000008B509480378C3F3B6
:1012C40041130A3350F823303BB100F1080200F116
:1012D40010019847C043C00F08BD1846FCE700BF83
:1012E400CC0D002004282DE9F74F04460F46DFF803
:1012F400C49016D0012830D1DFF8BC8098F8B930FA
:101304005BB300F059FE2D4D4D4532D92C4940F2C6
:10131400C2422C480BF03FFB40F2C24128480BF07C
:1013240031FBFFF725FFE7E702EBC60630790192B0
:101334000BF0CAFC83463079FFF722FFD8F8C4309B
:10134400BBF1000F23EA0003019AC8F8C4300AF184
:10135400010A12DA002388F8B930184D4D451BD91B
:10136400174940F2EE4217480BF015FB40F2EE41EC
:10137400D4E7EFD24FF0000A2A6A2B7F5FFA8AF68D
:10138400B342D1D82435BFE7EB681BB13A462146B6
:10139400284698472435E1E7F6D3074B1B6A2BB15F
:1013A4003946204603B0BDE8F04F184703B0BDE806
:1013B400F08F00BFEC030020CC0D0020C8030020F8
:1013C4009DE30000D3E20000F7B5C4B220460F4607
:1013D4008DF80740FFF742FF0546B0B114F07F0FC8
:1013E400134E02D096F8BA3003B3224649217FB196
:1013F40010480BF05FFB9DF8070002F061FEF369F3
:101404001BB108200DF107019847284603B0F0BD31
:1014140009480BF04FFB9DF8070002F081FEF369C9
:10142400002BF2D009200DF10701EDE71D46ECE792
:10143400CC0D00203CE4000054E4000073B50446E5
:1014440080782A4D8DF800002379627943EA0223DB
:10145400ADF80230E37803F003038DF80430FFF7AE
:101464008FFED5F8C430064618420CD0A478204626
:1014740000F084FD2046FFF79BFE0BF0D9FF10B966
:10148400962009F005FF684602F0F0FD10F1780F90
:101494009DF8002019D1572115480BF00BFB9DF83E
:1014A400000002F079FE10F1780F17D157219DF852
:1014B400002010480BF0FEFA0120D5F8C43085F85E
:1014C400B9003343C5F8C43006E00028E7D045210D
:1014D40009480BF0EFFA002002B070BD0028EBD0F1
:1014E40045219DF800200548F3E700BFCC0D0020FE
:1014F4006EE40000BFE4000096E40000E4E40000B1
:101504002DE9F047A34E0446B3690F461546FBB9CF
:10151400237803F01F03012B00F09D80022B00F0C1
:10152400048133BB94F900002A680028617834DA16
:10153400062912D008292BD0D9B901235170137070
:1015440096F8C3305B0043F00103137002232AE1D1
:1015540098470028DCD100200DE06288100A011FA2
:101564000129844605D9072803D8716AD2B20C78B8
:101574001CB96FF01500BDE8F0874E78664503D1BD
:101584009A4200F00B8101332144F0E70B780AE121
:1015940096F8BA301370012305E101390829E8D817
:1015A40001A353F821F000BF451600007715000091
:1015B4005316000077150000D115000077150000C0
:1015C4007715000077150000DD150000A07802F003
:1015D400FDFC0028BFD0CCE76388756A63BBFFF7C6
:1015E400C7FD638886F8BA30F369002BB3D00320B3
:1015F40069499847AFE76B78042B10D0052B11D0BD
:10160400022B04D16F796388BB4208BF01202B7879
:101614001D442B78002BEED10028AAD0DFE795F8E3
:101624000380F4E76388BB42F1D1B8F1000FEED137
:101634002846FFF703FFEAE7FF270020B846E8E75C
:101644006388012B95D1002386F8C33083E7638830
:10165400012B8ED1F8E796F8BA30D5F800C0002BEC
:1016640087D0756AA3882A4694F804E01078002885
:101674003FF47FAF5178022904D192F80480F045F9
:1016840000F293800244F1E78CF800208CF80120EA
:10169400396060E7154494E00B2A7FF46AAF0027B1
:1016A4004FF0FF08BA46C14606E06B78042B0FD012
:1016B400052B21D02B781D442B78002BF5D1F36911
:1016C40013B1514607209847002F7FF444AF50E7E9
:1016D40095F80280A38895F803909845EAD1638829
:1016E4009945E7D1B8F1070F1CD806EB0803AA46C1
:1016F400012783F8BB90DDE7A3884345DAD1A378BB
:101704004B450AD0AF78384600F038FC3846FFF72E
:101714004FFDB0FA80F77F09CCE72846FFF78EFE2D
:101724000746C7E7AA460027C4E794F90020637870
:10173400002A18DA002B7FF41CAF24792D68204688
:10174400FFF78CFD00283FF414AF630604D096F82D
:10175400BA30002B3FF40DAF2946204602F000FDBD
:1017640000236B70F2E6012B08D0032B7FF401AF4A
:101774006388002B7FF4FDAE012103E0618800291A
:101784007FF4F7AEA088FFF71FFE00287FF4E3AED6
:10179400EFE600BFCC0D0020860E00200228296051
:1017A4007FF4F4AE4B883B60D5E694F90000627890
:1017B4000028BFF671AF002A3FF466AF0A2A7FF40F
:1017C400D8AE2A78002A3FF4D4AE697804297FF48D
:1017D40061AFA9788B427FF45DAF072B8EBF0023E6
:1017E4009B1993F8BB308CF80030D4E62DE9F04710
:1017F40005460F46904699460426DFF830A04B462E
:1018040042463946284602F0F1FC10F10B0F04461B
:1018140008D12A46572150460BF04CF909F026FC12
:10182400013EECD12046BDE8F08700BF0AE5000088
:1018340013B5164C237DF3B9E26801AB8020A1688F
:101844000192FFF7D3FF019AA3681344A360E368EE
:101854009B1AE3606BB962B12369E2889A4208DD9E
:1018640094F8C82093FBF2F102FB11330BB9012366
:10187400237502B010BD002380201A461946237533
:1018840002B0BDE8104002F0B1BC00BFCC0D002096
:101894007FB500230D4606460193002861D1002937
:1018A40039D108220B460DEB02010BF026FA002871
:1018B40003DA802002F004FC1EE0344C029AC4E9EE
:1018C40003552260039ABDF80E30626004F13802B9
:1018D400A2609DF908202575002A0FDB802B08D90A
:1018E40045212B480BF0E6F8802002F0E9FB28465E
:1018F400E0E71BB1C4E9033304B070BDFFF7DCFCBF
:101904000028D6D0E28823699A42D4BFE260E3601B
:10191400FFF78EFFF0E71D4C01ABD4E90212002A59
:1019240005DC02460BF0E9F90028E5DAC1E70BF023
:10193400E4F9002804DA802002F0C2FB3046B9E75B
:10194400019AA3681344A360E3689B1AE360002B25
:10195400D2D104F13803A360FFF7AEFC0028D7D13D
:10196400A7E7802807D1094BDA68002AD0D11B7D6C
:10197400002BCDD1C0E7074907484FF4C5720BF0DF
:101984000AF84FF4C57103480AF0FCFFCC0D00209F
:1019940036E500009DE30000D3E20000054B064A53
:1019A40058629A62054A0020DA62054A1A63054AB7
:1019B4009A617047CC0D002005150000111100003C
:1019C40005120000911000002DE9F3410446514D29
:1019D4004FF0FF334FF0FF324F4808F041F895F8CD
:1019E400B83063B157214D480BF064F86FF07704B9
:1019F400494808F0EBF8204602B0BDE8F0816B6A74
:101A040063B900F0E1F8FFF7C9FF6B6A33B9452108
:101A140043480BF04FF84FF0FF34E9E741482C629C
:101A2400E8616E6A02F01CFD02F09EFA041EDFDB20
:101A340000F0E4FA041EDBDB7378012B01D1F379A7
:101A440033B9452138480BF035F86FF01504CFE76A
:101A54000026684685F8C830ADF802308DF8046079
:101A64008DF8006002F002FB041EC1DB802768468B
:101A74008DF8007002F0FAFA041EB9DB30462B49E7
:101A840002F0DAFC041EB3DB3846284902F0D4FC29
:101A9400041EADDB264CDFF89C8044451DD9264945
:101AA40026484FF4C3620AF076FF4FF4C36122481C
:101AB4000AF068FF0026276A227FF3B29A4201D80F
:101AC4002434EAE707EBC30257F83310107902F025
:101AD400B3FC01360028EFD09DE7EBD3002002F0E1
:101AE4005BFB041E84DBD5F8C430802043F0010383
:101AF400C5F8C43002F050FB041EFFF679AFD5F8E8
:101B0400C430002443F48033C5F8C430012385F87D
:101B1400B8306DE7CC0D0020DC02002054E5000055
:101B24007CE50000E9120000A6E50000951800001D
:101B3400C8030020EC0300209DE30000D3E2000072
:101B440030B51F4B8BB005AA03F110051446186875
:101B54005968083303C4AB422246F7D11B781022DC
:101B64002370002101A80BF057FD12220021154813
:101B74000BF052FD102101A80BF05DF900281BDDCC
:101B84000828B8BF082001AB09381A1800200D49ED
:101B940012F8013F0AAC04EB131403F00F032833CB
:101BA4006B4414F8144C13F8143C013008280C70DE
:101BB4004B7001F10201EBD102480BB030BD00BF04
:101BC400E5E50000A72300202DE9F04F8F4B87B0F7
:101BD40093F800B0BBF1000F03D08D4807B0BDE807
:101BE400F08F8B4C00264FF0011AB0463546B146B3
:101BF40023783BB9874B02349C42F3D10123834AB7
:101C04001370EAE76378052B29D8DFE813F0B200F4
:101C14000600FC00B2002B005800402304A88DF8F5
:101C240010B0ADF812308DF814B002F0F5F998B197
:101C3400082304A8ADF8123002F0EEF960B1764939
:101C440040F28F127548ADF812B00AF0A4FE40F2CB
:101C54008F1171480AF096FEBDF81230E3712378B3
:101C64001C44C5E7E378002BF9D1A37813BB6C4D72
:101C740003E06B689C4218D024356A4B9D4208D916
:101C840065494FF49B7265480AF085FE4FF49B71D9
:101C9400DFE7EED32246452163480AF00BFF634891
:101CA40045210AF007FF002098E7AB6813B14146CD
:101CB4002046984708F101085FFA88F8CFE7002D1D
:101CC40055D145215A480AF0F5FEE8E7296AA0787B
:101CD40001EBC2010B79984242D10127E078FBB2B3
:101CE40000F003008DF81400207994F805C040EA50
:101CF4000C20ADF8120094F90200002826DA4FF007
:101D0400010C07F110000CFA00F010EA0A0F24D1BC
:101D140043F080008DF8100004A8CDE9021301926D
:101D240002F07AF9DDE90121039BB0B99DF8102096
:101D340012F0800FA2700A714FF001021DBF103320
:101D4400DBB29A40BA404AEA020A88E70120B84066
:101D540010EA0A0F01D11846DCE70137102FBDD174
:101D640001322B7F9A42B1D345213248ABE700229E
:101D7400F7E7032E22D1FFF7E3FE074690B1FEF703
:101D84000BFA024670B1102805D0019057212A4859
:101D94000AF090FE019A102AA8BF10223946A01C0E
:101DA4000BF013FC6FF002002378001BE11804EB26
:101DB4005303C8420AD50136F6B250E7002EF1D1DA
:101DC400B9F1000F14D145211C487CE71A78203A58
:101DD4005E2A06D91049CB2210480AF0DCFDCB213B
:101DE40037E701F801BC13F8012901F8022DE0E7F7
:101DF400A4EB090389F80230C3F3072389F80330FD
:101E040089F80480D7E7A14629E700BFA62300206C
:101E140040030020C8030020F6E50000D3E20000E0
:101E2400C8030020EC0300202CE600002BE7000090
:101E340051E6000097E60000B9E6000009E700005B
:101E4400094B00211A4610B51C78844204D15C6801
:101E540014B102EB811010BD0131042903F14003D8
:101E6400F2D10020F7E700BF980E00202DE9F341DE
:101E740050F8283C0446103310F82C6C0AD103693E
:101E840050F8202C98073CD5D2B9590715D5002312
:101E940044F8283C54F8283C10330BD054E9077517
:101EA40054F8148C0BF0C4FA002856D0214631485B
:101EB4000BF0AEFA02B0BDE8F08143F004032361F5
:101EC400304654F8241C01ABFFF790FC024638B1AD
:101ED4003346452128480AF0EDFD6FF01503D7E796
:101EE400019A54F8243C134444F8243C54F8203C0C
:101EF4009B1A44F8203C54F81C3C134444F81C3C02
:101F0400C8E7304654F8241C01AB02F0F5F9024648
:101F14000028DDD1019D54F8243C2B4444F8243C92
:101F240054F8203C5B1B44F8203C54F81C3C2B44E4
:101F340044F81C3C002DAAD0304602F097FAB5FBB9
:101F4400F0F303FB1055002DA1D154F8203C002BD5
:101F54009DD0304602F026FA9CE744F8180CA4F110
:101F6400100008F011F8002DA4D04246394630463E
:101F7400A8479FE7880C00205EE7000010B5EFF348
:101F84001184202383F31288BFF36F8FFFF758FF68
:101F940050B14368103307D16FF08B0300F12C016B
:101FA400436004480BF034FA84F31188BFF36F8F55
:101FB40010BD00BF880C0020F8B5042520270D4C67
:101FC400EFF3118687F31288BFF36F8F63681033C2
:101FD40007D16FF08B030848636004F12C010BF008
:101FE40017FA86F31188BFF36F8F013D04F14004A3
:101FF400E6D1F8BD980E0020880C002070B50025AD
:10200400094C0A4E3146204608F036FA0122A4F162
:102014001000114601350BF0CEF9042D04F14004F3
:10202400F0D1002070BD00BFC40E0020711E00005E
:1020340008B504480AF099FCBDE8084002480AF0D3
:1020440094BC00BF8DE70000C2E70000014809F01E
:1020540019BF00BF6CDC000038B5044618B90F4B3B
:102064000F485B6898476168B1F5683F10D0B1F5D7
:10207400680F0DD00B4DA9420AD011F46861206895
:1020840007D00146084807F0BDFA002323606560C5
:1020940038BD14220BF0C0FAF9E700BFD8010020C4
:1020A400F0E700002C5F5CA99814002008B560B329
:1020B4004368B3F5683F0ED0B3F5680F18D0144ADF
:1020C400934220D000684FF0FF324FF0FF3307F007
:1020D400C7FC58B115E001220368D3E8EF1F0029BB
:1020E40003D1C3E8E02F0028F7D10AD1002008BDAE
:1020F4000368084A1B7803F5807352F82330002BD9
:10210400F4D00548F3E70548F1E76FF4E040EEE763
:102114002C5F5CA900000350E98FFFFFEA8FFFFFEB
:1021240008B520B34368B3F5683F09D0B3F5680F29
:1021340013D0114A93421DD0006807F047FD14E004
:1021440000220368D3E8EF1F012903D1C3E8E02F7D
:102154000028F7D109D0094808BD00210368084ABE
:102164001B7803F5807342F823100020F4E76FF422
:10217400E040F1E70348EFE72C5F5CA9E98FFFFF3C
:1021840000000350EA8FFFFF10B5044618B91D4B39
:102194001D485B6898476368B3F5683F2FD0B3F573
:1021A400680F2CD0194A934219D1236803BB4FF00E
:1021B400FF324FF0FF332146154807F0B1F908B953
:1021C40023681BB90F4B13485B68984714220021FE
:1021D40020680BF021FA4FF46863636008E0B3F5FC
:1021E400683F0DD83A2B03D040F6BA629342DED151
:1021F40020680BF0C2F8636843F03A03636010BDD3
:10220400054AF3E7D8010020F0E700002C5F5CA941
:102214009814002016E800003A00003A08B5064970
:102224004023142205480BF081F8BDE80840044916
:10223400044809F099BE00BF980F002098140020AC
:1022440074DC000088DC000037B505460C46C9B1D3
:102254008B6814480093D1E9002345210AF02AFC35
:10226400636945210093D4E903230F480AF022FC53
:102274004521E2690D480AF01DFC4521A2690C487C
:102284000AF018FC012D06D1EFF305824521094817
:10229400103A0AF00FFC2146284603B0BDE830404E
:1022A40006F084BF43E8000077E80000ABE80000D4
:1022B400BFE80000F2E8000030BFFFF7FDBF00BF39
:1022C4002DE9F04105460B4EDFF82C80324606EB33
:1022D4000807CC1B204609490BF077F9A0194246A0
:1022E4000021083C0BF098F92C6707F10800BDE8C1
:1022F400F08100BF000000000400000018DC0000B2
:10230400074A936893F90E10002907DB5269934238
:102314001FBF044A536843F080535360704700BFA3
:102324007421002000ED00E010B5244C4521244820
:102334000AF0C0FBA36A99013ED5224845210AF060
:10234400B9FB1E20A36ADA0104D51F4845210AF00F
:10235400B1FB1F20194CA36ADB0204D51B4845219D
:102364000AF0A8FB0220A36A1C0304D518484521DF
:102374000AF0A0FB2120114CA36A590304D5154887
:1023840045210AF097FB2220A36A9A0304D5124838
:1023940045210AF08FFB2320084CA36ADB0304D5F4
:1023A4000E4845210AF086FB2420A36A6FEA034302
:1023B4006FEA1343A36210BD1D20C3E700ED00E0E4
:1023C4000AE9000027E900003FE900005EE9000097
:1023D4008DE90000B0E90000DAE90000F9E9000045
:1023E40070B5284C06460D46274845210AF062FB85
:1023F400A36AD9043BD5254845210AF05BFB172085
:10240400A36A1A0504D5224845210AF053FB182073
:102414001C4CA36A9B0511D51E4845210AF04AFBB2
:10242400A26BA36A180408D545211B480AF042FB95
:102434001EB1A36A23F40043A3621920114CA36ABA
:10244400590504D5154845210AF034FB1A20A36A1E
:10245400DA050ED5124845210AF02CFB1B20094A47
:10246400936A43F47F43936200232B7070BD16205C
:10247400C6E7A36A9B04F2D50A4845210AF01AFB71
:102484001C20ECE700ED00E029EA000044EA00002B
:102494005AEA000072EA000090EA0000AAEA00008A
:1024A400CAEA0000E7EA000070B5324C06460D4661
:1024B400314845210AF0FEFAA36AD90648D52F48C7
:1024C40045210AF0F7FA1120A36A1A0704D52C480B
:1024D40045210AF0EFFA1220264CA36A9B0711D576
:1024E400452128480AF0E6FA626BA36A190608D562
:1024F400452125480AF0DEFA1EB1A36A23F08003C1
:10250400A36213201B4CA36ADA0704D51F48452194
:102514000AF0D0FA1420A36A9B0604D51C4845216E
:102524000AF0C8FA1520134B9A6AD60602D49A6A9E
:1025340094070FD59B6AD9060CD51649164840F264
:1025440033120AF028FA40F2331112480AF01AFA48
:102554001020B9E7074B9A6A920642BF5A6A22F4DE
:1025640000525A629A6A42F0FF029A6200232B7068
:1025740070BD00BF00ED00E01BEB000036EB000077
:102584005AEA00006EEB00008BEB0000A6EB0000A3
:10259400E7EA0000CAEB0000D3E20000F0B56C4BA0
:1025A4000446586800258BB0C0F3080385F31188EE
:1025B400BFF36F8F02F07F46B6F17F4F07D102F071
:1025C4000C06082E0ED1452162480AF073FA6249BE
:1025D4004FF4856261480AF0DEF94FF485615E4884
:1025E4000AF0D0F916074CBF0C460125002CEED09A
:1025F4000026DA1E8DF80760092A00F29880DFE8C9
:1026040002F0058B8F7696969696969345215448BC
:102614000AF050FA8DF807604D4EF36A9A0705D513
:10262400452150480AF046FA002329E0F36A002BBA
:1026340002DA45214C48F5E7F36A5B0063D545218E
:102644004A480AF037FA7369A26943F480737361E4
:10265400BFF34F8FBFF36F8F736932F8022C23F4EB
:1026640080737361BFF34F8FBFF36F8F4DF60273A7
:102674009A4224D1452122683D480AF01BFA236876
:102684009DF80720CAB902AE04F12007324620683B
:102694006168083403C2BC421646F7D1099A002D7A
:1026A40051D0C2F3080121B96FEA52226FEA4222E3
:1026B4000992184602A9FFF7C7FD0BB0F0BDB36A33
:1026C400DBB233B101200DF10701FFF7EDFE034644
:1026D400D6E7B36A13F47F4F05D001200DF107014B
:1026E400FFF77EFEF3E7B36AB3F5803F02D3FFF74B
:1026F4001BFEECE7184940F2FA2218480AF04BF99D
:1027040040F2FA216BE7144940F2FE2213480AF022
:1027140042F940F2FE2162E700200DF10701D4E7FF
:1027240000200DF10701DBE7452112487AE7124941
:1027340010F4F87F114A124808BF0A46103B45219D
:102744000AF0B8F970E722F4FF7222F00102AFE751
:1027540000ED00E02AEC0000CAEB0000D3E2000028
:102764005AEC000076EC00009CEC0000AFEC00009A
:10277400D3EC0000F4EC0000FCEB000011EC0000D2
:102784001DED0000064B5A6942F010025A615A6965
:1027940042F480625A615A6922F008025A61704711
:1027A40000ED00E0EFF30880EFF3098101B5724614
:1027B400FFF7F4FE01BD00BF002080F31488BFF3CF
:1027C4006F8F002080F30A8880F30B880F4880F312
:1027D400088805F06DF800200D490860BFF34F8F9D
:1027E40000F02CF8202080F311880A484FF400618F
:1027F400401880F30988EFF314800221084380F322
:102804001488BFF36F8F00F0F1F80000A0390020A6
:1028140094ED00E0602C0020002318460649D1F80E
:102824009020C2F30722934200DB7047C1F898302E
:10283400C1F8A0000133F6E700ED00E010B572B670
:10284400002484F31388FFF7E7FF23464FF0FF309B
:102854000C4A03F120010133102B42F82100F8D176
:1028640000234FF0FF30074A03F160010133102BBE
:1028740042F82100F8D162B6BFF34F8FBFF36F8FD8
:1028840010BD00BF00E100E0084B9B6883420BD100
:10289400EFF3058343B1064B5A6842F080525A6005
:1028A4005A6A22F400425A6208F05EBD7421002084
:1028B40000ED00E016498A684FF030001044EFF351
:1028C400098C80E8F01F202080F31288BFF36F8FFB
:1028D400104F4FF000664A698A603E604FF0700402
:1028E400141920680C4C2060506F0023536780F348
:1028F400118802F1300090E8F01F8CF3098802F18E
:10290400000004B50AF024F9BDE804407047000053
:102914007421002004ED00E0B81400201EF0040F20
:102924000CBFEFF30880EFF30980816911F8021CF2
:102934000229FFD001B572460AF0FBF801BD00BFC1
:1029440040B2002807DB01234109034A00F01F00BD
:10295400834042F82130704700E100E040B2002893
:102964000CDB01220649430900F01F00824020339A
:1029740041F82320BFF34F8FBFF36F8F704700BF21
:1029840000E100E0054B420953F82220012300F046
:102994001F0003FA00F01040704700BF00E100E0A0
:1029A4000131072908B508D90D490E48582209F004
:1029B400F2FF58210A4809F0E5FF40B20028ACBFF5
:1029C40000F16040084B4FEA4111C9B2ABBF00F5BA
:1029D400614000F00F0080F80013195408BD00BFD7
:1029E40035ED0000D3E2000014ED00E00B4A08B519
:1029F4000B4B22F07F029A60BFF34F8FBFF36F8FB0
:102A0400D3F8882022F47002C3F8882006F0BAFCB8
:102A140008F0CAFE00F048F806F0F4FC00000000DC
:102A240000ED00E042F8203C009B0B4942F81C3CBE
:102A3400019B21F0010142F8183C029B42F8081C5A
:102A440042F8143C4FF0807342F8043C0023203ACF
:102A540002654367704700BF050A000000B50B4BD1
:102A640015469860026F0A4B0E461A60036E83F394
:102A74000B882C4686F309880020064B984720468D
:102A8400002100220023044C204700BF74210020B1
:102A9400B81400205DCB0000050A00001022014B91
:102AA4001A61704700ED00E0002320210348C2189A
:102AB4000133452B82F80013F9D1704700E100E09F
:102AC40008B5EFF30583064A103B02EBC30152F845
:102AD400330049688847BDE80840FFF711BC00BFD0
:102AE4009CD800001FB5094C094A23460121094816
:102AF40000F00EF900230393074B0121E41A01A807
:102B04000193029400F01EF904B010BD00000720E8
:102B14000000002098DC0000F003002010B50C7ABF
:102B24000B6804F01F0223F01F031A43CB686409E7
:102B340023F01F03054943EA440343F00103C1F8AA
:102B44009800C1F89C20C1F8A03010BD00ED00E051
:102B540010B50A4B0446D3F89030C3F30723013B66
:102B6400984208D902464521054809F0A3FF6FF0B1
:102B74001504204610BDFFF7D1FFFAE700ED00E091
:102B840070ED00002DE9F04F8946144606464FF0DB
:102B94000008514D85B0C84527DAD6F804A0BAF12B
:102BA400000F44D0BAF11F0F18D91AF01F0F15D116
:102BB400D6F800B01BF01F0F10D158460AF008F8E1
:102BC40007460AEB0B0001380AF002F8874210D0DE
:102BD4006FF015073A464521404802E04246452138
:102BE4003F4809F067FF6FF01504204605B0BDE8C3
:102BF400F08F17F1160FEDD0BC42EBDDC5F89870DD
:102C0400D5F89C10C5F89870D5F8A03021F01F01B4
:102C140043F01F0BD6E900321A44994202F1FF3AFD
:102C24001DD1D34507D13146F8B209F0DAFF08F1D6
:102C340001080C36AFE73146C5F89870D5F89C30DA
:102C440022F01F0203F01F031343C5F89C30E0B2C7
:102C540009F0C7FF10F1160FC5D0441CE7E7C5F80B
:102C64009870D5F8A020013B23F01F0302F01F0247
:102C74001343D3453146E0B2C5F8A030E8D009F09B
:102C8400B0FF10F1160FAED0C5F89870D5F89C209F
:102C94009DF808300BF1FF3B62F304038DF8083014
:102CA400D5F8A0309DF808205B0863F347128DF82F
:102CB4000820D6E900321344009323F01F035B4439
:102CC400A3EB0A03013023F01F036946C0B2039348
:102CD400FFF73EFFBEE700BF00ED00E0C3ED0000DC
:102CE4009BED00000522044BC3F89420BFF34F8FE3
:102CF400BFF36F8F704700BF00ED00E0BFF35F8F3D
:102D04000022024BC3F89420704700BF00ED00E09E
:102D140010B5094C2278FFF735FF207016300AD120
:102D24000649074840F26F1209F035FE40F26F1170
:102D3400024809F027FE10BDB9230020EBED000086
:102D4400D3E200002DE9F74F2E4D8A4606464FF098
:102D54000008AB462C4FD04502DB03B0BDE8F08F32
:102D6400D6F80490B9F1000F47D0316808460191B4
:102D740009F02EFF0199044609EB0100013809F01E
:102D840027FF84424FF01402204B10D002FB08F3BB
:102D94006FF015024BF803201D491E4840F27F12C4
:102DA40009F0F9FD40F27F11194809F0EBFD14F127
:102DB400160F2C60F0D01978A142EDDD02FB08B0AB
:102DC400C7F89840C7F89840D7F89C4000F108012C
:102DD400007B64F304000871D7F8A0000C79400864
:102DE40060F347140C71D7F89C1021F01F0169603F
:102DF400D7F8A01021F01F01296108F1010814354A
:102E04000C36A8E7BC14002000ED00E0B923002034
:102E1400EBED0000D3E200002DE9F0414E494F4CA8
:102E2400D1F890302568C3F307239D4286B00AD9B0
:102E34004B494FF4D3724B4809F0ADFD4FF4D371B5
:102E4400474809F09FFD0020FFF758FF464BC1F8A3
:102E5400C03085421AD1454C01A82570FEF710F9FF
:102E6400002506464FF04108414FAE4215D10020DF
:102E740023783949D1F89020C2F30722934265DBC5
:102E84000020FFF72FFF06B0BDE8F081616801EB79
:102E94000011FFF743FE0130DBE7019A290102EB41
:102EA4000513D3F80CC00CEA0700B0F5001F23D0BB
:102EB400B0F5800F38D0B0F5801F45D1586852580E
:102EC4009B68CDE902022122013B20F01F010B4443
:102ED40023F01F038DF810200593207802A9FFF733
:102EE40037FE00282DDA1E494FF4E8721D4809F018
:102EF40052FD4FF4E871A3E758689B685258013BB0
:102F040020F01F010B4423F01F031CF0010FCDE937
:102F140002028DF810800593DFD011497422114804
:102F240009F039FD74218BE758689B685258013BBE
:102F340020F01F010B44CDE9020223F01F030622F7
:102F4400C8E723780133237001358EE7C1F8983040
:102F5400C1F8A00001338DE700ED00E0A4DC00001F
:102F6400EBED0000D3E20000AAFF4400B9230020E7
:102F74000000F0FF08B5024B1B689847002008BD0D
:102F8400D0140020034B044A1860937843F00203E2
:102F940093707047D01400202400002008B506491F
:102FA400064821F00701C1F1005202F5E022FDF7C5
:102FB4007DFC002008BD00BF7F420020D414002007
:102FC40008B543090CD0012B1BD0124912484FF409
:102FD4006C7209F0E0FC4FF46C710E4809F0D2FCFD
:102FE4004FF0FF33C340DA07EFD50C4B03EB8003FC
:102FF400D3F8002222F0E04242EA0171C3F8001241
:1030040008BD4FF6FF7300F01F00C340DB07DCD59B
:10301400034BEBE729EE0000D3E2000000258450C7
:103024000028845038B50124134B144DC3F80045CF
:1030340002230321C5F8D0360020FFF7C1FF204644
:103044000321FFF7BDFFC5F804472146C5F804492D
:103054002120C5F8004BFFF7B3FF21462020FFF7DE
:10306400AFFF21460B20FFF7ABFF21460A20FFF7F5
:10307400A7FF002038BD00BF0010005000400050E2
:1030840007B50DF1070004F05FFD114B98421CD108
:103094004FF480620F4B1049C3F8B8254FF4006217
:1030A400C3F83C259DF8070004F03AFD0B499DF850
:1030B400070004F021FD01209DF80730984004F03A
:1030C40015FD002003B05DF804FB6FF00B00F9E779
:1030D4000000AD0B00A002502CA0025028A1025009
:1030E400052370B5144D154E2C780134B4FBF3F35D
:1030F40003EB8303E41A0AF002F8114A137823B1AC
:1031040056F82430C01A072814D94FF05023D3F8A6
:10311400141141B10021C3F81411D3F814312C70E7
:103124000CB9012313702C7809F0E9FF46F8240048
:10313400012070BD0020FCE7BB230020E014002028
:10314400BA23002048B1054B054A1B68B3FBF2F3D0
:103154005843044B43F001031847704730010020E3
:1031640040420F0030DC00000149024809F07DBCF8
:10317400CCDC0000F41400204FF47F032DE9F0416F
:10318400D3F830210646072A0D46D3F8343120D12E
:10319400023B032B02D8124AD35CD3B14FF0502424
:1031A4004FF0010800270520C4F81886C4F81476E7
:1031B40009F0B5FF4046C4F8148609F0B0FFC4F81E
:1031C4001476C4F8187630462B46BDE8F041002149
:1031D40018474FF050230022C3F81426F3E700BF2A
:1031E40060EE0000BFF34F8F0549064BCA6802F436
:1031F400E0621343CB60BFF34F8F00BFFDE700BF16
:1032040000ED00E00400FA052DE9F04190F90030EA
:103214000446002B0D46174607DA40F20162038884
:1032240023F0E0039BB2934203D06FF01500BDE896
:10323400F08190F80480468841461448360A09F023
:1032440051FC28B942465721114809F033FCECE7F8
:10325400212E04D0222E0FD06FF08500E7E70368FB
:10326400E1885B685B6813F8092F914294BF296079
:103274002A6000203B60DAE7E38850F80C2C9A427D
:1032840094BF2A602B6050F8103CF2E72C15002004
:1032940064EE000070B504460D4601460B4809F083
:1032A4002EFC30B92246BDE870405721084809F089
:1032B40001BC022D08D150F8083C2BB11B691BB18D
:1032C400BDE870400068184770BD00BF2C15002091
:1032D40090EE000070B506460D460146304809F0F0
:1032E400F6FB044630B93246BDE8704057212D48FC
:1032F40009F0E0BB0A2D4FD8DFE805F0060C2528BD
:10330400303A404E4E4E2F0049212748BDE87040C8
:1033140009F0D0BB4921254809F0CCFB0023012149
:1033240004F8033C04F8023C14F8043C20688B4283
:1033340004F8041C11D054F8083C73B19B6863B1C1
:10334400BDE87040184749211948DFE74921194869
:1033540009F0B0FB012304F8033C70BD4921164871
:1033640009F0A8FB002304F8033C04F8023CF4E74A
:103374004921124809F09EFB0123F6E74921104830
:1033840009F098FB14F8023C002BE6D049210D48C3
:1033940009F090FB0023E8E749210B48B6E700BF9A
:1033A4002C150020BBEE0000E1EE0000F3EE00005F
:1033B4000EEF000024EF00003BEF000054EF00008C
:1033C4006AEF00007EEF000090EF00002DE9F0416D
:1033D40005460E4601792F48174609F083FB04463B
:1033E40040B92D485721AA8809F064FB6FF01200F8
:1033F400BDE8F08195F900300068002B6A781ADA8C
:10340400022A08D0032A09D0012A3FD154F8083CE3
:103414000BB11C68DCB96FF08500E9E76B8823B158
:1034240045211E4809F046FBF5E70123043C3C60B6
:1034340033600020DCE70A2AEDD00B2A0ED0092ADB
:1034440024D154F8083C002BE5D05C68E2E73B4605
:1034540032462946A446BDE8F04160476A88012AFD
:1034640004D945210E4809F025FBD4E714F8043C9F
:103474009342DED054F8083CD1B204F8041C002B6B
:10348400D7D09B68002BD4D09847D2E74521054874
:10349400E9E700BF2C15002064EE0000A3EF000054
:1034A400D9EF0000BBEF000010B50469A36000234E
:1034B400C4E900126361064B2061596804F11402E7
:1034C40011B9C3E9002210BD0A605A60FBE700BFCE
:1034D4002C15002070B544680069457B3DB1807BA4
:1034E40028B9206ABDE870400079FEF77FB95721FA
:1034F400024809F0DFFA6FF00A0070BDF7EF000030
:10350400F0B5154D154E164F85B04FF0FF324FF004
:10351400FF33284601A906F0E5F9024620B145210A
:10352400384609F0C7FAF0E70E4C0AE0EDD22368FA
:1035340013B1019A934203D1D4E9013101A8984708
:103544000C34B442F2D908490848172209F023FA86
:103554001721054809F016FAF002002018DC0000D3
:103564001DF0000000DC000037F00000D3E2000092
:10357400F0B517461E4685B001909DF82800DDE998
:103584000C5423462C432A468DF808008DF8091064
:10359400ADF80A70039608D00AF0B8F80A4908583A
:1035A4000A49884204BF00221346094801A906F0CB
:1035B400F9F8041E06DA5721064809F07BFA20467A
:1035C40005B0F0BD0024FAE708000000880C0020D4
:1035D400F00200205FF00000772804D8034B185C49
:1035E40008B100B270474FF0FF3070479CF0000004
:1035F40008B54368186809F057FE30B904484521F6
:1036040009F058FA6FF0120008BD0020FCE700BF73
:1036140014F100007FB503460846DA884968012A98
:1036240004694E6816D0B2F5A57F16D00AB99A6817
:1036340062601B7953B3D4E900230D7BAA4202D202
:103644004D7B9D420FD85721114804B0BDE870400E
:1036540009F030BA9A682260EBE79A68003A18BF1A
:1036640001222272E5E705FB02338A689A420DD9EA
:1036740036F8132052B1237A4FF0FF354FF0FF3460
:103684000121CDE902450091FFF772FF04B070BD3E
:1036940030F10000020600F07F0312D5082B05D19B
:1036A400010700F00F0306D50E48704710F0780F9D
:1036B40012D100F00F034C2000EB43100A4B1844C6
:1036C4007047082B05D1020700F00F0306D5074801
:1036D400704710F0780FF6D000207047044800EBD4
:1036E400431070478C16002040150020AC170020B2
:1036F400AC1600200149024809F08ABE6815002072
:10370400700400200146014809F04ABE2C03002041
:10371400002310B50D49D1E8EF2F012A03D1C1E8E8
:10372400E03F0028F7D10CBF012018460DD151F815
:10373400044C14392046FDF731FC10F1780F04D104
:103744002046BDE81040FDF7D3BB10BD6015002036
:1037540000220023014806F09FBB00BF2C03002079
:1037640013B5002201213720FFF71AF9114800F0A0
:10377400F1FF114B98421AD10024104805F0B2FB16
:103784000F4805F073FC4FF0FF334FF480620D498E
:103794000D48009406F0E2FE0C490B4809F04EFE79
:1037A4000B480C4906F068FE204602B010BD6FF0CD
:1037B4000400FAE7193A00000000AD0B2AF40000F7
:1037C400ECDC000060280020700400206BF1000095
:1037D400681500207D3B000038B5002464F07F00AC
:1037E400C0B2FFF757FF50B91B4940F27A221B4879
:1037F40009F0D1F840F27A21174809F0C3F80134EE
:1038040009F04BFA082CE9D10024154DE0B2FFF77A
:1038140041FF40B910494FF42072104809F0BBF839
:103824004FF42071E8E7036903B90561013409F035
:1038340034FA082C05F14005E8D10A4809F02DFABC
:10384400094BD3F87C2212B9084AC3F87C220848F1
:1038540009F023FA002038BD76F10000D3E200001D
:10386400D01B00208C16002040150020D01700200B
:10387400AC17002010B5054CFFF76AFF20B1416872
:10388400204605F0BFFEF7E710BD00BF4C02002044
:1038940013B500220023184801A905F041FE38B3EE
:1038A4004521164809F006F9FFF7E4FF002200233A
:1038B400114801A905F034FE044670B145211048B1
:1038C40009F0F8F80F4910484FF4E37209F063F86F
:1038D4004FF4E3710B4809F055F804230198406054
:1038E4000374FFF70FFFFFF705FF204602B010BD7A
:1038F40001984060FAE700BF4C020020AAF10000E2
:10390400CDF1000076F10000D3E200000228024667
:1039140010B511D80C4B1C5CFFF7BAFF90B1002214
:1039240004720274FFF7EEFE084B93F824304BB197
:10393400BDE81040FFF7DEBE4521BDE81040044855
:1039440009F0B8B810BD00BF27F4000040150020EE
:10395400EEF100002DE9F041877806463846FFF77E
:1039640099FE3B060546F4781BD54CB1032C4BD08D
:103974003B462246BDE8F0414521244809F09AB867
:10398400FFF786FF034600283ED00122AC7702747D
:10399400032202739D60FFF7B5FEBDE8F041FFF717
:1039A400A9BE4CB1012CE3D1FFF772FF034658B313
:1039B4006C7704740473EDE7FFF76AFF20B3B27801
:1039C400134B12F0800F02F0080111D041B1D3F86B
:1039D400A836EB6001230374022385600373DAE7DE
:1039E400142102F00F0201FB0233D3F80836F0E78A
:1039F40011B1D3F8A837ECE7142102F00F0201FB50
:103A04000233D3F80837E4E7BDE8F0810EF2000092
:103A140000600350F0B5064689B01422002103A8C3
:103A240009F0FAFD3378013B052B21D8DFE803F0D8
:103A3400950314148516032300248DF81430FFF71E
:103A440027FF0346A0B100F108020474DDE9050173
:103A540082E80300184627E00423EDE7B7783846E8
:103A6400FFF718FE837A054623B1013B022B5ED98A
:103A740009B0F0BD3B06F4781DD554B1032CF7D042
:103A84003B4622464521364809B0BDE8F04009F0DE
:103A940011B8FFF7FDFE03460028E9D00122AC77F8
:103AA4000274032202739D60FFF72CFE09B0BDE887
:103AB400F040FFF71FBE54B1012CE1D1FFF7E8FE3F
:103AC40003460028D4D06C7704740473EBE7FFF743
:103AD400DFFE04460028CBD0012303740223856053
:103AE4000373B07805F10C0109F016F9024670B1C0
:103AF40045211C4808F0DEFF1B491C4840F29D325A
:103B040008F049FF40F29D31174808F03BFF18497F
:103B1400E868B1F88C32834206D91B1AA1F88C32BA
:103B240001F048FA2046BFE7A1F88C22FAE73046B4
:103B340009B0BDE8F040FFF70DBF01A801F018FA85
:103B44009DF80530052B04D19DF8043013F0600F67
:103B54008ED0084B0124059371E702246FE700BF60
:103B64000EF200003FF2000076F10000D3E2000004
:103B740040150020AC1600202DE9F04380469C4DF2
:103B8400DFF8709285B0FFF7E3FD074610B905B082
:103B9400BDE8F08395F825303A7C3BB9002A00F063
:103BA400AE807968934805F02DFDECE7042A00F215
:103BB400C581DFE812F0A4000500630179019901D1
:103BC40018F8043C2BB9BB6845215A7A8A4808F096
:103BD40071FFBC6854B989494FF44B72884808F0A6
:103BE400DAFE4FF44B71854808F0CCFE3B7B032B87
:103BF40041D8DFE803F002476C71A27A42B17F49F1
:103C04004FF439727E4808F0C6FE4FF43971EAE782
:103C140066697C4B32607260D3F880143170D3F8DB
:103C240084147170D3F88814D3F88C0441EA002109
:103C34007180D3F89014D3F8940441EA0021B18040
:103C4400D3F89814D3F89C3441EA0323F38008236F
:103C5400E360306871686C4B03C311462368607A73
:103C6400984796F90030002B08DBF38833B1A5F8A8
:103C74008C3201F09FF94846796894E70023A5F84F
:103C84008C32F8E7637F002BF5D0237F002BF2D032
:103C940000264FF0FF324FF0FF335C4866772677FB
:103CA40009F00EF8636901A901936368CDE902364E
:103CB400607A00F0C7FD564B0246984203D0452176
:103CC400544808F0F7FE514808F0FCFFD3E70121FF
:103CD4002368607A9847CEE7A37A6BB9E37F5BB930
:103CE4004A484FF0FF324FF0FF3308F0E9FF01F08C
:103CF40067F9464808F0E6FF02212368E9E73A7AC3
:103D0400042AB8D8DFE802F08A0329A3AF0000F040
:103D14009BFC04460028AED100F014FC01233E496C
:103D2400D1E8EF2F002A03D1C1E8E03F0028F7D102
:103D3400A1D141F8084C41F8104CE86914396B6181
:103D4400FDF752F8002896DA2C4940F2AA222C48B2
:103D540008F021FE40F2AA2145E7002464F07F0028
:103D6400C0B2FFF797FC40B9244940F231222448FD
:103D740008F011FE40F2312135E7037A13B1407A9D
:103D840001F0D4FA0134082CE8D195F854311BB170
:103D940095F8550101F0CAFA0024E0B2FFF77AFC65
:103DA40040B9164940F24322154808F0F4FD40F2A8
:103DB400432118E7037A13B1407A01F0B7FA0134CA
:103DC400082CEAD195F874321BB195F8750201F00C
:103DD400ADFA002000F008FC012385F825302B689B
:103DE400002B3FF448AF00210220984743E700BF6F
:103DF400401500204C02002064F2000076F100001F
:103E0400D3E2000000600350441500207815002020
:103E14000000AD0B8FF2000060150020002485F82F
:103E2400254001F0CBF9FFF773FCA04208DA4649BC
:103E340040F2C222454808F0AEFD40F2C221D2E66B
:103E44002B68002B3FF417AF21460420CDE7002B4D
:103E54003FF411AF00F002FC2B68002B3FF40BAFD2
:103E640000210520C1E72A68002A3FF404AF002B93
:103E74003FF401AF002106209047FCE608F110044E
:103E84004FF0FF334FF0FF32204608F019FFFFF7E1
:103E9400A3FC204608F016FF58F8283C002B3FF4FA
:103EA400EAAE00210120A0E795F874325BB1012449
:103EB40085F8894285F88842FFF7EAFC58B945211C
:103EC400234808F0F7FD58F8283C002B3FF4D3AE04
:103ED40000210A2089E71F4A047404738260FFF7F3
:103EE40011FCFFF707FCEEE745211B4808F0E2FD53
:103EF40005F0A4F801F062F900F006FBFFF7BAFC44
:103F0400FFF76AFC40B1104940F286420F4808F0BE
:103F140042FD40F2864166E605F088F80F4800F05D
:103F240019FC0F4B98423FF4A6AE074940F28D426C
:103F3400064808F030FD40F28D4154E64521094819
:103F440008F0B8FD97E600BF76F10000D3E2000068
:103F5400BAF20000AC170020D3F20000193A0000B6
:103F64000000AD0BEFF2000038B5154D95F8244074
:103F740024BB05F1380009F000FA022001F0BCFB73
:103F840022460121E8613620FEF70AFD05F04EF8CD
:103F9400FFF722FC044610B9012385F82430094BAD
:103FA4001B680BB1FFF7A6FB074BD3F80034DB0704
:103FB40002D50020FFF7AAFC204638BD0024FBE709
:103FC400401500202C0300200070035008B50E4B50
:103FD40093F824209AB193F8253083B10B4BD3F88E
:103FE4007034DBB283420DD009490A4840F2595279
:103FF40008F0D1FC40F25951054808F0C3FC6FF0B9
:10400400120008BD0020FCE74015002000600350AA
:1040140076F10000D3E2000008B50378027903F0DA
:104024000F013AB991B145210C4808F043FD4FF016
:10403400FF3008BD082902D945210948F5E7012ABE
:1040440004D11B0708D457210648EEE713F00800F3
:10405400EFD057210448E8E70020EAE70CF300001A
:1040640030F3000054F300006FF3000038B5124B36
:10407400044693F82430E3B105782846FFF70AFB99
:1040840080B14572237983726388436020786188A4
:1040940010F0080F09D14B1E0B4206D045210748EA
:1040A40008F008FD6FF0150038BD00F00DFB00208E
:1040B400FAE76FF01200F7E74015002091F30000D3
:1040C40038B5154B054693F824200AB393F82530E8
:1040D400F3B1FFF7DFFA044610B96FF0150038BDED
:1040E400837A012B0FD007D9023B012B07D900207B
:1040F4006369E060A361F2E700F068FFF7E7284630
:1041040000F0E6FEF3E74521044808F0D3FCE4E7B9
:104114006FF01200E3E700BF40150020BEF300007B
:1041240038B50E4B054693F8242082B193F8253018
:104134006BB1FFF7AFFA68B115F008040AD128464D
:1041440000F0FAFE284601F029F9204638BD6FF048
:104154001200FBE76FF01500F8E700BF40150020E0
:1041640038B50C4B054693F824200C4662B193F8FD
:1041740025304BB1FFF78EFA48B144B1284600F020
:10418400C1FE2070002038BD6FF01200FBE76FF015
:104194001500F8E74015002070B5134E044696F854
:1041A4002430C3B1FFF776FA0546B8B1230705D426
:1041B400204600F0C1FE204601F0F0F82B7A83B9C6
:1041C40001232B7296F825300BB9002070BD2046D0
:1041D40001F0ACF8F9E76FF01200F7E76FF01500A3
:1041E400F4E76FF07700F1E7401500202DE9F04384
:1041F400DFF8F0801E4698F82430074689461546B5
:1042040085B0002B6BD098F82530002B67D00306BF
:104214000AD5FFF73FFA044630B1037A53B93A4658
:104224004521314808F046FC6FF01504204605B0DE
:10423400BDE8F0834FF0FF334FF0FF3208F1380050
:1042440008F03EFDA37F33B108F1380008F03AFDD1
:104254006FF00A04EAE7A37AFDB173B301234FF0C8
:104264000008A377384601A9CDE90195CDF80C8063
:1042740000F0E8FA1D4B024698422CD084F81E80C8
:104284000EB1C6F800804521194808F013FC6FF000
:104294000404184808F016FDC8E7E27F02B1E57788
:1042A400002BDBD100F098FEB842D7D000F088FE96
:1042B400104808F007FD0024B8E7B8F80A30AB420C
:1042C400F0D96268B5FBF2F302FB1353002BE9D17A
:1042D4000123E377E6E706B135600024D9E76FF000
:1042E4001204A3E740150020E5F300000000AD0B25
:1042F40009F40000781500202DE9F0411D46264BF5
:10430400174693F8242080460E46002A40D093F89E
:104314002530002B3CD010F0800F01D121B91FB102
:104324006FF01500BDE8F0814046FFF7B3F904468D
:104334000028F5D0037A2BB942464521174808F0E6
:10434400B9FBEDE74FF0FF334FF0FF32144808F0AC
:10435400B7FCE368B8469F4228BF98463EB937B9D0
:1043640005B12B600E4808F0ADFC0020DAE74246A8
:104374003046A16909F029F9A3694344A361E368BC
:10438400A3EB0803E360002DECD0C5F80080E9E757
:104394006FF01200C6E700BF40150020E5F30000EF
:1043A4007815002070B5214D064695F82430002B71
:1043B40038D095F82530ABB303060AD4FFF76AF971
:1043C400044630B1037A3BB932464521184808F017
:1043D40071FB6FF0150070BD4FF0FF334FF0FF32EB
:1043E40005F1380008F06CFCE368B3B90126636991
:1043F4002677A361637F83B1FFF74AFA30B905F1E9
:10440400380008F05FFC6FF00B00E4E7067484608A
:104414000673FFF777F9FFF76DF9064808F052FCC9
:104424000020D8E76FF01200D5E700BF4015002048
:10443400E5F300007815002010B5084B0C4693F8FE
:1044440024302BB1FFF726F928B10460002010BDF9
:104454006FF01200FBE76FF01500F8E7401500203D
:10446400014B1860704700BF4015002008B5074B8A
:1044740093F8243023B1FFF70DF920B1406808BD4B
:104484006FF01200FBE76FF01500F8E7401500200D
:1044940000F00F02082A08B50AD90B490B484FF45B
:1044A400D77208F078FA4FF4D771074808F06AFA1F
:1044B400074B10F0800F03F1D80118BF0B461820EA
:1044C40000FB023008BD00BF34F40000D3E200005A
:1044D400101E002008B500F00F03082B0AD9084964
:1044E400084840F2C11208F056FA40F2C1110448DB
:1044F40008F048FAC043C0F3C01003EB001008BD35
:1045040034F40000D3E2000008B50A4B1A78012AFB
:104514000AD00949094840F2744208F03CFA40F2D2
:104524007441054808F02EFA002205491A700A6001
:1045340008BD00BFC023002034F40000D3E2000013
:10454400C81F002008B51F4A117801290AD01E4946
:1045540040F27C421D4808F01EFA40F27C411A48A1
:1045640008F010FA4FF40060194BC3F80004C3F8C4
:104574000015D3F800140905FBD54FF40061C3F806
:1045840000148021C3F81C150121C3F8301540F232
:10459400FF11104B196000230F490B600F490B707A
:1045A4000F498968012908D007494FF495620748E3
:1045B40008F0F1F94FF49561D1E70A490B70022331
:1045C400137008BDC023002034F40000D3E20000BF
:1045D40000600350C41F0020C01F0020BC23002023
:1045E4001C030020BE23002010B5104B1B78022BA7
:1045F4000AD00F490F4840F2DC4208F0CCF940F2EF
:10460400DC410B4808F0BEF900220B4B0B4C1A702E
:104614000B4A0C4B002808BF13463620C4F800335D
:10462400FEF78EF90123C4F8043510BDC023002021
:1046340034F40000D3E20000BF23002000600350E4
:10464400FDFFDF01FDFFFF01034B1878012894BF34
:1046540000200120704700BFC023002010B54FF098
:10466400FF324FF0FF33154805F0F0FCEFF31181F2
:10467400202383F31288BFF36F8F114B1B7803F051
:10468400FF0483B10F4BD3F8002412F400720AD153
:104694000120C3F82C05D3F82C05D3F800048005B9
:1046A40002D5C3F82C25002481F31188BFF36F8F42
:1046B400024805F069FC204610BD00BF1C03002021
:1046C400BF230020006003504B1E0B4210B500F0C6
:1046D40008030C460CD001071ED11B4940F2695255
:1046E4001A4808F058F940F26951174808F04AF995
:1046F40091B9020708D1144940F26B52134808F0EB
:104704004AF940F26B51F0E713B1114BD3F81C3561
:10471400FFF7BEFE848210BDA3B10D4B40F2FF3201
:10472400D3F81C1540F2FF13802918BF13469C428E
:10473400EED9054940F26D52044808F02CF940F2D4
:104744006D51D2E7402CF3E734F40000D3E20000CB
:1047540000600350F8B550B92149224840F24D4257
:1047640008F019F940F24D411D4808F00BF91E4BB1
:104774001C7894BB1D4A40F2FF17106001222646A4
:104784001A7064F07F0514F0080FEDB214BF3946B7
:1047940040212846FFF798FF2846FFF779FE0134A9
:1047A400092C867506730661EBD1002440F2FF17CD
:1047B400254614F0080FE6B214BF394640213046AE
:1047C400FFF782FF3046FFF763FE0134092C85753D
:1047D40005730561EDD10648F8BD0648FCE700BF46
:1047E40034F40000D3E20000C0230020C81F0020DE
:1047F4000000AD0B0500AD0B08B543B200F00F008F
:1048040008280AD90C490D4840F2815208F0C3F82F
:1048140040F28151084808F0B5F8002B084BB4BFAA
:10482400D3F81025D3F8142501238340134214BF71
:104834000120002008BD00BF34F40000D3E20000D2
:10484400006003502DE9F84381460C46FFF742FE11
:10485400EFF31188202383F31288BFF36F8F54B9C9
:10486400274940F2BC52274808F095F840F2BC5161
:10487400234808F087F819F00F0F03D1224B1B7857
:104884004B4538D1214B01261B68214FDB433D6842
:104894009BB286402B4333422FD14846FFF7F8FDA5
:1048A40019F0800F03460FD122686AB102F060420A
:1048B400B2F1005F08D012494FF4BA62114808F00F
:1048C4006AF84FF4BA61D3E701221A7394E8070037
:1048D40083E8070000221A619A754FF480020D4B99
:1048E40035430D483D60C3F8042188F31188BFF3B4
:1048F4006F8FBDE8F8830948F7E70948F5E700BF7B
:1049040034F40000D3E20000BE230020C41F0020C2
:10491400C01F002000E100E00000AD0B0A00AD0B59
:104924000B00AD0B10F0080F074B06D0D3F8C004F2
:1049340010F4803F18BF0020704700F00F0000F50E
:10494400947053F820007047006003502DE9F04F35
:10495400A04BA14ED3F8542185B0DAB10022C3F89C
:104964005421D3F80413890214D58DF80C20D3F8FC
:10497400202503A8ADF80E20D3F8C034002B14BFB3
:104984004FF001224FF48072336813433360934B2A
:104994001B6898478F4BD3F8604134B10022C3F8A9
:1049A4006021D3F86C44C3F86C44D3F828214AB18D
:1049B4000022C3F828218A4B1878FFF78BFD0123C6
:1049C40083401C43874F97F8008097F9009008F0C4
:1049D4000F03082B0AD984494FF49172834807F0D6
:1049E400DAFF4FF49171804807F0CCFF18F008010A
:1049F4007F4D40D1B9F1000F2DDA7E4A52F82300E1
:104A040010B342F823101422534303F1A04303F5D7
:104A14005833D3F80836784A03F0010311784B4031
:104A24001370764805F0B0FA4046FFF731FD837DF8
:104A3400032B38D14046FFF74DFD012303FA00F064
:104A44002B6823EA00032B604FF001084FF006099E
:104A5400DFF888A15DE06A4A52F823000028F3D009
:104A640042F823101422534303F1A04303F55833AF
:104A7400D3F80837CFE7B9F1000F564B09DBD3F869
:104A84005021002AE0D00022C3F85021D3F8A837DF
:104A9400C1E7D3F82C21002AD6D00022C3F82C2158
:104AA400D3F8A836B7E7037BE3B94046FFF712FD16
:104AB400012303FA00F02B68B9F1000F23EA000385
:104AC4002B6002DAB8F1880FBED106238DF80C30C2
:104AD40000238DF80F30414B8DF80E801B6803A81E
:104AE4009847B1E7B8F1000FAED10122394BDA642F
:104AF400AAE794FAA4F0B0FA80F0326808FA00F356
:104B04001A430F28326024EA03042A6849DD134259
:104B140056D0002CEDD12F4BD3F800215AB1C3F855
:104B24000041384B03A81C702D4B1C7001230393C8
:104B34002A4B1B689847274BD3F85821002A6ED07C
:104B44000022C3F85821D3F80044C3F80044E30515
:104B540008D501222B4B03A81A70022303931F4B81
:104B64001B689847A00508D50022264B03A81A7095
:104B740003230393194B1B68984761054FD5214ABA
:104B84001378002B4BD0134BD3F82C1500293BD0B2
:104B9400154940F2F522154807F0FDFE40F2F521D3
:104BA40021E71340B5D160F07F018DF80C908DF8AA
:104BB4000E108DF80F30DAF8003003A89847A8E7F4
:104BC400A0F110018DF80C908DF80E108DF80F8067
:104BD400F1E700BF00600350C41F0020C81F00207D
:104BE400BE230020BD23002034F40000D3E20000E3
:104BF400C01F002008610350BC2300201C030020B8
:104C040030610350BF23002011700122C3F808252E
:104C14009A6504230393A74B03A81B689847A64BE4
:104C2400D3F85C31FBB1A54B9B6813B93B785A06AA
:104C340019D00022A04B03A8C3F85C21D3F8803418
:104C44009F4A23F07F0313702B6823F001132B601A
:104C5400336823F4803343F0010333600523039363
:104C6400944B1B6898472A6833681A4200F01081F5
:104C740000220023914805F0E9F9002840F008815A
:104C84008D4BD3F82C35002B00F091808B4805B068
:104C9400BDE8F04F05F078B949F0800A5046FFF7B7
:104CA400F7FB027B0446FAB14268B0F8148001684D
:104CB400904528BF904601F06042B2F1005F1CD1DC
:104CC4002068626840442060A068A2EB0802C30721
:104CD4004FFA8AF5626040F1A780B8F1000F40F006
:104CE400A68000222273A2E0764940F25732764829
:104CF40007F051FE40F2573175E6B8F1400F08D97C
:104D040070494FF4C172704807F045FE4FF4C17109
:104D140069E642466D4808F058FC6C49D0E72268C1
:104D24006AB102F06042B2F1005F08D065494FF405
:104D3400B272654807F02FFE4FF4B27153E6626811
:104D4400236890429DBF03EB0008121AC4F8008048
:104D54004FF000089CBF80466260704519460FD131
:104D6400003A18BF01226BB9B8F1000F5AD0554967
:104D74004FF45A72544807F00EFE4FF45A7132E65B
:104D84000022F0E7404543D9012202FA09F22BEA56
:104D9400020202212A600622464BA1751B688DF887
:104DA4000C208DF80EA08DF80F1003A898473368D7
:104DB400D5F800B001931BEA03093FF467AF19F07B
:104DC400012314BF93FAA3F999FAA9F9B9FA89F955
:104DD400B9F10F0F7FF660AFA9F110035FFA83FA00
:104DE4005046FFF755FB027B0446002A3FF47CAF94
:104DF4005046FFF797FDB4F814E070458FD9314958
:104E040040F26312304807F0C6FD40F26311EAE550
:104E140008D02C4940F279322B4807F0BCFD40F20F
:104E24007931E0E54FFA8AF5002A3FF45AAF0120C0
:104E3400019B00FA09F923EA09023260226987F822
:104E440000A0424422610AF00F04082C08D91D492D
:104E54004FF4A4721C4807F09EFD4FF4A471C2E500
:104E64001AF0080F144B16D1142202FB0432002D41
:104E7400B5BF03EB84030A34C2F80016C2F8001766
:104E8400B5BFC2F80486C2F80487586043F824000A
:104E940005B0BDE8F08F002DB5BFC3F8A016C3F868
:104EA400A017C3F8A486C3F8A487B4BF5862986453
:104EB400EEE700BFC81F0020006003501C03002061
:104EC400BE23002034F40000D3E20000D01D0020F3
:104ED40008B503070AD50849084840F2076207F0F5
:104EE4005AFD40F20761044807F04CFD044B40F4BE
:104EF4008070C3F8180508BD34F40000D3E2000044
:104F040000600350030713D400F00F0310F0800F68
:104F1400084A0BBF03F5887303F5847302EB83021D
:104F240052F8230008BF5068003818BF01207047AA
:104F3400002070470060035008B503070AD50949EB
:104F4400094840F2296207F026FD40F2296105482C
:104F540007F018FD054BC3F80C0540F48070C3F846
:104F64000C0508BD34F40000D3E2000000600350D7
:104F74000023036043600E4BD3F880240270D3F8FF
:104F840084244270D3F88824D3F88C1442EA012292
:104F94004280D3F89024D3F8941442EA0122828008
:104FA400D3F89824D3F89C3442EA0323C38070478F
:104FB400006003500122014BDA6470470060035023
:104FC4000122014B1A657047006003500122014B16
:104FD4005A65704700600350014B1878704700BF52
:104FE400BE23002038B50446EFF31185202383F354
:104FF4001288BFF36F8F03060AD51249124840F294
:10500400536207F0C8FC40F253610E4807F0BAFC43
:10501400FFF760FA01230D4A03FA00F0136823EA4C
:105024000003136014F0080201BF04F00F04084BDE
:1050340004F5947443F8242085F31188BFF36F8F2B
:1050440038BD00BF34F40000D3E20000C41F0020C8
:10505400006003502DE9F04F044685B0EFF311874B
:10506400202383F31288BFF36F8FFFF711FA14F034
:10507400800F0546404E2BD12046FFF72BFA4FF008
:105084000109D6F8008009FA00F030EA08000BD0D4
:105094002046FFF7A7FF0323AB7587F31188BFF3FF
:1050A4006F8F05B0BDE8F08F28732046FFF712FA22
:1050B40009FA00F028EA000030602046FFF70AFAF7
:1050C4002E4A09FA00F9136823EA09031360E2E798
:1050D400230715D4802C2A4B41D004F00F0202F28E
:1050E400DA325200C3F80028D3F80428D3F804189D
:1050F400D2B242F002020A43C3F80428D3F80438B7
:10510400DFF87890D6F800B0D9F800A020466BEA12
:105114000A0301934FF00108FFF7DCF9019B08FA39
:1051240000F00342B9D02BEA000030602046FFF7BC
:10513400D1F900232B730323062208FA00F8AB7578
:105144008DF80F300F4B48EA0A00C9F800001B68BD
:105154008DF80C208DF80E4003A898479DE740F287
:10516400B472C3F80028D3F80428D3F80418D2B2D0
:1051740042F00402BFE700BFC01F0020C41F00208C
:1051840000600350C81F002038B50446094D4FF095
:10519400FF324FF0FF33284604F058FF2046FFF754
:1051A40059FF284604F0F0FE4FF48002024BC3F886
:1051B400042138BD1C03002000E100E02DE9F0418A
:1051C400394D2B7853B9394940F2BA42384807F07F
:1051D400E2FB40F2BA41354807F0D4FB4FF0FF330D
:1051E4004FF0FF32334804F031FF2B78022B08D004
:1051F4002E4940F2FC422E4807F0CDFB40F2FC4120
:10520400E9E74FF480022C4B3620C3F88421FDF7E4
:10521400B9FBA0B14FF00108284F294B3C681B682B
:10522400240C24041C4354BB40F2FF13254E3B6062
:105234003620C6F80445FDF791FBC6F80043224A20
:1052440013788BB100211F4BC3F808110121C3F857
:105254000026C3F804165960D3F808110029FBD0BE
:105264000021C3F8081111700022164BC3F8002561
:10527400104804F089FE01232B70BDE8F08194FAF4
:10528400A4F6B6FA86F630460F2EC6BFA6F1100075
:10529400C0B240F08000030701D4FFF7DBFE08FA38
:1052A40006F624EA0604BEE7C023002034F4000016
:1052B400D3E200001C03002000E100E0C41F002032
:1052C400C01F002000600350BC23002010B504461A
:1052D4004FF0FF324FF0FF33114804F0B7FE204681
:1052E400FFF7B8FE012304F00F029340DB430D4A9D
:1052F40014F0800F15BFD2F81015D2F814150B4016
:105304000B4014BFC2F81035C2F81435044804F039
:105314003BFE4FF48002044BC3F8042110BD00BFD0
:105324001C0300200060035000E100E070B5044657
:10533400FFF762FA68B9012504F00F0214F0800F38
:10534400144B05FA02F205D0D3F810150A43C3F83A
:10535400102570BDD3F814150A43C3F81425631E31
:10536400062BF6D8EFF31186202383F31288BFF3BC
:105374006F8F2046FFF736FE2046FFF7ABF8064A4C
:105384008540136823EA0503136086F31188BFF38D
:105394006F8FDEE700600350C01F0020020710B5C6
:1053A40004460AD50B490C4840F20F6207F0F3FAA1
:1053B40040F20F61074807F0E5FA030605D4FFF74A
:1053C400A1FD10B12046FFF70DFE044BC3F81845AC
:1053D40010BD00BF34F40000D3E2000000600350AD
:1053E40037B540230C460A490093411A4911054632
:1053F4002346084A084807F0A6FC011E05DA284699
:10540400234603B0BDE83040184703B030BD00BFA9
:10541400E01F0020B7CD0000D4D70000C9B2032993
:1054240008B508D9084909487F2207F0B4FA7F2152
:10543400054807F0A7FA0C22036901FB0233D3F8ED
:10544400880000F0070008BD8CF40000D3E20000DF
:1054540070B5C9B2032903690AD9194919484FF427
:10546400DF7207F098FA4FF4DF71154807F08AFAF3
:10547400EFF31185202484F31288BFF36F8F0C2679
:1054840006FB0134D4F8884014F0C00408D0A242CA
:1054940006D085F31188BFF36F8F4FF0FF3070BDD6
:1054A400012271430B44C3F8882085F31188BFF3AC
:1054B4006F8F43680B445B6898470020EFE700BF99
:1054C4008CF40000D3E2000070B50D460649044692
:1054D400411A491140220548FFF7BAFF2B460146FD
:1054E4002046BDE870401847E01F0020D4D70000D4
:1054F4002DE9F8430022012106460520FDF750FA64
:10550400114802F0AFFB114B984219D102F0BAFBDB
:1055140000244FF00C080127DFF834903569494620
:1055240005EB441007F0A1FA002807DB08FB04553B
:105534000134042CC5F88870F0D10020BDE8F8834C
:105544006FF00400FAE700BF155600000000AD0B31
:10555400F4DC00001FB500220123CDE902236B46D1
:10556400084ACDF800D0CDF804D007F01BFC002881
:1055740005DB4FF480420023684604F067FD05B064
:105584005DF804FBE7CD000010B5EFF31184202390
:1055940083F31288BFF36F8F074A136823F0020165
:1055A400DB07116002D4012002F01AFC84F3118895
:1055B400BFF36F8F10BD00BF902000200C22124B50
:1055C400014602FB0033002030B4D3E92052C3F873
:1055D4008000EFF31180202484F31288BFF36F8FCF
:1055E400D3F8884004F0C00444F00204C3F88840AF
:1055F40080F31188BFF36F8F1DB12B4630BC034875
:10560400184730BC704700BFE01F0020D4D700000B
:1056140008B5092821D8DFE800F005132020202050
:105624002015110F124BD3F8880010F007001DD17C
:10563400BDE80840FFF7C2BF0220F9E70320F7E7FF
:105644000120F5E70B4940F2DD220B4807F0A3F9EE
:1056540040F2DD21074807F095F9064940F2ED22B2
:10566400054807F098F940F2ED21F3E708BD00BFC3
:10567400E01F00208CF40000D3E2000010B4EFF32C
:105684001182202383F31288BFF36F8F18480168B7
:1056940041F002040460C80707D482F31188BFF301
:1056A4006F8F012010BC02F019BB4FF05021D1F8CC
:1056B4000C04D1F80C14C907EFD5EFF3118083F370
:1056C4001288BFF36F8F0B49D1F8883003F0C00301
:1056D40043F00203C1F8883080F31188BFF36F8F61
:1056E40082F31188BFF36F8F002010BCFFF766BFF1
:1056F40090200020E01F0020024BC0B203EB4010BA
:10570400704700BFE01F00202DE9F041012206464A
:105714004249D1E8EF3FC1E8E02F0028F9D19BB915
:105724003F4940484B60CB608A60FBF75DFB002833
:105734000ADA3D4940F291223C4807F02CF940F244
:105744009121394807F01EF976B3731E012B5BD8FB
:10575400012E07D14FF05023D3F81C3403F0030378
:10576400022B21D007F064FE0546F8B9304B1B78B4
:10577400E3B14FF0502302220746C3F808234FF049
:105784005024DFF8B080D4F81824D4F81834D203A5
:1057940015D503F00303022B01D0012E0FD16DB3F5
:1057A40087F31188BFF36F8FBDE8F081EFF31187A2
:1057B400202383F31288BFF36F8F0125DFE7C5B180
:1057C400384607F0E9F9D4F81835DBB2012BDAD101
:1057D400D4F80421002AD6D00022C4F80421D4F835
:1057E40004210222C4F818252022C8F88021A360CD
:1057F400C9E70021212005F021FDE4E74FF0502303
:105804000222C3F80423CFE7074940F2A322074842
:1058140007F0C1F840F2A32193E700BFDC1F00208A
:10582400CC1F0020002000208CF40000D3E20000F4
:105834005E24002000E100E008B5074807F034FDCD
:1058440038B10648FDF79EFB0448FBF7BBF800207F
:1058540008BD6FF01200FBE710D800006558000087
:105864000A2838B50446074D04D1AB680D212846F3
:105874005B689847AB6803485B68E1B29847204689
:1058840038BD00BF10D8000010B5036941B91C49E8
:105894003F221C4807F07FF83F21194807F072F8AF
:1058A400486830B916494022164807F074F8402178
:1058B400F3E75868F8B1884219D19C680868A14296
:1058C400586000D19860002008602AB15A680A60C4
:1058D4009A68596002B99960002010E0814206D1AB
:1058E4000868206098688142EDD19C60EBE704462B
:1058F40000680028F2D1002AE8D16FF0150010BD2D
:1059040003F50000D3E2000038B545682B69B3B154
:105914001035284602F0F8FD044680B901462846B1
:1059240002F0A6FD084B98420BD1224628460749AF
:1059340002F06EFD224605210D20FDF731F800200E
:1059440038BD6FF00400FBE70000AD0B215C0000E4
:1059540008B503680246590913D0012906D14FF648
:10596400FF7103F01F03D940C80711D40A490B483B
:105974004FF46C7207F00FF84FF46C71064807F09F
:1059840001F84FF0FF31D940C907EFD5044800E0D2
:105994000448136008BD00BF29EE0000D3E20000F4
:1059A4000025845000288450F0B5406801F01F049D
:1059B400057B87B044EA45140569002D5BD0B2F538
:1059C400001F00F1100506D12146284607F053FCBC
:1059D400002007B0F0BD0027B2F5800F01AE01979B
:1059E400776033D1B3F1007F14BF052304238DF80E
:1059F40004300023CDE9046303938368CB40D907C3
:105A040016D4B2F1A07F13D168460094FFF7A0FF2B
:105A1400009B803350F82330DB0709D46A462146C3
:105A2400284602F0FBFC174B98421AD0CDF808D058
:105A34002146284603AA02F0B5FB134B98421DD118
:105A440001222146284602F075FDC1E7B3F1C06F7B
:105A540005D0B3F1007F14BF01230223C7E703235A
:105A6400C5E76946284602F05FFD074B9842DDD042
:105A74006FF00B00ADE76FF08500AAE76FF015003B
:105A8400A7E700BF0400AD0B0000AD0B2DE9F04308
:105A9400466840F20635337BD00601F01F0747EA1B
:105AA400431748BF032302EA050558BFC2F3401356
:105AB40087B0B5F5837F14468DF8033044D00FD8F2
:105AC400062D18D007D8B5B1022D3FD06FF01500C0
:105AD40007B0BDE8F083B5F5807FF7D101250AE072
:105AE40040F20222954233D0B5F5407F32D0B5F56D
:105AF400007FEBD102250123220303FA01F12BD508
:105B040073689960336963BB03A80397FFF720FFA9
:105B1400039B00EB830084F48033C3F30043C4F39A
:105B24004044D0F8002244EA43049DF8033022F4B0
:105B3400706244EA830422F00F0244EA052313430B
:105B4400C0F800320020C3E70725D4E70425D2E7D4
:105B54000525D0E70325CEE7630344BF7368D96006
:105B6400D0E71036394630460DF1020202F056FCF9
:105B740014F4403F804616D13946304607F079FB8D
:105B8400234B9845DED130469DF8021002F0C6FC46
:105B94004045D7D01F492048EC2206F0FCFEEC21FA
:105BA4001C4806F0EFFE4FF0000901AB39463046C1
:105BB40003AACDE90439CDE90199CDF80C9002F09E
:105BC400F1FA134B984281D114F4003315D09DF8A7
:105BD400033084F48034C4F300448DF80E30394625
:105BE4004B46304603AA8DF80C508DF80D4002F058
:105BF4008FFB074B9842C3D068E7CDE9043339469D
:105C04000DF10303304603AA039302F0CBFAF0E745
:105C14000000AD0B3FF50000D3E20000420903464B
:105C240070B502D0012A1AD070BD124E3269516883
:105C34000029F9D0012503F01F030C689D400029B9
:105C4400F2D08A682A400ED04B6853B90A490B48EF
:105C5400642206F0A0FE6421074806F093FE084E75
:105C6400E4E7304698471CB1236821461C46E6E722
:105C74002346FAE7FCD7000003F50000D3E2000056
:105C8400E8D7000008B500220023D0F8840003F010
:105C940047FC021E05DA0448452106F00BFF0020EC
:105CA40008BD0120FCE700BF83F50000002330B5E8
:105CB40085B0CDE90133039390F8ED3004461BBB66
:105CC400204601A9FFF7DEFF00283ED16FF00B0547
:105CD400D4F8E40003F028F894F8F1305B0702D517
:105CE4002068FBF705F9029911B1E06903F08AFC19
:105CF400019919B1D4F8840003F084FC042384F8D6
:105D0400EC30284605B030BD01A907F0C0F820B931
:105D14004521144806F0CEFED8E794F8ED30012B67
:105D2400CED1029B0022C4F8E830D4F8E40001A9E3
:105D340002F072FE0C4B0246984210D045210B48EB
:105D440006F0B8FE6FF00405C2E794F8ED30002BBE
:105D5400E7D1D4F888309B08ADF80C30E1E7002592
:105D6400CFE700BFAEF500000000AD0BCAF50000A0
:105D740037B50446002201212820FCF711FE636890
:105D840000215D6B01AA284607F05BF9002825DB9A
:105D9400019B2A681979186801F0CCF900281DDBE9
:105DA400042308220E490F4807F0CFFA04230822DF
:105DB4000D490E4807F0C9FA00202469FFF79CFC3E
:105DC400206050B90A490B4840F2923206F0E3FDD4
:105DD40040F29231064806F0D5FD002003B030BDF4
:105DE400CC2000208C000020AC200020F4000020F7
:105DF400F4F50000D3E20000F0B5056987B013465E
:105E0400CDE9011295F8F120D20706D445212C489A
:105E140006F050FE6FF0040034E095F8EC20511EBB
:105E2400012904D94521274806F044FEF2E72A6AED
:105E34009A4201D3032B02D845212348F4E76C6A24
:105E440005F15006631C1FD04FF4004740F2E730C1
:105E5400002124EAE4744FF47A720023C4FB07019E
:105E6400FAF776F902460B46304601A903F09AFC8C
:105E7400002807DB95F8EC30022B02D195F8F030BE
:105E840033B9002007B0F0BD4FF0FF321346EBE703
:105E94000026284603A9CDE90366059606F0F7FF18
:105EA40020B94521094806F005FEEAE7284685F8A9
:105EB400F06003A906F0FEFF0028E2D1AAE700BFC4
:105EC400F7EF00001EF600003DF6000073F6000038
:105ED400F0B5044688070F4685B04AD5614D95F85C
:105EE400EC30D5F8E810032B04BF012385F8EC301F
:105EF400002933D06368994202D0E86903F082FB39
:105F04000023D5F8E400C5F8E83002F00DFF95F859
:105F1400F130590702D52868FAF7EAFF2168002909
:105F24003CD16368002B7BD1FB0740F198800023B0
:105F34004C4CCDE90133039394F8ED304BB194F814
:105F4400EE30002B77D0D4F8E83002930123ADF87B
:105F54000C3001A9434806F0ADFF80E0D5F8E40019
:105F640002F0E2FE95F8F1305A0702D52868FAF7F4
:105F7400BFFF002CD2D13B4C94F8EC30032B06D05D
:105F84004521394806F096FD042384F8EC30D4F812
:105F9400E40005B0BDE8F04002F0A2BE314D95F832
:105FA400EF6026B1D5F8840003F02CFBB9E7238910
:105FB40001919B0002930022002301A905F1B8007E
:105FC40003F0F0FB002811DA4521284806F072FDA1
:105FD400042385F8EC302168D5F8840003F012FB23
:105FE4006368FBB91F4BD3F8E400D2E795F8ED30B2
:105FF4005BB16368002B97D01A4AD2F8E810994233
:1060040012D1012382F8EF30ECE795F8EE60002E10
:10601400EFD0012385F8EF306368002BECD1E1E782
:106024000026E9E70126E7E71946D06903F0EAFA12
:10603400002ED7D178E7204601A906F028FF0028D2
:1060440087D194F8EC30032B4FF0010305D1D4F839
:10605400E82084F8EE30029279E784F8F03005B055
:10606400F0BD00BF3C00002097F60000BEF6000023
:106074002DE9F04F056995B095F8ECC01446BCF1D4
:10608400010FD0F804B0019105D062464521A8481B
:1060940006F010FD42E0D2F80490B9F1000F27D1C8
:1060A400284606F041FF019B013B012B1CD895F8C3
:1060B400F1303C2269F3000385F8F130494605F1DB
:1060C400140007F0A9FA019B022B0BD195F8F130CB
:1060D4003C226FF34103002185F8F13005F17C0087
:1060E40007F09AFA00201BE0019B002BEED0F9E7A1
:1060F40093680BB1D76857B98E498F4840F2BB12E9
:1061040006F049FC40F2BB118A4806F03BFC17F04C
:10611400030708D04521894806F0CCFC6FF0150030
:1061240015B0BDE8F08F0AAE0BF10C0EBEE80F00FF
:106134000FC6BEE80F000FC69EE80300237886E86A
:106144000300182B9BF82C600CD007D8082B0CD01C
:10615400102B1AD01A464521794899E7202BF9D1FA
:10616400032200E00222029200E00297A27802F0E9
:106174000708B8F1030F0BD0B8F1040F13D0B8F12E
:10618400000F14D045216F4882E7CDF808C0EDE731
:1061940000214FF00108039112F03801049109D055
:1061A4004521694874E7012188460391F4E7CDF855
:1061B4000C80F1E76278022A009204D0012A04D00C
:1061C4004521624864E7049A0092E27802F00601ED
:1061D4000629069117D1DBF80420D2F86025002A9D
:1061E40017DA0023059395F8F12063F3820285F80A
:1061F400F12094F90330E278002B01DB530666D5D5
:106204004521534844E702F0060121B14521514894
:106214003EE7012206929BF838205B00022A4FF0E9
:10622400000A4D4A079308BF00224FF0FF3308923B
:10623400CDF814A00993494B079A33F82A60079BB9
:10624400B6FBF3F302FB13632BBB06FB09F1089ABD
:10625400080502EB5102090BF9F77AFFB0F5801F2C
:1062640019D84FF48013B3FBF0F3089AB2FBF3F39D
:10627400B3FBF6F6099AB14594BFA6EB0906A9EB60
:106284000606964207D25FFA8AF2049202031F4678
:1062940005922EB109960AF1010ABAF1090FCAD181
:1062A4002E4B049A492103EB82029678049A2C48D7
:1062B40033F822303A46B7FBF3F306F0FBFB9BF8C6
:1062C4003830DDF818C0003B18BF01238BE7019B71
:1062D400013B012B46D9019B002B7FF403AF0FCC6C
:1062E40005F17C070FC723688DF848603B60039B6A
:1062F4008DF83DC08DF83F30029B8DF83E808DF8BF
:106304004030009B05F190048DF84130059B0AAEA6
:1063140011930FCE0FC40FCE0FC496E8030084E888
:10632400030095F8F13043F0020385F8F130D9E623
:10633400D7F60000F4F50000D3E20000FAF60000FE
:106344002FF700004EF7000073F700009AF70000E3
:106354001AF80000C2F700000048E8010AE1000052
:10636400EAF70000A64605F11407BEE80F000FC7C0
:10637400DEF800308DF83DC03B60039B8DF83E8015
:106384008DF83F30029B8DF848608DF84030009BBB
:1063940005F128078DF84130059B0DF1280E119366
:1063A400BEE80F000FC7BEE80F000FC79EE803004A
:1063B40087E8030095F8F13043F0010385F8F130E4
:1063C400019B022B8BD08DE6F7B5022907460D46BB
:1063D400164604690CD194F8F13003F00303032B3F
:1063E4001BD04521624806F065FB6FF0040068E0AD
:1063F40001290BD194F8F13013F0010FF1D0042EE0
:1064040058D8DFE806F0193C3C6050000029E8D178
:1064140094F8F13013F0020FF0E7282204F1900110
:10642400A01807F001F920B9226AD4F888309A42FA
:10643400E5D045214F48D6E794F8EC30012BD4D170
:10644400002384F8ED50A4F8EE3084F8F0303D6970
:106454007C6895F8ED302268012B0CBF05F128010A
:1064640005F19001D5F8E40002F0ECF9424B024644
:10647400984238D04521414806F01CFBB5E794F812
:10648400EC30022BB1D194F8ED30AB4223D1022E83
:106494004FF0030353D1B5FA85F56D0984F8EC3058
:1064A40084F8EE5050E094F8EC30042B9DD129464A
:1064B400204656E032464521314806F0FBFA6FF09B
:1064C400150003B0F0BD94F8EC30022B3ED194F8E3
:1064D400ED309D423CD0009332462B46452129485D
:1064E40006F0E8FAEBE7022385F8EC3094F838304C
:1064F4006268991E4B424B41C2F82C3595F8F13035
:10650400580716D5204B0022AB60032328682A6164
:10651400EB60291DFAF768FC041E15DAD5F8E400CF
:1065240002F002FC012322464521184885F8EC308C
:10653400A2E72846FFF7BAFB00EAE070C1E784F857
:10654400EC30012384F8EE300020BAE7012B06D0AA
:106554000123D4F8E40084F8EF3002F0C1FB2946AB
:10656400386906F0E1FC012384F8EC30ECE700BF65
:10657400F7EF00003BF800000000AD0BB9F8000095
:1065840067F8000080F8000003CF0000DFF8000087
:10659400F7B50369144693F8F1200D46920707D422
:1065A40045211A4806F086FA6FF0040003B0F0BDE6
:1065B40093F8EC2003F1B807042A25D0D3F88C60B3
:1065C400731C1DD04FF4004C40F2E730002126EA42
:1065D400E6764FF47A720023C6FB0C01F9F7B8FD96
:1065E40002460B466946384603F07CF910F1230F46
:1065F400DAD00028DAD1009B2B60019B2360D5E719
:106604004FF0FF321346EDE70022FBE7F7EF0000FF
:10661400014806F012BD00BF74D800002DE9F04710
:106624004568EC6C9CB119B34FF400400021EE684E
:106634002F4D0023E6FB00512E4A2846F9F788FD2A
:1066440002460B462046BDE8F04704F07DB86B6C6B
:1066540073B1002914BF4FF0B8664FF400164FF021
:106664000108DFF8949006F400072B799C4201DBC3
:10667400BDE8F087EB6B03EBC40253F834001179E7
:106684008368D0F804C0D3F818A00269BAF1000FE7
:1066940028D0DCF800C008FA01F313EA0C0F0AD181
:1066A4001649174840F2923206F075F940F29231D9
:1066B400124806F067F99FB1126813420CBF3246C4
:1066C4004FF0707202EA090302F0B072D047034639
:1066D40058B12246BDE8F04745210A4806F0EAB918
:1066E4003246EFE76FF05703F3E70134BDE700BF2D
:1066F4003F420F0040420F004000000613F9000023
:10670400D3E2000044F900002DE9F341036946682F
:1067140093F81455002D38D0F46B01A9206806F0C5
:106724002CFC2379019C3279DC404FF0FF339340F9
:1067340024EA0304E4B2204602B0BDE8F08101A9D2
:1067440006F01BFC10B9019B1F4203D008FA05F3A5
:106754002343DCB201353379AB42ECDDF36B53F800
:10676400350003EBC502436817791B6808FA07F77D
:106774001F42E4D10749084840F2336206F00BF99E
:1067840040F23361034806F0FDF82C464FF001084F
:10679400E1E700BF13F90000D3E2000003460A4614
:1067A4002DE9F0411979DB880068134303F03002C6
:1067B400302A0669D0E901470AD12F4940F2E13273
:1067C4002E4806F0E8F840F2E1312B4806F0DAF8FA
:1067D4002B4A2C4D1A40AA4208D1274940F2E532EF
:1067E400264806F0D8F840F2E531EEE703F0060259
:1067F400042A08D120494FF47A72204806F0CBF8D5
:106804004FF47A71E1E713F4402212D09D0308D4C7
:10681400194940F2EB32194806F0BDF840F2EB3169
:10682400D3E7B2F5402F14D0174A9A4301D183F429
:106834004023012524688D40254223F4801211D180
:106844000D4940F2FB320D4806F0A5F840F2FB3149
:10685400BBE7094940F2EF32084806F09CF840F2E1
:10686400EF31B2E73468DB074CBF2C43AC433460F0
:106874003B68BDE8F041184713F90000D3E200007B
:106884000200030002000100010010002DE9F041A4
:1068940046684C1C076996F805C01FD00124881C63
:1068A40006BF04FA0CF404F1FF348C4097F8155534
:1068B400002D60D0336C18681979036904FA01F269
:1068C4001B685A400123846803FA0CF3A468013B53
:1068D40003FA01F12346BDE8F04118470024E5E737
:1068E400D7F81035326C6340EB40D90730D596F8B1
:1068F400543002EBC500002B32D052F83530017908
:106904005A6808FA01F1126808FA05FC1142D3F832
:1069140010E00CEA040C0AD11849194840F28C62C0
:1069240006F039F840F28C61144806F02BF8DEF8D2
:106934000020114205D0BCF1000F05D09A681269FD
:1069440004E0BCF1000FF9D09A68D2681846904769
:1069540001357379AB42C3DCC7F81045BDE8F0815B
:1069640024FA05F3DB074CBF4FF4D0114FF4803108
:10697400FFF714FFECE74FF00108EAE713F9000012
:10698400D3E200002DE9F84F064600254468076964
:106994006379AB4225DC00252379AB424CDCE06C07
:1069A40010B1216D03F040FE2179E06B06F0F1FA9D
:1069B40087F8140594F854302BB16179206C06F0F3
:1069C400E8FA87F81505304600F060FB8146D0B937
:1069D4007268516CB9B9D26CAAB9304606F02DFB75
:1069E40011E0D4F8408058F8350008EBC50906F0EA
:1069F4005BFC58B958F8353045211A68304806F020
:106A040059F86FF012094846BDE8F88F94F85430ED
:106A14006BB14FF4B0114846FFF7C0FE814648B150
:106A24004B462A464521274806F044F8EBE74FF445
:106A34008031F0E70135ABE7D4F83CA04FEAC50B51
:106A44005AF835000AEBC50806F02EFC10B95AF8BE
:106A54003530D1E74FF480314046FFF79FFE814641
:106A64000028DDD1616C41B30C23012203FB051125
:106A7400A06C98F8043002FA03F350B91249134891
:106A840040F2D76205F087FF40F2D7610E4805F067
:106A940079FFC1E901035AF80B008368DB694BB144
:106AA40001229847B0F1000907DA4521084806F0A9
:106AB40001F8A8E76FF05709F7E701356CE700BF65
:106AC40073F9000088F9000013F90000D3E2000014
:106AD400ADF9000037B5012442688C4012681442B5
:106AE4000AD10D490D4840F2336205F054FF40F2DB
:106AF4003361094805F046FF0569836801A95B68AD
:106B0400984730B92A68019B5340234214BF01209F
:106B1400002003B030BD00BF13F90000D3E2000031
:106B24002DE9F74F4FF0000846680190F368009391
:106B340003F118077368434505DC337D002B40F0EF
:106B4400D780002414E00C2505FB08F5D6F808B01E
:106B54005BF805000BEB050406F0A6FB60B95BF8D7
:106B6400053045211A686C4805F0A4FF6FF0120443
:106B7400204603B0BDE8F08FB4F806C05BF805000A
:106B840021794CF480320CF03004302CD0F810E031
:106B9400D0E9013B0AD1614940F2E132604805F095
:106BA400FAFE40F2E1315D4805F0ECFE5D4CDFF8A1
:106BB40078910CEA040444F480344C4508D15749D4
:106BC40040F2E532564805F0E6FE40F2E531EAE7E8
:106BD4000CF00604042C08D150494FF47A72504842
:106BE40005F0D9FE4FF47A71DDE701241B688C406F
:106BF4001C4208D1494940F2FB32494805F0CBFE1A
:106C040040F2FB31CFE7DEF800301CF0010F14BF77
:106C14002343A343CEF80030DBF800309847044602
:106C240030B1424645210346404805F043FF9FE703
:106C3400019B384647F8183C316903F0F5FC337D75
:106C4400002B51D14FF00109D6F808B0384A0BEBAC
:106C5400050A9AF80430A7F1140109FA03F347E985
:106C640004235BF805008368DB6963B14A469847EF
:106C7400041E0BDA45212F4805F01CFF234642462B
:106C840045212D48D1E76FF05704F3E79AF8041033
:106C94005BF80500FFF71EFF07F8080C5BF805001A
:106CA4009AF80410D0E901539C69D4B12B6809FA0D
:106CB40001F21A4208D1194940F29232184805F0FB
:106CC4006AFE40F292316EE74FF0C0634FF0A0725B
:106CD400A047041E08DA22464521184805F0EAFEBA
:106CE400CCE76FF05704F6E708F10108503721E7C5
:106CF4004FF4004440F2E730002135684FF47A72D3
:106D04000023E5FB0401F9F723FA024600980B4639
:106D1400183003F019FD14E773F9000013F90000AB
:106D2400D3E20000020003000200010088F9000021
:106D3400CBCF0000ADF9000044F90000EBF90000EE
:106D44000346F0B553F8186D0546726885B0D168EE
:106D540092685C1A154B24115C430C236343D718C7
:106D6400D0583979FFF7B6FE031E07DA22464521CB
:106D74000F4805B0BDE8F04005F09CBE15F9082C9D
:106D84009A4210D04FF0FF304FF0FF3105F8083C25
:106D94003A89CDE902010121003B18BF01233046A5
:106DA4000091FCF7E5FB05B0F0BD00BFCDCCCCCC29
:106DB40013FA00002DE9F04F044643688FB0D3F86E
:106DC40000A003690A936FF00101204606F015F94B
:106DD4002046DAF80830012198472046DAF80430D2
:106DE400984710B1204606F028F90A994FF0FF326F
:106DF4004FF0FF3301F17C0003F028F9DAF8083092
:106E0400002120469847D4F804B00CA8594606F04F
:106E1400F8F8DDE90C23CDE9082306F070F9002623
:106E240067680B903D6804967B799E425CDB4FF06B
:106E3400FF31204606F0E1F897F820302BB1636863
:106E44005D6B58790023834268DB656827696B6B47
:106E5400059306F054F997F87830069047F8230024
:106E6400059B03F1FF3C00236A79934264DB00260F
:106E74006B799E42C0F284801E2297F878300133E9
:106E8400B3FBF2F102FB113387F87830049B002B3B
:106E940000F0E48061680CA806F0B3F8DDE90C2387
:106EA400CDE9082306F02BF90B9B6268C01A002376
:106EB4005579D9B28D4200F2DC800022DBE902135D
:106EC400002A18BF0B46704AA0FB0202C00B40EA1E
:106ED4004240181AB0F57A7F40F2D380984228BF16
:106EE400184604F0D5F998E77B6A0BB19B5D9BB11A
:106EF4002046314606F081F8F86906F0D1F96B684E
:106F0400204698477B6A0BB19B5D18407B6B985574
:106F1400049B1843C3B20493013685E7EE5C013346
:106F2400002E90D01A4682428DDAA95C31404F1E61
:106F34000F42ABD10132F6E7296B1CF8012FC95C73
:106F44008A420CD000264A4029798E4209DBE96A3C
:106F5400C85C0243CA549CF800102A6BD154013314
:106F640082E722FA06F0C00708D503FB016197F80F
:106F740078E0A86B01F0FF0100F801E00136E3E7D7
:106F8400EB6A9B5D0793002B65D1013670E7012204
:106F9400059802FA08F110F806900798CAB201425F
:106FA40053D006FB0383A86B03F0FF03C35C06986E
:106FB40057F8233012EA0909A0EB03033248A3FB74
:106FC40000304FEAD33343EA404C6B69A86918BFD9
:106FD4001846844539D3E86A835D23EA010383555F
:106FE400AB6A995D02EA010081452ED04A409A5568
:106FF4004FF0FF324FF0FF33CDE902230022334636
:10700400032100922046FCF7B3FA4FF0FF324FF011
:10701400FF33CDE902230022434603210092204698
:107024000122FCF7A5FA4FF0FF324FF0FF33CDE910
:1070340002230122B9F10003009218BF01234FF487
:10704400A57201212046FCF793FA08F101082B7977
:1070540098459CDB99E74FF00008F8E7DDE9082341
:107064000CA806F082FADDE90C2313437FF41AAF6F
:10707400A9E6D16AC95C013300293FF41AAF0122A1
:107084001CE74FF47A702CE740420F00F0B5054638
:1070940089B006690122002106F17C0006F08BF913
:1070A40006F1900700240022002306F58871CDE93B
:1070B400062338464FF48062CDE90344CDE9014408
:1070C400054B009503F09EFB2968384606F0B6F997
:1070D400204609B0F0BD00BFB96D000008B50368D3
:1070E4000246590913D0012906D14FF6FF7103F066
:1070F4001F03D940C80711D40A490B484FF46C72D6
:1071040005F049FC4FF46C71064805F03BFC4FF068
:10711400FF31D940C907EFD5044800E004481360A3
:1071240008BD00BF29EE0000D3E200000025845012
:10713400002884502DE9F04F1546824640F2FF198D
:10714400DFF8BCB185B000EB8108D04503D1002045
:1071540005B0BDE8F08FDAF80030C3F3C321082985
:10716400C3F3080400F2C680664A1B0E4C4508BFF0
:107174004FF0FF34575C222B00F2BF80DFE803F0AE
:107184001221292C33392CBDBDBDBD4875787B7EB9
:107194008184878ABDBD8D999C9FBDBDBDA2A9ACCC
:1071A400AFB2B500C5F80C45621C0FD0012603A888
:1071B4000394FFF793FF039B06FA03F383603146BE
:1071C4002FE0611CC5F8144540F092800AF1040ACE
:1071D400BBE7C5F80845E7E7C5F81045621CF5D0DC
:1071E400002600211DE0631CC5F80845EED00026EA
:1071F40004E0C5F80C45661CE8D0012603A80394F6
:10720400FFF76CFF0121039B01FA03F3C36008E05D
:10721400C5F80845002FE1D1631CD7D00026062706
:107224003146DAF80030039403F40040002818BF14
:10723400002103A818BF012601930091FFF74EFF18
:10724400039C019B00EB8400D0F80042C3F3412C63
:1072540000993B0243EA8C030B4304EA0B042343E7
:1072640043EA4603C0F80032B0E7C5F80C45D1E75D
:10727400C5F86445BFE7C5F86445AFE7C5F8684598
:10728400B9E7C5F86845A9E7C5F86C45A6E7C5F8A8
:107294007045B0E7C5F86045ADE7C5F86045601CCA
:1072A400DAF8003092D0C3F30043002B7FF47EAFB2
:1072B400A3E7C5F86445F2E7C5F86845EFE7C5F804
:1072C4006C45ECE7C5F82445611C3FF47FAF01260B
:1072D40087E7C5F8284567E7C5F83045F4E7C5F8FA
:1072E4003445F1E7C5F83845EEE7C5F83C455BE7BA
:1072F400002664E76FF015002AE76FF0850027E7A2
:10730400F0F0FCFF57FA00002DE9F04104460D4669
:10731400476806F08DF84FF0200888B9264B1B7893
:1073240073B16426606805F0B9FEF0B9012005F078
:10733400F6FE013EF6D10021212003F07FFFF0E7A5
:10734400EFF31186314688F31288BFF36F8F6068BC
:1073540005F0A4FEA8B986F31188BFF36F8FEFE799
:1073640086F31188BFF36F8FE5E7EFF3118631469B
:1073740088F31288BFF36F8F606805F08FFE0028D2
:10738400EED0FB6900201D706368FA691B68C3F8BE
:1073940044250122C3F84825C3F82001D3F820412D
:1073A400C3F85801D3F858019A6081F31188BFF3E8
:1073B4006F8FBDE8F08100BF5E240020F7B505465D
:1073C400002201210820FBF7EBFA0820FBF7B8FAAA
:1073D4006B681A691868C0F82425997D5A7D0A4398
:1073E400198B1B7D0B431343C0F86C356E68D6E9CB
:1073F400004313F001034FD02F6907F1080000F098
:10740400A3FB324B984207D03148452105F052FB8B
:107414006FF0040003B0F0BD387A04F10C0204F5F7
:10742400907105F07EFE387A012707FA00F000F02B
:107434005DFB0823C4F80035F369C4F84435002320
:10744400C4F84835A760D4F85831002BFBD000218C
:10745400C4F800156B6801AADC68204605F0F1FD4C
:10746400002805DB019B226819791868FFF762FE82
:1074740008216A681368C3F80015117A51B9126AB1
:10748400C3F834250122C3F83825C3F81011D3F802
:1074940010111A600020BDE70822C4F80025F26923
:1074A400C4F84425C4F848350123A360D4F8203136
:1074B400002BFBD00023C4F82031D4F82031012361
:1074C400E3604FF48073C4F80433BCE70000AD0BF1
:1074D40060FA000070B40E4922F07F46D1E900340E
:1074E400D01AC31844F10004C1E90034A6F500130E
:1074F400B3F5400F09D2074B1B681A0A1B069C19E7
:10750400054B42F10005C3E9004570BC04F086BA9E
:10751400780B00203C210020800B00200D4B1868C4
:10752400010A0006BFF35F8F0B4BD3F8043518181C
:1075340041F10001B3F5801F0AD2084BD3E90023BF
:10754400904271EB030303D210F1807041F100010A
:10755400704700BF3C21002000500150800B0020E8
:107564002DE9F7432E4BD3F8042390070BD5D3F81A
:10757400042142B10022C3F804212A4AD3F8043179
:10758400136801331360264AD2F80433D90326D58D
:10759400254BD3E8EF1F21F00100C3E8E40F002CD2
:1075A400F7D1CB0702D4D2F84031C3B100251C4C2B
:1075B400C4F84051D4F84031FFF7B0FFEFF3118223
:1075C400202383F31288BFF36F8F184BD3E902672C
:1075D400B042B94106D282F31188BFF36F8F03B072
:1075E400BDE8F0834FF0FF38D3E900104FF0FF39C6
:1075F4001D60C3E902894FF48033C4F84833C4F8EA
:107604004051D4F8403182F31188BFF36F8F0029C1
:10761400E5D0009032463B4628468847DFE700BF66
:10762400005001503C21002034210020680B002030
:107634002DE9F84F04460D46434FD7E8EF8F28F065
:107644000103C7E8E23F002AF7D14FF480393F4EE7
:10765400C6F80893BFF35F8FBFF36F8FFFF75EFF2A
:10766400A04271EB050308F0010840D2384B201A00
:1076740065EB0101984271F1000148D2354BD3E921
:1076840002239D4208BF94423AD04FF0000C24F0EC
:107694007F40834603216FF0020EC6F84893C6F874
:1076A40040C1D6F84031DFF8B0A02BF07F43C6F8D4
:1076B4004035C6F84493D6F80425AEEB02035B4488
:1076C40023F07F4353451BD9D6F840315BB1D6F83C
:1076D4000425131A23F07F43B3F5000F10D9C6F81D
:1076E40040C1D6F8403101EB020B0131DDE71B4B01
:1076F400D3E8EF1F41F00101C3E8E21F002AF7D1EC
:10770400144B174AC3E902451A6000225A60B8F1C3
:10771400000F16D0D7E8EF3F43F00103C7E8E23F7C
:10772400002AF7D14FF48032084BC3F804230B4BE3
:10773400D3E8AF3FDB0742BF4FF40012094BC3F855
:107744000021BDE8F88F00BF38210020005001500F
:1077540001008000680B0020FDFF7F003421002021
:10776400D974000000E100E070B54FF0FF3000254F
:107774004FF0FF31164C174B0226C4F80833C4F8F7
:107784004833154BC4F80855C3E902014FF480335C
:107794004FF40012C4F80433104B0121C4F80463FD
:1077A4001520C3F880212A46FBF7FAF81520FBF7C9
:1077B400C7F801230A4AA360002123600948136023
:1077C400FFF736FF3046FDF79FFF284670BD00BF28
:1077D4000050015003000F00680B002000E100E09E
:1077E40038210020FFFF7F00431C10B50F4C05D04B
:1077F4008442A8BF0446012CB8BF0124FFF78EFEC3
:107804000B4AD2E90031C01AB0F5000F074A0AD278
:107814002044904228BF1046BDE81040C01841F1F2
:107824000001FFF705BF1046F6E700BFFFFF7F002A
:10783400780B002008B5FFF771FE024B1B68C01AD5
:1078440008BD00BF780B0020012310B5074C15209C
:107854006360FBF783F84FF40012054BC4F8083358
:10786400C4F84833034BC3F8802110BD00500150C5
:1078740003000F0000E100E00348452108B505F0CE
:1078840019F90020FBF7AEFC9EFA00004FF47F03C9
:10789400D3F83021D3F83431072A05D1023B032B26
:1078A40002D8024AD05C704700207047C8FA000032
:1078B40008B5FFF7EBFF58B1644BD3F8202A3AB967
:1078C4000D21C3F8201A0121C3F81C19C3F81C297F
:1078D4000022D30003F57F03D3F80013013107D04E
:1078E400D3F800130132D3F80433202A0B60F0D10B
:1078F400FFF7CCFF002840F0A080FFF7C7FF40B19E
:10790400534B544AC3F830254FF050230122C3F897
:1079140058254FF47F03D3F83021D3F83431072AA4
:1079240009D1023B032B06D84B4AD35C1BB100227E
:107934004A4BC3F84C25FFF7A9FF50B14FF0502331
:10794400D3F80024D10742BF0022C3F81421C3F89E
:1079540018214FF47F03D3F83021D3F83431072AA8
:1079640009D14FF05023D3F80024D20744BF6FF05D
:107974000102C3F80024FFF789FF18B16522334BD5
:10798400C3F80C274FF47F03D3F83021D3F83431F4
:10799400072A16D1314BD3F82034002B11DA4FF0DB
:1079A40050230322C3F8182501229A60D3F8042136
:1079B400002AFBD00022C3F804210122DA60C3F8B4
:1079C40018254FF47F03D3F83021D3F83431072A34
:1079D40023D1023B032B02D8214AD35CEBB17E2294
:1079E4001A4B1B49C3F80C27C3F83C297F231D4AB3
:1079F400C2F818310023C1F8043EC1F8083E01F56D
:107A04004821C1F81031C2F82431C2F82C3102F5F2
:107A1400FF1202F58052C2F8A032134AD2F88C3019
:107A240043F44063C2F88C30104A114B1168C3F818
:107A34004415D269C3F84C2508BD2922034BC3F869
:107A44000C270322C3F83C2757E700BF004000502F
:107A5400009003504400EFBEC4FA0000002003501D
:107A6400C0FA00000020005000ED00E00080FF009C
:107A74000060005030B50468ACB1B4FA84F301225C
:107A8400C3F11F03DBB29A4024EA0202D0E8EF5F9D
:107A9400A54204D1C0E8EC2FBCF1000FF6D1EAD125
:107AA40002480B7030BD0248FCE700BF0000AD0B7C
:107AB4000200AD0B10B50368CB40DB0710D40123E3
:107AC4008B40026843EA0201D0E8EF4F944204D1AC
:107AD400C0E8EC1FBCF1000FF6D1F2D1014810BD93
:107AE4000148FCE70000AD0B0400AD0B014BC3F8EB
:107AF400040570470070015008B541B906490748AC
:107B0400482204F048FF4821034804F03BFF40F0BA
:107B14000040C1F8800008BDFFFA0000D3E2000075
:107B240008B541B9064907484E2204F034FF4E21F6
:107B3400034804F027FF40F00040C1F8800008BD6E
:107B4400FFFA0000D3E200000146014800F0B2B998
:107B5400340100200328F7B5064635D84FF05021EC
:107B64003B4B3C4A33F81000925DC1F808030A44C9
:107B740000250121384B116033F816308E4203F191
:107B840050231D601B688DF8071001D10DF1070506
:107B940042F210744FF05027022E48D0032E1CD00E
:107BA400012E2DD0D7F8183403F48033002D47D09C
:107BB400D7F8182402F003022A701BB19DF80700BD
:107BC400012828D003B0F0BD24492548FB2204F045
:107BD400E2FEFB21214804F0D5FED7F85434DB0340
:107BE400F0D5002DEAD1012005F099FA013CF4D139
:107BF400E8E7002BE6D0012005F091FA013CE1D042
:107C0400D7F80C3403F48033002DF2D0D7F80C24C9
:107C140002F00102D0E705F082FA013CBCD1D1E7C1
:107C2400002BCFD0012005F07AFA013CCAD0D7F856
:107C34005C3403F48033002DF2D0D7F85C24E7E7FA
:107C4400002BBFD0012005F06AFA013CA6D1B9E7A8
:107C540036E1000079FB00002EE100003CFB00004F
:107C6400D3E20000044B1A7922B9012218601A7178
:107C74000248704702487047402100200000AD0BC5
:107C84000C00AD0B08B5114B1A7952B910491148C3
:107C940040F2591204F07FFE40F259110C4804F0EE
:107CA40071FE1B6833B10520FAF76CFE10B905208C
:107CB400FAF746FE4FF050220123C2F81835C2F8F5
:107CC4001435C2F88035044A137008BD40210020E1
:107CD4003CFB0000D3E200005C24002038B53D4C9E
:107CE400237953B93C494FF4D4723C4804F053FE11
:107CF4004FF4D471384804F045FE03284FD8DFE828
:107D040000F018575C0218224FF490734FF48071FE
:107D1400002003F1502318601D68012502F1502250
:107D240015602268002A4ED04FF05023C3F8041384
:107D34002AE04FF05023D3F81814D3F81824C903B9
:107D440012D502F00303022B05D0012B02D0002030
:107D5400FFF700FF01234FF050220221C2F818352B
:107D640008224FF48273D3E7D3F81424D207F1D551
:107D7400D3F81C2402F00302013A012AE7D822684E
:107D84001AB10222C3F8042338BDD3F80421002A0F
:107D9400FBD00022C3F80421D3F80431F4E70E49E0
:107DA40040F2FD120D4804F0F6FD40F2FD11A1E78A
:107DB40000224FF480730121AAE720224FF492732A
:107DC4004FF40071A4E71A68002AFCD018601B68FD
:107DD400DAE700BF402100203CFB0000D3E20000B2
:107DE40008B5094B1B7953B90849094840F21722D1
:107DF40004F0D1FD40F21721044804F0C3FDBDE8AE
:107E04000840FFF7A7BE00BF402100203CFB000054
:107E1400D3E20000F8B54FF0502301250026D3F833
:107E24000443214F04B9F8BDB4FA84F0C0F11F0033
:107E3400820002F5807292B202F1502205FA00F338
:107E440011689BB224EA03040029EBD0166012687F
:107E54004FF05022022BC2F8083313D00CD8012B58
:107E64001ED01249124840F2763204F094FD40F2DA
:107E740076310E4804F086FDB3F5807F10D0B3F55B
:107E8400007FEDE7D2F81814D2F8181401F00301BA
:107E9400012905D1C2F81835C2F804339160C1E74D
:107EA4003B68C0B29847BDE7402100203CFB00007E
:107EB400D3E200000079024B03EB0010FFF7DABDB8
:107EC4003C010020034A4309D35C00F01F0018441E
:107ED400C0B27047F0FB000008B5026801461046C6
:107EE40005F02AF950B90F494FF46C720E4804F0AA
:107EF40052FD4FF46C710B4804F044FD02F01F0373
:107F040052090B600AD0012A0AD0064940F2B9325C
:107F1400054804F040FD40F2B931ECE7034808BDE0
:107F24000348FCE729EE0000D3E20000002584505A
:107F340000288450072808B50AD90749074840F2A1
:107F4400AA3204F028FD40F2AA31034804F01AFDD5
:107F5400800000F5807008BD7DFB0000D3E20000C6
:107F640070B50546FFF7AEFF0C4C083034F81030FE
:107F74000E46DA0508D5C3F3432304EBC3022846AF
:107F840054F8333052689847A3682BB131462846D9
:107F9400E268BDE87040184770BD00BF4C01002086
:107FA40008B5FFF78FFF034B083033F81000400B80
:107FB40008BD00BF4C01002008B5FFF783FF034B49
:107FC400083033F81000C0F3400008BD4C01002015
:107FD40008B5FFF777FF044B083033F8100010F0B2
:107FE4001C0018BF012008BD4C01002008B5FFF794
:107FF40069FF034B083033F81000C0F3401008BD8C
:108004004C010020034611F0010010B5CCB20BD195
:10801400A207C4F340000DD5074A106A58601062E5
:10802400003818BF012005E004490A6A1A600A6290
:10803400002AEDD010BD00BF0028845000258450D4
:1080440010B5FFF73FFF184A083032F81030D90551
:108054001DD5C3F3432123F4F85322F81030002034
:1080640002F10E0434F8023F13F4807F03D0C3F30B
:10807400432399420BD001303028F3D100230B481D
:1080840042F83130FFF716FD094B984200D110BD7C
:10809400084909484FF4DC7204F07DFC4FF4DC71AC
:1080A400044804F06FFC00BF4C010020C401002010
:1080B4000000AD0BB2FB0000D3E200002DE9F84351
:1080C400002407460E4625464FF00108A146B54256
:1080D4000DD1124BD3F87C2132B10022C3F87C219C
:1080E400D3F87C3144F000442046BDE8F883E8B27C
:1080F400FFF720FFA0F58072920808FA02F21742F7
:1081040009D000F1A04303F55043196819B1C3F82D
:1081140000901B6814430135D9E700BF00D000501C
:10812400F7B506460846FFF7CDFE1A4F00F10805DD
:1081340037F815300C46DB072AD5304605F075F8BC
:108144002046FFF753FF58B12046FFF729FF0022CE
:10815400316800B201EB8003C3F81025C3F8102581
:108164002046FFF76DFF002301A827F8153001947E
:10817400FFF7B2FE019B00EB8300D0F80022064B10
:10818400134043F00203C0F80032044803B0F0BDCA
:108194000348FBE74C010020F0F0FCFF0000AD0BAE
:1081A4000400AD0B2DE9F0431646804685B0084621
:1081B400FFF788FE37680D460446E7B1084605F028
:1081C40029F808BB3B46CDE900008DF80E008DF878
:1081D4000F000DF10F020DF10E01284604F0BEFF51
:1081E400474A04F1080132F8113023F0020343F046
:1081F400010322F8113073687BB328461F7859684D
:10820400FFF7DAFE10B1E9B13E4829E03C4A04F137
:10821400080032F8103023F02003DB04DB0C22F8D2
:10822400103079B1032FEFD87168D1F804E0D8F891
:1082340000109EF800C001EB8C01A7B9C1F81075BD
:10824400C1F810752E4A04F1080132F8113023F0F8
:108254001C0343EA870322F81130B3683BBB2A4866
:1082640005B0BDE8F083D1F810E543EA4C332EF0B5
:10827400030EC1F810E5D8F8001043F0200301EB19
:108284008C0EDEF8101522F8103021F44F3121F451
:108294004071CEF810152902DEF8108501F47C51E6
:1082A40041EA074141EA0801CEF81015CAE7284619
:1082B400D3E90067FFF7C4FE002ED0D0104DD5E9F6
:1082C4000023964203D19F4201D1002209E00F48C6
:1082D4000DF10F01FFF7CEFB0B4B9842C0D19DF877
:1082E4000F2005EBC20308345F6035F8143045F8FD
:1082F400326043EA422343F4807325F81430AEE736
:108304004C0100200400AD0B0000AD0BC4010020A3
:108314002DE9FF410C468046204611461D46FFF7D5
:10832400D1FD064621B32046FFF746FE18B9204684
:10833400FFF75CFE10BB2046FFF74AFE10B14B78F6
:10834400012B1BD001238DF80F3000234A1CCDE9EB
:10835400001320468B1C0DF10F0104F0FFFE294A87
:1083640006F1080132F8113043F0030322F811300A
:10837400002D44D02046FFF71FFE18B9224804B050
:10838400BDE8F081002295F800C0D8F800301D4FF8
:1083940003EB8C03C3F81025C3F8102506F108027B
:1083A40037F812104FEA8C0E21F02001C904C90CD1
:1083B40027F812106E7816B3D8F80000AD78704420
:1083C400D0F81035360423F4991323F4F853C0F885
:1083D4001035230203F47C5306F440362D05D0F8FF
:1083E40010E5334305F480152B4341EA4C3143EA4D
:1083F4000E0341F02001C0F8103527F8121003488D
:10840400BDE700BF4C0100200400AD0B0000AD0B24
:10841400014BC3E9021270474C01002010B5144609
:1084240052B90E490E4840F20D3204F0B4FA40F24B
:108434000D310A4804F0A6FA0846FFF7D7FD50B1FB
:108444000846FFF73FFD074B083033F81030064865
:108454005B0B237010BD0548FCE700BFB2FB0000B6
:10846400D3E200004C0100200000AD0B0400AD0B72
:108474002DE9F0411E4B026806469A420AD01D4976
:108484001D484FF4487204F086FA4FF448711948B5
:1084940004F078FA194D95F880403CBBA046602260
:1084A400214605F1100005F0B7F836682F6FA74292
:1084B4000FD1002346F30730C6F87C31D6F87C315F
:1084C400FAF73EFA01230E4885F88030AB67BDE821
:1084D400F081E0B2FFF72EFDA0F580739B081F2BFF
:1084E40004BF46F8008033580134E0E70548EEE75E
:1084F40000D00050B2FB0000D3E200004C01002089
:108504000000AD0B0C00AD0B034B93F8800000385A
:1085140018BF0120704700BF4C0100200148FFF73D
:10852400C9BA00BFC00100200148FFF7A3BA00BFC9
:10853400C00100202DE9F341054608460C461646C5
:10854400FFF746FD50B9334940F2FA32324804F09D
:1085540022FA40F2FA312F4804F014FA2B68084644
:10856400D3F80423002AA4BF4FF00042C3F8042325
:10857400FFF73CFD18B30846FFF71EFD0746F0B9A8
:108584000846FFF70DFD0446FFF7D4FCD5F800803C
:1085940022B248F8007058F800302B6803EB8203CD
:1085A400D3F8102542F00102C3F8102526B10123A7
:1085B4002A68A340C2F8043302B0BDE8F08146B98A
:1085C400144940F20E42144804F0E5F940F20E4119
:1085D400C1E72046FFF776FC104B083033F8103023
:1085E400C3F38203042B11D0052B11D001A80194ED
:1085F400FFF772FC019B0169D94001F001010231CE
:10860400204602B0BDE8F04104F0F5BD0321F7E7D0
:108614000221F5E7B2FB0000D3E200004C01002088
:108624002DE9F04F684BDFF8A481D3F80403D8F8A0
:108634007010C0B289B040F00040FFF73FFD051E46
:108644002FDAC24600235AF87C1F06A8CDE9063368
:10865400FFF7D8FC4FF0000B5D4B0DF118090193A7
:10866400019A12F8013B0192DA081AF8022003F089
:10867400070322FA03F3DA071CD409F10409BBF156
:10868400000F14D0D8F870104FF00040FFF716FD1B
:10869400D8F87C1006A8FFF7B5FC0028DAD125F03D
:1086A40000450124002D76D109B0BDE8F08F4FF0CC
:1086B400010BD5E7474B5B440293D9F8001000291E
:1086C400DBD091FAA1F1B1FA81F1029B1C7841EA65
:1086D40044142046FFF7F6FB083038F81070C80839
:1086E400BB080393012319F8002001F0070103FAE2
:1086F40001F122EA010209F8002005A80594FFF718
:10870400EBFB059A039B803250F82220C7F38206C4
:108714005B073746C2F3014222D539462046D6B21A
:10872400FFF71EFC05A80594FFF7D6FB059B8033D5
:1087340050F82330C3F301439E4207D10021204661
:1087440004F059FD3146204604F055FD05A8059472
:10875400FFF7C2FB0122059B02FA03F30362ACE7B5
:10876400022A0CD10321204604F045FD06F005033E
:10877400012BEBD139462046FFF7F2FBE6E7022155
:108784002046039204F037FD032EF3D0039A032A04
:10879400DCD1022EEDE795FAA5F3B3FA83F304FADC
:1087A40003F29B0003F1A04303F55043D3F81005F3
:1087B400D3F81015C0F30520C1F3014125EA0205E1
:1087C400FFF7CEFB6EE700BF00D000504C01002045
:1087D40000FC000000FC0000430910B50CD0012B84
:1087E4001CD0134913484FF46C7204F0D4F84FF4BE
:1087F4006C710F4804F0C6F84FF0FF33C340DC0738
:10880400EFD50D4B03EB8003D3F800420B4841EA4C
:10881400420120400143C3F8001210BD4FF6FF731C
:1088240000F01F00C340DB07DBD5054BEAE700BFC0
:1088340029EE0000D3E2000000258450F0F0FCFF94
:10884400002884502DE9F04F054616460C4689B0A1
:1088540041B96B49E0226B4804F09DF8E021684877
:1088640004F090F832B96649E122664804F093F8BE
:10887400E121F4E70379644F4FEA431807EB43130C
:108884001B79002B40F0B98091F820300A7E497D95
:10889400002976D094F823302068002B00F0A380C0
:1088A400237E94F817900193637E94F816A00293A4
:1088B400236894F815B003936368E2690493A3688A
:1088C40094F820000593E36894F821C00693236983
:1088D40094F822E007932B6894F82410C3F804B5A5
:1088E400C3F824A5C3F82095DDF80490C3F81C95BB
:1088F400DDF80890C3F82895C3F81805002A78D144
:10890400C3F810254CEA0E22C3F82C2571B9039A3A
:10891400C3F86425049AC3F86825059AC3F860254A
:10892400069AC3F87025079AC3F86C2594F8233087
:1089340094F8242047F8086007EB08099B0143EAF0
:10894400C21399F8052002F03F02134389F8053059
:1089540000232868C0F80431D0F80421C0F8143189
:10896400D0F81421C0F80831D0F8083140F30730AA
:10897400F9F7E6FF0123254889F8043009B0BDE87A
:10898400F08F012A03D1012B0BD12148F6E7022AEB
:1089940023D1082B05D840F2551222FA03F3D80745
:1089A400F3D494F82330002B7FF47AAF206804F0DA
:1089B4006CFC606804F069FCA068411C01D004F000
:1089C40064FCE068421C01D004F05FFC2069431C95
:1089D4003FF466AF04F051FC62E7032AE1D1012BB6
:1089E400D3D9032BD0E704F048FC606804F045FCBD
:1089F400E2E7C3F81425012282E70648BEE700BF78
:108A040002FC0000D3E20000482100200000AD0B6E
:108A14000400AD0B0C00AD0B70B5044651B95649BA
:108A240040F25F12554803F0B6FF40F25F1152481E
:108A340003F0A8FF0A6852B94B68C3B94E494FF412
:108A4400B0724E4803F0A7FF4FF4B071EFE702F0A5
:108A54006043B3F1005F01D1900708D046494FF459
:108A6400B172464803F097FF4FF4B171DFE74868ED
:108A740078B100F06043B3F1005F01D1830708D0FF
:108A84003D4940F265123D4803F085FF40F265110F
:108A9400CDE70B8943B9384940F26912374803F0EE
:108AA4007AFF40F26911C2E72579354B6E0103EB79
:108AB40045152D79012D5AD122B102F06045B5F149
:108AC400005F56D120B100F06040B0F1005F50D19A
:108AD400003A18BF01223344587903F1080562F3C0
:108AE400000058714A680126101E18BF01205A79E7
:108AF40022F01E0242EA40025A7107C985E80700C3
:108B04000022C3E905222168C1F800650221197118
:108B14002168C1F80421D1F804112168C1F8142195
:108B24005D79D1F8142105FA06F22D0102F0020252
:108B340005F0200521682A4342F00402C1F8042309
:108B44002268D9681B8AC2F85035C2F83805003843
:108B540018BF0120C2F80805C2F84015003918BF33
:108B64000121C2F80C15236806481E6070BD064832
:108B7400FCE70648FAE700BF02FC0000D3E200006D
:108B8400482100200000AD0B0500AD0B0A00AD0B21
:108B9400F8B54D4A03795D0102EB43131B79022BAF
:108BA4000AD04A4940F2BD12494803F0F4FE40F2AB
:108BB400BD11464803F0E6FE41B944494FF4DF7263
:108BC400434803F0E8FE4FF4DF71F2E70B687BB132
:108BD40003F06044B4F1005F01D19C0708D03B4925
:108BE40040F2BF123A4803F0D6FE40F2BF11E0E76C
:108BF4004C687CB104F06046B6F1005F01D1A70770
:108C040008D032494FF4E172314803F0C4FE4FF406
:108C1400E171CEE70F8947B92C494FF4E3722C4830
:108C240003F0B9FE4FF4E371C3E756197679F606FB
:108C340045D523B103F06046B6F1005F41D184B954
:108C44005619767916F0020F13D1F6071AD5CBB957
:108C54001E4940F2E5121E4803F09DFE40F2E51164
:108C6400A7E704F06046B6F1005F2AD15619767979
:108C7400EBE7164940F2E112154803F08CFE40F28E
:108C8400E11196E70068C0F85075C0F83835003B2C
:108C940018BF0123C0F80835C0F84045003C18BF90
:108CA40001245319C0F80C4503F1080407C984E8EA
:108CB40007005A7907486FF304125A71F8BD064841
:108CC400FCE70648FAE700BF4821002002FC000048
:108CD400D3E200000000AD0B0500AD0B0A00AD0BA4
:108CE40008B50E4B027903EB42131A7952B90C49B9
:108CF4000C484FF4FF7203F04EFE4FF4FF71084826
:108D040003F040FE5A796FF304125A712222036869
:108D1400C3F80823012203685A6008BD48210020D3
:108D240002FC0000D3E200002DE9F843224E05794D
:108D340004466F0106EB45152B7953B91F492048AA
:108D440040F2311203F027FE40F231111B4803F0C8
:108D540019FEFFF7C5FF206840F30730F9F7FEFD61
:108D640000222368C3F800256B7959061FD42368B1
:108D7400D3F86405D3F86895D3F86085D3F87055B3
:108D8400D3F86C4504F07DFA484604F07AFAB8F159
:108D9400FF3F02D0404604F074FA6A1C02D0284611
:108DA40004F06FFA631C02D0204604F06AFA002330
:108DB4003E443371BDE8F8834821002002FC0000E2
:108DC400D3E20000F0B5444A85B0D2F814312BB197
:108DD4000023C2F81431D2F814312023D2F804113C
:108DE40031B10021C2F80411D2F8042143F0020386
:108DF400394AD2F8081131B10021C2F80811D2F869
:108E0400082143F0040313F0200F344C0AD0627994
:108E140042F0080202F012011229627104BF42F00A
:108E2400200262719E070AD5627942F0040202F0C0
:108E340011011129627104BF42F0200262715D07C1
:108E440016D500210422244B254DC3F80823C3F86A
:108E54000015284655F8143C984701230221237134
:108E640055F8143CA5F10C0005B0BDE8F0401847D6
:108E7400637903F00F020F2A08D0D80701D4190729
:108E840004D46279920724D45B0722D563792768D6
:108E940013F0200603F0F30508D025F0300545F063
:108EA4001005012100203B466571DDE70C4B0DF1F7
:108EB400040C45F0100593E8070065718CE8070081
:108EC40013E90700C4E9026683E80700012160464C
:108ED400B84705B0F0BD00BF008002504821002013
:108EE4005C21002010B540B91B491C48752203F0D1
:108EF40052FD7521184803F045FD194C23784BBBEE
:108F04000378184AC3F34003C2F8003B037803F024
:108F14000103C2F804370378DB0710D54FF47F034D
:108F2400D3F83011D3F83431072908D1023B032B8D
:108F340005D80D49CB5C13B10123C2F828370520AD
:108F4400F9F720FD10B90520F9F7FAFC01230748C9
:108F5400237010BD0648FCE73DFC0000D3E200008E
:108F64005D240020004000507AFC00000000AD0B9E
:108F74000C00AD0B4FF0502310B5D3F80443610738
:108F840016D5D3F808219AB10022C3F80821D3F8E2
:108F94000831224B1B6853B921494FF4BA72214856
:108FA40003F0F9FC4FF4BA711D4803F0EBFC984749
:108FB400A20616D54FF05023D3F814218AB100200D
:108FC400C3F81401D3F81431174B1B6843B914497F
:108FD40040F27D12134803F0DEFC40F27D11E3E71A
:108FE4009847630619D54FF05023D3F81821A2B13E
:108FF4000022C3F81821D3F818310B4B1B6843B96E
:1090040007494FF4C272074803F0C5FC4FF4C2711C
:10901400CAE70120BDE81040184710BD6C210020AC
:109024003DFC0000D3E20000682100200722024B2F
:10903400C3F80423704700BF007003500722024B9B
:10904400C3F80823704700BF00700350072208B517
:10905400044B3720C3F80823F9F780FC0022024BA5
:109064001A6008BD007003507021002010B504463A
:1090740040B910493122104803F08DFC31210D48CC
:1090840003F080FC036833B90A4932220A4803F02A
:1090940082FC3221F3E7FFF7D9FF2268074B372020
:1090A4001A600022064BC3F80821BDE81040F9F706
:1090B40047BC00BF7EFC0000D3E20000702100200A
:1090C4000070035010B5114CD4F800312BB10020BE
:1090D4000F4BC4F800011B689847D4F8043133B12E
:1090E4000023C4F804310A4B01201B689847074B3E
:1090F400D3F8082142B10022C3F80821044B02200E
:10910400BDE810401B68184710BD00BF0070035035
:109114007021002008B5084A084B93420AD908492F
:109124000848182203F037FC1821054803F02AFCEC
:109134001433F2E7FCD308BD9CD80000D4D7000058
:10914400BCFC0000D3E2000070B50446C0B1037853
:1091540013B3124D124EB5421BD91249124827229D
:1091640003F019FC27210F4803F00CFC2968A142E5
:1091740008D1284604F098F8002814BF2C4600248F
:10918400204670BD2046F6F7FDFF0028F1D01435C7
:10919400E1E7EBD30024F3E71C46F1E7D4D7000062
:1091A4009CD80000BCFC0000D3E20000F7B50446E4
:1091B4000D46EFF31187202383F31288BFF36F8FDB
:1091C4001F4A0428966898BF1E4B127C94BF53F81C
:1091D40020301D4B0092452102461C4803F06AFCD6
:1091E4003DB1EB69C3F308031BB14521184803F0F3
:1091F40061FC36B1304604F024F9034608B1027824
:1092040002B9144B32464521134803F053FC294656
:109214002046FEF731FB042C08D110491048872260
:1092240003F0B9FB87210D4803F0ACFB87F31188E9
:10923400BFF36F8F304603B0BDE8F040F9F724BBAD
:109244007421002064DF0000DFFC0000F5FC000056
:1092540022FD0000EDFC000048FD000065FD00005B
:10926400D3E2000038B5094B53F82040013053F8DD
:109274002050A54200D838BD636823B1204604F0CD
:109284001EF80834F5E723689847FAE778DF00000A
:10929400012270B5344B032086B01A70FFF7E2FF49
:1092A400F8F7C6FE04F027F80420FFF7DBFF2F4C85
:1092B4002F4DAC42264624D92E4942222E4803F093
:1092C4006AFB42212B4803F05DFB54F80C3C0593E8
:1092D40054F8103C049354F8143C039354F8183C89
:1092E400029354F81C3C019354F8203C009354E935
:1092F4000A2354E90C0101F02DFA54F8303C5E6560
:10930400D7E7AE4204F13004DFD301F0E9FD174C96
:109314001A4EAC421BD917496622174803F03BFB8F
:109324006621CFE7D4E90A23B3F1FF3F08BFB2F1C6
:10933400FF3F05D052EA0301206803D101F0C6FFC4
:109344003034E6E73146183002F078FAF8E7E9D32A
:1093540001F014FEF7F7D8F8094A137B23F0010350
:10936400137306B070BD00BF5E240020C8DA00008D
:10937400F8DA0000D1FD0000D3E20000ABD4000015
:10938400080C002008B50348034A0021121A03F010
:10939400AEFF08BDF003002060240020002301225A
:1093A40070B586B0CDE904230F220193CDE90232D2
:1093B40014234FF4A0720E4D0E4E03FB00550E49BC
:1093C40006EBC016044602FB00110C4B3046009518
:1093D40001F0C0F9737B2C7423F004037373084BFE
:1093E400013403EBC423EE606B6006B070BD00BFB4
:1093F40074210020880B0020603400202D97000089
:10940400602C0020BFB50020FFF72CFF2C4B03F588
:10941400006282F3088883F30A880024E023294D3C
:10942400294E85F82230EC772C766C76AC7685F86C
:1094340020406B6A254F43F4E0236B6285F8234098
:10944400F9F7A0F9F9F72AFB4FF0FF33AB62EB62AF
:10945400F9F7E2FCF9F746FB40F201121C4B1D4DF3
:109464009A81B360C3E91844DC66FFF753FE012018
:10947400FFF7F8FE0220FFF7F5FE01F0EFFD164BB3
:1094840075610593012315494FF48062CDE90343C7
:1094940028463B46CDE90144009401F05BF90646B9
:1094A4006A7B284622F004026A7301F033FB2046EB
:1094B400FFF774FF3A4631462846F9F7CFFA00BF62
:1094C400602C002000ED00E0742100209592000043
:1094D400280D0020080C002019E20000A03500200F
:1094E400002038B50A4C0B4DAC420FD90A490B4841
:1094F400942203F050FA9421074803F043FA2046DB
:1095040003F0FAFE002802DB2034EDE7F7D338BD80
:109514004C0200208C020020F5FD0000D3E2000084
:109524002DE9F74305460E4691461C4600F108070F
:10953400EFF31188202383F31288BFF36F8F38462B
:1095440002F006F938B92B4988222B4803F023FA94
:109554008821284822E0384602F01EF92B69FBB125
:1095640033601C68EB692C610133EB6114B96A69DF
:1095740093421BD0EB68E41A09D4D5E905235A4376
:10958400A24204D9B4FBF3F203FB124474B11B49A5
:109594001948E92203F0FFF9E921184803F0F2F928
:1095A40059EA04020FD16FF00B043360384602F01D
:1095B400DDF8C8B90F4940F231120F4803F0EBF956
:1095C40040F23111C5E7CDE900942A4641463846B8
:1095D40001F04CFB044618B9094B9B685B69336086
:1095E400204603B0BDE8F08388F31188BFF36F8F82
:1095F400F6E700BF4AE30000D3E20000F5FD0000F7
:10960400742100202DE9F843C3680546CB1A0E46A1
:109614001ED4D0E905125143994219D9B3FBF2F192
:1096240002FB1133A3B900F10808EFF311892024D8
:1096340084F31288BFF36F8F404602F089F890B923
:1096440035498822354803F0A6F98821324808E0D4
:109654003349324840F2111203F09DF940F21111DE
:109664002F4803F08FF9404602F096F82F69002F37
:1096740039D1EFF3118384F31288BFF36F8F83F32F
:109684001188BFF36F8F3BB92649B022234803F0FA
:1096940082F9B0212348E4E72C68A54223D014B30F
:1096A400A36833B91F4999221C4803F074F999211E
:1096B400F0E7D4E9003213605A60637BC4E90077B1
:1096C40023F002036373A76004F1180002F060F949
:1096D4002046A767666101F01DFA49464046BDE889
:1096E400F84301F0B1BB2B6940463360EB692E614E
:1096F400013BEB6102F03AF840B9074940F23112FC
:10970400064803F048F940F231119FE789F31188C4
:10971400BFF36F8FBDE8F8834AE30000D3E2000093
:10972400F5FD00001AFE000008B50C4B9B6893F988
:109734000E30002B09DB2024EFF3118384F312880D
:10974400BFF36F8F03F00FFAF6E7054905481B22B4
:1097540003F021F91B21024803F014F974210020BD
:1097640045FE0000D3E2000008B5836843B90B4905
:109774000B48992203F00FF99921084803F002F9E4
:10978400D0E9003213605A600023427BC0E9003301
:1097940022F002024273836008BD00BF1AFE00007B
:1097A400D3E200002DE9F3470446894617461D46D7
:1097B400EFF3058353B152EA050307D044497E22EF
:1097C400444803F0E8F87E21414814E004F1080617
:1097D400EFF311884FF0200A8AF31288BFF36F8FDA
:1097E400304601F0B5FF40B93B493A48882203F0BE
:1097F400D2F88821384803F0C5F8304601F0CCFF90
:10980400626A23699A424CD2EFF311838AF3128875
:10981400BFF36F8F83F31188BFF36F8F3BB92F4969
:109824002C48B02203F0B7F8B0212C48E3E72568B0
:10983400AC4216D0ADB12846FFF796FF05F11800EB
:1098440002F0A6F8E26800244946686903F0BDFE08
:109854002846AC6701F05EF94146304601F0F4FA5F
:109864002EE0206A6369984202D3A369984206D322
:1098740017499822174803F08EF89821A4E7E26864
:10988400494603F0A2FE236AE2681344A2692362F4
:10989400934204BF63692362636A013363620024F1
:1098A400DAE757EA05030FD00D4B22469B68414681
:1098B400C3F814903046CDE9007501F0D7F9044699
:1098C400204602B0BDE8F0876FF02204C4E700BF71
:1098D40066FE0000D3E200004AE300001AFE000026
:1098E400742100202DE9F7430446884617461D4697
:1098F400EFF3058353B152EA050307D05349DA2243
:10990400534803F048F8DA21504813E004F10806FC
:10991400EFF31189202383F31288BFF36F8F30464E
:1099240001F016FF40B94B498822494803F033F847
:109934008821484803F026F8304601F02DFF636A79
:10994400002B5CD0E2684046E16903F03EFEE36927
:10995400E2681344A269E361934204BF6369E3616B
:10996400636A013B6362EFF31183202282F312885E
:10997400BFF36F8F83F31188BFF36F8F3BB9364901
:109984003348B02203F007F8B0213348D2E7256802
:10999400AC4244D0002D43D02846FFF7E5FE05F144
:1099A400180001F0F5FF206A6369984202D3A369A5
:1099B400984206D32549F322254802F0ECFFF3210F
:1099C400A2E76969E26803F000FE236AE2682846B8
:1099D4001344A2692362934204BF63692362636AE6
:1099E400013363620024AC6701F094F849463046C1
:1099F40001F02AFA2546284603B0BDE8F08357EA69
:109A040005031AD0154B22469B684946C3F81480B7
:109A14003046CDE9007501F029F90546EBE700254C
:109A2400304601F0A3FE58B90A4940F23112084801
:109A340002F0B1FF40F231117BE76FF02205EFE74E
:109A440089F31188BFF36F8FD5E700BF66FE00006E
:109A5400D3E200004AE300001AFE00007421002053
:109A64002DE9F341044617461E46EFF3058545B13B
:109A7400514952486F2202F08EFF6F214E4802F086
:109A840081FFEFF31188202383F31288BFF36F8FD4
:109A94004B4801F05DFE38B94A498822474802F034
:109AA4007AFF88214748EAE7454801F075FEE368F4
:109AB400454A9BB1A0689168884224D057EA0603BE
:109AC40029D13F4801F052FEA0B188F31188BFF3B9
:109AD4006F8F6FF00F0002B0BDE8F081916891F9CB
:109AE4000E100133E360936835482161A36001F0EF
:109AF4003DFE50B9334940F23112304802F04BFF79
:109B040040F23111CEE72169EBE788F31188BFF306
:109B14006F8F0020DFE791F90E1090F90E306FF08F
:109B24007E029942A8BF19469142B8BF11468B42A2
:109B340002DD03F01AFC054622464146CDE90076D3
:109B44001F4801F093F80028E3D0EFF31186202397
:109B540083F31288BFF36F8F194801F0F9FD0028D1
:109B64009AD0174801F018FEA068C0B12368216993
:109B74009C420AD04BB193F90E309942A8BF1946C2
:109B84006FF07E039942B8BF194603F0EEFB30B183
:109B940031460B4801F058F96FF00A009BE7002D9D
:109BA400F6D1074801F0E2FD0028A3D086F311881E
:109BB400BFF36F8FF0E700BF88FE0000D3E2000020
:109BC400942100204AE3000074210020F8B50546E2
:109BD400EFF3058343B14949D722494802F0DBFE3C
:109BE400D721464802F0CEFE8368002B7FD0454A39
:109BF400926893427ED1C36833B94049EF2240480A
:109C040002F0C9FEEF21ECE7012B03D0013BC36056
:109C14000020F8BDEFF31187202484F31288BFF3EA
:109C24006F8F394801F094FD38B938498822344897
:109C340002F0B1FE88213548D4E7334801F0ACFD89
:109C44002969A86803F091FBEFF3118384F3128868
:109C5400BFF36F8F83F31188BFF36F8F3BB92C4928
:109C6400B022274802F097FEB0212948BAE72C68B1
:109C7400AC420FD100232448C5E9023301F076FD3C
:109C840080BB224940F231121D4802F084FE40F2AA
:109C94003111D0E7002CEDD0A36833B91C499922C7
:109CA400174802F078FE9921DFE70026D4E9003254
:109CB40013605A60637BC4E9006623F00203637394
:109CC400A66004F1180001F063FEAC6094F90E3054
:109CD40020462B61A66700F01DFF39460A4801F0B3
:109CE400B3F895E787F31188BFF36F8F90E76FF0B0
:109CF40015008EE74FF0FF308BE700BF88FE0000B1
:109D0400D3E2000074210020942100204AE30000E3
:109D14001AFE000008B5836843B90B490B48992221
:109D240002F039FE9921084802F02CFED0E90032F5
:109D340013605A600023427BC0E9003322F0020220
:109D44004273836008BD00BF1AFE0000D3E2000026
:109D54002DE9F04704460D4691469A469DF8206049
:109D640000F10807EFF31188202383F31288BFF36F
:109D74006F8F384601F0ECFC38B9444988224448D6
:109D840002F009FE8821414817E0384601F004FD3D
:109D940006B16568EFF31183202282F31288BFF3C2
:109DA4006F8F83F31188BFF36F8F43B939493848F4
:109DB400B02202F0F0FDB021364802F0E3FD234664
:109DC40053F80C6F9E4214D09EB13046FFF7A2FFA9
:109DD40006F1180001F0DCFD00233046B367C6F835
:109DE400149000F097FE3846414601F02DF800200B
:109DF4001AE0BAF1000F2AD00821002001F0DCFE9D
:109E0400A0B9384601F0B2FC40B9204940F2311201
:109E14001F4802F0C0FD40F23111B4E788F3118805
:109E2400BFF36F8F6FF00B00BDE8F0870122C0F81D
:109E340004900260016801F0030165B922680A43D5
:109E4400026062682060002ACDD16060CBE748469A
:109E5400C9F800A0EEE72A68032A0BD801606168FC
:109E640011B9C4E90000BEE70A6802F00302024324
:109E74000A60EAE722F003020A4302602A6802F059
:109E8400030240EA02032B60ADE700BF4AE300008F
:109E9400D3E200001AFE00002DE9F7430546904680
:109EA4001F4600F10806EFF31189202383F312887B
:109EB400BFF36F8F304601F04BFC40B92049882234
:109EC400204802F068FD88211D4802F05BFD304601
:109ED40001F062FC2C68D4B123686A6823F00303A0
:109EE400944220464FF001012B6008BF6B6003F0E1
:109EF4004BFA0446304601F039FCC0B9104940F22F
:109F04003112104802F047FD40F23111DCE758EA03
:109F14000703EFD049463046CDE9008705F10C022E
:109F240000F0A4FE38B9084B9B685C6903E089F330
:109F34001188BFF36F8F204603B0BDE8F08300BFE4
:109F44004AE30000D3E200007421002008B58368CE
:109F540043B90B490B48992202F01DFD9921084889
:109F640002F010FDD0E9003213605A600023427BF6
:109F7400C0E9003322F002024273836008BD00BFCF
:109F84001AFE0000D3E2000070B50446EFF3118618
:109F9400202585F31288BFF36F8F284801F0D8FB82
:109FA40038B927498822274802F0F5FC882124483B
:109FB40014E0224801F0F0FBEFF3118385F31288DB
:109FC400BFF36F8F83F31188BFF36F8F43B91E49BB
:109FD4001C48B02202F0DFFCB0211B4802F0D2FC86
:109FE4002568AC4212D08DB12846FFF7AFFF05F1CA
:109FF400180001F0CDFC00232846AB6700F08AFD71
:10A004003146BDE870400D4800F01EBFD4E902326D
:10A014009A4218BF01330948A36001F0A7FB40B975
:10A02400074940F23112074802F0B5FC40F2311101
:10A03400BDE786F31188BFF36F8F70BD98210020B0
:10A044004AE30000D3E200001AFE0000F7B504461C
:10A0540016461D46EFF305835BB152EA050308D0AB
:10A0640026492748882202F096FC8821234802F0DA
:10A0740089FCEFF31187202383F31288BFF36F8FDA
:10A08400204801F065FB38B91F4988221C4802F0BA
:10A0940082FC88211C48EAE71A4801F07DFBA3688A
:10A0A400ABB1013B1748A36001F060FB40B916490E
:10A0B40040F23112124802F06EFC40F23111E9E72D
:10A0C40087F31188BFF36F8F002003B0F0BD56EA09
:10A0D40005030BD10B4801F049FB0028E7D087F3B7
:10A0E4001188BFF36F8F6FF00F00EEE722463946F9
:10A0F400CDE90065034800F0B9FDE6E7AAFE0000DB
:10A10400D3E20000982100204AE300001FB5094A69
:10A1140002AB92E803004FF4806283E803000093EB
:10A1240005494FF0FF33054800F018FA002005B048
:10A134005DF804FB20DC0000A0390020880C00201E
:10A144002DE9F0430446714E714F85B0EFF3118849
:10A15400202383F31288BFF36F8F304601F0F8FA9F
:10A1640040B96C4988226C4802F015FC8821694882
:10A1740002F008FC304601F00FFBD4F88050F5B92A
:10A18400022104F1980003F022F900283BD004F1E5
:10A19400900500220121284601F0BAF90028F8D1DF
:10A1A40000234FF0FF3202934FF0FF334146CDE9D5
:10A1B4000023304604F1880201F0F6F9C6E7D4F82A
:10A1C40084202B68954208BFC4F88430C4F88030DA
:10A1D400D4F89830304643F00203C4F89830EB6862
:10A1E400D5F8049023F0040343F00103EB6001F07D
:10A1F400BDFAD0B9474940F23112474802F0CBFBCF
:10A2040040F23111B3E7D4F89830DD06C8D5C4F86C
:10A2140098003E4801F0AAFA0028EBD088F3118890
:10A22400BFF36F8F05B0BDE8F08388F31188BFF3E7
:10A234006F8FB9F1000F09D13849374840F2AB228A
:10A2440002F0A9FB40F2AB21344891E72846C84705
:10A25400EFF31188202383F31288BFF36F8F304606
:10A2640001F076FA00283FF47CAF304601F094FA0E
:10A27400EB68D90623F0010231D4EA60EB689A074F
:10A2840016D5386823F00203EB6088B10021036817
:10A2940070B14268954230D1036841BB7A683B6033
:10A2A400824200D17B60002340F8083BFFF76CFE3C
:10A2B400D4F89830304623F00203C4F89830C3F33E
:10A2C400002501F053FA002894D088F31188BFF3D5
:10A2D4006F8F002D7FF43AAF00F0C8FE36E723F00D
:10A2E4001103EB6005F11000FFF74EFEC6E70B60AB
:10A2F4007B68834208BF7960D5E723B11A680146B9
:10A3040018461346C4E71A46F9E700BFA421002003
:10A314009C2100204AE30000D3E20000D3FE0000A9
:10A32400F8B5C36804469A070F46C3F3400638D409
:10A334005B0724D40B680BB983680B60E368DD0703
:10A3440020D5A36853B9284928484FF4AA7202F0CB
:10A3540022FB4FF4AA71244802F014FB02263B604E
:10A364003D68002D3CD0224B9B68AB420CD0D5F805
:10A374009830D807C3F3800216D46FF01206002376
:10A384003B6027E00126EBE703F052F8D5F898305C
:10A394000028EED1D907C3F3C002EED552B15B0752
:10A3A40008D46FF00F06EAE7002AFAD1C3F3C0031A
:10A3B400002BF6D100232360D5F8843063B9C5E9B6
:10A3C4002044284603F01DF8E36843F00403E360E7
:10A3D4003B68A3603046F8BD1C60C5F88440F0E7D4
:10A3E4006FF01506CBE700BFD3FE0000D3E20000F8
:10A3F4007421002073B50446EFF31185202383F301
:10A404001288BFF36F8F194801F0A2F940B91849B7
:10A414008822184802F0BFFA8821154802F0B2FADF
:10A42400124801F0B9F900230321201F0193A4F17C
:10A43400100602F0CCFF28B1A369304601A90193AC
:10A44400FFF76EFF094801F091F940B9084940F25D
:10A454003112084802F09FFA40F23111DDE785F32A
:10A464001188BFF36F8F02B070BD00BFA42100201C
:10A474004AE30000D3E2000038B50D46044640B973
:10A484000B4999220B4802F086FA9921084802F0F8
:10A4940079FA31B906499A22064802F07CFA9A21DF
:10A4A400F4E71022002103F0B7F8656038BD00BF5F
:10A4B400D3FE0000D3E2000037B50C46019051B939
:10A4C40022494FF4BD72224802F065FA4FF4BD717F
:10A4D4001E4802F057FA4B6843B91C4940F27B12FC
:10A4E4001B4802F058FA40F27B11F1E7EFF31185B3
:10A4F400202383F31288BFF36F8F164801F028F9E5
:10A5040038B915498822124802F045FA88211248C0
:10A51400DFE7104801F040F9204601A9FFF700FFEA
:10A5240004460C4801F022F940B90B4940F23112BB
:10A53400074802F030FA40F23111E8E785F3118858
:10A54400BFF36F8F204603B030BD00BFD3FE0000C1
:10A55400D3E20000A42100204AE30000F0B589B052
:10A5640004460E9D50B92D4940F2DB222C4802F0DE
:10A5740012FA40F2DB21294802F004FA41B92749D2
:10A584004FF43772264802F006FA4FF43771F2E7B7
:10A59400D0F8980010F0010008D0204940F2DD22E4
:10A5A4001F4802F0F8F940F2DD21E4E7C4E9200095
:10A5B40004F18800C4E9220004F19000C4E92400F5
:10A5C4004DB32879002840F2011008BF0120C4F8D7
:10A5D400980000204FF0FF364FF0FF37CDE90330ED
:10A5E400CDE90100CDE9066720460E4B009400F04A
:10A5F40009F955B1296811B1204602F01FFF6B79A2
:10A604001BB1237B43F001032373204609B0BDE84B
:10A61400F04000F05BBE0120D9E700BFD3FE00008C
:10A62400D3E2000045A1000038B50D46044650B9F8
:10A634000E4940F27A320E4802F0ADF940F27A3116
:10A644000A4802F09FF941B9084940F27B320848B0
:10A6540002F0A1F940F27B31F2E73022002102F04E
:10A66400DBFF4FF480736560E36038BDD3FE000008
:10A67400D3E20000F7B50C4616461D46019050B9CA
:10A684002C494FF483622C4802F085F94FF483611E
:10A69400284802F077F941B9264940F21942264880
:10A6A40002F079F940F21941F2E7EFF31187202320
:10A6B40083F31288BFF36F8F204801F049F838B94B
:10A6C4001F4988221C4802F066F988211C48E0E7EB
:10A6D4001A4801F061F8204602F084FE55EA0603A8
:10A6E40011D1204601A9FFF71BFE0446134801F0CF
:10A6F4003DF8B8B9124940F231120F4802F04BF953
:10A7040040F23111E2E7E36804F1100043F008037A
:10A71400E360019B3246A3620A492B4601F08EF89E
:10A724000124E3E787F31188BFF36F8F204603B05A
:10A73400F0BD00BFD3FE0000D3E20000A42100203E
:10A744004AE30000F9A3000001460148FFF792BF65
:10A75400880C00202DE9F04385B098460F9B0446F1
:10A764000F2B0E4637D12349884538D104F15801BF
:10A77400C4E916111099002721730421073222F02D
:10A78400070506EB05096173A37349462046C4E92E
:10A794000677A760E773F7F793FD0E9B073020F069
:10A7A4000700A066C4E9186502930D9BA9EB000994
:10A7B40001930C9B4A460093314643462046F8F7E2
:10A7C40031F90D4B67659B6803B1DB6E4846E36660
:10A7D40005B0BDE8F08303F110011E29C6D907496D
:10A7E40007484FF4017202F0D6F84FF401710348A0
:10A7F40002F0C8F82D97000074210020F4FE000038
:10A80400D3E20000F0B587B00446DDE91276EFF339
:10A81400058555B11749184840F2912202F0BBF85A
:10A8240040F29121134802F0ADF80595109D04956E
:10A834000F9D03950E9D02950D9D01950C9D009510
:10A84400FFF788FFB6F1FF3F08BFB7F1FF3F05D020
:10A8540056EA070305D1204600F038FD204607B02C
:10A86400F0BD3A463346054904F1180000F0E6FF0E
:10A87400F4E700BFF4FE0000D3E20000ABD4000014
:10A884006FF00A01084A93689967084958674B684A
:10A8940043F080534B60002383F31188BFF36F8F21
:10A8A4009368986F704700BF7421002000ED00E0AA
:10A8B40038B590F90D200146002A437B10DA03F0E5
:10A8C4007F034373184B984208D1184918485622FD
:10A8D40002F061F85621154802F054F802F0B3FD75
:10A8E400144D2A4652F8184FAB68944200D004B96C
:10A8F400EC688B4210D03BB90F490D48D62202F0C8
:10A904004AF8D6210C48E7E75A7BD20604D1DA8903
:10A914007F2A01D9A2692AB1A34202D0204600F0BD
:10A924009DFE23466B6138BD880B002017FF000095
:10A93400D3E200007421002039FF000008B58368C9
:10A9440043B909490948992202F025F89921064892
:10A9540002F018F802F077FD437B23F002034373FF
:10A964000023836008BD00BF1AFE0000D3E200008C
:10A9740070B590F90D20437B002A50DBD9064ED1E7
:10A984008269002A4BD163F07F034373254B9842BD
:10A9940008D1254925484F2201F0FDFF4F212248C7
:10A9A40001F0F0FF224C224652F8183F934226D180
:10A9B400E169C0E900210860E06111E09942F8D042
:10A9C4001B68002BF5D090F90E5093F90E60B54238
:10A9D400F4D0AE42F2DD5968C0E900310860586035
:10A9E400A569954200D005B9E568A3684BB911493A
:10A9F4000E48D62201F0CFFFD6210E48D0E7E169F8
:10AA0400DFE75A7BD20604D1DA897F2A01D9AA6901
:10AA140032B1AB4202D0284600F020FE656170BD21
:10AA24006361FCE7880B002017FF0000D3E20000FD
:10AA34007421002039FF000070B590F90D20014603
:10AA4400002A437B2E4C0FDA03F07F03A0424373AA
:10AA540008D12C4956222C4801F09DFF5621294843
:10AA640001F090FF02F0EFFC4B7BA14263F07F0307
:10AA74004B7306D123494F22234801F08CFF4F2109
:10AA8400EDE7224C224652F8183FE069934207D181
:10AA9400C1E900200160E16111E09842F8D01B682F
:10AAA400002BF5D091F90E5093F90E60B542F4D015
:10AAB400AE42F2DD5868C1E9003001605960A56911
:10AAC400A368954200D005B9E5688B4210D03BB924
:10AAD4000F490D48D62201F05EFFD6210C48BFE78E
:10AAE4005A7BD20604D1DA897F2A01D9AA692AB10C
:10AAF400AB4202D0284600F0B1FD2B46636170BD25
:10AB0400880B002017FF0000D3E20000742100200E
:10AB140039FF000038B50446EFF31185202383F391
:10AB24001288BFF36F8F124800F012FE40B911492A
:10AB34008822114801F02FFF88210E4801F022FFDE
:10AB44000B4800F029FE2046FFF712FF084800F0EA
:10AB54000DFE40B9074940F23112074801F01BFFCE
:10AB640040F23111E9E785F31188BFF36F8F38BDE7
:10AB7400A82100204AE30000D3E2000038B50446CF
:10AB8400EFF31185202383F31288BFF36F8F1348EB
:10AB940000F0DEFD40B912498822124801F0FBFEA4
:10ABA40088210F4801F0EEFE0C4800F0F5FDA36883
:10ABB40013B12046FFF7C2FE084800F0D7FD40B9A4
:10ABC400074940F23112074801F0E5FE40F2311125
:10ABD400E7E785F31188BFF36F8F38BDA821002004
:10ABE4004AE30000D3E2000038B50446EFF31185D0
:10ABF400202383F31288BFF36F8F194800F0A8FD58
:10AC040040B918498822184801F0C5FE8821154822
:10AC140001F0B8FE124800F0BFFD637B13F0280F6B
:10AC24000BD1A36813B12046FFF788FE637B20464F
:10AC340023F004036373FFF79BFE094800F096FDBD
:10AC440040B9084940F23112074801F0A4FE40F22D
:10AC54003111DCE785F31188BFF36F8F38BD00BF76
:10AC6400A82100204AE30000D3E200002DE9F047C8
:10AC7400DFF8B0A02C4F1646DDE90898DAF8082072
:10AC84002A4BB84204460D461A600AD1284929487D
:10AC940040F26D2201F07FFE40F26D21244801F064
:10ACA40071FEEFF31183202383F31288BFF36F8FB8
:10ACB400384600F04DFD38B91F4988221D4801F07F
:10ACC4006AFE88211C48EAE7384600F065FDDAF898
:10ACD40008703146384602F0BEFBB8F1FF3F08BFAA
:10ACE400B9F1FF3F06D04A464346144907F118001C
:10ACF40000F0A4FD204600F039FD40B90E4940F2B1
:10AD04006B120C4801F047FE40F26B11DAE706487B
:10AD140000F02CFD0028F1D02846BDE8F047FFF7ED
:10AD2400AFBD00BF74210020A8210020AC21002069
:10AD340017FF0000D3E200004AE30000ABD4000098
:10AD4400F8B504460D46EFF31187202383F31288E8
:10AD5400BFF36F8F364800F0FBFC064638B935491F
:10AD64008822354801F017FE8821324814E0304823
:10AD740000F012FD637BDA0610D1A26972B903F008
:10AD84007F0363732D4B9C4218D12D492A485622C8
:10AD940001F001FE56212A4801F0F4FD0026A573B6
:10ADA400234800F0E3FC00283CD1224940F2311250
:10ADB400214801F0F0FD40F23111D6E769B2214D8E
:10ADC400204602F040FB2A46637BA17363F07F03B5
:10ADD400637352F8183F934222D1E869C4E9002012
:10ADE4000460EC610FE08342F8D01B68002BF5D0BF
:10ADF40093F90EC06145F6D08C45F4DD5968C4E979
:10AE040000310C605C60AC69944200D004B9EC6819
:10AE1400AB689C4202D0204600F020FC6C61BFE786
:10AE2400E869E3E787F31188BFF36F8F3046F8BD15
:10AE3400A82100204AE30000D3E20000880B002090
:10AE440017FF00007421002038B503460C46D1B921
:10AE5400EFF30585BDB9154A51699268914212D044
:10AE640000F084FC50B9124940F26B12114801F011
:10AE740092FD40F26B110E4801F084FD2846BDE8B6
:10AE84003840FFF7FDBC184600F070FC40B9084993
:10AE940040F23112074801F07EFD40F23111EAE739
:10AEA40084F31188BFF36F8F38BD00BF7421002075
:10AEB4004AE30000D3E20000034648B9EFF30582F9
:10AEC40032B9064A51699268914201D0FFF7D8BC61
:10AED40083F31188BFF36F8F704700BF7421002084
:10AEE40010B5EFF31184202383F31288BFF36F8F1F
:10AEF4001D4800F02DFC38B91C4988221C4801F07B
:10AF04004AFD882119480CE0174800F045FCEFF38E
:10AF1400058343B117498F22154801F03CFD8F2169
:10AF2400144801F02FFD144B9A68D37B012B06D1F2
:10AF3400104990220E4801F02EFD9021F0E7013BCC
:10AF4400D373094800F012FC40B9084940F23112A9
:10AF5400074801F020FD40F23111D3E784F3118852
:10AF6400BFF36F8F10BD00BFA82100204AE300008B
:10AF7400D3E200001AFE00007421002070B5EFF344
:10AF84001186202383F31288BFF36F8F2E4800F0BD
:10AF9400DFFB38B92D4988222D4801F0FCFC8821BB
:10AFA4002A480FE02B4D284800F0F6FBAB68DA7B0B
:10AFB40052B9294940F2FE22254801F0ECFC40F246
:10AFC400FE21254801F0DEFCEFF3058141B1224961
:10AFD40040F2FF221E4801F0DEFC40F2FF21F0E7C0
:10AFE4000132DA732A4652F8184F944200D004B959
:10AFF400EC685A7BD20604D1DA897F2A01D9A26986
:10B004002AB1A34202D0204600F028FB23460E4872
:10B014006B6100F0ABFB40B90C4940F231120C48B3
:10B0240001F0B9FC40F23111BAE786F31188BFF39D
:10B034006F8FEFF31180202383F31288BFF36F8F98
:10B04400BDE87040FFF738BFA82100204AE30000A4
:10B05400D3E200007421002017FF0000024B03F12B
:10B064001802C3E9062270477421002070B5EFF37B
:10B07400058353B13249334840F2144201F08BFC4A
:10B0840040F214412E4801F07DFCEFF31186202399
:10B0940083F31288BFF36F8F2B4800F059FB38B944
:10B0A4002A498822274801F076FC88212748EAE7C4
:10B0B400274C254800F070FBA168E0690B688142C9
:10B0C40014BF1A46002249680B605960A368E169FD
:10B0D4002AB9204AC3E900210B60E3610CE093F92B
:10B0E4000E0092F90E50A84220D085421EDD516810
:10B0F400C3E900210B605360A569164B9D4200D043
:10B1040005B9E568A3689D4202D0284600F0A6FA76
:10B114000D48656100F02AFB60B90C4940F26B12DE
:10B12400084801F038FC40F26B11BFE78A42D0D0E6
:10B134001268CDE73046BDE87040FFF7A1BB00BF01
:10B1440017FF0000D3E20000A82100204AE300001A
:10B15400742100208C2100202DE9F04105460E4683
:10B16400EFF3058454B12E492E4840F22F4201F0EA
:10B1740012FC40F22F412A4801F004FC50EA01037A
:10B1840004D1FFF773FF2046BDE8F081831C71F101
:10B19400FF3315DB02F0C1F92C18EFF311882023DB
:10B1A40083F31288BFF36F8F1F4800F0D1FA58B9A8
:10B1B4001E4988221B4801F0EEFB88211B48DBE76F
:10B1C4006FF00104241AE8E7194F174800F0E4FA75
:10B1D400B868184B1860FFF76BFBB8682A4633460B
:10B1E4001830154900F02AFBBA680F48537B43F026
:10B1F4000403537300F0BAFA40B90C4940F26B12DD
:10B20400084801F0C8FB40F26B11D7E74046FFF74E
:10B2140037FB02F082F9201A20EAE070B4E700BF9D
:10B2240017FF0000D3E20000A82100204AE3000039
:10B2340074210020AC210020ABD4000070B5064678
:10B244000D46EFF3058454B10F49104840F25B42B8
:10B2540001F0A1FB40F25B410B4801F093FBFFF7C7
:10B264007BFFB5F1FF3F08BFB6F1FF3F1FBF47F6B5
:10B27400FF734FF47A72C0FB0234D80B0CBF4FF04B
:10B28400FF3040EA444070BD17FF0000D3E20000E5
:10B2940038B500240B494FF400458C462146C0FBC9
:10B2A40005C100236046084AF4F752FFC117FFF7AF
:10B2B40053FF47F6FF73044AC0FB0234DB0B43EA37
:10B2C400444038BD3F420F0040420F0038B50446A9
:10B2D400183000F05DFBEFF31185202383F312880F
:10B2E400BFF36F8F1A4800F033FA40B91949882226
:10B2F400194801F050FB8821164801F043FB14481B
:10B3040000F04AFA637B5A070CD4114800F02EFA75
:10B31400C0B9104940F231120F4801F03CFB40F231
:10B324003111E9E723F0040320466373FFF720FBA0
:10B33400EFF30583002BE8D12946BDE838400448E3
:10B34400FFF782BD85F31188BFF36F8F38BD00BF4F
:10B35400A82100204AE30000D3E20000014B9868D2
:10B36400704700BF742100202DE9F8430446EFF331
:10B374001187202383F31288BFF36F8F5C4800F09A
:10B38400E7F940B95B4988225B4801F004FB882156
:10B39400584801F0F7FA564800F0FEF9267B16F0FB
:10B3A40001061AD0524800F0E1F940B9514940F27F
:10B3B4003112514801F0EFFA40F23111E8E787F316
:10B3C4001188BFF36F8F4D4940F235524A4801F05E
:10B3D400E2FA40F235514948DBE7637B1A070AD5A4
:10B3E400434800F0C3F90028E0D087F31188BFF385
:10B3F4006F8FBDE8F883D90943F0080258D162730E
:10B40400A36813B12046FFF799FA04F1180000F07D
:10B41400BFFAA56D04F15808A84511D04FF00009F2
:10B4240075B12846FFF78AFA05F1180000F0B0FA62
:10B434002846C5F87890FFF79BFAA56DA845EFD18B
:10B444002F4DAB689C4204D1EFF30586003E18BF34
:10B454000126D5F818802B4A904502D0B8F1000F88
:10B4640001D1D5F80C80434502D0404600F0F6F8EF
:10B47400C5F8148046B140F20112234B9A81002290
:10B48400C3E91822DA66AB60AB689C42A8D1EFF33B
:10B494000583002BA4D1164800F068F9D8B91549E2
:10B4A40040F26B12144801F076FA40F26B116FE728
:10B4B40003F07F0343F008036373144B9C4206D1EB
:10B4C4000E4956220C4801F066FA562183E72046BD
:10B4D40001F0B9FF94E73846FFF7D2F9074940F283
:10B4E400B512054801F057FA40F2B51173E700BFF1
:10B4F400A82100204AE30000D3E2000017FF000067
:10B50400742100208C210020280D0020880B0020AD
:10B514002DE9F843064688461746EFF311892023A0
:10B5240083F31288BFF36F8F1C4800F011F90546AE
:10B5340040B91B4988221B4801F02DFA882118487C
:10B5440001F020FA154800F027F93468A6421AD011
:10B55400DCB12046C4F878806761FFF7EFF904F1A5
:10B56400180000F015FA2046FFF702FA0B4800F025
:10B57400FDF860B90A4940F231120A4801F00BFAA9
:10B5840040F23111DBE70025F0E72546EEE789F3C9
:10B594001188BFF36F8F2846BDE8F883A8210020E7
:10B5A4004AE30000D3E20000D3B5DDE90667089C56
:10B5B400CDE90067FFF75AFB1CB1034B9B685B693D
:10B5C400236002B0D0BD00BF7421002008B568B16B
:10B5D4000E4B98420AD303F11802904206D2182265
:10B5E400C01AB0FBF2F302FB130343B10849094844
:10B5F400382201F0D0F93821054801F0C3F90122BD
:10B60400054BC0105843054B1A5408BDA80D002023
:10B6140065FF0000D3E20000ABAAAAAA5F240020C1
:10B62400C3897F2B12D80A4B1B6863B1094B90F96D
:10B634000E201B689A4209DB437BDB0606D1064BCE
:10B64400C31A18BF012303F0010070470023FAE76F
:10B65400B4210020B0210020880B002070B50E4BCF
:10B664000E4C1E7C054606EB460304EBC304204641
:10B6740000F08EF900220A4B28469A55FFF7D0FFB6
:10B6840048B1084B2046BDE870401A680649013AA3
:10B69400D31700F0D3B870BD74210020A80D00208A
:10B6A4005F240020B4210020D1B5000038B5EFF3A9
:10B6B4001185202383F31288BFF36F8F1E4800F097
:10B6C40047F840B91D4988221D4801F064F98821D2
:10B6D4001A4801F057F9184800F05EF8194B1A4A55
:10B6E4009C681068A0420ED1FFF7B8FF124800F022
:10B6F4003DF8E0B9114940F23112114801F04BF91B
:10B7040040F23111E4E700211B7C11600F4AD35C45
:10B71400002BEBD02046FFF783FF0028E6D0637BA5
:10B72400DB0602D12046FFF787F92046DCE785F3E4
:10B734001188BFF36F8F38BDA82100204AE30000B1
:10B74400D3E2000074210020AC2100205F240020FB
:10B75400006838B1044B00F003001B7CC01A18BF0A
:10B7640001207047012070477421002000230268E3
:10B774000360EFF30581074B19B19968497BC90749
:10B7840006D4197C98680843831A58425841704774
:10B794000120704774210020024B1A7C9B681343DC
:10B7A4000360704774210020074808B5074A084918
:10B7B400121A01F09EFDBDE808400648064A0749F2
:10B7C400121A01F096BD00BF00000020EC03002017
:10B7D4000800010000000020000000200800010013
:10B7E400024B1868984208BF00207047D00100201F
:10B7F400034B1B680BB9FCF71DB80020704700BF52
:10B80400B821002030B570B10B4B5B6898420AD068
:10B81400036843B1D3E90421D0E90445121941EB8B
:10B824000501C3E90421D0E9003213605A60002302
:10B83400C0E9003330BD00BFD0010020B3F1FF3FA9
:10B8440008BFB2F1FF3F2DE9F047044692461D467A
:10B85400164600F08D80D0F80080B8F1000F08D0B3
:10B86400444945486E2201F096F86E21414801F0A2
:10B8740089F88160EFF31187202383F31288BFF3E3
:10B884006F8F3E48FFF764FF38B93D4988223A4834
:10B8940001F081F888213A48E9E73848FFF77CFF4E
:10B8A400BAF1FF3F75F1FF3321DA6FF00103354937
:10B8B400D1E900209B1A4FF0FF3262EB0000B3EB9A
:10B8C4000A0660EB0500012E70F1000301DA01267F
:10B8D4004046C4E904602C4EFFF782FFD6F804C04A
:10B8E40070B9C4E9006CCCF8004074601AE0FFF74A
:10B8F4007FFF013645F10005361845EBE070E8E7B7
:10B90400D0E90425D4E90431934271EB050E22DA1F
:10B91400D21A436865EB0105C0E90425C4E90003B4
:10B924001C604460FFF75CFF844207D1174B1C681E
:10B9340024B901F0D9FD2146FBF756FF0F48FFF764
:10B9440015FF88B90E4940F231120B4801F023F873
:10B9540040F231119FE79B1A61EB05016045C4E990
:10B964000431BED00068BBE787F31188BFF36F8F43
:10B97400BDE8F0878DFF0000D3E20000BC21002069
:10B984004AE30000C00D0020D0010020B8210020AF
:10B9940070B50446EFF31186202383F31288BFF3B6
:10B9A4006F8F1B48FFF7D4FE40B91A4988221A4802
:10B9B40000F0F1FF8821174800F0E4FF1448FFF776
:10B9C400EBFE2368D3B1FFF70BFF05462046FFF7D4
:10B9D40019FFA54204D101F087FD0021FBF704FF04
:10B9E40000240B48FFF7C2FE58B90A4940F231124D
:10B9F400094800F0D0FF40F23111DCE76FF0150484
:10BA0400EFE786F31188BFF36F8F204670BD00BF48
:10BA1400BC2100204AE30000D3E200002DE9F047F6
:10BA24000446EFF31188202383F31288BFF36F8F4A
:10BA34003E48FFF78DFE40B93D4988223D4800F05D
:10BA4400AAFF88213A4800F09DFFDFF8EC903748C0
:10BA5400FFF7A2FEC9F80040FFF7C2FE0026044625
:10BA64000027DFF8D8A0D9F80030DAE900C0D917E8
:10BA740054B1D4E90452AB4271EB020E1EDAED1A52
:10BA840062EB0102C4E90452002413EB0C0340EB03
:10BA94000101CAE90031C9F8004001F025FD214641
:10BAA400FBF7A2FE2148FFF761FEB0B188F31188CD
:10BAB400BFF36F8FBDE8F047FFF7F8BD15EB0C033C
:10BAC40040EBE570CAE90030C4E904672046FFF79B
:10BAD40099FE1648FFF74AFE40B9154940F2311263
:10BAE400144800F058FF40F23111ABE788F3118895
:10BAF400BFF36F8F2046A3689847EFF31188202384
:10BB040083F31288BFF36F8F0848FFF721FE0028E4
:10BB140092D00648FFF740FED9F800305B1BC9F805
:10BB24000030FFF75DFE04469DE700BFBC21002006
:10BB34004AE30000D3E20000B8210020C00D002039
:10BB440070B5EFF31186202383F31288BFF36F8F50
:10BB54001548FFF7FDFD40B914498822144800F048
:10BB64001AFF8821114800F00DFF0F48FFF714FE5B
:10BB7400FFF73EFE0F4AD2E90045041945EBE07594
:10BB84000948FFF7F3FD40B9084940F2311208486B
:10BB940000F001FF40F23111E4E786F31188BFF3AE
:10BBA4006F8F2046294670BDBC2100204AE3000067
:10BBB400D3E20000C00D002073B505460E4601F027
:10BBC40037FCF0B9114B9B68DC6EDCB1321D18D226
:10BBD40000200021CDE90001204645F0040100F0D9
:10BBE4003BF870B10460041D65B1013D2C4209D0DD
:10BBF40007490848252200F0CEFE2521044800F01C
:10BC0400C1FE0024204602B070BD00BF7421002094
:10BC1400B1FF0000D3E2000038B50B4C0B4DAC4231
:10BC24000FD90B490B48192200F0B5FE1921084819
:10BC340000F0A8FE2046D4E9011201F0BEFC18343D
:10BC4400EDE7F7D3002038BD8C0200208C020020E1
:10BC5400D5FF0000D3E200002DE9F04F064689B07D
:10BC64009046DDE9122306A899461746059106F188
:10BC7400140501F056FCDDE90634CDE90234EFF396
:10BC84001184202383F31288BFF36F8F2846FFF7B4
:10BC94005FFD38B92F4988222F4800F07CFE8821A7
:10BCA4002C482AE02846FFF777FDEFF30583D3B944
:10BCB4004FF0200B06F10C0A424630460599F4F782
:10BCC40071FD0346D8B128460293FFF74FFD029B4E
:10BCD400002836D11F4940F231121F4800F05BFEA4
:10BCE40040F23111DCE757EA0903E1D01B491A4855
:10BCF4004B2200F050FE4B21184800F043FE57EA57
:10BD04000907E0D0DDE9022306A801F02EFCDDE9F5
:10BD140006232146CDE90023174628465246994674
:10BD2400FEF7A4FFEFF311848BF31288BFF36F8F38
:10BD34002846FFF70DFD0028ACD02846FFF72CFD60
:10BD4400BAE784F31188BFF36F8F184609B0BDE8D2
:10BD5400F08F00BF4AE30000D3E20000D5FF0000EB
:10BD6400F8B504460E4600F11405EFF311872023BD
:10BD740083F31288BFF36F8F2846FFF7E9FC40B9BD
:10BD840016498822164800F006FE8821134800F060
:10BD9400F9FD2846FFF700FD20463146F4F7C8FCBC
:10BDA40004F10C0001F08DFB28B139462846BDE8AA
:10BDB400F840FFF749B82846FFF7D8FC40B90749CF
:10BDC40040F23112064800F0E6FD40F23111DDE7A1
:10BDD40087F31188BFF36F8FF8BD00BF4AE30000FB
:10BDE400D3E2000010B50A4C23681BB10123236081
:10BDF400002010BD00F0F4F80028F7D0013807281F
:10BE040003D8044B53F8200010BD034810BD00BFF5
:10BE1400C021002090DF0000FE8FFFFFBFF34F8F93
:10BE24000549064BCA6802F4E0621343CB60BFF3D2
:10BE34004F8F00BFFDE700BF00ED00E00400FA05EE
:10BE440030B44FF0FE3200250B4B0C4C0C494968C2
:10BE5400C3F80024C3F80424C3F80824C3F80C244A
:10BE6400C3F81024C3F81424C3F81824C3F81C24FA
:10BE7400C4F8005530BC084700508450004084503A
:10BE8400D8010020024BD0E90012C3E90012704728
:10BE9400D801002010B5044650B1636813F0685F00
:10BEA40005D0064A934202D000236260236010BD8D
:10BEB400034B04485B689847EFE700BF2C5F5CA91D
:10BEC400D8010020B0DF0000C8B143680D4A934296
:10BED40013D013F0685F0ED0012350E8002F1946E9
:10BEE40040E8001C9CF0000FF7D1012AF5D0BFF305
:10BEF4005F8F0020704704487047044870476FF410
:10BF0400E04070472C5F5CA9E98FFFFFEA8FFFFFD9
:10BF1400034680B1426809498A420AD012F0685F38
:10BF240005D0BFF35F8F002210461A6070470448A3
:10BF34007047044870476FF4E04070472C5F5CA979
:10BF4400E98FFFFFEA8FFFFF10B5044620B10023FD
:10BF5400034A2360626010BD0248FFF771FFF6E7F1
:10BF64003A00003AD8DF000070B5194CD0F804C08C
:10BF74000668C4F804C0D0F808C0C068C4F808C093
:10BF8400E06026600868134B134D18604868D5F8C4
:10BF940018215860886812F0685F9860C868096959
:10BFA400D860196112D000230C4A05F58A70C5F8CF
:10BFB4001431C5F8B831C5F81821C5F8BC21B0470B
:10BFC400236805F5DC70BDE87040184770BD00BFFC
:10BFD400F4010020E0010020D82100202C5F5CA99E
:10BFE40008B500F011F830B900F010F838B9054A76
:10BFF400C2F80C0A08BD00F037F8032008BD04207D
:10C0040008BD00BF005084500020704710B511488F
:10C0140000F048F800B110BD0F4800F043F80028C4
:10C02400F9D10E4C204600F03DF80028F3D10C4B1A
:10C034000C481C6000F036F801460028EBD100F0F3
:10C044002DF8044608B1204610BD00F03FF8204604
:10C05400FAE700BF34020020300200202C02002046
:10C06400240200202802002008B5084800F024F823
:10C07400074800F021F8074800F01EF8064800F0D1
:10C084001BF8BDE8084000F00BB800BF34020020E4
:10C09400300200202C0200202802002000207047DB
:10C0A400704700BF08B5034B02681B6810689847C7
:10C0B400002008BDF401002008B5034B02685B684A
:10C0C40010689847002008BDF401002070B5094CA1
:10C0D400094D2069AB68984718B1084B08485B685C
:10C0E40098470021074AEB6811602069BDE8704059
:10C0F400184700BFE0010020F4010020D80100200F
:10C10400FCDF0000D42100202DE9F04F43688DB0FE
:10C1140015468046029383789A0740F10D810024E6
:10C124000E78002E00F00A81252E0BD04B1C0393B1
:10C13400013441463046029B98470028C0F2F680FD
:10C144000399EDE74E788B1C252E0393F0D000273E
:10C15400B946BB46BBF11F0F38D8A6F12003102BFC
:10C164000AD8DFE803F02A09093009090921090975
:10C174000928092D09091F00A6F13003092B33D919
:10C184002A2E37D11BF0400F55F8043B40F0828033
:10C19400002BA7BF4BF0200B9946C3F100094BF0CD
:10C1A400280B01E04BF0010B039B13F8016B039385
:10C1B400002ECFD130E04BF0020B4BF0040BF3E731
:10C1C4004BF0080BF0E74BF0100BEDE7BBF17F0FE2
:10C1D40019D8A6F13003092BD2D81BF0400F03D095
:10C1E4000A2101FB0737DFE70A214BF0200B01FB93
:10C1F4000939D9E72E2E06D11BF0400F40F09E805E
:10C204004BF0400BD0E76C2E31D02BD8682E36D0B3
:10C214006A2E3CD04C2E3AD0002F46F02003B8BFF3
:10C224002BF04002A3F16501BCBF00271FFA82FB7B
:10C23400022901D9612B2FD107350727DFF8ACA2DA
:10C2440025F0070508351BF0080F66D00AEB070B2D
:10C2540056465E4563D1A4EB0A0AA9EB070906EB2F
:10C264000A026FE1742E9FD07A2E9DD0D4E71BF082
:10C27400800F18BF4BF4007B4BF0800B94E71BF44A
:10C28400807F18BF4BF4007B4BF4807B8CE74BF42E
:10C29400207B89E71F4687E7A6F16301122900F294
:10C2A400F080DFE811F013004F00EE00EE00EE0026
:10C2B400EE004F00EE00EE00EE00EE00EE00FE0099
:10C2C400E900EE00EE001B00EE00AF0055F8043B61
:10C2D40001270DF1180A8DF81830B4E755F804ABAE
:10C2E400834BBAF1000F08BF9A461BF0400F50462B
:10C2F40014BF39464FF0FF3101F0A6F90746A2E713
:10C3040041462020029B984700280FDB013EB7429C
:10C31400F6D34C44B146A41B98E74E46F7E7414692
:10C3240016F8010B029B9847002892DA98F802301D
:10C3340043F0040388F802304FF0FF3420460DB078
:10C34400BDE8F08F1BF0800F34D01BF4007F2CD09D
:10C35400073525F00705AA4669685AF8080B2BF03B
:10C3640010050029ADB237DA404245F4806561EB2F
:10C3740041010DF1180B0A235A4601F071F9A0EBA3
:10C384000B0301936B0662D5019B25F001019F42CB
:10C3940089B240F3A180002E00F0998015F01002BC
:10C3A40040F09C80BB460D4623E0AA465AF8040B95
:10C3B400C117D4E7AA461BF4807F5AF8041B01D1A5
:10C3C4000846F5E71BF4007F19BF48B241F3C011DA
:10C3D40008B241F3C031C2E750EA0103C9D11BF0EE
:10C3E400400FC6D0002FC4D12BF01102BB460197D9
:10C3F40095B240F2064115EA01021CBF0BF1010B94
:10C4040000222CE02BF010020A231FFA82FB1BF0FF
:10C41400800C49D01BF4007115BF0735AA4625F0DE
:10C4240007055AF8040B1EBFAA4669685AF8080B98
:10C4340050EA010545D12BF016051BF0400FADB2B3
:10C4440042D0002F40D12BF01702019795B215F07E
:10C45400100248D0019B002E42D103F1010B2907A1
:10C464005AD4EB0706D5D9456FDDA9EB0B03019927
:10C47400CB465F185B4649E04BF0100B102378263F
:10C48400C5E7782B04D1C6F1780343F01003BEE767
:10C4940041462520029B98470028FFF647AF023407
:10C4A40047E608230026B2E7AA461BF480715AF82F
:10C4B400040BBDD01BF400711ABFC0B2614680B238
:10C4C400B6E72BF0060295B20DF1180B54E725F0F0
:10C4D4001105BB46ADB28CE70D46B8E73B460D46A9
:10C4E40003F1020BBBE7DDF804B082E7FEFF0000B6
:10C4F400F7FF0000CDE9043241462020029B984713
:10C504000028FFF613AF049B059A01339945F1DC2B
:10C51400A4EB0B019B46CC180AB341463020029B86
:10C5240098470028FFF602AF8EB901342744391B1F
:10C53400019B994224DC1D4655BB019AA9EB0B09CA
:10C54400554622441446914433E0019F92E7023455
:10C5540041463046029B98470028E7DAE6E640F277
:10C5640006410D42E2D015F0020F04F101044146E8
:10C5740014BF2B20202015F4806F18BF2D20E9E76D
:10C5840041463020029B013498470028CFDACDE69B
:10C5940006AB013D4146585D029B98470028CBDA23
:10C5A400C4E641462020029B013498470028FFF648
:10C5B400BDAEA9EB0403002BF3DCC1E5704743686F
:10C5C40018697047836800EBC101B3F5004F2CBFB5
:10C5D40051F8220031F81200704700EBC101806865
:10C5E400B0F5004F2CBF41F8223021F812307047CB
:10C5F400012208B5FFF7E6FFD04008BD836800EBD1
:10C60400C101B3F5004F08D34B681AB143F00103DD
:10C614004B60704723F00103FAE74B881AB143F0EB
:10C6240001034B80704723F00103FAE75300012212
:10C63400FFF7D3BF8368B3F5004F34BF0423082347
:10C64400C91A081AC0087047B0F5004F34BF042354
:10C6540008230731C818C00870470A4608B50121E5
:10C66400FFF7F2FF0132121AB2FA82F0C0F11F0092
:10C6740008BD2DE9F041174603220E460446FFF794
:10C68400A1FF8642054607F104080AD10122E368A6
:10C69400BA4023EA0203E360002344F82830BDE8EB
:10C6A400F081314602222046FFF78CFF06462B46D6
:10C6B40001460322204644F82850FFF78EFF3346F4
:10C6C40029462046BDE8F0410222FFF786BF70B537
:10C6D4000D4686680446FFF78BFFB6F5004F01460A
:10C6E40001D3012809D03046FFF7B7FF2946024697
:10C6F4002046BDE87040FFF7BCBF70BD2DE9F04790
:10C70400054680688846FFF7A8FF05EB800ADAF83B
:10C7140010900646B9F1000F1BD00327DAF8104039
:10C7240028462146FFF764FF404507D33246214699
:10C734002846FFF79EFF2046BDE8F08703222146E6
:10C744002846FFF73FFF013FCAF8100001D081459A
:10C75400E4D14FF0FF34EB680136B4401C40EAD01A
:10C7640094FAA4F2B2FA82F2131D55F82340DEE7DC
:10C774002DE9F04114460E460546FFF739FFA4EBB8
:10C784000608371B0744424631462846FFF74EFF4A
:10C794003A4621462846FFF749FF434600222146F0
:10C7A4002846FFF71AFF21462846FFF721FF3B469C
:10C7B400211800222846BDE8F041FFF70EBF2DE9FD
:10C7C400F041164604460F46FFF712FF3146054670
:10C7D4002046FFF70DFF05442A4639462046FFF759
:10C7E40025FF31462046FFF703FF2B463118002270
:10C7F4002046BDE8F041FFF7F0BE2DE9F0410D46BB
:10C8040086680446FFF7F4FEB6F5004F014601D3EF
:10C81400012832D03046FFF720FF04EB80010E6977
:10C8240096B90122E36882401343E36002220D615A
:10C834002B4629462046FFF7D0FE032229462046F0
:10C84400BDE8F041FFF7C9BE022231462046FFF79A
:10C85400B9FE0746034629462046FFF7BEFE0322DB
:10C86400334629462046FFF7B8FE39462B46204674
:10C87400FFF7B3FE02223146E1E7BDE8F081F8B5E7
:10C884000C460546FFF7B4FE261801223146284619
:10C89400FFF798FEC3070CD431462846FFF717FF6D
:10C8A40021462846FFF7A4FE214622182846FFF712
:10C8B40086FF002221462846FFF784FE271A01221C
:10C8C40039462846FFF77EFE10EA020613D13946A0
:10C8D4002846FFF7FCFE214632462846FFF772FE43
:10C8E4002246211A2846FFF76AFF21463246284687
:10C8F400FFF768FE241A21462846BDE8F840FFF7F2
:10C904007CBF70B5066809B9002070BDB068B0EB93
:10C91400D10FF9D9FFF798FE014605463046FFF7D7
:10C92400EDFE04460028EFD001463046FFF760FED6
:10C93400A84209D92544214630462A46FFF718FF64
:10C9440029463046FFF759FF304601222146FFF7BA
:10C9540055FEB368B3F5004F34BF0423082303EB3B
:10C96400C4031844D1E7002070470FB407B504A9E5
:10C9740051F8040B0191F4F72BF803B05DF804EBC4
:10C9840004B07047002383F31188BFF36F8F04232F
:10C99400184602DF70470FB407B504A951F8040B19
:10C9A4000191F4F715F803B05DF804EB04B0704797
:10C9B400002203680BB9184670478B4210D10B68EC
:10C9C40042B942680360914200D1436000230120D0
:10C9D4000B60704713604368994208BF4260F5E7F3
:10C9E4001A461B68E6E7838B13F0070305D1036837
:10C9F400002B0CBF002003207047022B05D1C08BF5
:10CA0400B0FA80F0400980007047012B05D103681B
:10CA1400002B0CBF0020052070470020704710B584
:10CA24000C4600B111B96FF0150010BD081D00F0DF
:10CA34002FF80028F9D1A368032BF6D9F3E72DE9E1
:10CA4400F0410D4607461946281D90461E46F4F748
:10CA5400FBFA044638B13346424629463846A446D2
:10CA6400BDE8F0416047BDE8F08138B50C460546A5
:10CA740058B151B10B6843B14B6833B12022002146
:10CA840000F0CAFD00202C6138BD6FF01500FBE7F3
:10CA9400034658B1426802F00302012A03D0032A74
:10CAA40004D1026812B10020986070476FF015003D
:10CAB400704770470FB407B504A951F8040B0191EE
:10CAC400F3F786FF03B05DF804EB04B07047006829
:10CAD40038B150F8043C04385B688B4201D040689C
:10CAE400F6E77047006848B150F8043C04385B68C6
:10CAF4005B689B788B4201D04068F4E7704730B59F
:10CB0400006888B150F8043C04385B681A6A1D7FD9
:10CB14000023043ADCB2A54201D84068F1E70133AE
:10CB240012F833408C42F5D130BD002008B5F3F73C
:10CB340081FF01460068F5F787BB08B5F5F7BCFB34
:10CB4400BDE80840F5F7DCBB00210120F5F77CBB0C
:10CB5400036E83F30B88704761B662B680F3118865
:10CB6400BFF36F8F704708B572B6002383F3118843
:10CB7400BFF36F8FF6F7B4FA50B1BFF34F8F30BFE6
:10CB840000BF00BF00BF00BF00BF00BF00BF00BFA9
:10CB940062B6BFF36F8F08BD10B5044672B60023AA
:10CBA40083F31188BFF36F8FF6F79AFA50B1BFF38E
:10CBB4004F8F20BF00BF00BF00BF00BF00BF00BF3A
:10CBC40000BF00BF84F31188BFF36F8F62B610BD3E
:10CBD40040E800F313F4803FD8B208BF6FF01500AB
:10CBE400704730B50C684B6885B00A894D8900944C
:10CBF400013B24F01F04234402F01F0242EA4512C1
:10CC040023F01F0369468DF808200393F5F7A0FF6E
:10CC140005B030BD08B5F6F7ADF9002008BD0B46E8
:10CC24004FF050220121C2F81416002118478170D8
:10CC3400704700207047036942685B6852680020AF
:10CC44001374C3F307235374704761281BD010D89F
:10CC540036281AD007D81D2819D0A0F12A01484235
:10CC6400484140007047A0F13802504250418000D2
:10CC740070477D280DD07E280DD0A0F16403584262
:10CC840058418001704710207047202070470120D0
:10CC94007047082070478020704710B50369044628
:10CCA400C0E905330023C360837F13B1407AF8F7EA
:10CCB4006BFA0123237700236377E377A37710BD0F
:10CCC400FCF7CEBEFCF782BF38B50446F6F7E2FCAB
:10CCD400054660B1037A6BB120460024F8F7F6FAF2
:10CCE4002846AC77FFF7D9FF20462C7238BD6FF089
:10CCF4001500FBE76FF07700F8E770B504460E46C1
:10CD04001546F7F7F9FA30B906B925B12046BDE85A
:10CD14007040F7F747BB70BD10B50C46F7F7B8FB8A
:10CD2400EFF31183202282F31288BFF36F8F02691D
:10CD34002260027B2AB9807D83F31188BFF36F8F51
:10CD440010BD0420F8E7F8B5069F0469C9B2EFF3F3
:10CD54001186202585F31288BFF36F8F0C25694354
:10CD64000C44D4F8885005F0070CBCF1010F0CD129
:10CD7400C4F8887086F31188BFF36F8FC4E9202349
:10CD840043685B5898470020F8BD05F0C005AF42E2
:10CD940086F31188BFF36F8F0CBF6FF077004FF0ED
:10CDA400FF30F1E713B580240094FFF7CCFF02B005
:10CDB40010BD0069CBB200EB4310002110470320E3
:10CDC400FAF78CBF0220FAF789BF0020FAF786BF72
:10CDD4000320FBF705B80220FBF702B80020FAF79E
:10CDE400FFBF1046FDF7D0B88022F8F731BB436887
:10CDF40000205B681B690B607047436802EA01000E
:10CE04005B6821EA020198600020D960704743689A
:10CE140000205B6899607047436800205B68D960B4
:10CE2400704743685A68536821EA03000B409060D6
:10CE34000020D3607047082913B528BF08214FF498
:10CE44007F020C46D2F80432D2F808221BBA12BA76
:10CE540000920A466946019300F0B7FB204602B0EF
:10CE640010BD0129036907D193F8F10010F0010006
:10CE74000CD003F11400704739B993F8F10010F0A5
:10CE8400020003D003F17C0070470020704713B503
:10CE94000C460022002369465030FCF723FD20B9DC
:10CEA400009B6360019B9B082381B0FA80F04009DA
:10CEB40002B010BD70B590F8ED300446012B0E465B
:10CEC40013D0F8F7DFFE054640B90423D4F8E40094
:10CED40084F8EC30FBF704FF284670BD94F8ED307D
:10CEE4001BB9D4F888309B08338173683146D4F871
:10CEF400E400C4F8E830FBF74BFE0125ECE791F8B9
:10CF0400E83010B5012B0C4609D1D1F8E000FBF74D
:10CF14000BFF54F8040CBDE81040F3F7E9BF081FF9
:10CF2400BDE81040F8F7C2BE4B1E012B73B5044692
:10CF34000D461ED800F150060022002369463046F3
:10CF4400FCF7D0FC80B1022D15D104F1B805002204
:10CF5400002369462846FCF7C5FC60B90099D4F85B
:10CF64008400FCF74FFBF2E70099E069FCF74AFB09
:10CF7400E2E70029E9D002B070BD38B50C46056976
:10CF840083685B68984718B923682A68534023600C
:10CF940038BD0346012270B58A4201DB012070BD11
:10CFA4009E6805681C46AE420BD1DE89C588AE4238
:10CFB40007D1257B047908331444A54201D10132F9
:10CFC400EAE70020EBE770B540F2E7300C464FF497
:10CFD400004551F8043C00215B684FF47A721E68E6
:10CFE4000023E6FB0501F3F7B3F802460B4604F110
:10CFF4001400BDE87040FDF7A7BB43681B681B68BD
:10D00400184770B50D6904463DB94FF0FF324FF033
:10D01400FF3300F086FA204670BD4FF4004640F21C
:10D02400E73000214FF47A720023E5FB0601F3F7A1
:10D034008FF802460B462046EBE700697C30FCF78C
:10D04400A3BF30B543681360057A446804EBC50494
:10D05400A34202D36FF0010030BD5C798C4201D051
:10D064000833F0E70020F7E743681B68D3F880042F
:10D07400C3F88004704742681368D3F8100150B1B4
:10D084000020126A12780A70C3F81001D3F8102134
:10D0940001221A6070474FF0FF3070470268034660
:10D0A400D2F8580140B95B68DB0706D4D2F82001F6
:10D0B400003818BF012070470120704743681B687F
:10D0C400D3F80423D20517D5D3F82021A2B1EFF366
:10D0D4001182202181F31288BFF36F8FD3F82011BE
:10D0E40031B10021C3F82011D3F820110121D960F6
:10D0F40082F31188BFF36F8FD3F85831704708B5A6
:10D10400FAF70CFA08BDFEF76DBE08B5F4F79EFFFA
:10D11400F5F784F8BDE80840FEF764BE004700F068
:10D12400BFB838B504461546FAF7E6FC294620464A
:10D13400BDE83840FAF7F4BC43090AD0012B0BD1FF
:10D144004FF6FF7300F01F0023FA00F000F0010017
:10D1540070474FF0FF33F5E7002070472DE9F341A6
:10D164001746DDE90858019001A80C461E46FAF757
:10D17400B3FE019B391E18BF012100EB8300231E5F
:10D1840018BF0123002E43EA410314BF0C210021E0
:10D19400002D43EA010314BF4FF470610021B8F17C
:10D1A400000F43EA010314BF4FF440310021D0F8CB
:10D1B40000220B4322EA030304B124780FB13F7821
:10D1C4007F001C430EB13678B6003C438DB12978FC
:10D1D40009023443B8F1000F03D098F800804FEAF5
:10D1E4000848214341EA0801C0F8001202B0BDE832
:10D1F400F0812946EDE71FB50DF10F0301930023DC
:10D204008DF80F101A4619460093FFF7A7FF05B0D3
:10D214005DF804FB08B50146FAF7CEFE10B10846E6
:10D22400FAF7E4FE00F0010008BD38B505460846EB
:10D234000C46FAF7DBFEB0B10846FAF7BDFE90B92A
:10D244000846FAF7ADFE01232A688340C2F8083382
:10D254002A6803B202EB8303D3F8102522F00302F9
:10D26400C3F8102538BD2046BDE838400021FFF73B
:10D27400C2BFFAF755BFFFF7D8BF00221146FBF72C
:10D28400ABBA01220021FBF7A7BA01221146FBF732
:10D29400A3BA08B5FBF76EFEBDE80840FAF7BABDBD
:10D2A40008B1F5F74FBF704740B1C368587810F024
:10D2B40001001EBF1878B0FA80F04009704710B51D
:10D2C400D0E9003433B90020E268537843F0010315
:10D2D400537010BD204698470028F4D00028B8BFEA
:10D2E4004042FF28A8BFFF20E3681870ECE700F075
:10D2F40093B900F06AB970478169C36843EA0102CF
:10D3040012F003020FD102614269013A01FB0233B8
:10D31400C2689A4201D90020704702691A60826982
:10D3240003619B1AF4E76FF01500704710B5C0E96C
:10D3340005320023C160C36183600446FFF7DCFF4C
:10D344000028A8BFC4E9004410BDC0E9032303FBBF
:10D3540002120023C0E90621C0E900004161016214
:10D36400436280F828308360704790F90E308B4216
:10D3740001D0FDF7E5BC0020704703460020C3E957
:10D384000033C3E90200704710B5044630B10268A7
:10D39400930703D0446809B100F008F9204610BD92
:10D3A400012307B5009300230A461946FCF7D0FC75
:10D3B40003B05DF804FB3AB18A4205D3C0E9021216
:10D3C400C0E90000002070476FF01500704701238A
:10D3D40002688B4022EA0303036022FA01F000F0A2
:10D3E4000100704710B5032104460C30FFF7EFFF2E
:10D3F40030B104F11000FEF7CBFAB0FA80F0400926
:10D4040010BD20B1002288301146FEF781B8704764
:10D4140010B5FDF751F8041E08DDEFF31180202349
:10D4240083F31288BFF36F8FFDF746FD204610BDCE
:10D43400EFF30580003818BF012070476FF05700E4
:10D44400704700207047D0E9003213605A6000230F
:10D45400C0E90033704738B504460D46FDF728FA95
:10D46400637B43F002036373E5B1A5602B689D42BF
:10D4740009D16B68C4E900531C606C6012E06A68EF
:10D484009A42F6D01B68002BF3D094F90E2093F93E
:10D494000E108A42F3D09142F1DD5A68C4E9003299
:10D4A40014605C6038BD01211838FDF79DBB10B5D0
:10D4B4000446FDF763FB04F11800BDE81040FEF7D5
:10D4C40067BA38B5054604680020AC4200D138BDBF
:10D4D400002CFCD02046FFF7EAFF2046FDF71AFB9C
:10D4E4002C680120A542F1E710B5FEF779F904464E
:10D4F400FEF77EF974B1D4E904321B1A62EBE072D0
:10D50400B3F1004F72F1000104DA002AACBF1846EF
:10D51400002010BD6FF00040FBE708B5FEF710FBDC
:10D5240008BDB3F1FF3F08BFB2F1FF3F70B5044639
:10D534001D46164613D01A4315D06FF001024FF062
:10D54400FF33921B63EB0501002904DAFEF7F8FAB6
:10D55400821941EB0501C4E90021204670BD4FF05A
:10D56400FF321146F7E70022FBE7B3F1FF3F08BFA4
:10D57400B2F1FF3FF8B5074616461C4610D054EAF0
:10D58400020311D0FEF7DCFAB0420A46A141034679
:10D594000AD2F31A64EB0204C7E900343846F8BD32
:10D5A4004FF0FF331C46F7E70023FBE720B1011FD0
:10D5B40050F8040CFEF7D4BB704710B400F10C040F
:10D5C400C0E9034410BCF3F771B90A44431E914205
:10D5D40000D1704710B511F8014B914203F8014F87
:10D5E400F9D110BD884210B501EB020402D984427E
:10D5F400234607D8431EA14208D011F8012B03F893
:10D60400012FF8E7024401468A4200D110BD13F805
:10D61400014D02F8014DF7E702440346934200D15D
:10D62400704703F8011BF9E70139024410B5904231
:10D6340001D1002005E0037811F8014FA34201D085
:10D64400181B10BD0130F2E70246014410B58A42AE
:10D65400134603D01C780132002CF8D1181A10BDDF
:10D66400F0B5C3F13707044603F01F031046FFB2B9
:10D67400082BE6B232D0102B3DD06508A40845EA49
:10D68400C17544EA81748A082D1942EB51022909B3
:10D6940041EA02716D1842EB1212290A41EA026151
:10D6A4006D1842EB1222290C41EA02416D1842EB3B
:10D6B4001242AD1842F10002EC0844EA4274D10867
:10D6C40004EB8402A6EB4205EDB2092D0CD901341A
:10D6D400A5F10A0541F10001EDB212E0E40806F0FB
:10D6E400070544EA4174C908303554EA010200F8D8
:10D6F400015BBDD1F0BD240906F00F0544EA0174B5
:10D704000909092D84BFED19EDB2EDE70148006860
:08D7140070470000B81400206A
:08D71C006C2AFF7F01000000F0
:10D7240029300000000000006D31000000000000FE
:10D73400F5540000D4D70000E59400000000000078
:10D744001DBC0000000000000D590000FCD70000C3
:10D754000D590000E8D700000BD1000000000000C4
:10D76400C173000010D800003D5800000000000004
:10D774006D7700000000000085300000000000000C
:10D78400A12F00000000000037CC000024D80000C6
:10D794000FD100000000000011A1000000000000F3
:10D7A400755D000038D800006537000000000000F7
:10D7B400256B000088D800008969000074D8000037
:10D7C400F535000060D80000750500004CD8000055
:10D7D400C9F4000000DD000030DB00003E02002040
:10D7E400E01F00206BF5000030DD0000F8DA0000D7
:10D7F400400200209420002077F5000048DD00005E
:10D80400F8DA000042020020A020002084FA000080
:10D814001CDF00004CDB00004A020020282100200D
:10D824003EE10000C8030020D8DC00003A020020DA
:10D834001415002000F9000060DD00001CDB00006E
:10D84400440200203C00002097E2000038DC000085
:10D8540060DC0000380200200000000064F10000D9
:10D86400DCDC0000000000003C0200203415002035
:10D87400CEF90000C0DD00000000000046020020D8
:10D884001005002034FA0000D4DE0000000000007F
:08D89400480200205A24002084
:10D89C00000000004DCB0000000000004DCB00004C
:10D8AC00000000004DCB0000000000004DCB00003C
:10D8BC00000000004DCB000097D2000021D10000E9
:10D8CC00000000004DCB0000000000004DCB00001C
:10D8DC0010D80000C1D00000000000004DCB0000AB
:10D8EC00000000004DCB0000000000004DCB0000FC
:10D8FC00000000004DCB00002586000021D1000067
:10D90C00000000004DCB0000000000004DCB0000DB
:10D91C00000000004DCB0000000000004DCB0000CB
:10D92C00000000004DCB0000000000004DCB0000BB
:10D93C00000000004DCB00000000000065750000E9
:10D94C00000000004DCB0000000000004DCB00009B
:10D95C00000000004DCB0000000000004DCB00008B
:10D96C00000000004DCB0000000000004DCB00007B
:10D97C00000000004DCB0000000000004DCB00006B
:10D98C00000000004DCB0000000000004DCB00005B
:10D99C00000000004DCB0000000000004DCB00004B
:10D9AC00000000004DCB0000000000004DCB00003B
:10D9BC00000000004DCB0000000000004DCB00002B
:10D9CC00000000004DCB0000000000004DCB00001B
:10D9DC00C98D000021D10000000000004DCB0000DB
:10D9EC00000000004DCB0000000000004DCB0000FB
:10D9FC00000000004DCB0000000000004DCB0000EB
:10DA0C00000000004DCB0000000000004DCB0000DA
:10DA1C00000000004DCB0000000000004DCB0000CA
:10DA2C00000000004DCB0000000000004DCB0000BA
:10DA3C00000000004DCB0000000000004DCB0000AA
:10DA4C005149000021D10000C990000021D10000F3
:10DA5C00000000004DCB0000000000004DCB00008A
:10DA6C00000000004DCB0000000000004DCB00007A
:10DA7C00000000004DCB0000000000004DCB00006A
:10DA8C00000000004DCB0000000000004DCB00005A
:10DA9C00000000004DCB0000000000004DCB00004A
:10DAAC00000000004DCB0000000000004DCB00003A
:08DABC00000000004DCB00004A
:10DAC800F003002060240020000400000535000059
:10DAD8000000000000000000000000000E00000030
:10DAE8000000000096F000000000000000000000A8
:10DAF800915A0000F3CD0000FFCD000013CE0000C6
:10DB08001DCE000027CE0000AD5900008D58000042
:04DB18000000000009
:10DB1C007560000067CE000095650000FD5D00009B
:04DB2C00CD630000C5
:10DB300059550000EDCD0000A9CD00000000000007
:0CDB400021540000000000000000000064
:0CDB4C007BD000000D7300006DD00000C5
:10DB5800EBE2000003000000F5F400000300000001
:10DB6800B4FA0000030000003CFA000003000000C3
:10DB78000AF900000300000096F00000030000000E
:10DB8800D5F900000300000046FA00000300000079
:10DB98005EF100000300000019E20000040000002C
:10DBA8006CED0000030000007CF40000030000009E
:10DBB800F2FD0000030000005CEE0000030000001E
:10DBC8008EFA0000030000004FE700000300000089
:10DBD800DAE500000300000015F000000300000073
:10DBE8002BF400000300000080E7000003000000A1
:08DBF800A0E20000040000009F
:10DC000000000000490400000000000074D800007B
:08DC10001936000060D8000085
:10DC2000CAFE00000001000000000000000000002B
:10DC30000338FDD87047000038D80000CC00000041
:10DC40006C0200200500000004000000ABE20000B0
:10DC50001E0000000A0000002C010000000E080059
:10DC60000106000000000000C3C500000000000025
:10DC70002FCB00001C000020140000200C0000200E
:10DC800000000000040000208D2100005D20000045
:10DC9000B12000002521000000000020000000004D
:10DCA0000600010002000000ACDC000000000000E3
:10DCB0001AEE000006000000E0FF0F000000002048
:10DCC00022EE000021000000E0FF06207D31000070
:10DCD00023CC0000000000000000000074D8000009
:10DCE0001CE000007700000007110000113900005F
:10DCF00000000000E5530000CD54000000000000CB
:10DD0000815600008D550000D4F40000CFCD0000F6
:10DD1000E1CD0000DAF40000C9CD0000DBCD000049
:10DD2000E0F40000C3CD0000D5CD0000EAF400000F
:10DD3000FFFF0000002884500000000001000000E8
:10DD400000D0005000000000FFFFFFFF00258450BE
:10DD5000000000000000000000D0005000000000A3
:10DD6000D55E00000080025000000000FFFFFFFFB2
:10DD7000FFFFFFFFFFFFFFFFFFFFFFFFFFFFFFFFB3
:10DD80000700000001010000000000200000000169
:10DD9000010000009CDD0000010000000080025036
:10DDA000A8DD000001000000B0DD0000040000005C
:10DDB0002F00000D2C00000F2D0000122E0000116E
:10DDC000C8DE000005110000881300008813000061
:10DDD0006400000010270000204E00003200000008
:10DDE0000100000000000000492400203824002029
:10DDF0002724002016240020C1230020A0DE0000DC
:10DE000018DE0000EC200020156600000000000075
:10DE10000000000000000000FCD700001900010015
:10DE2000FCD7000016000100FCD700001A0001001A
:10DE3000FCD7000018000100FCD70000140001000E
:10DE4000E8D7000008000100FCD700000600010030
:10DE5000E8D7000000000100E8D700000100010041
:10DE6000FCD7000005000100FCD700000400010001
:10DE7000E8D700000B000100FCD700001F000100E4
:10DE8000FCD700001E000100E8D700000A000100D6
:10DE9000FCD700001D000100FCD700001C000100A1
:10DEA000E8D7000005001100FCD7000017001100A2
:10DEB000E8D7000006001100FCD700001300110095
:10DEC000FCD7000007001100916800000D670000FA
:10DED000216600001E00000004000000ECDE0000CF
:10DEE000280A0020456D000000000000FCD700005B
:10DEF000170011000B000000FCD7000018001100F3
:10DF000002000000FCD70000080011000300000020
:10DF1000FCD7000009001100040000000080005040
:10DF2000010000000000000040DF00000000D601FA
:10DF300000000000000000005B2400205A240020A4
:10DF4000008000504CDF00000100000054DF0000A2
:10DF50000400000014000000130000021606000177
:10DF60001506000387FD000095FD0000A9FD0000D7
:10DF7000B8FD0000C4FD000024D7000024D7000035
:10DF800074D700007CD70000D4D70000D4D700009D
:10DF9000FF8FFFFFFF8FFFFFFE8FFFFFFE8FFFFF53
:10DFA000FD8FFFFFFC8FFFFFFC8FFFFFFB8FFFFF4D
:10DFB0006D757465785F667265652063616C6C650C
:10DFC000642077697468204E554C4C2070617261F2
:10DFD0006D6574657200000043616E277420696E80
:10DFE000697469616C697A65206D757465782C2037
:10DFF000776173204E554C4C0D0A0000436F756CD1
:10E0000064206E6F74206C6F636B20706F77657225
:10E010002073617665206D757465780000000000DE
:10E02000B800B900BA0000000000000000000000C5
:10E03000A500A400A3007100000000000000000083
:10E0400000003C003D003E0000003F004000410059
:10E0500042004300440057005800D20046007700B9
:10E060002900020003000400050006000700080064
:10E0700009000A000B000C000D000E006E00660087
:10E0800068000F00100011001200130014001500AA
:10E0900016001700180019001A001B002B006F0053
:10E0A0006B006D003A001E001F00200021002200BE
:10E0B0002300240025002600270028001C00000063
:10E0C0000000000000002A002C002D002E002F0070
:10E0D00030003100320033003400350036000000DB
:10E0E00000000000670000001D007D0038000000F7
:10E0F0000000390000000000640000008B00610097
:10E10000BB00000069006C006A00200000003000C5
:10E110000100400002006000030080000400C00015
:10E12000050000010600800107000002080004014C
:10E130000001240120010200010000020001484901
:10E14000445F30004552524F523A2043616E6E6F29
:10E15000742066696E64204849442064657669636A
:10E16000650A004552524F523A204661696C656417
:10E1700020746F20696E697469616C697A652055D5
:10E180005342204849442028657272202564290A98
:10E19000004552524F523A204661696C65642074C2
:10E1A0006F20656E61626C65205553422028657250
:10E1B00072202564290A00327832204B657970611B
:10E1C0006420484944206170706C69636174696FB0
:10E1D0006E2072656164792E0A0005010906A101AD
:10E1E000050719E029E71500250175019508810249
:10E1F0007508950181037501950505081901290523
:10E200009102750395019103750895061500256522
:10E210000507190029658100C06D61696E002563DD
:10E220003A2049325320636F6E66696775726520C4
:10E230006661696C656420282564290A0025633AB3
:10E240002025733A20696E76616C696420636F6C77
:10E250006F7572206D617070696E670A0025633A90
:10E2600020545820736C616220616C6C6F6320666F
:10E2700061696C656420282564290A0025633A20B9
:10E280006932735F7772697465206661696C656471
:10E2900020282564290A0077733238313240300053
:10E2A0007773323831325F69327300020103000440
:10E2B000574553545F544F504449522F7A65706804
:10E2C00079722F6C69622F686561702F6865617063
:10E2D0002E6300415353455254494F4E2046414905
:10E2E0004C20402025733A25640A006362707269ED
:10E2F0006E74665F7061636B616765004661696C2F
:10E30000656420746F207265626F6F743A20737059
:10E31000696E6E696E6720656E646C6573736C7987
:10E320002E2E2E0A00574553545F544F50444952E5
:10E330002F7A65706879722F6C69622F7574696CB9
:10E34000732F6F6E6F66662E6300574553545F548C
:10E350004F504449522F7A65706879722F696E6305
:10E360006C7564652F7A65706879722F7370696E49
:10E370006C6F636B2E6800574553545F544F504485
:10E3800049522F7A65706879722F6C69622F7574A3
:10E39000696C732F6E6F746966792E6300574553ED
:10E3A000545F544F504449522F7A65706879722FE8
:10E3B0007375627379732F7573622F646576696301
:10E3C000652F7573625F6465766963652E630025EA
:10E3D000633A20456E64706F696E74203078253022
:10E3E000327820697320696E76616C69640A002551
:10E3F000633A20456E64706F696E74203078253002
:10E40000327820616C72656164792064697361623D
:10E410006C65640A0025633A204661696C65642076
:10E42000746F2064697361626C6520656E64706FDF
:10E43000696E74203078253032780A0025633A20DE
:10E440005365742068616C742065702030782530C5
:10E4500032780A0025633A20436C65617220686156
:10E460006C74206570203078253032780A0025637E
:10E470003A20456E64706F696E74203078253032B2
:10E480007820616C726561647920636F6E6669677C
:10E49000757265640A0025633A204661696C65649B
:10E4A00020746F20636F6E66696775726520656E94
:10E4B00064706F696E74203078253032780A0025D8
:10E4C000633A20456E64706F696E74203078253031
:10E4D000327820616C726561647920656E61626C6E
:10E4E00065640A0025633A204661696C656420749E
:10E4F0006F20656E61626C6520656E64706F696E19
:10E5000074203078253032780A0025633A2046613D
:10E51000696C656420746F20777269746520656E1C
:10E5200064706F696E7420627566666572203078FB
:10E53000253032780A0025633A205265717565737B
:10E54000742062756666657220746F6F20736D61EA
:10E550006C6C0A0025633A20555342206465766945
:10E56000636520737570706F727420616C72656181
:10E57000647920656E61626C65640A0025633A20E7
:10E580004661696C656420746F20636F6E666967AD
:10E590007572652055534220646576696365207302
:10E5A0007461636B0A0025633A204572726F6E6571
:10E5B0006F75732064657669636520646573637243
:10E5C0006970746F72206F7220624D617850616360
:10E5D0006B657453697A65300A007573625F6465B0
:10E5E0007669636500303132333435363738394136
:10E5F000424344454600574553545F544F504449A5
:10E60000522F7A65706879722F7375627379732FE0
:10E610007573622F6465766963652F7573625F64D5
:10E62000657363726970746F722E630025633A209C
:10E630005468657265206973206E6F207573625F20
:10E640006366675F6461746120666F722025700A7B
:10E650000025633A20556E696E697469616C697A48
:10E660006564207573625F6366675F6461746120CF
:10E67000706F696E7465722C20636F72727570743E
:10E680006564206465766963652064657363726997
:10E6900070746F723F0A0025633A204661696C65A9
:10E6A0006420746F2076616C696461746520656EA6
:10E6B00064706F696E74730A0025633A207468652C
:10E6C000206E657720534E206465736372697074A1
:10E6D0006F7220646F65736E2774206861766520A1
:10E6E0007468652073616D65206C656E6774682061
:10E6F000617320434F4E4649475F5553425F44453F
:10E70000564943455F534E0A0025633A20496E63DC
:10E710006F6D706C657465206465766963652064EF
:10E72000657363726970746F720A0025633A2046DC
:10E7300061696C656420746F206669787570205516
:10E7400053422064657363726970746F720A007556
:10E7500073625F64657363726970746F72002563BE
:10E760003A205472616E73666572206572726F72C0
:10E770002025642C206570203078253032780A00FE
:10E780007573625F7472616E73666572002A2A2AFD
:10E7900020426F6F74696E67206E524620436F6E21
:10E7A0006E6563742053444B2076332E302E312D0A
:10E7B000396562353631356461363662202A2A2A57
:10E7C0000A002A2A2A205573696E67205A657068E4
:10E7D0007972204F532076342E302E39392D373729
:10E7E00066383635623866386430202A2A2A0A00AC
:10E7F0006D757465785F696E69742063616C6C65B2
:10E80000642077697468204E554C4C2070617261A9
:10E810006D6574657200436F756C64206E6F742053
:10E82000616C6C6F63617465206D757465782062CE
:10E8300065666F726520696E697469616C697A6971
:10E840006E670025633A2072302F61313A20203004
:10E850007825303878202072312F61323A202030EC
:10E860007825303878202072322F61333A202030DA
:10E8700078253038780A0025633A2072332F6134C6
:10E880003A2020307825303878207231322F697064
:10E890003A2020307825303878207231342F6C724D
:10E8A0003A20203078253038780A0025633A202035
:10E8B000787073723A20203078253038780A002535
:10E8C000633A204661756C74696E6720696E737473
:10E8D00072756374696F6E2061646472657373200E
:10E8E000287231352F7063293A20307825303878F6
:10E8F0000A0025633A20556E68616E646C65642079
:10E900004952516E3A2025640A0025633A202A2A8A
:10E910002A2A2A205553414745204641554C542028
:10E920002A2A2A2A2A0A0025633A202020446976C6
:10E930006973696F6E206279207A65726F0A0025AB
:10E94000633A202020556E616C69676E6564206DA6
:10E95000656D6F7279206163636573730A00256367
:10E960003A202020537461636B206F766572666C69
:10E970006F772028636F6E746578742061726561AB
:10E98000206E6F742076616C6964290A0025633AF1
:10E990002020204E6F20636F70726F636573736FFA
:10E9A0007220696E737472756374696F6E730A0096
:10E9B00025633A202020496C6C6567616C206C6F80
:10E9C0006164206F66204558435F52455455524E4E
:10E9D00020696E746F2050430A0025633A2020207E
:10E9E000496C6C6567616C20757365206F66207477
:10E9F000686520455053520A0025633A2020204183
:10EA00007474656D707420746F20657865637574B7
:10EA10006520756E646566696E656420696E7374E1
:10EA200072756374696F6E0A0025633A202A2A2A78
:10EA30002A2A20425553204641554C54202A2A2A3E
:10EA40002A2A0A0025633A202020537461636B69E7
:10EA50006E67206572726F720A0025633A2020206B
:10EA6000556E737461636B696E67206572726F7245
:10EA70000A0025633A20202050726563697365207F
:10EA80006461746120627573206572726F720A002E
:10EA900025633A2020204246415220416464726539
:10EAA00073733A20307825780A0025633A202020B5
:10EAB000496D707265636973652064617461206279
:10EAC0007573206572726F720A0025633A202020E8
:10EAD000496E737472756374696F6E20627573200A
:10EAE0006572726F720A0025633A202020466C6FAF
:10EAF0006174696E672D706F696E74206C617A79CC
:10EB000020737461746520707265736572766174C8
:10EB1000696F6E206572726F720A0025633A202A4F
:10EB20002A2A2A2A204D5055204641554C54202A45
:10EB30002A2A2A2A0A0025633A2020205374616376
:10EB40006B696E67206572726F722028636F6E74D6
:10EB50006578742061726561206D696768742062F0
:10EB600065206E6F742076616C6964290A002563E4
:10EB70003A202020446174612041636365737320EF
:10EB800056696F6C6174696F6E0A0025633A2020C4
:10EB9000204D4D46415220416464726573733A20A2
:10EBA000307825780A0025633A202020496E737456
:10EBB00072756374696F6E20416363657373205669
:10EBC000696F6C6174696F6E0A00574553545F54E6
:10EBD0004F504449522F7A65706879722F61726381
:10EBE000682F61726D2F636F72652F636F7274652A
:10EBF000785F6D2F6661756C742E63005265736566
:10EC00007276656420457863657074696F6E20283C
:10EC10000053707572696F757320696E74657272D6
:10EC20007570742028495251200025633A205350B2
:10EC300053454C20696E20746872656164206D6F65
:10EC4000646520646F6573206E6F7420696E6469FB
:10EC500063617465205053500A0025633A202A2AC4
:10EC60002A2A2A2048415244204641554C54202A01
:10EC70002A2A2A2A0A0025633A2020204275732076
:10EC80006661756C74206F6E20766563746F722098
:10EC90007461626C6520726561640A0025633A20C4
:10ECA00020204465627567206576656E740A0025CC
:10ECB000633A2020204661756C7420657363616C33
:10ECC0006174696F6E20287365652062656C6F776B
:10ECD000290A0025633A20415243485F455843457D
:10ECE0005054207769746820726561736F6E2025B7
:10ECF000780A0A0025633A202A2A2A2A2A2044650B
:10ED0000627567206D6F6E69746F722065786365D8
:10ED10007074696F6E202A2A2A2A2A0A0025633A0B
:10ED2000202A2A2A2A2A20257320256429202A2AF3
:10ED30002A2A2A0A00574553545F544F50444952D7
:10ED40002F7A65706879722F617263682F61726DB6
:10ED50002F636F72652F636F727465785F6D2F69B3
:10ED600072715F6D616E6167652E63006D70750015
:10ED700025633A204661696C656420746F20616C7C
:10ED80006C6F63617465206E6577204D50552072FD
:10ED90006567696F6E2025750A0A0025633A205061
:10EDA0006172746974696F6E2025753A2073616EA3
:10EDB00069747920636865636B206661696C65645A
:10EDC0002E0A0025633A20496E76616C69642075CD
:10EDD0006E6465726C79696E6720726567696F6EC3
:10EDE00020696E6465782025750A00574553545F85
:10EDF000544F504449522F7A65706879722F61726E
:10EE000063682F61726D2F636F72652F6D70752F40
:10EE100061726D5F6D70752E6300464C4153485FA3
:10EE200030005352414D5F3000574553545F544FAB
:10EE3000504449522F6D6F64756C65732F68616C17
:10EE40002F6E6F726469632F6E7266782F68616CC3
:10EE50002F6E72665F6770696F2E6800736F630054
:10EE60000000000125633A204465766963652064EB
:10EE7000617461206E6F7420666F756E6420666FBA
:10EE80007220696E746572666163652025750A007B
:10EE900025633A2044657669636520646174612066
:10EEA0006E6F7420666F756E6420666F7220656E7B
:10EEB00064706F696E742025750A0025633A2044DA
:10EEC00065766963652064617461206E6F74206685
:10EED0006F756E6420666F72206366672025700A06
:10EEE0000025633A20446576696365206572726F18
:10EEF000720A0025633A204465766963652072656D
:10EF00007365742064657465637465640A002563C1
:10EF10003A2044657669636520636F6E6E6563743D
:10EF200065640A0025633A20446576696365206359
:10EF30006F6E666967757265640A0025633A2044DE
:10EF4000657669636520646973636F6E6E6563746B
:10EF500065640A0025633A20446576696365207319
:10EF6000757370656E6465640A0025633A204465B4
:10EF70007669636520726573756D65640A00256343
:10EF80003A2066726F6D2073757370656E640A0047
:10EF900025633A20556E6B6E6F776E206576656ED1
:10EFA000740A0025633A207756616C756520736892
:10EFB0006F756C6420626520300A0025633A205525
:10EFC0006E68616E646C65642072657175657374DA
:10EFD000203078253032780A0025633A20556E7348
:10EFE0007570706F727465642070726F746F636F88
:10EFF0006C3A2025750A0025633A204465766963DA
:10F0000065206973206E6F7420636F6E6669677523
:10F010007265640A007573625F6869640025633A0B
:10F02000206B5F6D7367715F676574206572726FC7
:10F03000723A2025640A00574553545F544F504498
:10F0400049522F7A65706879722F7375627379737C
:10F050002F696E7075742F696E7075742E6300253C
:10F06000633A204576656E742064726F70706564D3
:10F070002C2071756575652066756C6C2C206E6F23
:10F080007420626C6F636B696E6720696E207379A0
:10F090007377712E0A00696E7075740000291E1F47
:10F0A00020212223242526272D2E2A2B141A081549
:10F0B000171C180C12132F302800041607090A0B0E
:10F0C0000D0E0F33343500311D1B06190511103696
:10F0D00037380055002C393A3B3C3D3E3F404142D9
:10F0E0004353475F6061565C5D5E57595A5B6200EF
:10F0F0000000004445000000000000005800544695
:10F1000000004A524B504F4D514E494C00000000F8
:10F110000000004825633A20696E707574206465AC
:10F1200076696365206E6F742072656164790A0088
:10F1300025633A206B65796D6170206576656E7424
:10F14000206F7574206F662072616E67653A207259
:10F150006F773D257520636F6C3D25750A00696EDC
:10F160007075745F6B65796D617000757362645F53
:10F17000776F726B7100574553545F544F50444939
:10F18000522F7A65706879722F647269766572732E
:10F190002F7573622F6465766963652F7573625F7F
:10F1A00064635F6E7266782E630025633A20555360
:10F1B0004244206576656E7420616C6C6F63617487
:10F1C000696F6E206661696C6564210A0025633A87
:10F1D0002055534244206576656E74206D656D6FD1
:10F1E000727920636F727275707465640A002563AA
:10F1F0003A20556E6B6E6F776E2055534220706FBC
:10F20000776572206576656E742025640A00256333
:10F210003A20556E6578706563746564206576651F
:10F220006E7420286E7266785F75736264293A2066
:10F2300025642C206570203078253032780A00252E
:10F24000633A205F65705F7374617475735F67659F
:10F2500074206661696C65642120436F64653A209F
:10F2600025640A0025633A206E6F7420617474610E
:10F27000636865642C204550203078253032782032
:10F280006576656E742064726F707065640A00251F
:10F29000633A206E52462055534244207472616E88
:10F2A00073666572206572726F7220284F555429FB
:10F2B0003A203078253032780A0025633A204661BA
:10F2C000696C656420746F20616C6C6F6320657677
:10F2D000740A0025633A2055534244206576656ED2
:10F2E000742071756575652066756C6C210A002542
:10F2F000633A20556E6B6E6F776E205553424420F3
:10F300006576656E743A202568640A0025633A20A4
:10F31000696E76616C696420656E64706F696E7485
:10F3200020636F6E66696775726174696F6E0A003B
:10F3300025633A20696E76616C696420656E64703D
:10F340006F696E7420696E6465782F61646472659C
:10F3500073730A0025633A20696E76616C696420D4
:10F36000656E64706F696E7420747970650A00252B
:10F37000633A2069736F20656E64706F696E7420E4
:10F3800063616E206F6E6C792062652069736F0A0D
:10F390000025633A204550206D6178207061636BD1
:10F3A00065742073697A65206D75737420626520B9
:10F3B0006120706F776572206F6620320A002563C6
:10F3C0003A205354414C4C20756E737570706F72B7
:10F3D000746564206F6E2049534F20656E64706FB2
:10F3E000696E740A0025633A20456E64706F696E19
:10F3F0007420307825303278206973206E6F742045
:10F40000656E61626C65640A0025633A206E52463F
:10F410002055534244207772697465206572726F7B
:10F42000723A2025640A00010002037573625F6E60
:10F4300072667800574553545F544F504449522FD9
:10F440007A65706879722F647269766572732F7548
:10F4500073622F636F6D6D6F6E2F6E72665F757363
:10F4600062645F636F6D6D6F6E2F6E72665F757332
:10F4700062645F636F6D6D6F6E2E63006E72665FA8
:10F48000757362645F636F6D6D6F6E0057455354A3
:10F490005F544F504449522F7A65706879722F64D7
:10F4A0007269766572732F636C6F636B5F636F6EE7
:10F4B00074726F6C2F636C6F636B5F636F6E7472CB
:10F4C0006F6C5F6E72662E6300636C6F636B4035AA
:10F4D000303030006866636C6B006C66636C6B0088
:10F4E0006866636C6B3139326D006866636C6B61A2
:10F4F0007564696F00636C6F636B5F636F6E7472CA
:10F500006F6C00574553545F544F504449522F7A03
:10F5100065706879722F696E636C7564652F7A65A2
:10F52000706879722F647269766572732F6770697B
:10F530006F2F6770696F5F7574696C732E68005701
:10F540004553545F544F504449522F7A657068793F
:10F55000722F647269766572732F6770696F2F6797
:10F5600070696F5F6E7266782E63006770696F40B6
:10F57000383432383030006770696F403834323593
:10F5800030300025633A204661696C656420746FF1
:10F5900020616C6C6F63617465206E6578742052B5
:10F5A00058206275666665723A2025640A002563F4
:10F5B0003A204E6F2054582062756666657220614D
:10F5C0007661696C61626C650A0025633A20466168
:10F5D000696C656420746F207374617274204932A1
:10F5E00053207472616E736665723A2030782530EC
:10F5F00038780A00574553545F544F504449522FAE
:10F600007A65706879722F647269766572732F6992
:10F6100032732F6932735F6E7266782E63002563D2
:10F620003A2043616E6E6F74207772697465206949
:10F630006E2073746174653A2025640A0025633A6C
:10F640002054686973206465766963652063616E20
:10F65000206F6E6C7920777269746520626C6F63BD
:10F660006B7320757020746F202575206279746526
:10F67000730A0025633A2043616E6E6F74207265D1
:10F680006163717569726520717565756564206265
:10F6900075666665720A0025633A204E65787420A7
:10F6A00062756666657273206E6F74207375707014
:10F6B0006C696564206F6E2074696D650A0025634E
:10F6C0003A204E6F20726F6F6D20696E2052582065
:10F6D00071756575650A0025633A2043616E6E6F2A
:10F6E0007420636F6E66696775726520696E20733A
:10F6F000746174653A2025640A0025633A205468D1
:10F700006973206465766963652063616E20747235
:10F71000616E73666572206F6E6C792066756C6CB5
:10F720002033322D62697420776F7264730A00256A
:10F73000633A20556E737570706F727465642077CC
:10F740006F72642073697A653A2025750A00256313
:10F750003A20556E737570706F72746564206461C1
:10F76000746120666F726D61743A20307825303292
:10F77000780A0025633A20556E737570706F727445
:10F7800065642073747265616D20666F726D61745B
:10F790003A203078253032780A0025633A20556EB9
:10F7A000737570706F72746564206E756D626572CA
:10F7B000206F66206368616E6E656C733A202575F4
:10F7C0000A0025633A20556E737570706F72746508
:10F7D00064206F7065726174696F6E206D6F64650F
:10F7E0003A203078253032780A0025633A204932B1
:10F7F00053204D434B206672657175656E63793A8F
:10F800002025752C2061637475616C2050434D2058
:10F81000726174653A2025750A0025633A20556E99
:10F82000737570706F72746564206F7074696F6E39
:10F83000733A203078253032780A0025633A205414
:10F840005820616E6420525820636F6E6669677538
:10F85000726174696F6E7320617265206469666697
:10F860006572656E740A0025633A20496E76616C94
:10F87000696420747269676765723A2025640A00BA
:10F8800025633A20496E617070726F70726961749D
:10F89000652074726967676572202825642F256466
:10F8A000292C206163746976652073747265616DBB
:10F8B0002873293A2025640A0025633A20466169A5
:10F8C0006C656420746F20696E697469616C697A13
:10F8D00065204932533A203078253038780A00259F
:10F8E000633A204661696C656420746F20726571AB
:10F8F0007565737420636C6F636B3A2025640A002E
:10F90000693273403238303030006932735F6E7262
:10F91000667800574553545F544F504449522F7AEC
:10F9200065706879722F696E636C7564652F7A658E
:10F93000706879722F647269766572732F67706967
:10F940006F2E680025633A2050696E202564206977
:10F950006E7465727275707420636F6E6669677518
:10F96000726174696F6E206661696C65643A202506
:10F97000640A0025633A202573206973206E6F7432
:10F980002072656164790A0025633A2050696E200F
:10F99000256420636F6E66696775726174696F6E46
:10F9A000206661696C65643A2025640A0025633A23
:10F9B00020436F756C64206E6F74207365742067CC
:10F9C00070696F2063616C6C6261636B0A006B65C8
:10F9D0007970616400696E7075745F6770696F5FDC
:10F9E0006B62645F6D61747269780025633A2069A7
:10F9F0006E7465727275707420636F6E6669677578
:10FA0000726174696F6E206661696C65643A202565
:10FA1000640A0025633A206B65795F696E646578D6
:10FA200020256420676574206661696C65643A20EE
:10FA300025640A00627574746F6E73006770696F75
:10FA40005F6B65797300696E7075745F6B62645F7C
:10FA50006D61747269780000010203040506070BEA
:10FA600025633A204661696C656420746F20616C7F
:10FA70006C6F6361746520505049204368616E6EFD
:10FA8000656C0A0075617274403830303000756101
:10FA900072745F6E7266785F75617274650025635B
:10FAA0003A20526573657474696E67207379737454
:10FAB000656D0A00666174616C5F6572726F7200D9
:10FAC00000000001010100000100000057455354EF
:10FAD0005F544F504449522F6D6F64756C65732F9E
:10FAE00068616C2F6E6F726469632F6E7266782F17
:10FAF00068616C2F6E72665F647070692E68005763
:10FB00004553545F544F504449522F6D6F64756C88
:10FB100065732F68616C2F6E6F726469632F6E72EC
:10FB200066782F68656C706572732F6E7266785F89
:10FB3000677070695F647070692E63005745535435
:10FB40005F544F504449522F6D6F64756C65732F2D
:10FB500068616C2F6E6F726469632F6E7266782FA6
:10FB6000647269766572732F7372632F6E72667832
:10FB70005F636C6F636B2E63000C04241C5745534A
:10FB8000545F544F504449522F6D6F64756C6573C8
:10FB90002F68616C2F6E6F726469632F6E72667866
:10FBA0002F68616C2F6E72665F6770696F74652E67
:10FBB0006800574553545F544F504449522F6D6F5E
:10FBC00064756C65732F68616C2F6E6F7264696306
:10FBD0002F6E7266782F647269766572732F7372F6
:10FBE000632F6E7266785F6770696F74652E63004D
:10FBF0000020303030303030303030303030303045
:10FC00000001574553545F544F504449522F6D6F74
:10FC100064756C65732F68616C2F6E6F72646963B5
:10FC20002F6E7266782F647269766572732F7372A5
:10FC3000632F6E7266785F6932732E630057455387
:10FC4000545F544F504449522F6D6F64756C657307
:10FC50002F68616C2F6E6F726469632F6E726678A5
:10FC60002F647269766572732F7372632F6E72667A
:10FC7000785F706F7765722E630001000000574552
:10FC800053545F544F504449522F6D6F64756C65E7
:10FC9000732F68616C2F6E6F726469632F6E72666A
:10FCA000782F647269766572732F7372632F6E7228
:10FCB00066785F7573627265672E630057455354AB
:10FCC0005F544F504449522F7A65706879722F6B98
:10FCD00065726E656C2F6465766963652E63005589
:10FCE0006E6B6E6F776E206572726F7200756E6BE1
:10FCF0006E6F776E0025633A203E3E3E205A455097
:10FD000048595220464154414C204552524F5220AE
:10FD100025643A202573206F6E20435055202564BA
:10FD20000A0025633A204661756C74206475726917
:10FD30006E6720696E746572727570742068616E8A
:10FD4000646C696E670A0A0025633A204375727213
:10FD5000656E74207468726561643A20257020288D
:10FD60002573290A00574553545F544F5044495254
:10FD70002F7A65706879722F6B65726E656C2F666D
:10FD80006174616C2E630043505520657863657023
:10FD900074696F6E00556E68616E646C656420698D
:10FDA0006E7465727275707400537461636B206F4A
:10FDB000766572666C6F77004B65726E656C206F4E
:10FDC0006F7073004B65726E656C2070616E696355
:10FDD00000574553545F544F504449522F7A657031
:10FDE0006879722F6B65726E656C2F696E69742EFF
:10FDF00063006F7300574553545F544F504449524A
:10FE00002F7A65706879722F6B65726E656C2F6DD5
:10FE1000656D5F736C61622E6300574553545F5488
:10FE20004F504449522F7A65706879722F6B657212
:10FE30006E656C2F696E636C7564652F6B73636898
:10FE400065642E6800574553545F544F50444952DF
:10FE50002F7A65706879722F6B65726E656C2F6989
:10FE6000646C652E6300574553545F544F504449AA
:10FE7000522F7A65706879722F6B65726E656C2F80
:10FE80006D73675F712E6300574553545F544F5035
:10FE90004449522F7A65706879722F6B65726E656E
:10FEA0006C2F6D757465782E6300574553545F54FD
:10FEB0004F504449522F7A65706879722F6B657282
:10FEC0006E656C2F73656D2E6300737973776F7237
:10FED0006B7100574553545F544F504449522F7A29
:10FEE00065706879722F6B65726E656C2F776F72B3
:10FEF0006B2E6300574553545F544F504449522F63
:10FF00007A65706879722F6B65726E656C2F746894
:10FF1000726561642E6300574553545F544F5044DB
:10FF200049522F7A65706879722F6B65726E656CB5
:10FF30002F73636865642E6300574553545F544FB5
:10FF4000504449522F7A65706879722F6B65726ED2
:10FF5000656C2F696E636C7564652F6B7468726570
:10FF600061642E6800574553545F544F50444952C2
:10FF70002F7A65706879722F6B65726E656C2F745D
:10FF8000696D65736C6963696E672E6300574553CD
:10FF9000545F544F504449522F7A65706879722FDC
:10FFA0006B65726E656C2F74696D656F75742E6309
:10FFB00000574553545F544F504449522F7A65704F
:10FFC0006879722F6B65726E656C2F6D656D706FE1
:10FFD0006F6C2E6300574553545F544F5044495241
:10FFE0002F7A65706879722F6B65726E656C2F6BF6
:10FFF000686561702E6300286E756C6C29002A6636
:020000021000EC
:080000006C6F61742A0000001E
:100008006BC90000A00200203A000000B4020020E2
:100018003A0000008C0200203A000000C8020020CC
:100028003A0000000000000019CC000000000000A9
:10003800000000009932000080000000000000006D
:1000480000000000000000000000000000000000A8
:100058000000000000000000000000000000000098
:100068000000000000000000000000000000000088
:100078000000000000000000000000000000000078
:100088000000000000000000000000000000000068
:100098000000000000000000000000000000000058
:1000A8000000000000000000000000000000000048
:1000B8000000000000000000000000000000000038
:1000C8000000000000000000000000000000000028
:1000D8000000000000000000000000000000000018
:1000E8000000000000000000000000000000000008
:1000F80000000000000000000000000000000000F8
:1001080000000000000000000000000000000000E7
:1001180000000000000000000000000000000000D7
:1001280064DD000000000000010000000000000085
:100138000090D0030070015000000000FFFFFFFF97
:100148003F000000FFFFFFFF3F000000000000002D
:100158000000000000000000000000000000000097
:100168000000000000000000000000000000000087
:100178000000000000000000000000000000000077
:100188000000000000000000000000000000000067
:100198000000000000000000000000000000000057
:1001A8000000000000000000000000000000000047
:1001B800000000000000000000000000080000002F
:1001C800FF00000000000000030000000000000025
:1001D800D0010020D00100200000000021BE000056
:1001E8001C020020140200200C0200200000000065
:1001F800040200204DBF000099BE0000CDBE0000E3
:1002080015BF0000C42100203A00003AC821002090
:100218003A00003ACC2100203A00003AD0210020D0
:100228003A00003A2C020020F0010020E8010020EA
:08023800E4010020E0010020B8
:1002400000000000000000000000000000000000AE
:0402500000000000AA
:100254004C0200204C02002000000000F83F002067
:100264000000000020000000140000000000000056
:100274006C0200206C02002000000000A03D002061
:100284000000000002000000CC000000000000009C
:100294008C0200208C0200200000000000000000FE
:1002A4000E000000A0020020A002002000000000B8
:1002B400000000000E000000B4020020B402002080
:1002C40000000000000000000E000000C802002032
:1002D400C802002000000000000000000E00000022
:1002E400DC020020DC02002000000000000000000E
:0402F4000E000000F8
:1002F800F0020020F0020020000000000C000000C6
:1003080010000000383F0020F83F0020383F002050
:0C031800383F0020000000000000000042
:100324001C0300201C030020010000000100000049
:10033400000000000000000000000000380300205E
:04034400380300205A
:100348001201000200000040E22F04000004010234
:10035800030109020000000100E032090400000165
:100368000301000009211101000122000007058096
:1003780003100009040309040E035A6570687972B2
:100388000000000000001E03327832204B657970AF
:10039800616420484944000000000000000000009B
:1003A8000000000022033031323334353637383913
:1003B80041424344454600000000000000000000A0
:0803C80000000000000000002D
:1003D000000000005B03002033CC0000D932000095
:1003E000D1330000000000000D32000001000000C9
:0403F00034000020B5
:0403F40015E015E01B
:04000003000027BD15
:00000001FF
