:020000040000FA
:10000000A8380020C1260000A9C80000AD260000C5
:10001000AD260000AD260000AD260000AD26000094
:100020000000000000000000000000001D2800008B
:10003000AD26000000000000BD270000AD26000036
:10004000CD290000CD290000CD290000CD290000D8
:10005000CD290000CD290000CD290000CD290000C8
:10006000CD290000CD290000CD290000CD290000B8
:10007000CD290000CD290000CD290000CD290000A8
:10008000CD290000CD290000CD290000CD29000098
:10009000CD290000CD290000CD290000CD29000088
:1000A000CD290000CD290000CD290000CD29000078
:1000B000CD290000CD290000CD290000CD29000068
:1000C000CD290000CD290000CD290000CD29000058
:1000D000CD290000CD290000CD290000CD29000048
:1000E000CD290000CD290000CD290000CD29000038
:1000F000CD290000CD290000CD290000CD29000028
:10010000CD290000CD290000CD290000CD29000017
:10011000CD290000CD290000CD290000CD29000007
:10012000CD290000CD290000CD290000CD290000F7
:10013000CD290000CD290000CD290000CD290000E7
:10014000CD290000CD290000CD290000CD290000D7
:10015000CD29000053B94AB9002908BF00281CBFA7
:100160004FF0FF314FF0FF3000F00CB8ADF1080C4C
:100170006DE904CE00F01AF8DDF804E0DDE90223B1
:1001800004B07047704700BF10F8012B11F8013B15
:10019000012A28BF9A42F7D0D01A7047034613F8B5
:1001A000012B002AFBD1181A013870472DE9F047BE
:1001B00086468C460846089E154674461946002B0E
:1001C00040F0C1808542B2FA82F245D94AB1C2F10B
:1001D000200300FA02FC954094402EFA03F343EA10
:1001E0000C0C4FEA154EA8B2230CBCFBFEF80EFB1C
:1001F00018CC08FB00F943EA0C43994528D9EB18C1
:1002000008F1FF3704D2994502D9A8F102072B441F
:10021000A3EB0903A4B2B3FBFEFC0EFB1C330CFBE7
:1002200000F044EA0344A04214D92C190CF1FF3326
:1002300004D2A04202D9ACF102032C44241A43EAAE
:1002400007401EB1D440002334607360BDE8F087DE
:100250004746DDE76346F1E792BB431B01214FEAC6
:10026000154EAFB2200CB3FBFEFC0EFB1C330CFB97
:1002700007F840EA0343984561D9EB180CF1FF30C9
:1002800004D2984502D9ACF102002B44A3EB080339
:10029000A4B2B3FBFEFC0EFB1C330CFB07F744EAD5
:1002A0000344A7424DD92C190CF1FF3304D2A742C5
:1002B00002D9ACF102032C44E41B43EA0040C0E73E
:1002C000C2F120039540944020FA03F12EFA03F383
:1002D0004FEA154E9040AFB20343B1FBFEFC0EFB5C
:1002E0001C10190C0CFB07F841EA0041884522D983
:1002F00069180CF1FF3004D2884502D9ACF1020034
:100300002944A1EB08019BB2B1FBFEFC0EFB1C11C2
:100310000CFB07F743EA01439F420ED9EB180CF19F
:10032000FF3104D29F4202D9ACF102012B44DB1B06
:1003300041EA004193E76046E3E76146F7E760463C
:10034000A4E76346B8E7834206D916B900210846F8
:100350007CE7C6E900E0F9E7B3FA83F78FB9834297
:1003600001D3724508D8BEEB020460EB0303012001
:100370009C461EB9002169E73846FAE7C6E9004CF9
:10038000F8E7C7F1200CBB400EFA07F522FA0CF48F
:100390002EFA0CF1BA401C4320FA0CF3B8404FEA95
:1003A000144901431FFA84FEB3FBF9F809FB183026
:1003B0000B0C08FB0EFA43EA00439A4540D9E318B8
:1003C00008F1FF3004D29A4502D9A8F10200234473
:1003D000A3EB0A0389B2B3FBF9F809FB183308FB56
:1003E0000EFE41EA03418E452CD9611808F1FF3316
:1003F00004D28E4502D9A8F10203214443EA004009
:10040000A1EB0E01A0FB02984145CE46434602D324
:1004100006D14D4504D20138B9EB020E68EB040356
:10042000002EA7D0B5EB0E0261EB030101FA0CFC24
:1004300022FA07F3F9404CEA0303C6E9003199E7D1
:100440004046C5E74346D9E72DE9F0414379012B02
:100450004FD1C5888468284603F070F807462846BF
:100460000CF0B3FA002F44DB234D00212B68CCB9EC
:10047000224EFAB230469C420FD016F8011B914230
:1004800004F1010131D15E1E321B0144B44288BF28
:10049000002220440CF059FF2E600022184B1A70E5
:1004A0005A700BE0052B98BF5C1C154A9CBF2C6052
:1004B000124C117098BFE7545170C0B900232868DE
:1004C000104A0E4C984294BF0021E15C0133062B88
:1004D00002F8011FF6D10C4808F088FCBDE8F04195
:1004E00000230822064902F0A5BF0C46C3E710709E
:1004F000E4E7BDE8F08100BF080C00207C2200206A
:10050000822200208322002030DE000010B5134834
:1005100008F06CFC044618B911480CF0DDF810BD69
:10052000104900233F2202F06FFF20460CF043FAEF
:10053000014618B10C480CF0CFF8F0E701F0CCF907
:10054000014608B10948F6E709480CF0C5F84FF034
:10055000FF314FF0FF300AF00FFDF8E730DE00000A
:1005600036DE0000CCDE000055DE000083DE000039
:10057000A9DE000070B586B045680646122200214B
:100580000DF106000CF0FBFEEA691A4BB3FBF2F327
:1005900010220293AB688DF8042003936B6802224B
:1005A00004934FF47A738DF80520059328688368C7
:1005B00001211B6801AA9847041E06DB0023297B42
:1005C000DAB2914209D8002404E0224645210A48C3
:1005D0000CF027F9204606B070BD6A69D25C013381
:1005E000042AEDD94521326804480CF01AF96FF05D
:1005F0001504EFE740420F0010DF00002FDF00007E
:100600002DE9F34745680C46164600234FF4A02217
:10061000A86801A995F8247095F8258095F826908A
:1006200008F0CEFD021EC7F1000709DA45213F4858
:100630000CF0F7F86FF00B04204602B0BDE8F0872D
:100640002146019806EB860640F8047B26448E423C
:100650004BD10023298B9AB2914248D828686A6806
:1006600083680199DB689847041E44DA0199A868F9
:1006700008F018FE224645212D480CF0D2F8DBE7A1
:100680006B699B5C042B29D8DFE803F0240320224C
:1006900026000A784FF0080C4FF0800E002312EA73
:1006A0000E0F0CBFCA46C246BCF1010C4AEA031346
:1006B0004FEA5E0EF3D187EA334340F8043B01343E
:1006C0002B7BE2B29342DBD80531C0E74A78E1E701
:1006D0008A78DFE7CA78DDE70A79DBE70199A8685D
:1006E00008F0E0FD6FF01504A6E70024E8E740F805
:1006F00023700133AEE728688368002201211B695B
:100700009847041E98DB28688368022201211B6930
:100710009847041E90DBD5E907206B689B0802FB15
:1007200003000AF065FC002486E700BF4FDF0000ED
:100730006EDF000070B589B30668012230460BF009
:100740002DFE0146044630460BF0F0FDC30708D4E9
:100750001349AF2213480BF0D5FFAF2110480BF01F
:10076000C8FF214630460BF0F7FD25182946002228
:1007700030460BF0DBFD2D1AAC4206D00849B722FB
:1007800008480BF0BFFFB721E8E7214630460BF0E1
:10079000E9FD2146BDE870400BF025BF70BD00BFEC
:1007A000A2DF0000C5DF0000B2F5802F2DE9F04187
:1007B0000CD2042A20D83D494FF407723C480BF074
:1007C000A1FF4FF4077139480BF093FF0823D21AA9
:1007D000CC1D114424F0070421F00701091B17293F
:1007E0004FEAD1060AD8314940F2252230480BF0B1
:1007F00089FF40F22521E6E70423E8E700270460AB
:1008000031463046A660E7600BF0DBFD0121421D5A
:10081000804630460BF0CCFD9200D51DED082844F3
:10082000B0423AD8B8F1FF3F3946A2F1100204F1C4
:100830001000B8BF3A460CF0A2FD2A4639462046C1
:100840000BF0A8FD3B463A46394620460BF079FDB1
:10085000A6EB05082046394601220BF083FD4246EF
:1008600029460BF097FD2B463A46294620460BF0C9
:1008700068FD314620460BF08DFD43463A46314631
:1008800020460BF05EFD3146204601220BF06AFD4A
:100890002946BDE8F0410BF064BE044940F23A221B
:1008A00003480BF02FFF40F23A218CE7A2DF000053
:1008B000C5DF0000014B1B68184700BF0000002087
:1008C000014B1860704700BF0000002030B585B0B4
:1008D00004460D461022002168460CF050FD02230C
:1008E0008DF80230044B2A462146684601930BF0EE
:1008F000BFFA05B030BD00BFB508000080B50546A1
:100900000E46174698460AF0D7FB03460CF0B2FD98
:100910000446DFF81890424649F800303946304620
:10092000A84754F8090001F033FF00BF0800000099
:10093000044608B5EFF31183202383F31288BFF335
:100940006F8F06F0D5FD204602F0FAFB02480BF04F
:10095000C3FE0BF0BFFFFCE7EEDF00002DE9F84F10
:100960000446A38B08461907164612D4022803F042
:10097000070162D120460BF0EDFE88B10138042852
:1009800000F22581DFE810F0590023017E00C80045
:10099000F50001280CBF43F0100143F02001A183B2
:1009A00004F114000AF0B6FD002800F0AB8086F3D5
:1009B0001188BFF36F8FBDE8F88F03F00702501F57
:1009C00001281ED80020062A2768C4E9000014D197
:1009D0003A4603E0E08B0130E0831268002AF9D147
:1009E00023F0070343F002022046A2830BF0B2FE7D
:1009F00090B342F02002A2832EE023F007039AB2C4
:100A0000F2E7042A33D123F007039AB22046A283E7
:100A10000BF0A0FE10B142F02002A283A38B03F0E2
:100A20000709894540F0DC80A18BCA0640F121818D
:100A300021F01003A38301F00701D4F81880A38BE1
:100A4000B8F1000FB9DA0022276823F00703C4E9E0
:100A5000002243F00103A383A38B03F00709894518
:100A600040F0BF80002FDFD00025AA4640E0854936
:100A700040F21B1284480BF045FE40F21B118148E6
:100A80000BF037FE41B17F494FF4AB727E480BF05B
:100A900039FE4FF4AB71F2E7236843B9794940F26C
:100AA000571279480BF02EFE40F25711E7E7236901
:100AB0001D6845B973494FF4AD7273480BF022FEBF
:100AC0004FF4AD71DBE70F4688464FF00609A38B64
:100AD00023F0070343F006039BB2A383A268002A16
:100AE00040F08180002F40F08180002D9CD0BA46DC
:100AF00043F0080304F1140B5846A3830AF00AFDDF
:100B0000002875D1614940F231125F480BF0FAFDBF
:100B100040F231115D48B3E7022908D0594940F24B
:100B20005D1259480BF0EEFD40F25D11A7E7E78B2F
:100B300047B154494FF4AF7253480BF0E3FD4FF403
:100B4000AF719CE723695D6845B94E4940F2611277
:100B50004D480BF0D7FD40F2611190E7A38BB846EA
:100B600023F0070343F004039BB24FF00409A3836F
:100B7000B4E7012908D043494FF4B27242480BF060
:100B8000C1FD4FF4B2717AE7236843B93D4940F2A1
:100B900065123D480BF0B6FD40F265116FE7236921
:100BA0009D6845B937494FF4B47237480BF0AAFD38
:100BB0004FF4B47163E70027A38BB84623F0070313
:100BC00043F005039BB24FF00509A38386E72D4947
:100BD00040F26B122C480BF095FD40F26B114EE782
:100BE000002700257AE74FF0010A81E792467FE768
:100BF00086F31188BFF36F8FBAF1000F16D147BB90
:100C000015B120462249A847EFF31186202383F32C
:100C10001288BFF36F8F58460AF06EFC08BB1B4961
:100C2000882219480BF06EFD882173E7A16800291E
:100C3000E5D00E680029E2D043464A462046D1F866
:100C400004A0D0471EB1336831461E46F2E7334652
:100C5000FAE7394643464A4620463F680BF0A6FD70
:100C6000CDE758460AF06CFCA38B23F00803A3835E
:100C7000DAE68B067FF594AE21F02003A38301F022
:100C8000070177E617E00000C5DF00003CE0000048
:100C9000950C0000F8B504460D4600F11406EFF37C
:100CA0001187202383F31288BFF36F8F30460AF039
:100CB00023FC40B909490A4888220BF023FD88210A
:100CC00006480BF016FD30460AF03AFCA5613A469C
:100CD0002046BDE8F8400121FFF740BE3CE000009F
:100CE000C5DF00002DE9F04704460F460BF04EFD2E
:100CF000051E5DDB04F11409EFF3118A202383F351
:100D00001288BFF36F8F48460AF0F6FB804638B969
:100D10003349882233480BF0F5FC882130483CE009
:100D200048460AF00DFC4FF6FF72E38BA68B934208
:100D300006F007063FD0022E10D135460133E3837B
:100D400048460AF0E7FB00283BD1254940F2311222
:100D500024480BF0D7FC40F23111DFE7062E13D800
:100D6000DFE806F0092C1212090409006FF085056E
:100D70004FF00008E4E700233B6063687BB9C4E9F7
:100D800000777EB13546F3E7174916484FF4E47211
:100D90000BF0B8FC4FF4E47113480BF0AAFC1F6091
:100DA0006760EEE7524602212046FFF7D7FD354641
:100DB0002846BDE8F0876FF00A05D9E76FF0040513
:100DC000D6E78AF31188BFF36F8FB8F1000FEFD029
:100DD00000233246394620460BF0E8FCE8E700BF26
:100DE0003CE00000C5DF000017E00000F8B5054654
:100DF00000F11406EFF31187202383F31288BFF369
:100E00006F8F30460AF078FB38B920498822204895
:100E10000BF078FC88211D4825E030460AF090FB55
:100E2000AC8B04F00704022C12D0012C0CBF6FF025
:100E300004046FF0850430460AF06CFB08BB1349CC
:100E400040F2311212480BF05DFC40F23111E2E742
:100E5000EB8B53B90F490E4840F2EF120BF052FCE6
:100E600040F2EF110B480BF044FC013B9BB2EB83CB
:100E7000002BE0D13A4621462846FFF76FFD204679
:100E8000F8BD87F31188BFF36F8FF8E73CE00000EF
:100E9000C5DF000017E000002DE9F0410E460546D1
:100EA000002845D0002943D000F11407EFF3118842
:100EB000202383F31288BFF36F8F38460AF01CFBA0
:100EC00038B91D4988221D480BF01CFC88211A489E
:100ED00016E038460AF034FB31462846AC8B0BF05E
:100EE0001EFC78B104F00704231F022B0CD914490F
:100EF000124840F22D220BF005FC40F22D21104843
:100F00000BF0F7FB6FF0770438460AF003FB40B9AB
:100F1000094940F2311209480BF0F4FB40F231115B
:100F2000D5E788F31188BFF36F8F2046BDE8F081C5
:100F30006FF01504F9E700BF3CE00000C5DF0000DA
:100F400017E0000008B54268034602F00302032AD6
:100F5000816002D02AB1002000E0006800225A60BF
:100F600008BD0449044845220BF0CCFB452101484B
:100F70000BF0BFFB69E00000C5DF0000014B036020
:100F800000207047ECD900002DE9F04705460E46D9
:100F90001746194CDFF86480DFF86490444525D982
:100FA000184919484FF4BB620BF0ACFB4FF4BB611E
:100FB00014480BF09EFB6268D9F824309A4213D390
:100FC000A3698BB1A9889078C9B2884205D13A4605
:100FD00031462846BDE8F04718475279012A03D127
:100FE0003A463146284698472434D7E7E3D36FF092
:100FF0008500BDE8F08700BF4C030020700300208F
:101000000C0C00208FE00000C5DF00002DE9F0414E
:10101000134B144F5E6A144BBB421BD9134914483F
:1010200040F2BB520BF06EFB40F2BB510F480BF08D
:1010300060FB5C68B4420BD31D694DB194F802C0EB
:101040008488E4B2A44503D12B46BDE8F04118479B
:101050002433E1E7EDD36FF08500BDE8F08100BFF8
:101060000C0C0020700300204C0300208FE00000D7
:10107000C5DF00000022024B1A605A60704700BFB3
:10108000C70C002010F0700F08B5024600F07F0377
:1010900005D0074845210BF0C4FB002008BD10F027
:1010A000800F4FF0010018BF10339840F6E700BFE3
:1010B000C1E0000038B505460BF0C6FC10F1780F12
:1010C000044610D12A4657210B480BF0AAFB2846AC
:1010D000FFF7D8FF094A0024D2F8C43023EA0003FE
:1010E000C2F8C43006E00028F1D02A464521044861
:1010F0000BF097FB204638BDE1E000000C0C00200F
:1011000007E100002DE9F04105460E461746104C58
:10111000DFF84080444516D90F4910484FF4C162AA
:101120000BF0F0FA4FF4C1610B480BF0E2FA63697F
:101130000BB92434EEE73A46314628469847002852
:10114000F7D1BDE8F081F2D36FF08500F9E700BF79
:101150004C030020700300208FE00000C5DF00007A
:10116000430670B51CD0114B114CA3421AD911493A
:1011700011484FF47D720BF0C5FA4FF47D710D48A4
:101180000BF0B7FA0022196A1E7F0439D5B2AE42BD
:1011900001D82433E9E7013211F832508542F5D104
:1011A000012001E0EED3002070BD00BF4C03002001
:1011B000700300208FE00000C5DF0000F7B58488D1
:1011C0000F46E4B220468DF80740FFF7C9FF0546F9
:1011D000B0B114F07F0F144E02D096F8BA3003B3BA
:1011E000224649217FB111480BF01BFB9DF80700F7
:1011F00002F018FFF3691BB108200DF107019847B1
:10120000284603B0F0BD0A480BF00BFB9DF8070021
:1012100002F038FFF369002BF2D009200DF107012D
:10122000EDE71D46ECE700BF0C0C00202EE10000AE
:1012300046E1000008B509480378C3F341130A33B7
:1012400050F823303BB100F1080200F1100198473B
:10125000C043C00F08BD1846FCE700BF0C0C0020BF
:1012600004282DE9F74F04460F46DFF8C49016D046
:10127000012830D1DFF8BC8098F8B9305BB300F0BA
:1012800023FE2D4D4D4532D92C4940F2C2422C4807
:101290000BF038FA40F2C24128480BF02AFAFFF767
:1012A000E9FEE7E702EBC606307901920BF0CCFBD2
:1012B00083463079FFF7E6FED8F8C430BBF1000F63
:1012C00023EA0003019AC8F8C4300AF1010A12DACD
:1012D000002388F8B930184D4D451BD9174940F205
:1012E000EE4217480BF00EFA40F2EE41D4E7EFD28F
:1012F0004FF0000A2A6A2B7F5FFA8AF6B342D1D8F0
:101300002435BFE7EB681BB13A462146284698478B
:101310002435E1E7F6D3074B1B6A2BB1394620464B
:1013200003B0BDE8F04F184703B0BDE8F08F00BF31
:10133000700300200C0C00204C0300208FE0000004
:10134000C5DF000073B5044680782A4D8DF8000093
:101350002379627943EA0223ADF80230E37803F09F
:1013600003038DF80430FFF78DFED5F8C430064630
:1013700018420CD0A478204600F088FD2046FFF7E4
:1013800099FE0BF008FF10B9962009F031FE68466F
:1013900002F01EFE10F1780F9DF8002019D15721A0
:1013A00015480BF03EFA9DF8000002F0A7FE10F180
:1013B000780F17D157219DF8002010480BF031FA13
:1013C0000120D5F8C43085F8B9003343C5F8C430DE
:1013D00006E00028E7D0452109480BF022FA00205A
:1013E00002B070BD0028EBD045219DF800200548D3
:1013F000F3E700BF0C0C002060E10000B1E1000049
:1014000088E10000D6E100002DE9F047A84E04462F
:10141000B3690F461546FBB9237803F01F03012B70
:1014200000F09E80022B00F0068133BB94F900008F
:101430002A680028617834DA062912D008292BD0CE
:10144000D9B901235170137096F8C3305B0043F093
:1014500001031370022328E198470028DCD1002003
:101460000DE06288100A011F0129844605D907286A
:1014700003D8716AD2B20C781CB96FF01500BDE8C0
:10148000F0874E78664503D19A4200F00981013316
:101490002144F0E70B7808E196F8BA301370012385
:1014A00003E101390829E8D801A353F821F000BF6E
:1014B0004B1500007B140000591500007B14000040
:1014C000D51400007B1400007B1400007B14000086
:1014D000E31400006088C0B202F02AFD0028BED0EC
:1014E000CBE76388756A63BBFFF7C4FD638886F842
:1014F000BA30F369002BB2D003206E499847AEE7AB
:101500006B78042B10D0052B11D0022B04D16F79EE
:101510006388BB4208BF01202B781D442B78002B29
:10152000EED10028A9D0DFE795F80380F4E76388BF
:10153000BB42F1D1B8F1000FEED12846FFF702FF10
:10154000EAE7FF270020B846E8E76388012B94D13B
:10155000002386F8C33082E76388012B8DD1F8E73A
:1015600096F8BA30D5F800C0002B86D0756AA388EB
:101570002A465FFA83FE107800283FF47EAF517848
:10158000022904D192F80480F04500F295800244CB
:10159000F1E78CF800208CF8012039605FE71544F2
:1015A00096E00B2A7FF469AF00274FF0FF08BA4698
:1015B000C14606E06B78042B0FD0052B21D02B7889
:1015C0001D442B78002BF5D1F36913B15146072048
:1015D0009847002F7FF443AF4FE795F80280A38828
:1015E00095F803909845EAD163889945E7D1B8F119
:1015F000070F1DD806EB0803AA46012783F8BB9006
:10160000DDE7A3884345DAD16388DBB24B450AD0D6
:10161000AF78384600F03AFC3846FFF74BFDB0FA99
:1016200080F77F09CBE72846FFF78CFE0746C6E721
:10163000AA460027C3E794F900206378002A19DA44
:10164000002B7FF41AAFA4882D68E4B22046FFF780
:1016500087FD00283FF411AF630604D096F8BA3036
:10166000002B3FF40AAF2946204602F02BFD002351
:101670006B70EFE6012B08D0032B7FF4FEAE63887E
:10168000002B7FF4FAAE012103E0618800297FF48A
:10169000F4AE2046FFF792FD00287FF4E0AEECE6C2
:1016A000022829607FF4F6AE4B883B60D7E600BF86
:1016B0000C0C0020C60C002094F900006278002871
:1016C000BFF66FAF002A3FF464AF0A2A7FF4D5AEAD
:1016D0002A78002A3FF4D1AE697804297FF45FAFFD
:1016E000A9788B427FF45BAF072B8EBF00239B1939
:1016F00093F8BB308CF80030D1E600BF2DE9F047FD
:1017000005460F46904699460426DFF830A04B4622
:1017100042463946284602F01BFD10F10B0F0446E5
:1017200008D12A46572150460BF07BF809F03EFBC2
:10173000013EECD12046BDE8F08700BFFCE100008F
:1017400013B5164C237DF3B9E26801AB8020A16884
:101750000192FFF7D3FF019AA3681344A360E368E3
:101760009B1AE3606BB962B12369E2889A4208DD93
:1017700094F8C82093FBF2F102FB11330BB901235B
:10178000237502B010BD002380201A461946237528
:1017900002B0BDE8104002F0DBBC00BF0C0C002022
:1017A0007FB500230D4606460193002861D100292C
:1017B00039D108220B460DEB02010BF05EF900282F
:1017C00003DA802002F02EFC1EE0344C029AC4E9B9
:1017D00003552260039ABDF80E30626004F13802AE
:1017E000A2609DF908202575002A0FDB802B08D9FF
:1017F00045212B480BF015F8802002F013FC2846F9
:10180000E0E71BB1C4E9033304B070BDFFF712FD7C
:101810000028D6D0E28823699A42D4BFE260E36010
:10182000FFF78EFFF0E71D4C01ABD4E90212002A4E
:1018300005DC02460BF021F90028E5DAC1E70BF0E0
:101840001CF9002804DA802002F0ECFB3046B9E7EE
:10185000019AA3681344A360E3689B1AE360002B1A
:10186000D2D104F13803A360FFF7E4FC0028D7D1FC
:10187000A7E7802807D1094BDA68002AD0D11B7D61
:10188000002BCDD1C0E7074907484FF4C5720AF0D5
:1018900039FF4FF4C57103480AF02BFF0C0C0020F0
:1018A00028E200008FE00000C5DF0000054B064A7B
:1018B00058629A62054A0020DA62054A1A63054AAC
:1018C0009A6170470C0C0020091400000D100000F4
:1018D00005110000890F00002DE9F3410446514D28
:1018E0004FF0FF334FF0FF324F4807F019FF95F8E4
:1018F000B83063B157214D480AF093FF6FF0770479
:10190000494807F0C3FF204602B0BDE8F0816B6A8A
:1019100063B900F0E1F8FFF7C9FF6B6A33B94521FD
:1019200043480AF07EFF4FF0FF34E9E741482C625C
:10193000E8616E6A02F046FD02F0C8FA041EDFDBC1
:1019400000F0E4FA041EDBDB7378012B01D1F3799C
:1019500033B9452138480AF064FF6FF01504CFE72A
:101960000026684685F8C830ADF802308DF804606E
:101970008DF8006002F02CFB041EC1DB8027684656
:101980008DF8007002F024FB041EB9DB30462B49B1
:1019900002F004FD041EB3DB3846284902F0FEFCC9
:1019A000041EADDB264CDFF89C8044451DD926493A
:1019B00026484FF4C3620AF0A5FE4FF4C3612248E3
:1019C0000AF097FE0026276A227FF3B29A4201D8D6
:1019D0002434EAE707EBC30257F83310107902F01A
:1019E000DDFC01360028EFD09DE7EBD3002002F0AC
:1019F00085FB041E84DBD5F8C430802043F001034E
:101A0000C5F8C43002F07AFB041EFFF679AFD5F8B2
:101A1000C430002443F48033C5F8C430012385F872
:101A2000B8306DE70C0C00206002002046E2000098
:101A30006EE200006112000098E20000A1170000B1
:101A40004C030020700300208FE00000C5DF000081
:101A500030B51F4B8BB005AA03F11005144618686A
:101A60005968083303C4AB422246F7D11B781022D1
:101A70002370002101A80BF082FC122200211548DE
:101A80000BF07DFC102101A80BF095F800281BDD60
:101A90000828B8BF082001AB09381A1800200D49E2
:101AA00012F8013F0AAC04EB131403F00F032833C0
:101AB0006B4414F8144C13F8143C013008280C70D3
:101AC0004B7001F10201EBD102480BB030BD00BFF9
:101AD000D7E200008B2200202DE9F04F8F4B87B01A
:101AE00093F800B0BBF1000F03D08D4807B0BDE8FC
:101AF000F08F8B4C00264FF0011AB0463546B146A8
:101B000023783BB9874B02349C42F3D10123834AAB
:101B10001370EAE76378052B29D8DFE813F0B200E9
:101B20000600FC00B2002B005800402304A88DF8EA
:101B300010B0ADF812308DF814B002F01FFA98B161
:101B4000082304A8ADF8123002F018FA60B1764903
:101B500040F28F127548ADF812B00AF0D3FD40F292
:101B60008F1171480AF0C5FDBDF81230E37123787A
:101B70001C44C5E7E378002BF9D1A37813BB6C4D67
:101B800003E06B689C4218D024356A4B9D4208D90B
:101B900065494FF49B7265480AF0B4FD4FF49B71A0
:101BA000DFE7EED32246452163480AF03AFE634858
:101BB00045210AF036FE002098E7AB6813B1414694
:101BC0002046984708F101085FFA88F8CFE7002D12
:101BD00055D145215A480AF024FEE8E7296AA07841
:101BE00001EBC2010B79984242D10127E078FBB2A8
:101BF00000F003008DF81400207994F805C040EA45
:101C00000C20ADF8120094F90200002826DA4FF0FB
:101C1000010C07F110000CFA00F010EA0A0F24D1B1
:101C200043F080008DF8100004A8CDE90213019262
:101C300002F0A4F9DDE90121039BB0B99DF8102061
:101C400012F0800FA2700A714FF001021DBF103315
:101C5000DBB29A40BA404AEA020A88E70120B8405B
:101C600010EA0A0F01D11846DCE70137102FBDD169
:101C700001322B7F9A42B1D345213248ABE7002293
:101C8000F7E7032E22D1FFF7E3FE074690B1FEF7F8
:101C900085FA024670B1102805D0019057212A48D4
:101CA0000AF0BFFD019A102AA8BF10223946A01CD5
:101CB0000BF03EFB6FF002002378001BE11804EBF1
:101CC0005303C8420AD50136F6B250E7002EF1D1CF
:101CD000B9F1000F14D145211C487CE71A78203A4D
:101CE0005E2A06D91049CB2210480AF00BFDCB2101
:101CF00037E701F801BC13F8012901F8022DE0E7EC
:101D0000A4EB090389F80230C3F3072389F80330F1
:101D100089F80480D7E7A14629E700BF8A2200207E
:101D2000C40200204C030020E8E20000C5DF0000F0
:101D30004C030020700300201EE300001DE400009F
:101D400043E3000089E30000ABE30000FBE3000095
:101D5000094B00211A4610B51C78844204D15C68F6
:101D600014B102EB811010BD0131042903F14003CD
:101D7000F2D10020F7E700BFD80C00202DE9F34195
:101D800050F8283C0446103310F82C6C0AD1036933
:101D900050F8202C98073CD5D2B9590715D5002307
:101DA00044F8283C54F8283C10330BD054E907750C
:101DB00054F8148C0BF0EFF9002856D02146314826
:101DC0000BF0D9F902B0BDE8F08143F004032361C0
:101DD000304654F8241C01ABFFF790FC024638B1A2
:101DE0003346452128480AF01CFD6FF01503D7E75C
:101DF000019A54F8243C134444F8243C54F8203C01
:101E00009B1A44F8203C54F81C3C134444F81C3CF6
:101E1000C8E7304654F8241C01AB02F01FFA024612
:101E20000028DDD1019D54F8243C2B4444F8243C87
:101E300054F8203C5B1B44F8203C54F81C3C2B44D9
:101E400044F81C3C002DAAD0304602F0C1FAB5FB84
:101E5000F0F303FB1055002DA1D154F8203C002BCA
:101E60009DD0304602F050FA9CE744F8180CA4F1DB
:101E7000100007F0E9FE002DA4D042463946304656
:101E8000A8479FE7C80A002050E4000010B5EFF310
:101E90001184202383F31288BFF36F8FFFF758FF5D
:101EA00050B14368103307D16FF08B0300F12C0160
:101EB000436004480BF05FF984F31188BFF36F8F20
:101EC00010BD00BFC80A0020F8B5042520270D4C1E
:101ED000EFF3118687F31288BFF36F8F63681033B7
:101EE00007D16FF08B030848636004F12C010BF0FD
:101EF00042F986F31188BFF36F8F013D04F140046E
:101F0000E6D1F8BDD80C0020C80A002070B5002525
:101F1000094C0A4E3146204608F00CF90122A4F182
:101F20001000114601350BF0F9F8042D04F14004BE
:101F3000F0D1002070BD00BF040D00207D1D000009
:101F400008B504480AF0C8FBBDE8084002480AF09A
:101F5000C3BB00BF7FE40000B4E40000014809F007
:101F600045BE00BFECD9000038B5044618B90F4B88
:101F70000F485B6898476168B1F5683F10D0B1F5CC
:101F8000680F0DD00B4DA9420AD011F4686120688A
:101F900007D00146084807F085F9002323606560F3
:101FA00038BD14220BF0EBF9F9E700BF5C0100200B
:101FB000E2E400002C5F5CA9D812002008B560B3F1
:101FC0004368B3F5683F0ED0B3F5680F18D0144AD4
:101FD000934220D000684FF0FF324FF0FF3307F0FC
:101FE0009FFB58B115E001220368D3E8EF1F0029D9
:101FF00003D1C3E8E02F0028F7D10AD1002008BDA3
:102000000368084A1B7803F5807352F82330002BCD
:10201000F4D00548F3E70548F1E76FF4E040EEE758
:102020002C5F5CA900000350E98FFFFFEA8FFFFFE0
:1020300008B520B34368B3F5683F09D0B3F5680F1E
:1020400013D0114A93421DD0006807F01FFC14E022
:1020500000220368D3E8EF1F012903D1C3E8E02F72
:102060000028F7D109D0094808BD00210368084AB3
:102070001B7803F5807342F823100020F4E76FF417
:10208000E040F1E70348EFE72C5F5CA9E98FFFFF31
:1020900000000350EA8FFFFF10B5044618B91D4B2E
:1020A0001D485B6898476368B3F5683F2FD0B3F568
:1020B000680F2CD0194A934219D1236803BB4FF003
:1020C000FF324FF0FF332146154807F079F808B981
:1020D00023681BB90F4B13485B68984714220021F3
:1020E00020680BF04CF94FF46863636008E0B3F5C7
:1020F000683F0DD83A2B03D040F6BA629342DED146
:1021000020680AF0EDFF636843F03A03636010BD96
:10211000054AF3E75C010020E2E400002C5F5CA9C3
:10212000D812002008E500003A00003A08B5064938
:102130004023142205480AF0ACFFBDE808400449DA
:10214000044809F0C5BD00BFD80D0020D8120020FA
:10215000F4D9000008DA000037B505460C46C9B1CD
:102160008B6814480093D1E9002345210AF059FBFC
:10217000636945210093D4E903230F480AF051FB1A
:102180004521E2690D480AF04CFB4521A2690C4843
:102190000AF047FB012D06D1EFF3058245210948DE
:1021A000103A0AF03EFB2146284603B0BDE8304015
:1021B00006F04EBE35E5000069E500009DE5000033
:1021C000B1E50000E4E5000030BFFFF7FDBF00BF50
:1021D0002DE9F04105460B4EDFF82C80324606EB28
:1021E0000807CC1B204609490BF0A2F8A01942466B
:1021F0000021083C0BF0C3F82C6707F10800BDE88C
:10220000F08100BF0000000004000000A8D9000019
:10221000054B5A699B689A421FBF044A536843F0B2
:1022200080535360704700BF5C20002000ED00E049
:1022300010B5244C452124480AF0F3FAA36A990109
:102240003ED5224845210AF0ECFA1E20A36ADA01A5
:1022500004D51F4845210AF0E4FA1F20194CA36A4F
:10226000DB0204D51B4845210AF0DBFA0220A36AF1
:102270001C0304D5184845210AF0D3FA2120114C3B
:10228000A36A590304D5154845210AF0CAFA222049
:10229000A36A9A0304D5124845210AF0C2FA232002
:1022A000084CA36ADB0304D50E4845210AF0B9FAAD
:1022B0002420A36A6FEA03436FEA1343A36210BDAD
:1022C0001D20C3E700ED00E0FCE5000019E600007A
:1022D00031E6000050E600007FE60000A2E60000C4
:1022E000CCE60000EBE6000070B5284C06460D4633
:1022F000274845210AF095FAA36AD9043BD5254819
:1023000045210AF08EFA1720A36A1A0504D522483F
:1023100045210AF086FA18201C4CA36A9B0511D5AA
:102320001E4845210AF07DFAA26BA36A180408D55D
:1023300045211B480AF075FA1EB1A36A23F4004335
:10234000A3621920114CA36A590504D515484521EB
:102350000AF067FA1A20A36ADA050ED51248452159
:102360000AF05FFA1B20094A936A43F47F439362A1
:1023700000232B7070BD1620C6E7A36A9B04F2D51C
:102380000A4845210AF04DFA1C20ECE700ED00E078
:102390001BE7000036E700004CE7000064E70000A0
:1023A00082E700009CE70000BCE70000D9E70000DE
:1023B00070B5324C06460D46314845210AF031FAD7
:1023C000A36AD90648D52F4845210AF02AFA1120D8
:1023D000A36A1A0704D52C4845210AF022FA1220D4
:1023E000264CA36A9B0711D5452128480AF019FA03
:1023F000626BA36A190608D5452125480AF011FA2F
:102400001EB1A36A23F08003A36213201B4CA36AAE
:10241000DA0704D51F4845210AF003FA1420A36AFD
:102420009B0604D51C4845210AF0FBF91520134BE7
:102430009A6AD60602D49A6A94070FD59B6AD9067F
:102440000CD5164916484FF495720AF05BF94FF413
:10245000957112480AF04DF91020B9E7074B9A6AB6
:10246000920642BF5A6A22F400525A629A6A42F0B5
:10247000FF029A6200232B7070BD00BF00ED00E0E8
:102480000DE8000028E800004CE7000060E80000CC
:102490007DE8000098E80000D9E70000BCE80000F3
:1024A000C5DF0000F0B56C4B0446586800258BB0C2
:1024B000C0F3080385F31188BFF36F8F02F07F46E6
:1024C000B6F17F4F07D102F00C06082E0ED1452140
:1024D00062480AF0A6F9624940F2114261480AF0E6
:1024E00011F940F211415E480AF003F916074CBF9A
:1024F0000C460125002CEED00026DA1E8DF8076070
:10250000092A00F29880DFE802F0058B8F76969614
:1025100096969693452154480AF083F98DF8076002
:102520004D4EF36A9A0705D5452150480AF079F9CE
:10253000002329E0F36A002B02DA45214C48F5E735
:10254000F36A5B0063D545214A480AF06AF973696A
:10255000A26943F480737361BFF34F8FBFF36F8F32
:10256000736932F8022C23F480737361BFF34F8FC9
:10257000BFF36F8F4DF602739A4224D14521226832
:102580003D480AF04EF923689DF80720CAB902AE0B
:1025900004F12007324620686168083403C2BC4257
:1025A0001646F7D1099A002D51D0C2F3080121B97E
:1025B0006FEA52226FEA42220992184602A9FFF7F7
:1025C000CBFD0BB0F0BDB36ADBB233B101200DF12E
:1025D0000701FFF7EDFE0346D6E7B36A13F47F4F1A
:1025E00005D001200DF10701FFF77EFEF3E7B36A86
:1025F000B3F5803F02D3FFF71BFEECE7184940F22A
:10260000EA2218480AF07EF840F2EA216BE7144902
:1026100040F2ED2213480AF075F840F2ED2162E72E
:1026200000200DF10701D4E700200DF10701DBE7E1
:10263000452112487AE7124910F4F87F114A1248EE
:1026400008BF0A46103B45210AF0EBF870E722F478
:10265000FF7222F00102AFE700ED00E01CE900008C
:10266000BCE80000C5DF00004CE9000068E900009C
:102670008EE90000A1E90000C5E90000E6E90000DC
:10268000EEE8000003E900000FEA0000064B5A697B
:1026900042F010025A615A6942F480625A615A69E2
:1026A00022F008025A61704700ED00E0EFF3088065
:1026B000EFF3098101B57246FFF7F4FE01BD00BFDB
:1026C000002080F31488BFF36F8F002080F30A8806
:1026D00080F30B880F4880F3088804F03DFF00204A
:1026E0000D490860BFF34F8F00F02CF8202080F3D5
:1026F00011880A484FF40061401880F30988EFF30D
:1027000014800221084380F31488BFF36F8F00F018
:10271000FBF80000A838002094ED00E0682B0020B2
:10272000002318460649D1F89020C2F307229342AD
:1027300000DB7047C1F89830C1F8A0000133F6E71C
:1027400000ED00E010B572B6002484F31388FFF7A3
:10275000E7FF23464FF0FF300C4A03F1200101331D
:10276000102B42F82100F8D100234FF0FF30074A28
:1027700003F160010133102B42F82100F8D162B659
:10278000BFF34F8FBFF36F8F10BD00BF00E100E0BC
:10279000084B9B6883420BD1EFF3058343B1064B93
:1027A0005A6842F080525A605A6A22F400425A62D1
:1027B00008F088BC5C20002000ED00E014498A6825
:1027C0004FF030001044EFF3098C80E8F01F202018
:1027D00080F31288BFF36F8F0E4F4FF000664A6987
:1027E0008A603E60106F0C4C2060506F002353676E
:1027F00080F3118802F1300090E8F01F8CF3098813
:1028000002F1000004B50AF05AF8BDE80440704730
:102810005C20002004ED00E0F81200201EF0040F00
:102820000CBFEFF30880EFF30980816911F8021CF7
:102830000229FFD001B572460AF032F801BD00BF8F
:1028400040B2002807DB01234109034A00F01F00C2
:10285000834042F82130704700E100E040B2002898
:102860000CDB01220649430900F01F00824020339F
:1028700041F82320BFF34F8FBFF36F8F704700BF26
:1028800000E100E0054B420953F82220012300F04B
:102890001F0003FA00F01040704700BF00E100E0A5
:1028A0000131072908B508D90D490E486B2209F0F6
:1028B00029FF6B210A4809F01CFF40B20028ACBF79
:1028C00000F16040084B4FEA4111C9B2ABBF00F5BF
:1028D000614000F00F0080F80013195408BD00BFDC
:1028E00027EA0000C5DF000014ED00E0044B054AB4
:1028F00023F07F039360BFF34F8FBFF36F8F704759
:102900000000000000ED00E008B5FFF7EFFF074A08
:10291000D2F8883023F47003C2F8883006F086FBC2
:1029200008F016FE00F046F806F0C0FB00ED00E0EF
:1029300042F8203C009B0B4942F81C3C019B21F0D3
:10294000010142F8183C029B42F8081C42F8143C72
:102950004FF0807342F8043C0023203A026543673D
:10296000704700BFFD08000000B50B4B154698608E
:10297000026F0A4B0E461A60036E83F30B882C46D7
:1029800086F309880020064B984720460021002244
:102990000023044C204700BF5C200020F8120020D8
:1029A000C7C80000FD0800001022014B1A617047E3
:1029B00000ED00E0002320210348C2180133452B1D
:1029C00082F80013F9D1704700E100E008B5EFF399
:1029D0000583064A103B02EBC30152F833004968F5
:1029E0008847BDE80840FFF713BC00BF38D6000099
:1029F0001FB5094C094A23460121094800F00EF988
:102A000000230393074B0121E41A01A801930294C8
:102A100000F01EF904B010BD0000072000000020E7
:102A200018DA00007003002010B50C7A0B6804F06F
:102A30001F0223F01F031A43CB68640923F01F030E
:102A4000054943EA440343F00103C1F89800C1F883
:102A50009C20C1F8A03010BD00ED00E010B50A4B7D
:102A60000446D3F89030C3F30723013B984208D9BA
:102A700002464521054809F0D4FE6FF015042046B2
:102A800010BDFFF7D1FFFAE700ED00E062EA0000B9
:102A90002DE9F04F8946144606464FF00008514D87
:102AA00085B0C84527DAD6F804A0BAF1000F44D0A3
:102AB000BAF11F0F18D91AF01F0F15D1D6F800B0B0
:102AC0001BF01F0F10D1584609F039FF07460AEBDB
:102AD0000B00013809F033FF874210D06FF0150763
:102AE0003A464521404802E0424645213F4809F028
:102AF00098FE6FF01504204605B0BDE8F08F17F181
:102B0000160FEDD0BC42EBDDC5F89870D5F89C10DF
:102B1000C5F89870D5F8A03021F01F0143F01F0BC5
:102B2000D6E900321A44994202F1FF3A1DD1D34549
:102B300007D13146F8B209F00BFF08F101080C3655
:102B4000AFE73146C5F89870D5F89C3022F01F02E7
:102B500003F01F031343C5F89C30E0B209F0F8FE00
:102B600010F1160FC5D0441CE7E7C5F89870D5F8EA
:102B7000A020013B23F01F0302F01F021343D345A3
:102B80003146E0B2C5F8A030E8D009F0E1FE10F11E
:102B9000160FAED0C5F89870D5F89C209DF8083077
:102BA0000BF1FF3B62F304038DF80830D5F8A03039
:102BB0009DF808205B0863F347128DF80820D6E9DA
:102BC00000321344009323F01F035B44A3EB0A037A
:102BD000013023F01F036946C0B20393FFF73EFFA5
:102BE000BEE700BF00ED00E0B5EA00008DEA00009E
:102BF0000522044BC3F89420BFF34F8FBFF36F8FB0
:102C0000704700BF00ED00E0BFF35F8F0022024B72
:102C1000C3F89420704700BF00ED00E010B5094CE8
:102C20002278FFF735FF207016300AD10649074891
:102C30004FF4BB7209F066FD4FF4BB71024809F016
:102C400058FD10BD9D220020DDEA0000C5DF000018
:102C50002DE9F74F2E4D8A4606464FF00008AB4649
:102C60002C4FD04502DB03B0BDE8F08FD6F80490BE
:102C7000B9F1000F47D031680846019109F05FFEB5
:102C80000199044609EB0100013809F058FE84421D
:102C90004FF01402204B10D002FB08F36FF0150226
:102CA0004BF803201D491E484FF4C37209F02AFD5A
:102CB0004FF4C371194809F01CFD14F1160F2C6074
:102CC000F0D01978A142EDDD02FB08B0C7F89840BA
:102CD000C7F89840D7F89C4000F10801007B64F3E6
:102CE00004000871D7F8A0000C79400860F347147D
:102CF0000C71D7F89C1021F01F016960D7F8A01063
:102D000021F01F01296108F1010814350C36A8E7EC
:102D1000FC12002000ED00E09D220020DDEA000012
:102D2000C5DF00002DE9F0414E494F4CD1F89030FD
:102D30002568C3F307239D4286B00AD94B4940F268
:102D4000AD124B4809F0DEFC40F2AD11474809F0E6
:102D5000D0FC0020FFF758FF464BC1F8C030854239
:102D60001AD1454C01A82570FEF708F90025064642
:102D70004FF04108414FAE4215D100202378394928
:102D8000D1F89020C2F30722934265DB0020FFF7C1
:102D90002FFF06B0BDE8F081616801EB0011FFF77D
:102DA00043FE0130DBE7019A290102EB0513D3F85A
:102DB0000CC00CEA0700B0F5001F23D0B0F5800F5F
:102DC00038D0B0F5801F45D1586852589B68CDE97E
:102DD00002022122013B20F01F010B4423F01F03BC
:102DE0008DF810200593207802A9FFF737FE002800
:102DF0002DDA1E4940F2D7121D4809F083FC40F23B
:102E0000D711A3E758689B685258013B20F01F0177
:102E10000B4423F01F031CF0010FCDE902028DF8D3
:102E200010800593DFD011497B22114809F06AFC1C
:102E30007B218BE758689B685258013B20F01F01AB
:102E40000B44CDE9020223F01F030622C8E72378D2
:102E50000133237001358EE7C1F89830C1F8A00026
:102E600001338DE700ED00E024DA0000DDEA000028
:102E7000C5DF0000AAFF44009D2200200000F0FFF3
:102E800008B5024B1B689847002008BD10130020AE
:102E9000034B044A1860937843F002039370704721
:102EA000101300202400002008B50649064821F030
:102EB0000701C1F1005202F5E022FDF775FC002088
:102EC00008BD00BF8741002014130020054B03EB11
:102ED0008000D0F8003223F0E04343F04053C0F8C4
:102EE0000032704700258450052370B5144D154EEF
:102EF0002C780134B4FBF3F303EB8303E41A09F0F9
:102F0000B3FF114A137823B156F82430C01A0728AA
:102F100014D94FF05023D3F8141141B10021C3F854
:102F20001411D3F814312C700CB9012313702C78C0
:102F300009F09AFF46F82400012070BD0020FCE74C
:102F40009F220020201300209E220020012208B58D
:102F5000104B1149C3F8002502230020C1F8D036D8
:102F6000FFF7B4FF1046FFF7B1FFC1F80427C1F81F
:102F70000429C1F8002B00F0DBF850B107490848DC
:102F80004FF40C7209F0BEFB4FF40C71034809F0CA
:102F9000B0FB08BD00100050004000501BEB0000CB
:102FA000C5DF000007B50DF1070004F021FC154B4B
:102FB00098420AD01449154840F23A2209F0A2FB7F
:102FC00040F23A21104809F094FB4FF48062104B14
:102FD0001049C3F8B8254FF40062C3F83C259DF8AA
:102FE000070004F0F1FB0C499DF8070004F0D8FB42
:102FF00001209DF80730984004F0CCFB03B05DF849
:1030000004FB00BF0000AD0B1BEB0000C5DF0000A0
:1030100000A002502CA0025028A1025048B1054B3C
:10302000054A1B68B3FBF2F35843044B43F001031A
:10303000184770473001002040420F00B0D900000F
:10304000F8B500214FF0FF354FF6FF77174C184EBB
:10305000DFF860C0000714F8013B5A090CD0012AC0
:103060001CD01549154840F2CA3209F04BFB40F21A
:10307000CA31114809F03DFB25FA03F2D207F0D519
:10308000324602EB8303D3F80022013122F0E04202
:1030900002430429C3F80022DDD1F8BD03F01F0369
:1030A00027FA03F2D207DCD56246EAE780EB00009C
:1030B000002584500028845049EB0000C5DF000043
:1030C0002DE9F041064601200D46FFF7B9FF4FF408
:1030D0007F03D3F83021D3F83431072A20D1023BC3
:1030E000032B02D8114AD35CD3B14FF050244FF0D8
:1030F000010800270520C4F81886C4F8147609F0E2
:10310000C3FE4046C4F8148609F0BEFEC4F8147627
:10311000C4F8187630462B46BDE8F0410021184728
:103120004FF050230022C3F81426F3E77CEB000095
:103130000149024809F050BB4CDA0000341300206A
:10314000BFF34F8F0549064BCA6802F4E062134390
:10315000CB60BFF34F8F00BFFDE700BF00ED00E085
:103160000400FA052DE9F041904690F9002004464C
:10317000002A0D46037803DA03F01F03012B03D066
:103180006FF01500BDE8F0814378062BF8D18788F1
:103190004688FFB239461548360A09F05AFB28B965
:1031A0003A465721124809F03CFBE9E7212E04D0AA
:1031B000222E10D06FF08500E4E70368E1885B6899
:1031C0005B6813F8092F914294BF29602A600020A0
:1031D000C8F80030D6E7E38850F80C2C9A4294BF28
:1031E0002A602B6050F8103CF1E700BF6C13002000
:1031F00084EB00002DE9F0410E4681880546C9B2F6
:103200002E48174609F025FB044640B92C485721A3
:10321000AA8809F006FB6FF01200BDE8F08195F96D
:1032200000300068002B6A781ADA022A08D0032AD4
:1032300009D0012A3FD154F8083C0BB11C68DCB915
:103240006FF08500E9E76B8823B145211D4809F03F
:10325000E8FAF5E70123043C3C6033600020DCE73A
:103260000A2AEDD00B2A0ED0092A24D154F8083CA2
:10327000002BE5D05C68E2E73B4632462946A4468F
:10328000BDE8F04160476A88012A04D945210E480B
:1032900009F0C7FAD4E714F8043C9342DED054F89E
:1032A000083CD1B204F8041C002BD7D09B68002B3B
:1032B000D4D09847D2E745210448E9E76C130020B1
:1032C00084EB0000B0EB0000E6EB0000C8EB000070
:1032D00070B504460D4601460B4809F0C7FA30B9EF
:1032E0002246BDE870405721084809F09ABA022DDD
:1032F00008D150F8083C2BB11B691BB1BDE87040E8
:103300000068184770BD00BF6C13002004EC00007B
:1033100070B506460D460146304809F08FFA04465E
:1033200030B93246BDE8704057212D4809F079BACE
:103330000A2D4FD8DFE805F0060C2528303A404E1C
:103340004E4E2F0049212748BDE8704009F069BA68
:103350004921254809F065FA0023012104F8033CBE
:1033600004F8023C14F8043C20688B4204F8041C66
:1033700011D054F8083C73B19B6863B1BDE870404C
:10338000184749211948DFE74921194809F049FA46
:10339000012304F8033C70BD4921164809F041FAA5
:1033A000002304F8033C04F8023CF4E749211248E6
:1033B00009F037FA0123F6E74921104809F031FAFC
:1033C00014F8023C002BE6D049210D4809F029FAF7
:1033D0000023E8E749210B48B6E700BF6C13002043
:1033E0002FEC000055EC000067EC000082EC0000C0
:1033F00098EC0000AFEC0000C8EC0000DEEC000030
:10340000F2EC000004ED000010B50469A360002395
:10341000C4E900126361064B2061596804F114028B
:1034200011B9C3E9002210BD0A605A60FBE700BF72
:103430006C13002070B544680069457B3DB1807B0A
:1034400028B9206ABDE870400079FEF757B95721C6
:10345000024809F0E6F96FF00A0070BD17ED0000B0
:10346000F0B5154D154E164F85B04FF0FF324FF0A9
:10347000FF33284601A906F095F8024620B1452100
:10348000384609F0CEF9F0E70E4C0AE0EDD2236899
:1034900013B1019A934203D1D4E9013101A89847AD
:1034A0000C34B442F2D908490848172209F02AF925
:1034B0001721054809F01DF974020020A8D9000061
:1034C0003DED000090D9000057ED0000C5DF000081
:1034D000F0B517461E4685B001909DF82800DDE93D
:1034E0000C5423462C432A468DF808008DF8091009
:1034F000ADF80A7003960AD009F0BCFF0B49D1F869
:1035000080400B4909588C4204BF002213460948E9
:1035100001A905F097FF041E06DA5721064809F0B5
:1035200080F9204605B0F0BD0024FAE7C80A002063
:1035300008000000740200207FED0000772804D806
:10354000034B185C08B100B270474FF0FF30704772
:10355000BCED000008B54368186809F05AFD30B9A1
:103560000448452109F05DF96FF0120008BD002004
:10357000FCE700BF34EE00007FB503460846DA885A
:103580004968012A04694E6816D0B2F5A57F16D0A5
:103590000AB99A6862601B7953B3D4E900230D7BA2
:1035A000AA4202D24D7B9D420FD85721114804B048
:1035B000BDE8704009F035B99A682260EBE79A6877
:1035C000003A18BF01222272E5E705FB02338A6840
:1035D0009A420DD936F8132052B1237A4FF0FF35B5
:1035E0004FF0FF340121CDE902450091FFF770FF54
:1035F00004B070BD50EE0000020600F07F0312D54B
:10360000082B05D1010700F00F0306D50E487047BF
:1036100010F0780F12D100F00F034C2000EB431094
:103620000A4B18447047082B05D1020700F00F031E
:1036300006D50748704710F0780FF6D00020704785
:10364000044800EB43107047CC1400208013002086
:10365000EC150020EC1400200149024809F08BBD54
:10366000A8130020F00300200146014809F04BBDDB
:10367000B0020020002310B50D49D1E8EF2F012A38
:1036800003D1C1E8E03F0028F7D10CBF0120184664
:103690000DD151F8044C14392046FDF7FDFB10F113
:1036A000780F04D12046BDE81040FDF79FBB10BD48
:1036B000A013002000220023014806F04DBA00BFED
:1036C000B002002013B5002201213720FFF7E8F8EF
:1036D000114800F0F1FF114B98421AD10024104814
:1036E00005F052FA0F4805F013FB4FF0FF334FF48B
:1036F00080620D490D48009406F08EFD0C490B4880
:1037000009F04FFD0B480C4906F014FD204602B0AD
:1037100010BD6FF00400FAE7793900000000AD0B2E
:103720004AF100006CDA000068270020F003002056
:103730008BEE0000A8130020DD3A000038B500240D
:1037400064F07F00C0B2FFF757FF50B91B4940F249
:103750007A221B4808F0D6FF40F27A21174808F079
:10376000C8FF013409F059F9082CE9D10024154D9E
:10377000E0B2FFF741FF40B910494FF42072104802
:1037800008F0C0FF4FF42071E8E7036903B9056151
:10379000013409F042F9082C05F14005E8D10A4846
:1037A00009F03BF9094BD3F87C2212B9084AC3F857
:1037B0007C22084809F031F9002038BD96EE00005F
:1037C000C5DF0000101A0020CC1400208013002058
:1037D00010160020EC15002010B5054CFFF76AFF0D
:1037E00020B14168204605F05DFDF7E710BD00BF40
:1037F000D001002013B500220023184801A905F0CC
:10380000DFFC38B34521164809F00BF8FFF7E4FF59
:1038100000220023114801A905F0D2FC044670B132
:103820004521104808F0FDFF0F4910484FF4E3729E
:1038300008F068FF4FF4E3710B4808F05AFF0423C7
:10384000019840600374FFF70FFFFFF705FF204664
:1038500002B010BD01984060FAE700BFD00100201F
:10386000CAEE0000EDEE000096EE0000C5DF00009D
:103870000228024610B511D80C4B1C5CFFF7BAFFAA
:1038800090B1002204720274FFF7EEFE084B93F829
:1038900024304BB1BDE81040FFF7DEBE4521BDE846
:1038A0001040044808F0BDBF10BD00BF47F1000044
:1038B000801300200EEF00002DE9F04187780646C6
:1038C0003846FFF799FE3B060546F4781BD54CB108
:1038D000032C4BD03B462246BDE8F041452124480D
:1038E00008F09FBFFFF786FF034600283ED0012265
:1038F000AC770274032202739D60FFF7B5FEBDE84A
:10390000F041FFF7A9BE4CB1012CE3D1FFF772FFE4
:10391000034658B36C7704740473EDE7FFF76AFF4E
:1039200020B3B278134B12F0800F02F0080111D0CF
:1039300041B1D3F8A836EB600123037402238560FC
:103940000373DAE7142102F00F0201FB0233D3F80C
:103950000836F0E711B1D3F8A837ECE7142102F0EC
:103960000F0201FB0233D3F80837E4E7BDE8F0812A
:103970002EEF000000600350F0B5064689B0142217
:10398000002103A809F0FBFC3378013B052B21D86B
:10399000DFE803F0950314148516032300248DF843
:1039A0001430FFF727FF0346A0B100F108020474AA
:1039B000DDE9050182E80300184627E00423EDE76E
:1039C000B7783846FFF718FE837A054623B1013BE6
:1039D000022B5ED909B0F0BD3B06F4781DD554B179
:1039E000032CF7D03B4622464521364809B0BDE8B6
:1039F000F04008F016BFFFF7FDFE03460028E9D0AF
:103A00000122AC770274032202739D60FFF72CFE43
:103A100009B0BDE8F040FFF71FBE54B1012CE1D161
:103A2000FFF7E8FE03460028D4D06C7704740473D3
:103A3000EBE7FFF7DFFE04460028CBD00123037439
:103A4000022385600373B07805F10C0109F024F8B6
:103A5000024670B145211C4808F0E3FE1B491C4892
:103A600040F29D3208F04EFE40F29D31174808F0BA
:103A700040FE1849E868B1F88C32834206D91B1A17
:103A8000A1F88C3201F048FA2046BFE7A1F88C2259
:103A9000FAE7304609B0BDE8F040FFF70DBF01A8D6
:103AA00001F018FA9DF80530052B04D19DF804307B
:103AB00013F0600F8ED0084B0124059371E70224A8
:103AC0006FE700BF2EEF00005FEF000096EE0000F2
:103AD000C5DF000080130020EC1400202DE9F04326
:103AE00080469C4DDFF8709285B0FFF7E3FD0746F6
:103AF00010B905B0BDE8F08395F825303A7C3BB9A4
:103B0000002A00F0AF807968934805F0CBFBECE722
:103B1000042A00F2C581DFE812F0A5000500630168
:103B20007901990118F8043C2BB9BB6845215A7AF0
:103B30008A4808F076FEBC6854B989494FF44B7244
:103B4000884808F0DFFD4FF44B71854808F0D1FD3F
:103B50003B7B032B42D8DFE803F002486D72A27A68
:103B600042B17F494FF439727E4808F0CBFD4FF4E3
:103B70003971EAE766697C4B32607260D3F8801471
:103B80003170D3F884147170D3F88814D3F88C048E
:103B900041EA00217180D3F89014D3F8940441EAEB
:103BA0000021B180D3F89814D3F89C3441EA032360
:103BB000F3800823E360306871686C4B03C31146DF
:103BC0002368607A984796F90030002B09DBF38868
:103BD0009AB232B1A5F88C3201F09EF94846796864
:103BE00093E70023A5F88C32F8E7637F002BF5D02C
:103BF000237F002BF2D000264FF0FF324FF0FF332F
:103C00005B486677267708F01BFF636901A901937B
:103C10006368CDE90236607A00F0C6FD554B024676
:103C2000984203D04521544808F0FBFD504808F065
:103C300009FFD3E701212368607A9847CEE7A37A8A
:103C40006BB9E37F5BB94A484FF0FF324FF0FF3367
:103C500008F0F6FE01F066F9454808F0F3FE02218F
:103C60002368E9E73A7A042AB8D8DFE802F0890342
:103C700029A2AE0000F09AFC04460028AED100F064
:103C800013FC01233D49D1E8EF2F002A03D1C1E8FD
:103C9000E03F0028F7D1A1D141F8084C41F8104C81
:103CA000E86914396B61FDF71DF8002896DA2C4994
:103CB00040F2AA222B4808F025FD40F2AA2144E751
:103CC000002464F07F00C0B2FFF796FC40B924499D
:103CD00040F23122234808F015FD40F2312134E74B
:103CE000037A13B1407A01F0D3FA0134082CE8D1F9
:103CF00095F854311BB195F8550101F0C9FA00242B
:103D0000E0B2FFF779FC40B9154940F2432215486B
:103D100008F0F8FC40F2432117E7037A13B1407A28
:103D200001F0B6FA0134082CEAD195F874321BB1CF
:103D300095F8750201F0ACFA002000F007FC0123B1
:103D400085F825302B68002B3FF448AF0021022076
:103D5000984743E780130020D001002084EF000043
:103D600096EE0000C5DF00000060035084130020C1
:103D7000B81300200000AD0BAFEF0000A01300202F
:103D8000002485F8254001F0CBF9FFF773FCA04231
:103D900008DA464940F2C222454808F0B3FC40F236
:103DA000C221D2E62B68002B3FF418AF2146042035
:103DB000CEE7002B3FF412AF00F002FC2B68002B83
:103DC0003FF40CAF00210520C2E72A68002A3FF427
:103DD00005AF002B3FF402AF002106209047FDE61F
:103DE00008F110044FF0FF334FF0FF32204608F087
:103DF00027FEFFF7A3FC204608F024FE58F8283CD5
:103E0000002B3FF4EBAE00210120A1E795F87432BE
:103E10005BB1012485F8894285F88842FFF7EAFC06
:103E200058B94521234808F0FCFC58F8283C002BE1
:103E30003FF4D4AE00210A208AE71F4A04740473B9
:103E40008260FFF711FCFFF707FCEEE745211B48F6
:103E500008F0E7FC04F044FF01F062F900F006FB13
:103E6000FFF7BAFCFFF76AFC40B1104940F2864206
:103E70000F4808F047FC40F2864166E604F028FF50
:103E80000F4800F019FC0F4B98423FF4A7AE0749CA
:103E900040F28D42064808F035FC40F28D4154E670
:103EA0004521094808F0BDFC98E600BF96EE0000E9
:103EB000C5DF0000DAEF0000EC150020F3EF000092
:103EC000793900000000AD0B0FF0000038B5154D3A
:103ED00095F8244024BB05F1380009F001F90220CF
:103EE00001F0BCFB22460121E8613620FEF7D8FC38
:103EF00004F0EEFEFFF722FC044610B9012385F81A
:103F00002430094B1B680BB1FFF7A6FB074BD3F816
:103F10000034DB0702D50020FFF7AAFC204638BD9D
:103F20000024FBE780130020B00200200070035043
:103F300008B50E4B93F824209AB193F8253083B13D
:103F40000B4BD3F87034DBB283420DD009490A48D9
:103F500040F2595208F0D6FB40F25951054808F09A
:103F6000C8FB6FF0120008BD0020FCE780130020A2
:103F70000060035096EE0000C5DF000008B503782E
:103F8000027903F00F013AB991B145210C4808F0CC
:103F900048FC4FF0FF3008BD082902D945210948E7
:103FA000F5E7012A04D11B0708D457210648EEE79C
:103FB00013F00800EFD057210448E8E70020EAE7B3
:103FC0002CF0000050F0000074F000008FF00000B2
:103FD00038B5124B044693F82430E3B105782846EF
:103FE000FFF70AFB80B145722379837263884360CF
:103FF0002078618810F0080F09D14B1E0B4206D0C3
:104000004521074808F00DFC6FF0150038BD00F0A1
:104010000DFB0020FAE76FF01200F7E78013002095
:10402000B1F0000038B5154B054693F824200AB3CB
:1040300093F82530F3B1FFF7DFFA044610B96FF0BB
:10404000150038BD837A012B0FD007D9023B012B15
:1040500007D900206369E060A361F2E700F068FF20
:10406000F7E7284600F0E6FEF3E74521044808F0AC
:10407000D8FBE4E76FF01200E3E700BF80130020F5
:10408000DEF0000038B50E4B054693F8242082B1CF
:1040900093F825306BB1FFF7AFFA68B115F008045B
:1040A0000AD1284600F0FAFE284601F029F92046F8
:1040B00038BD6FF01200FBE76FF01500F8E700BFA6
:1040C0008013002038B50C4B054693F824200C468D
:1040D00062B193F825304BB1FFF78EFA48B144B185
:1040E000284600F0C1FE2070002038BD6FF012009D
:1040F000FBE76FF01500F8E78013002070B5134E52
:10410000044696F82430C3B1FFF776FA0546B8B1F5
:10411000230705D4204600F0C1FE204601F0F0F848
:104120002B7A83B901232B7296F825300BB9002026
:1041300070BD204601F0ACF8F9E76FF01200F7E728
:104140006FF01500F4E76FF07700F1E780130020BF
:104150002DE9F043DFF8F0801E4698F8243007463A
:104160008946154685B0002B6BD098F82530002B7A
:1041700067D003060AD5FFF73FFA044630B1037A49
:1041800053B93A464521314808F04BFB6FF015040E
:10419000204605B0BDE8F0834FF0FF334FF0FF320B
:1041A00008F1380008F04CFCA37F33B108F1380067
:1041B00008F048FC6FF00A04EAE7A37AFDB173B394
:1041C00001234FF00008A377384601A9CDE90195F6
:1041D000CDF80C8000F0E8FA1D4B024698422CD036
:1041E00084F81E800EB1C6F800804521194808F0F9
:1041F00018FB6FF00404184808F024FCC8E7E27FBD
:1042000002B1E577002BDBD100F098FEB842D7D0A1
:1042100000F088FE104808F015FC0024B8E7B8F854
:104220000A30AB42F0D96268B5FBF2F302FB1353DC
:10423000002BE9D10123E377E6E706B135600024DE
:10424000D9E76FF01204A3E78013002005F1000006
:104250000000AD0B29F10000B81300202DE9F0415A
:104260001D46264B174693F8242080460E46002A0A
:1042700040D093F82530002B3CD010F0800F01D1B6
:1042800021B91FB16FF01500BDE8F0814046FFF77E
:10429000B3F904460028F5D0037A2BB942464521EC
:1042A000174808F0BEFAEDE74FF0FF334FF0FF324A
:1042B000144808F0C5FBE368B8469F4228BF9846FB
:1042C0003EB937B905B12B600E4808F0BBFB0020A2
:1042D000DAE742463046A16909F02AF8A369434467
:1042E000A361E368A3EB0803E360002DECD0C5F8FD
:1042F0000080E9E76FF01200C6E700BF80130020DE
:1043000005F10000B813002070B5214D064695F860
:104310002430002B38D095F82530ABB303060AD4EF
:10432000FFF76AF9044630B1037A3BB932464521BA
:10433000184808F076FA6FF0150070BD4FF0FF33A3
:104340004FF0FF3205F1380008F07AFBE368B3B9AB
:10435000012663692677A361637F83B1FFF74AFA79
:1043600030B905F1380008F06DFB6FF00B00E4E7A1
:10437000067484600673FFF777F9FFF76DF9064856
:1043800008F060FB0020D8E76FF01200D5E700BF0F
:104390008013002005F10000B813002010B5084B71
:1043A0000C4693F824302BB1FFF726F928B10460AE
:1043B000002010BD6FF01200FBE76FF01500F8E76A
:1043C00080130020014B1860704700BF801300204D
:1043D00008B5074B93F8243023B1FFF70DF920B14E
:1043E000406808BD6FF01200FBE76FF01500F8E7BA
:1043F0008013002000F00F02082A08B50AD90B49E3
:104400000B484FF4D77208F07DF94FF4D771074885
:1044100008F06FF9074B10F0800F03F1D80118BFB7
:104420000B46182000FB023008BD00BF54F100000D
:10443000C5DF0000501C002008B500F00F03082B5A
:104440000AD90849084840F2C11208F05BF940F265
:10445000C111044808F04DF9C043C0F3C01003EB8C
:10446000001008BD54F10000C5DF000008B50A4B7C
:104470001A78012A0AD00949094840F2744208F022
:1044800041F940F27441054808F033F9002205492A
:104490001A700A6008BD00BFA422002054F1000079
:1044A000C5DF0000081E002008B51F4A1178012949
:1044B0000AD01E4940F27C421D4808F023F940F220
:1044C0007C411A4808F015F94FF40060194BC3F805
:1044D0000004C3F80015D3F800140905FBD54FF408
:1044E0000061C3F800148021C3F81C150121C3F832
:1044F000301540F2FF11104B196000230F490B607B
:104500000F490B700F498968012908D007494FF4FA
:104510009562074808F0F6F84FF49561D1E70A492B
:104520000B700223137008BDA422002054F1000078
:10453000C5DF000000600350041E0020001E0020A4
:10454000A0220020A0020020A222002010B5104BC3
:104550001B78022B0AD00F490F4840F2DC4208F0CA
:10456000D1F840F2DC410B4808F0C3F800220B4BB5
:104570000B4C1A700B4A0C4B002808BF1346362010
:10458000C4F80033FEF75CF90123C4F8043510BD0C
:10459000A422002054F10000C5DF0000A322002067
:1045A00000600350FDFFDF01FDFFFF01034B1878A2
:1045B000012894BF00200120704700BFA4220020E2
:1045C00010B54FF0FF324FF0FF33154805F09EFB5A
:1045D000EFF31181202383F31288BFF36F8F114B08
:1045E0001B7803F0FF0483B10F4BD3F8002412F4BF
:1045F00000720AD10120C3F82C05D3F82C05D3F89A
:104600000004800502D5C3F82C25002481F311880D
:10461000BFF36F8F024805F017FB204610BD00BFA7
:10462000A0020020A3220020006003504B1E0B427A
:1046300010B500F008030C460CD001071ED11B4931
:1046400040F269521A4808F05DF840F26951174883
:1046500008F04FF891B9020708D1144940F26B52A3
:10466000134808F04FF840F26B51F0E713B1114BCB
:10467000D3F81C35FFF7BEFE848210BDA3B10D4BED
:1046800040F2FF32D3F81C1540F2FF13802918BF07
:1046900013469C42EED9054940F26D52044808F099
:1046A00031F840F26D51D2E7402CF3E754F10000AD
:1046B000C5DF000000600350F8B550B92149224819
:1046C00040F24D4208F01EF840F24D411D4808F0FE
:1046D00010F81E4B1C7894BB1D4A40F2FF17106067
:1046E000012226461A7064F07F0514F0080FEDB21F
:1046F00014BF394640212846FFF798FF2846FFF7A8
:1047000079FE0134092C867506730661EBD100240D
:1047100040F2FF17254614F0080FE6B214BF3946E1
:1047200040213046FFF782FF3046FFF763FE013439
:10473000092C857505730561EDD10648F8BD06485D
:10474000FCE700BF54F10000C5DF0000A4220020F8
:10475000081E00200000AD0B0500AD0B08B543B2EC
:1047600000F00F0008280AD90C490D4840F2815288
:1047700007F0C8FF40F28151084807F0BAFF002B4C
:10478000084BB4BFD3F81025D3F814250123834078
:10479000134214BF0120002008BD00BF54F10000E7
:1047A000C5DF0000006003502DE9F84381460C4648
:1047B000FFF742FEEFF31188202383F31288BFF343
:1047C0006F8F54B9274940F2BC52274807F09AFF2F
:1047D00040F2BC51234807F08CFF19F00F0F03D1B2
:1047E000224B1B784B4538D1214B01261B68214FAA
:1047F000DB433D689BB286402B4333422FD1484672
:10480000FFF7F8FD19F0800F03460FD122686AB157
:1048100002F06042B2F1005F08D012494FF4BA6270
:10482000114807F06FFF4FF4BA61D3E701221A7302
:1048300094E8070083E8070000221A619A754FF494
:1048400080020D4B35430D483D60C3F8042188F3C9
:104850001188BFF36F8FBDE8F8830948F7E709486F
:10486000F5E700BF54F10000C5DF0000A2220020E0
:10487000041E0020001E002000E100E00000AD0B3F
:104880000A00AD0B0B00AD0B10F0080F074B06D064
:10489000D3F8C00410F4803F18BF0020704700F028
:1048A0000F0000F5947053F820007047006003502B
:1048B0002DE9F04FA04BA14ED3F8542185B0DAB1C9
:1048C0000022C3F85421D3F80413890214D58DF8BB
:1048D0000C20D3F8202503A8ADF80E20D3F8C0345F
:1048E000002B14BF4FF001224FF480723368134342
:1048F0003360934B1B6898478F4BD3F8604134B1BA
:104900000022C3F86021D3F86C44C3F86C44D3F898
:1049100028214AB10022C3F828218A4B1878FFF7D2
:104920008BFD012383401C43874F97F8008097F944
:10493000009008F00F03082B0AD984494FF49172B4
:10494000834807F0DFFE4FF49171804807F0D1FEF5
:1049500018F008017F4D40D1B9F1000F2DDA7E4AE1
:1049600052F8230010B342F823101422534303F1EA
:10497000A04303F55833D3F80836784A03F001030F
:1049800011784B401370764805F05EF94046FFF70A
:1049900031FD837D032B38D14046FFF74DFD0123C8
:1049A00003FA00F02B6823EA00032B604FF00108A4
:1049B0004FF00609DFF888A15DE06A4A52F823004B
:1049C0000028F3D042F823101422534303F1A043EC
:1049D00003F55833D3F80837CFE7B9F1000F564B3A
:1049E00009DBD3F85021002AE0D00022C3F850217F
:1049F000D3F8A837C1E7D3F82C21002AD6D000225B
:104A0000C3F82C21D3F8A836B7E7037BE3B94046B7
:104A1000FFF712FD012303FA00F02B68B9F1000F34
:104A200023EA00032B6002DAB8F1880FBED1062317
:104A30008DF80C3000238DF80F30414B8DF80E802F
:104A40001B6803A89847B1E7B8F1000FAED1012267
:104A5000394BDA64AAE794FAA4F0B0FA80F032682D
:104A600008FA00F31A430F28326024EA03042A6884
:104A700049DD134256D0002CEDD12F4BD3F8002145
:104A80005AB1C3F80041384B03A81C702D4B1C7061
:104A9000012303932A4B1B689847274BD3F85821CF
:104AA000002A6ED00022C3F85821D3F80044C3F87E
:104AB0000044E30508D501222B4B03A81A700223FA
:104AC00003931F4B1B689847A00508D50022264B6F
:104AD00003A81A7003230393194B1B6898476105B9
:104AE0004FD5214A1378002B4BD0134BD3F82C15FC
:104AF00000293BD0154940F2F522154807F002FE87
:104B000040F2F52121E71340B5D160F07F018DF827
:104B10000C908DF80E108DF80F30DAF8003003A8E5
:104B20009847A8E7A0F110018DF80C908DF80E10B1
:104B30008DF80F80F1E700BF00600350041E0020D5
:104B4000081E0020A2220020A122002054F1000013
:104B5000C5DF0000001E002008610350A0220020D5
:104B6000A002002030610350A32200201170012216
:104B7000C3F808259A6504230393A74B03A81B6871
:104B80009847A64BD3F85C31FBB1A54B9B6813B992
:104B90003B785A0619D00022A04B03A8C3F85C2129
:104BA000D3F880349F4A23F07F0313702B6823F0DF
:104BB00001132B60336823F4803343F00103336027
:104BC00005230393944B1B6898472A6833681A425D
:104BD00000F0108100220023914805F097F800288A
:104BE00040F008818D4BD3F82C35002B00F09180DC
:104BF0008B4805B0BDE8F04F05F026B849F0800AB3
:104C00005046FFF7F7FB027B0446FAB14268B0F862
:104C100014800168904528BF904601F06042B2F1CF
:104C2000005F1CD12068626840442060A068A2EB4D
:104C30000802C3074FFA8AF5626040F1A780B8F115
:104C4000000F40F0A68000222273A2E0764940F2D5
:104C50005732764807F056FD40F2573175E6B8F105
:104C6000400F08D970494FF4C172704807F04AFDEF
:104C70004FF4C17169E642466D4808F059FB6C4932
:104C8000D0E722686AB102F06042B2F1005F08D05A
:104C900065494FF4B272654807F034FD4FF4B271C4
:104CA00053E66268236890429DBF03EB0008121A26
:104CB000C4F800804FF000089CBF804662607045D9
:104CC00019460FD1003A18BF01226BB9B8F1000F95
:104CD0005AD055494FF45A72544807F013FD4FF417
:104CE0005A7132E60022F0E7404543D9012202FA28
:104CF00009F22BEA020202212A600622464BA17524
:104D00001B688DF80C208DF80EA08DF80F1003A8ED
:104D100098473368D5F800B001931BEA03093FF4C4
:104D200067AF19F0012314BF93FAA3F999FAA9F90F
:104D3000B9FA89F9B9F10F0F7FF660AFA9F1100345
:104D40005FFA83FA5046FFF755FB027B0446002AC0
:104D50003FF47CAF5046FFF797FDB4F814E0704580
:104D60008FD9314940F26312304807F0CBFC40F252
:104D70006311EAE508D02C4940F279322B4807F05C
:104D8000C1FC40F27931E0E54FFA8AF5002A3FF4A0
:104D90005AAF0120019B00FA09F923EA09023260A7
:104DA000226987F800A0424422610AF00F04082C0F
:104DB00008D91D494FF4A4721C4807F0A3FC4FF416
:104DC000A471C2E51AF0080F144B16D1142202FB8D
:104DD0000432002DB5BF03EB84030A34C2F8001679
:104DE000C2F80017B5BFC2F80486C2F8048758603D
:104DF00043F8240005B0BDE8F08F002DB5BFC3F81F
:104E0000A016C3F8A017C3F8A486C3F8A487B4BF3C
:104E100058629864EEE700BF081E0020006003504F
:104E2000A0020020A222002054F10000C5DF0000F3
:104E3000101C002008B503070AD50849084840F2AD
:104E4000076207F05FFC40F20761044807F051FC7D
:104E5000044B40F48070C3F8180508BD54F10000FD
:104E6000C5DF000000600350030713D400F00F03F8
:104E700010F0800F084A0BBF03F5887303F58473A5
:104E800002EB830252F8230008BF5068003818BFB5
:104E900001207047002070470060035008B50307E9
:104EA0000AD50949094840F2296207F02BFC40F273
:104EB0002961054807F01DFC054BC3F80C0540F4BB
:104EC0008070C3F80C0508BD54F10000C5DF000078
:104ED000006003500023036043600E4BD3F880242E
:104EE0000270D3F884244270D3F88824D3F88C1449
:104EF00042EA01224280D3F89024D3F8941442EA83
:104F000001228280D3F89824D3F89C3442EA032308
:104F1000C3807047006003500122014BDA64704780
:104F2000006003500122014B1A6570470060035076
:104F30000122014B5A65704700600350014B1878FD
:104F4000704700BFA222002038B50446EFF3118558
:104F5000202383F31288BFF36F8F03060AD512490B
:104F6000124840F2536207F0CDFB40F253610E4805
:104F700007F0BFFBFFF760FA01230D4A03FA00F0C8
:104F8000136823EA0003136014F0080201BF04F061
:104F90000F04084B04F5947443F8242085F311881A
:104FA000BFF36F8F38BD00BF54F10000C5DF0000B4
:104FB000041E0020006003502DE9F04F044685B028
:104FC000EFF31187202383F31288BFF36F8FFFF76E
:104FD00011FA14F0800F0546404E2BD12046FFF702
:104FE0002BFA4FF00109D6F8008009FA00F030EAF8
:104FF00008000BD02046FFF7A7FF0323AB7587F30C
:105000001188BFF36F8F05B0BDE8F08F287320467D
:10501000FFF712FA09FA00F028EA00003060204693
:10502000FFF70AFA2E4A09FA00F9136823EA09037E
:105030001360E2E7230715D4802C2A4B41D004F0FB
:105040000F0202F2DA325200C3F80028D3F8042823
:10505000D3F80418D2B242F002020A43C3F804287B
:10506000D3F80438DFF87890D6F800B0D9F800A06B
:1050700020466BEA0A0301934FF00108FFF7DCF9C1
:10508000019B08FA00F00342B9D02BEA000030601F
:105090002046FFF7D1F900232B730323062208FAD9
:1050A00000F8AB758DF80F300F4B48EA0A00C9F8CD
:1050B00000001B688DF80C208DF80E4003A898475F
:1050C0009DE740F2B472C3F80028D3F80428D3F85F
:1050D0000418D2B242F00402BFE700BF001E002055
:1050E000041E002000600350081E002038B504464E
:1050F000094D4FF0FF324FF0FF33284604F006FE13
:105100002046FFF759FF284604F09EFD4FF4800229
:10511000024BC3F8042138BDA002002000E100E0EA
:105120002DE9F041394D2B7853B9394940F2BA4253
:10513000384807F0E7FA40F2BA41354807F0D9FAA3
:105140004FF0FF334FF0FF32334804F0DFFD2B7890
:10515000022B08D02E4940F2FC422E4807F0D2FA2A
:1051600040F2FC41E9E74FF480022C4B3620C3F8B3
:105170008421FDF787FBA0B14FF00108284F294B90
:105180003C681B68240C24041C4354BB40F2FF13EE
:10519000254E3B603620C6F80445FDF75FFBC6F898
:1051A0000043224A13788BB100211F4BC3F808112A
:1051B0000121C3F80026C3F804165960D3F808117A
:1051C0000029FBD00021C3F8081111700022164BF2
:1051D000C3F80025104804F037FD01232B70BDE80B
:1051E000F08194FAA4F6B6FA86F630460F2EC6BFC2
:1051F000A6F11000C0B240F08000030701D4FFF711
:10520000DBFE08FA06F624EA0604BEE7A422002024
:1052100054F10000C5DF0000A002002000E100E022
:10522000041E0020001E002000600350A022002069
:1052300010B504464FF0FF324FF0FF33114804F031
:1052400065FD2046FFF7B8FE012304F00F029340EE
:10525000DB430D4A14F0800F15BFD2F81015D2F8B9
:1052600014150B400B4014BFC2F81035C2F81435AA
:10527000044804F0E9FC4FF48002044BC3F8042115
:1052800010BD00BFA00200200060035000E100E05C
:1052900070B50446FFF762FA68B9012504F00F0201
:1052A00014F0800F144B05FA02F205D0D3F8101554
:1052B0000A43C3F8102570BDD3F814150A43C3F888
:1052C0001425631E062BF6D8EFF31186202383F3F3
:1052D0001288BFF36F8F2046FFF736FE2046FFF798
:1052E000ABF8064A8540136823EA0503136086F38A
:1052F0001188BFF36F8FDEE700600350001E0020AF
:10530000020710B504460AD50B490C4840F20F625B
:1053100007F0F8F940F20F61074807F0EAF90306D1
:1053200005D4FFF7A1FD10B12046FFF70DFE044B99
:10533000C3F8184510BD00BF54F10000C5DF0000E0
:105340000060035037B540230C460A490093411AC8
:10535000491105462346084A084807F0B4FB011ED8
:1053600005DA2846234603B0BDE83040184703B0AD
:1053700030BD00BF201E002033CB000018D5000038
:10538000C9B2032908B508D9084909487F2207F09E
:10539000B9F97F21054807F0ACF90C22036901FB3C
:1053A0000233D3F8880000F0070008BDACF100001C
:1053B000C5DF000070B5C9B2032903690AD91949CC
:1053C000194840F2D11207F09DF940F2D111154869
:1053D00007F08FF9EFF31185202484F31288BFF3CF
:1053E0006F8F0C2606FB0134D4F8884014F0C004FB
:1053F00008D0A24206D085F31188BFF36F8F4FF01B
:10540000FF3070BD012271430B44C3F8882085F33F
:105410001188BFF36F8F43680B445B689847002087
:10542000EFE700BFACF10000C5DF000070B50D462E
:1054300006490446411A491140220548FFF7BAFFC0
:105440002B4601462046BDE870401847201E00202C
:1054500018D500002DE9F843002201210646052059
:10546000FDF71EFA114802F053FA114B984219D178
:1054700002F05EFA00244FF00C080127DFF83490A8
:105480003569494605EB441007F0A6F9002807DB0B
:1054900008FB04550134042CC5F88870F0D10020B5
:1054A000BDE8F8836FF00400FAE700BF755500000F
:1054B0000000AD0B74DA00001FB500220123CDE916
:1054C00002236B46084ACDF800D0CDF804D007F08F
:1054D00029FB002805DB4FF480420023684604F0D6
:1054E00015FC05B05DF804FB63CB000010B5EFF3CD
:1054F0001184202383F31288BFF36F8F074A136848
:1055000023F00201DB07116002D4012002F0BEFA91
:1055100084F31188BFF36F8F10BD00BFD01E002031
:105520000C22124B014602FB0033002030B4D3E9B9
:105530002052C3F88000EFF31180202484F31288F6
:10554000BFF36F8FD3F8884004F0C00444F0020426
:10555000C3F8884080F31188BFF36F8F1DB12B46CD
:1055600030BC0348184730BC704700BF201E0020E5
:1055700018D5000008B5092821D8DFE800F0051388
:10558000202020202015110F124BD3F8880010F096
:1055900007001DD1BDE80840FFF7C2BF0220F9E7B0
:1055A0000320F7E70120F5E70B494FF43D720B4864
:1055B00007F0A8F84FF43D71074807F09AF806493C
:1055C0004FF44172054807F09DF84FF44171F3E73D
:1055D00008BD00BF201E0020ACF10000C5DF0000A8
:1055E00010B4EFF31182202383F31288BFF36F8F7F
:1055F0001848016841F002040460C80707D482F328
:105600001188BFF36F8F012010BC02F0BDB94FF0BD
:105610005021D1F80C04D1F80C14C907EFD5EFF3E1
:10562000118083F31288BFF36F8F0B49D1F8883054
:1056300003F0C00343F00203C1F8883080F31188FF
:10564000BFF36F8F82F31188BFF36F8F002010BC00
:10565000FFF766BFD01E0020201E0020024BC0B204
:1056600003EB4010704700BF201E00202DE9F041E1
:10567000012206464249D1E8EF3FC1E8E02F002869
:10568000F9D19BB93F4940484B60CB608A60FBF73A
:1056900029FB00280ADA3D494FF429723C4807F0FB
:1056A00031F84FF42971394807F023F876B3731EA7
:1056B000012B5BD8012E07D14FF05023D3F81C34B7
:1056C00003F00303022B21D007F065FD0546F8B96E
:1056D000304B1B78E3B14FF0502302220746C3F84A
:1056E00008234FF05024DFF8B080D4F81824D4F801
:1056F0001834D20315D503F00303022B01D0012E79
:105700000FD16DB387F31188BFF36F8FBDE8F081C0
:10571000EFF31187202383F31288BFF36F8F0125E6
:10572000DFE7C5B1384607F0EEF8D4F81835DBB23C
:10573000012BDAD1D4F80421002AD6D00022C4F8F3
:105740000421D4F804210222C4F818252022C8F824
:105750008021A360C9E70021212005F00DFCE4E7CA
:105760004FF050230222C3F80423CFE7074940F249
:10577000B622074806F0C6FF40F2B62193E700BF05
:105780001C1E00200C1E0020401E0020ACF100005A
:10579000C5DF00006423002000E100E008B50748F1
:1057A00007F037FC38B10648FDF772FB0448FBF7F9
:1057B00087F8002008BD6FF01200FBE778D50000E5
:1057C000C55700000A2838B50446074D04D1AB6818
:1057D0000D2128465B689847AB6803485B68E1B2D7
:1057E0009847204638BD00BF78D5000010B5036942
:1057F00041B91C493F221C4806F084FF3F2119484B
:1058000006F077FF486830B916494022164806F07E
:1058100079FF4021F3E75868F8B1884219D19C68B4
:105820000868A142586000D19860002008602AB141
:105830005A680A609A68596002B99960002010E0BD
:10584000814206D10868206098688142EDD19C6051
:10585000EBE7044600680028F2D1002AE8D16FF097
:10586000150010BD23F20000C5DF000008B5036875
:105870000246590913D0012906D14FF6FF7103F0F2
:105880001F03D940C80711D40A490B4840F2CA3255
:1058900006F038FF40F2CA31064806F02AFF4FF002
:1058A000FF31D940C907EFD5044800E00448136030
:1058B00008BD00BF49EB0000C5DF00000025845093
:1058C00000288450F0B5406801F01F04057B87B0C4
:1058D00044EA45140569002D76D0B2F5001F00F1A9
:1058E000100506D12146284607F07AFB002007B0B4
:1058F000F0BD0027B2F5800F01AE0197776033D17C
:10590000B3F1007F14BF052304238DF80430002376
:10591000CDE9046303938368CB40D90739D4B2F14E
:10592000A07F36D168460094FFF7A0FF009B80332C
:1059300050F82330DB072CD46A462146284602F073
:10594000C7FB244B98421AD0CDF808D021462846F0
:1059500003AA02F07DFA204B984238D10122214659
:10596000284602F043FCC1E7B3F1C06F05D0B3F1A4
:10597000007F14BF01230223C7E70323C5E769465D
:10598000284602F02BFC144B9842DDD06FF00B0040
:10599000ADE76A462146284602F09AFB0E4B0646C2
:1059A0009842D3D128469DF8001002F00FFCB04277
:1059B000CCD00A490A4840F2E11206F0A3FE40F2B8
:1059C000E111064806F095FE6FF085008FE76FF055
:1059D00015008CE70400AD0B0000AD0B5FF200007A
:1059E000C5DF00002DE9F043466840F20635337B01
:1059F000D00601F01F0747EA431748BF032302EA16
:105A0000050558BFC2F3401387B0B5F5837F144630
:105A10008DF8033043D00FD8062D18D007D8B5B174
:105A2000022D3ED06FF0150007B0BDE8F083B5F54C
:105A3000807FF7D101250AE040F20222954232D060
:105A4000B5F5407F31D0B5F5007FEBD102252203BB
:105A50002DD5012372688B409360336973BB03A813
:105A60000397FFF703FF039B00EB830084F480336D
:105A7000C3F30043C4F34044D0F8002244EA430493
:105A80009DF8033022F4706244EA830422F00F028E
:105A900044EA05231343C0F800320020C4E7072579
:105AA000D5E70425D3E70525D1E70325CFE7630331
:105AB00041BF012372688B40D360CEE71036394670
:105AC00030460DF1020202F003FB14F4403F804621
:105AD00016D13946304607F081FA244B9845DCD17F
:105AE00030469DF8021002F071FB4045D5D02049A8
:105AF0002048DE2206F006FEDE211D4806F0F9FDF4
:105B00004FF0000901AB3946304603AACDE904390C
:105B1000CDE90199CDF80C9002F09AF9134B984217
:105B200080D114F4003315D09DF8033084F4803410
:105B3000C4F300448DF80E3039464B46304603AA74
:105B40008DF80C508DF80D4002F03CFA074B98424E
:105B5000C3D067E7CDE9043339460DF1030330467E
:105B600003AA039302F074F9F0E700BF0000AD0B45
:105B70005FF20000C5DF00004209034670B502D0A5
:105B8000012A1AD070BD124E326951680029F9D02D
:105B9000012503F01F030C689D400029F2D08A689C
:105BA0002A400ED04B6853B90A490B48642206F0CC
:105BB000A9FD6421074806F09CFD084EE4E7304645
:105BC00098471CB1236821461C46E6E72346FAE7BE
:105BD00058D5000023F20000C5DF000038D50000D2
:105BE00038B545682B69B3B11035284602F0E4FAA0
:105BF000044680B90146284602F094FA084B9842C0
:105C00000BD122462846074902F05CFA22460521BC
:105C10000D20FCF745FE002038BD6FF00400FBE7C7
:105C20000000AD0B795B000008B500220023D0F81E
:105C3000840003F0C5FA021E05DA0448452106F087
:105C4000F0FD002008BD0120FCE700BFA3F200002A
:105C5000002330B585B0CDE90133039390F8ED30E2
:105C600004461BBB204601A9FFF7DEFF00283ED1FA
:105C70006FF00B05D4F8E40002F0A8FE94F8F130C0
:105C80005B0702D52068FBF7B1F8029911B1E06912
:105C900003F008FB019919B1D4F8840003F002FB6A
:105CA000042384F8EC30284605B030BD01A906F085
:105CB000AEFF20B94521144806F0B3FDD8E794F8AB
:105CC000ED30012BCED1029B0022C4F8E830D4F88D
:105CD000E40001A902F0F2FC0C4B0246984210D0FD
:105CE00045210B4806F09DFD6FF00405C2E794F8CE
:105CF000ED30002BE7D1D4F888309B08ADF80C309C
:105D0000E1E70025CFE700BFCEF200000000AD0BB9
:105D1000EAF2000037B50446002201212820FCF7F2
:105D2000BFFD636800215D6B01AA284607F02FF8CC
:105D3000002825DB019B2A681979186801F05CF8B6
:105D400000281DDB042308220E490F4807F0B0F994
:105D5000042308220D490E4807F0AAF900202469FF
:105D6000FFF77CFC206050B90A490B4840F29232A0
:105D700006F0C8FC40F29231064806F0BAFC00205A
:105D800003B030BD0C1F00208C000020EC1E002052
:105D9000F400002014F30000C5DF0000F0B5056931
:105DA00087B01346CDE9011295F8F120D20706D449
:105DB00045212C4806F035FD6FF0040034E095F8DD
:105DC000EC20511E012904D94521274806F029FD60
:105DD000F2E72A6A9A4201D3032B02D845212348CD
:105DE000F4E76C6A05F15006631C1FD04FF40047BE
:105DF00040F2E730002124EAE4744FF47A72002381
:105E0000C4FB0701FAF7A6F902460B46304601A982
:105E100003F018FB002807DB95F8EC30022B02D1C9
:105E200095F8F03033B9002007B0F0BD4FF0FF32E5
:105E30001346EBE70026284603A9CDE9036605963D
:105E400006F0E5FE20B94521094806F0EAFCEAE73C
:105E5000284685F8F06003A906F0ECFE0028E2D1A0
:105E6000AAE700BF17ED00003EF300005DF300005D
:105E700093F30000F0B5044688070F4685B04AD575
:105E8000614D95F8EC30D5F8E810032B04BF0123E1
:105E900085F8EC30002933D06368994202D0E86974
:105EA00003F000FA0023D5F8E400C5F8E83002F06A
:105EB0008DFD95F8F130590702D52868FAF796FF5D
:105EC000216800293CD16368002B7BD1FB0740F19E
:105ED000988000234C4CCDE90133039394F8ED30C6
:105EE0004BB194F8EE30002B77D0D4F8E830029321
:105EF0000123ADF80C3001A9434806F09BFE80E079
:105F0000D5F8E40002F062FD95F8F1305A0702D5A9
:105F10002868FAF76BFF002CD2D13B4C94F8EC3098
:105F2000032B06D04521394806F07BFC042384F876
:105F3000EC30D4F8E40005B0BDE8F04002F022BD3A
:105F4000314D95F8EF6026B1D5F8840003F0AAF939
:105F5000B9E7238901919B0002930022002301A944
:105F600005F1B80003F06EFA002811DA452128483F
:105F700006F057FC042385F8EC302168D5F884003E
:105F800003F090F96368FBB91F4BD3F8E400D2E744
:105F900095F8ED305BB16368002B97D01A4AD2F8C0
:105FA000E810994212D1012382F8EF30ECE795F81E
:105FB000EE60002EEFD0012385F8EF306368002BF0
:105FC000ECD1E1E70026E9E70126E7E71946D069C9
:105FD00003F068F9002ED7D178E7204601A906F032
:105FE00016FE002887D194F8EC30032B4FF0010304
:105FF00005D1D4F8E82084F8EE30029279E784F8ED
:10600000F03005B0F0BD00BF3C000020B7F3000049
:10601000DEF300002DE9F04F056995B095F8ECC06E
:106020001446BCF1010FD0F804B0019105D06246CE
:106030004521A84806F0F5FB42E0D2F80490B9F1FA
:10604000000F27D1284606F02FFE019B013B012BB4
:106050001CD895F8F1303C2269F3000385F8F13043
:10606000494605F1140007F08AF9019B022B0BD178
:1060700095F8F1303C226FF34103002185F8F130AF
:1060800005F17C0007F07BF900201BE0019B002B51
:10609000EED0F9E793680BB1D76857B98E498F48AE
:1060A00040F2BB1206F02EFB40F2BB118A4806F00C
:1060B00020FB17F0030708D04521894806F0B1FB03
:1060C0006FF0150015B0BDE8F08F0AAE0BF10C0EA5
:1060D000BEE80F000FC6BEE80F000FC69EE8030023
:1060E000237886E80300182B9BF82C600CD007D887
:1060F000082B0CD0102B1AD01A464521794899E765
:10610000202BF9D1032200E00222029200E0029744
:10611000A27802F00708B8F1030F0BD0B8F1040F12
:1061200013D0B8F1000F14D045216F4882E7CDF8A5
:1061300008C0EDE700214FF00108039112F038018B
:10614000049109D04521694874E7012188460391EB
:10615000F4E7CDF80C80F1E76278022A009204D0CF
:10616000012A04D04521624864E7049A0092E2784B
:1061700002F006010629069117D1DBF80420D2F8B7
:106180006025002A17DA0023059395F8F12063F3C0
:10619000820285F8F12094F90330E278002B01DBCC
:1061A000530666D54521534844E702F0060121B164
:1061B000452151483EE7012206929BF838205B00BA
:1061C000022A4FF0000A4D4A079308BF00224FF001
:1061D000FF330892CDF814A00993494B079A33F87E
:1061E0002A60079BB6FBF3F302FB13632BBB06FB92
:1061F00009F1089A080502EB5102090BF9F7AAFF09
:10620000B0F5801F19D84FF48013B3FBF0F3089A50
:10621000B2FBF3F3B3FBF6F6099AB14594BFA6EBD4
:106220000906A9EB0606964207D25FFA8AF20492A3
:1062300002031F4605922EB109960AF1010ABAF12E
:10624000090FCAD12E4B049A492103EB820296789A
:10625000049A2C4833F822303A46B7FBF3F306F0A1
:10626000E0FA9BF83830DDF818C0003B18BF012376
:106270008BE7019B013B012B46D9019B002B7FF44F
:1062800003AF0FCC05F17C070FC723688DF848607A
:106290003B60039B8DF83DC08DF83F30029B8DF82D
:1062A0003E808DF84030009B05F190048DF8413020
:1062B000059B0AAE11930FCE0FC40FCE0FC496E804
:1062C000030084E8030095F8F13043F0020385F8F9
:1062D000F130D9E6F7F3000014F30000C5DF000049
:1062E0001AF400004FF400006EF4000093F4000074
:1062F000BAF400003AF50000E2F400000048E801BA
:10630000FCDD00000AF50000A64605F11407BEE812
:106310000F000FC7DEF800308DF83DC03B60039BD7
:106320008DF83E808DF83F30029B8DF848608DF8E7
:106330004030009B05F128078DF84130059B0DF199
:10634000280E1193BEE80F000FC7BEE80F000FC75D
:106350009EE8030087E8030095F8F13043F001035D
:1063600085F8F130019B022B8BD08DE6F7B5022921
:1063700007460D46164604690CD194F8F13003F037
:106380000303032B1BD04521624806F04AFA6FF045
:10639000040068E001290BD194F8F13013F0010FEB
:1063A000F1D0042E58D8DFE806F0193C3C605000CC
:1063B0000029E8D194F8F13013F0020FF0E7282219
:1063C00004F19001A01806F0E2FF20B9226AD4F887
:1063D00088309A42E5D045214F48D6E794F8EC3012
:1063E000012BD4D1002384F8ED50A4F8EE3084F8CA
:1063F000F0303D697C6895F8ED302268012B0CBFC8
:1064000005F1280105F19001D5F8E40002F06CF8DF
:10641000424B0246984238D04521414806F001FAE5
:10642000B5E794F8EC30022BB1D194F8ED30AB42E3
:1064300023D1022E4FF0030353D1B5FA85F56D0930
:1064400084F8EC3084F8EE5050E094F8EC30042BF3
:106450009DD12946204656E032464521314806F076
:10646000E0F96FF0150003B0F0BD94F8EC30022BAA
:106470003ED194F8ED309D423CD0009332462B46FD
:106480004521294806F0CDF9EBE7022385F8EC30E9
:1064900094F838306268991E4B424B41C2F82C3553
:1064A00095F8F130580716D5204B0022AB60032336
:1064B00028682A61EB60291DFAF714FC041E15DA1E
:1064C000D5F8E40002F082FA01232246452118485B
:1064D00085F8EC30A2E72846FFF7BAFB00EAE07047
:1064E000C1E784F8EC30012384F8EE300020BAE7ED
:1064F000012B06D00123D4F8E40084F8EF3002F039
:1065000041FA2946386906F0CFFB012384F8EC30C4
:10651000ECE700BF17ED00005BF500000000AD0BDD
:10652000D9F5000087F50000A0F500007FCC000041
:10653000FFF50000F7B50369144693F8F1200D4606
:10654000920707D445211A4806F06BF96FF0040052
:1065500003B0F0BD93F8EC2003F1B807042A25D06E
:10656000D3F88C60731C1DD04FF4004C40F2E73020
:10657000002126EAE6764FF47A720023C6FB0C016E
:10658000F9F7E8FD02460B466946384603F00AF87B
:1065900010F1230FDAD00028DAD1009B2B60019B89
:1065A0002360D5E74FF0FF321346EDE70022FBE70B
:1065B00017ED0000014806F0E6BB00BF18D600004A
:1065C00003460A462DE9F0411979DB880068134338
:1065D00003F03002302A0669D0E901470AD12F4979
:1065E00040F2E2322E4806F08DF840F2E2312B48BC
:1065F00006F07FF82B4A2C4D1A40AA4208D12749B1
:1066000040F2E632264806F07DF840F2E631EEE749
:1066100003F00602042A08D1204940F2E93220485A
:1066200006F070F840F2E931E1E713F4402212D0AD
:106630009D0308D419494FF47B72194806F062F89B
:106640004FF47B71D3E7B2F5402F14D0174A9A4329
:1066500001D183F44023012524688D40254223F491
:10666000801211D10D494FF47F720D4806F04AF89F
:106670004FF47F71BBE709494FF47C72084806F07C
:1066800041F84FF47C71B2E73468DB074CBF2C4310
:10669000AC4334603B68BDE8F041184733F6000076
:1066A000C5DF00000200030002000100010010002D
:1066B0002DE9F3410369466893F81455002D38D04D
:1066C000F46B01A9206806F018FB2379019C32794C
:1066D000DC404FF0FF33934024EA0304E4B2204649
:1066E00002B0BDE8F08101A906F007FB10B9019BDB
:1066F0001F4203D008FA05F32343DCB20135337996
:10670000AB42ECDDF36B53F8350003EBC502436895
:1067100017791B6808FA07F71F42E4D107490848B0
:1067200040F2346205F0EEFF40F23461034805F0B8
:10673000E0FF2C464FF00108E1E700BF33F6000010
:10674000C5DF00002DE9F0474568EC6C9CB119B33A
:106750004FF400400021EE682F4D0023E6FB00516E
:106760002E4A2846F9F7F6FC02460B462046BDE8BD
:10677000F04703F047BE6B6C73B1002914BF4FF0B4
:10678000B8664FF400164FF00108DFF8949006F455
:1067900000072B799C4201DBBDE8F087EB6B03EB34
:1067A000C40253F8340011798368D0F804C0D3F8D8
:1067B00018A00269BAF1000F28D0DCF800C008FA6E
:1067C00001F313EA0C0F0AD11649174840F293322D
:1067D00005F098FF40F29331124805F08AFF9FB10F
:1067E000126813420CBF32464FF0707202EA09037E
:1067F00002F0B072D047034658B12246BDE8F047D8
:1068000045210A4806F00DB83246EFE76FF057030E
:10681000F3E70134BDE700BF3F420F0040420F00E5
:106820004000000633F60000C5DF000064F60000FB
:106830002DE9F04146684C1C076996F805C01FD049
:106840000124881C06BF04FA0CF404F1FF348C40C8
:1068500097F81555002D60D0336C186819790369C5
:1068600004FA01F21B685A400123846803FA0CF30E
:10687000A468013B03FA01F12346BDE8F041184743
:106880000024E5E7D7F81035326C6340EB40D907B8
:1068900030D596F8543002EBC500002B32D052F8B8
:1068A000353001795A6808FA01F1126808FA05FCD6
:1068B0001142D3F810E00CEA040C0AD11849194827
:1068C00040F28D6205F01EFF40F28D61144805F024
:1068D00010FFDEF80020114205D0BCF1000F05D0FA
:1068E0009A68126904E0BCF1000FF9D09A68D26886
:1068F0001846904701357379AB42C3DCC7F81045A1
:10690000BDE8F08124FA05F3DB074CBF4FF4D0114A
:106910004FF48031FFF754FEECE74FF00108EAE74F
:1069200033F60000C5DF00002DE9F84F06460025CC
:10693000446807696379AB4225DC00252379AB42C3
:106940004CDCE06C10B1216D03F0CCFC2179E06BE4
:1069500006F0DFF987F8140594F854302BB161790B
:10696000206C06F0D6F987F81505304600F0F0F9EE
:106970008146D0B97268516CB9B9D26CAAB93046A7
:1069800006F001FA11E0D4F8408058F8350008EB21
:10699000C50906F03EFB58B958F8353045211A684C
:1069A000304805F03EFF6FF012094846BDE8F88F09
:1069B00094F854306BB14FF4B0114846FFF700FE25
:1069C000814648B14B462A464521274805F029FF14
:1069D000EBE74FF48031F0E70135ABE7D4F83CA0AA
:1069E0004FEAC50B5AF835000AEBC50806F011FB53
:1069F00010B95AF83530D1E74FF480314046FFF7EF
:106A0000DFFD81460028DDD1616C41B30C230122FA
:106A100003FB0511A06C98F8043002FA03F350B997
:106A2000124913484FF4DB6205F06CFE4FF4DB6152
:106A30000E4805F05EFEC1E901035AF80B008368B9
:106A4000DB694BB101229847B0F1000907DA452113
:106A5000084805F0E6FEA8E76FF05709F7E70135AB
:106A60006CE700BF93F60000A8F6000033F60000C4
:106A7000C5DF0000CDF600002DE9F04F0446436865
:106A80008FB0D3F800A003690A936FF0010120468C
:106A900006F059F92046DAF80830012198472046D7
:106AA000DAF80430984710B1204606F06CF90A99DC
:106AB0004FF0FF324FF0FF3301F17C0003F026F975
:106AC000DAF80830002120469847D4F804B00CA822
:106AD000594606F03CF9DDE90C23CDE9082306F020
:106AE000C3F9002667680B903D6804967B799E4247
:106AF0005CDB4FF0FF31204606F025F997F8203097
:106B00002BB163685D6B58790023834268DB65684D
:106B100027696B6B059306F0A7F997F87830069014
:106B200047F82300059B03F1FF3C00236A79934259
:106B300064DB00266B799E42C0F284801E2297F8A7
:106B400078300133B3FBF2F102FB113387F8783070
:106B5000049B002B00F0E48061680CA806F0F7F8B5
:106B6000DDE90C23CDE9082306F07EF90B9B626872
:106B7000C01A00235579D9B28D4200F2DC80002280
:106B8000DBE90213002A18BF0B46704AA0FB020281
:106B9000C00B40EA4240181AB0F57A7F40F2D38029
:106BA000984228BF184604F023FA98E77B6A0BB195
:106BB0009B5D9BB12046314606F0C5F8F86906F0AA
:106BC00024FA6B68204698477B6A0BB19B5D18409E
:106BD0007B6B9855049B1843C3B20493013685E739
:106BE000EE5C0133002E90D01A4682428DDAA95C09
:106BF00031404F1E0F42ABD10132F6E7296B1CF832
:106C0000012FC95C8A420CD000264A4029798E4265
:106C100009DBE96AC85C0243CA549CF800102A6B7D
:106C2000D154013382E722FA06F0C00708D503FBEE
:106C3000016197F878E0A86B01F0FF0100F801E02E
:106C40000136E3E7EB6A9B5D0793002B65D10136C4
:106C500070E70122059802FA08F110F806900798EB
:106C6000CAB2014253D006FB0383A86B03F0FF03B3
:106C7000C35C069857F8233012EA0909A0EB030316
:106C80003248A3FB00304FEAD33343EA404C6B69F0
:106C9000A86918BF1846844539D3E86A835D23EA9A
:106CA00001038355AB6A995D02EA010081452ED04C
:106CB0004A409A554FF0FF324FF0FF33CDE902239F
:106CC00000223346032100922046FCF701FC4FF0DE
:106CD000FF324FF0FF33CDE9022300224346032168
:106CE000009220460122FCF7F3FB4FF0FF324FF0F9
:106CF000FF33CDE902230122B9F10003009218BF4E
:106D000001234FF4A57201212046FCF7E1FB08F1B5
:106D100001082B7998459CDB99E74FF00008F8E7CC
:106D2000DDE908230CA806F0D1FADDE90C231343B2
:106D30007FF41AAFA9E6D16AC95C013300293FF498
:106D40001AAF01221CE74FF47A702CE740420F0083
:106D5000F0B5054689B006690122002106F17C00E4
:106D600006F0DCF906F1900700240022002306F566
:106D70008871CDE9062338464FF48062CDE903449B
:106D8000CDE90144054B009503F09AFB296838468C
:106D900006F007FA204609B0F0BD00BF796A00008E
:106DA00008B503680246590913D0012906D14FF6E8
:106DB000FF7103F01F03D940C80711D40A490B48DB
:106DC00040F2CA3205F09EFC40F2CA31064805F096
:106DD00090FC4FF0FF31D940C907EFD5044800E0DF
:106DE0000448136008BD00BF49EB0000C5DF000088
:106DF00000258450002884502DE9F04F1546824626
:106E000040F2FF1985B000EB8108D04503D1002086
:106E100005B0BDE8F08FDAF80030C3F3C3210829CC
:106E2000C3F3080400F2BB80604A1B0E4C4508BF48
:106E30004FF0FF34575C222B00F2B480DFE803F000
:106E400012192124B2B2B2B2B2B2B227575A6A6D45
:106E500070737679B2B27C909396B2B2B299A0A3D5
:106E6000A6A9AC00C5F80C45631C6FD10AF1040A51
:106E7000CBE7C5F81445601CF8D000264FF0000B96
:106E80000EE0C5F80845EFE7C5F81045F3E7C5F88B
:106E90000845002FEFD1631CE8D000260627B34633
:106EA000DAF80030039403F40040002803A81CBF64
:106EB00001264FF0000B0193FFF772FF039C019B2B
:106EC00000EB8400D0F80042C3F3412C24F4433497
:106ED0003B0243EA8C0324F4437443EA0B0324F09B
:106EE0000304234343EA4603C0F80032BEE7C5F873
:106EF0000C45CEE7C5F86445661CB7D003A80394DB
:106F0000FFF74EFF0121039B01FA03F3C360012643
:106F1000B346C5E7C5F86445ADE7C5F86845EBE796
:106F2000C5F86845A7E7C5F86C45A4E7C5F87045FE
:106F3000E2E7C5F86045DFE7C5F86045611CDAF8AF
:106F4000003093D0C3F30043002BD7D003A80394A1
:106F5000FFF726FF0121039B01FA03F38360D6E7C5
:106F6000C5F86445EAE7C5F86845E7E7C5F86C4544
:106F7000E4E7C5F82445621C3FF478AF01267DE7BD
:106F8000C5F8284570E7C5F83045F4E7C5F834453D
:106F9000F1E7C5F83845EEE7C5F83C4564E76FF022
:106FA000150035E76FF0850032E700BF1CF70000E1
:106FB0002DE9F04104460D46476806F0ECF84FF025
:106FC000200888B9264B1B7873B16426606805F0E9
:106FD0000BFFF0B9012005F057FF013EF6D100216B
:106FE000212003F0C9FFF0E7EFF31186314688F363
:106FF0001288BFF36F8F606805F0F6FEA8B986F3BC
:107000001188BFF36F8FEFE786F31188BFF36F8F9F
:10701000E5E7EFF31186314688F31288BFF36F8FEF
:10702000606805F0E1FE0028EED0FB6900201D70CD
:107030006368FA691B68C3F844250122C3F8482530
:10704000C3F82001D3F82041C3F85801D3F8580100
:107050009A6081F31188BFF36F8FBDE8F08100BFA4
:1070600064230020F8B50546002201210820FBF723
:1070700017FC0820FBF7E4FB6C680121E06805F0D1
:10708000E4FE6B6819682369C1F82435A27D637D2D
:10709000207D1343228B02431343C1F86C356E6885
:1070A000D6E9004313F0010349D02F6907F1080026
:1070B00000F09EFB2F4B984206D02F48452105F04B
:1070C000B0FB6FF00400F8BD387A04F10C0204F54F
:1070D000907105F0DBFE387A012707FA00F000F026
:1070E00059FB0823C4F80035F369C4F8443500237C
:1070F000C4F84835A760D4F85831002BFBD00026DF
:10710000C4F800656B683146D86805F09EFE6D686E
:107110003146E8682C6805F098FE0823C4F800356D
:107120002A7A52B92B6AC4F834350123C4F83835A9
:10713000C4F81021D4F8102123600020C3E70822EE
:10714000C4F80025F269C4F84425C4F84835012381
:10715000A360D4F82031002BFBD00023C4F82031E9
:10716000D4F820310123E3604FF48073C4F8043372
:10717000C1E700BF0000AD0B25F7000070B40E4959
:1071800022F07F46D1E90034D01AC31844F100043C
:10719000C1E90034A6F50013B3F5400F09D2074B3F
:1071A0001B681A0A1B069C19054B42F10005C3E92E
:1071B000004570BC04F02CBBB8090020941F0020CF
:1071C000C00900200D4B1868010A0006BFF35F8F4D
:1071D0000B4BD3F80435181841F10001B3F5801FAB
:1071E0000AD2084BD3E90023904271EB030303D288
:1071F00010F1807041F10001704700BF941F002022
:1072000000500150C00900202DE9F7432E4BD3F860
:10721000042390070BD5D3F8042142B10022C3F810
:1072200004212A4AD3F80431136801331360264A33
:10723000D2F80433D90326D5254BD3E8EF1F21F02C
:107240000100C3E8E40F002CF7D1CB0702D4D2F839
:107250004031C3B100251C4CC4F84051D4F8403132
:10726000FFF7B0FFEFF31182202383F31288BFF3FF
:107270006F8F184BD3E90267B042B94106D282F34F
:107280001188BFF36F8F03B0BDE8F0834FF0FF3874
:10729000D3E900104FF0FF391D60C3E902894FF4B4
:1072A0008033C4F84833C4F84051D4F8403182F3F5
:1072B0001188BFF36F8F0029E5D0009032463B461E
:1072C00028468847DFE700BF00500150941F002088
:1072D0008C1F0020A80900202DE9F84F04460D4618
:1072E000434FD7E8EF8F28F00103C7E8E23F002AB9
:1072F000F7D14FF480393F4EC6F80893BFF35F8F44
:10730000BFF36F8FFFF75EFFA04271EB050308F03C
:10731000010840D2384B201A65EB0101984271F107
:10732000000148D2354BD3E902239D4208BF944265
:107330003AD04FF0000C24F07F40834603216FF0D9
:10734000020EC6F84893C6F840C1D6F84031DFF8BF
:10735000B0A02BF07F43C6F84035C6F84493D6F86A
:107360000425AEEB02035B4423F07F4353451BD956
:10737000D6F840315BB1D6F80425131A23F07F43C9
:10738000B3F5000F10D9C6F840C1D6F8403101EB73
:10739000020B0131DDE71B4BD3E8EF1F41F0010188
:1073A000C3E8E21F002AF7D1144B174AC3E902458C
:1073B0001A6000225A60B8F1000F16D0D7E8EF3FEC
:1073C00043F00103C7E8E23F002AF7D14FF48032CF
:1073D000084BC3F804230B4BD3E8AF3FDB0742BF96
:1073E0004FF40012094BC3F80021BDE8F88F00BF2D
:1073F000901F00200050015001008000A8090020CB
:10740000FDFF7F008C1F00207D71000000E100E087
:1074100070B54FF0FF3000254FF0FF31164C174B81
:107420000226C4F80833C4F84833154BC4F808558D
:10743000C3E902014FF480334FF40012C4F804335F
:10744000104B0121C4F804631520C3F880212A469B
:10745000FBF726FA1520FBF7F3F901230A4AA3608C
:107460000021236009481360FFF736FF3046FEF71E
:10747000FDF8284670BD00BF0050015003000F000A
:10748000A809002000E100E0901F0020FFFF7F001E
:10749000431C10B50F4C05D08442A8BF0446012CF4
:1074A000B8BF0124FFF78EFE0B4AD2E90031C01AA3
:1074B000B0F5000F074A0AD22044904228BF104678
:1074C000BDE81040C01841F10001FFF705BF1046AC
:1074D000F6E700BFFFFF7F00B809002008B5FFF7FF
:1074E00071FE024B1B68C01A08BD00BFB80900201E
:1074F000012310B5074C15206360FBF7AFF94FF47B
:107500000012054BC4F80833C4F84833034BC3F8E2
:10751000802110BD0050015003000F0000E100E089
:107520000348452108B505F07CF90020FBF708FE6B
:1075300063F700004FF47F03D3F83021D3F83431E0
:10754000072A05D1023B032B02D8024AD05C7047C0
:10755000002070478DF7000008B5FFF7EBFF58B12A
:10756000644BD3F8202A3AB90D21C3F8201A01211F
:10757000C3F81C19C3F81C290022D30003F57F03AC
:10758000D3F80013013107D0D3F800130132D3F838
:107590000433202A0B60F0D1FFF7CCFF002840F025
:1075A000A080FFF7C7FF40B1534B544AC3F83025C2
:1075B0004FF050230122C3F858254FF47F03D3F82E
:1075C0003021D3F83431072A09D1023B032B06D8E6
:1075D0004B4AD35C1BB100224A4BC3F84C25FFF742
:1075E000A9FF50B14FF05023D3F80024D10742BF78
:1075F0000022C3F81421C3F818214FF47F03D3F8F5
:107600003021D3F83431072A09D14FF05023D3F871
:107610000024D20744BF6FF00102C3F80024FFF733
:1076200089FF18B16522334BC3F80C274FF47F0351
:10763000D3F83021D3F83431072A16D1314BD3F89F
:107640002034002B11DA4FF050230322C3F8182501
:1076500001229A60D3F80421002AFBD00022C3F84B
:1076600004210122DA60C3F818254FF47F03D3F810
:107670003021D3F83431072A23D1023B032B02D81F
:10768000214AD35CEBB17E221A4B1B49C3F80C276D
:10769000C3F83C297F231D4AC2F818310023C1F8E2
:1076A000043EC1F8083E01F54821C1F81031C2F886
:1076B0002431C2F82C3102F5FF1202F58052C2F8D3
:1076C000A032134AD2F88C3043F44063C2F88C30B5
:1076D000104A114B1168C3F84415D269C3F84C2500
:1076E00008BD2922034BC3F80C270322C3F83C270B
:1076F00057E700BF00400050009003504400EFBE29
:1077000089F700000020035085F70000002000509A
:1077100000ED00E00080FF000060005030B504681C
:10772000ACB1B4FA84F30122C3F11F03DBB29A4077
:1077300024EA0202D0E8EF5FA54204D1C0E8EC2FB2
:10774000BCF1000FF6D1EAD102480B7030BD0248FF
:10775000FCE700BF0000AD0B0200AD0B10B50368E5
:10776000CB40DB0710D401238B40026843EA0201BF
:10777000D0E8EF4F944204D1C0E8EC1FBCF1000FF9
:10778000F6D1F2D1014810BD0148FCE70000AD0B75
:107790000400AD0B014BC3F80405704700700150A5
:1077A00008B541B906490748482204F0ABFF482113
:1077B000034804F09EFF40F00040C1F8800008BD7F
:1077C000C4F70000C5DF000008B541B90649074805
:1077D0004E2204F097FF4E21034804F08AFF40F048
:1077E0000040C1F8800008BDC4F70000C5DF0000FC
:1077F0000146014800F0B4B9340100200328F7B570
:10780000064635D84FF050213C4B3D4A33F8100026
:10781000925DC1F808030A4400250121394B11602B
:1078200033F816308E4203F150231D601B688DF82B
:10783000071001D10DF1070542F210744FF05027E7
:10784000022E4AD0032E1ED0012E2FD0D7F8183486
:1078500003F48033002D49D0D7F8182402F0030236
:107860002A701BB19DF8070001282AD003B0F0BD93
:10787000254926484FF4867204F044FF4FF4867180
:10788000214804F036FFD7F85434DB03EED5002D41
:10789000E8D1012005F0F8FA013CF4D1E6E7002B2D
:1078A000E4D0012005F0F0FA013CDFD0D7F80C3429
:1078B00003F48033002DF2D0D7F80C2402F001023B
:1078C000CEE705F0E1FA013CBAD1CFE7002BCDD0ED
:1078D000012005F0D9FA013CC8D0D7F85C3403F494
:1078E0008033002DF2D0D7F85C24E7E7002BBDD021
:1078F000012005F0C9FA013CA4D1B7E728DE000059
:107900003EF8000020DE000001F80000C5DF0000A6
:10791000044B1A7922B9012218601A710248704783
:1079200002487047981F00200000AD0B0C00AD0B03
:1079300008B5114B1A7952B9104911484FF4B67273
:1079400004F0E0FE4FF4B6710C4804F0D2FE1B6860
:1079500033B10520FAF796FF10B90520FAF770FF4A
:107960004FF050220123C2F81835C2F81435C2F87E
:107970008035044A137008BD981F002001F80000EC
:10798000C5DF00006223002038B53D4C237953B990
:107990003C4940F2C1123C4804F0B4FE40F2C1112F
:1079A000384804F0A6FE03284FD8DFE800F0185747
:1079B0005C0218224FF490734FF48071002003F1A1
:1079C000502318601D68012502F1502215602268BD
:1079D000002A4ED04FF05023C3F804132AE04FF092
:1079E0005023D3F81814D3F81824C90312D502F081
:1079F0000303022B05D0012B02D00020FFF7FEFE6F
:107A000001234FF050220221C2F8183508224FF40A
:107A10008273D3E7D3F81424D207F1D5D3F81C240A
:107A200002F00302013A012AE7D822681AB10222C1
:107A3000C3F8042338BDD3F80421002AFBD0002268
:107A4000C3F80421D3F80431F4E70E4940F21D22B3
:107A50000D4804F057FE40F21D21A1E700224FF42B
:107A600080730121AAE720224FF492734FF4007132
:107A7000A4E71A68002AFCD018601B68DAE700BF88
:107A8000981F002001F80000C5DF000008B5094B71
:107A90001B7953B90849094840F2372204F032FEF5
:107AA00040F23721044804F024FEBDE80840FFF707
:107AB000A5BE00BF981F002001F80000C5DF000030
:107AC000F8B54FF0502301250026D3F80443214F89
:107AD00004B9F8BDB4FA84F0C0F11F00820002F5C9
:107AE000807292B202F1502205FA00F311689BB243
:107AF00024EA03040029EBD0166012684FF05022EC
:107B0000022BC2F8083313D00CD8012B1ED0124917
:107B100012484FF46F7204F0F5FD4FF46F710E4888
:107B200004F0E7FDB3F5807F10D0B3F5007FEDE7FB
:107B3000D2F81814D2F8181401F00301012905D164
:107B4000C2F81835C2F804339160C1E73B68C0B28F
:107B50009847BDE7981F002001F80000C5DF00002E
:107B60000079024B03EB0010FFF7D8BD3C01002069
:107B7000034A4309D35C00F01F001844C0B27047A9
:107B8000B5F8000008B502680146104605F089F90D
:107B900050B90F4940F2CA320E4804F0B3FD40F22A
:107BA000CA310B4804F0A5FD02F01F0352090B6017
:107BB0000AD0012A0AD0064940F2D332054804F01F
:107BC000A1FD40F2D331ECE7034808BD0348FCE7D0
:107BD00049EB0000C5DF00000025845000288450D8
:107BE000072808B50AD90749074840F2D13204F0FE
:107BF00089FD40F2D131034804F07BFD800000F59F
:107C0000807008BD42F80000C5DF000070B5054671
:107C1000FFF7AEFF0C4C083034F810300E46DA0592
:107C200008D5C3F3432304EBC302284654F833308A
:107C300052689847A3682BB131462846E268BDE8F0
:107C40007040184770BD00BFA01F002008B5FFF7A7
:107C50008FFF034B083033F81000400B08BD00BF06
:107C6000A01F002008B5FFF783FF034B083033F84F
:107C70001000C0F3400008BDA01F002008B5FFF7AA
:107C800077FF044B083033F8100010F01C0018BFC9
:107C9000012008BDA01F002008B5FFF769FF034BB6
:107CA000083033F81000C0F3401008BDA01F0020BA
:107CB000034611F0010010B5CCB20BD1A207C4F3FA
:107CC00040000DD5074A106A58601062003818BF8E
:107CD000012005E004490A6A1A600A62002AEDD010
:107CE00010BD00BF002884500025845010B5FFF758
:107CF0003FFF184A083032F81030D9051DD5C3F3BC
:107D0000432123F4F85322F81030002002F10E042E
:107D100034F8023F13F4807F03D0C3F34323994226
:107D20000BD001303028F3D100230B4842F831301A
:107D3000FFF714FD094B984200D110BD08490948CE
:107D400040F2EB1204F0DEFC40F2EB11044804F0C8
:107D5000D0FC00BFA01F0020182000200000AD0BA9
:107D600077F80000C5DF00002DE9F843002407463E
:107D700025464FF00108A146CEB2B4420DD1124BB8
:107D8000D3F87C2132B10022C3F87C21D3F87C31B6
:107D900045F000452846BDE8F8832046FFF720FF60
:107DA000A0F58072920808FA02F2174209D000F199
:107DB000A04303F55043196819B1C3F800901B683C
:107DC00015430134E4B2D8E700D00050F7B50646B9
:107DD0000846FFF7CDFE1A4F00F1080537F81530B9
:107DE0000C46DB072AD5304605F0D4F82046FFF7CD
:107DF00053FF58B12046FFF729FF0022316800B237
:107E000001EB8003C3F81025C3F810252046FFF7C7
:107E10006DFF002301A827F815300194FFF7B2FE8B
:107E2000019B00EB8300D0F80022064B134043F087
:107E30000203C0F80032044803B0F0BD0348FBE77A
:107E4000A01F0020F0F0FCFF0000AD0B0400AD0B04
:107E50002DE9F0431646804685B00846FFF788FEB8
:107E600037680D460446E7B1084605F088F808BBB8
:107E70003B46CDE900008DF80E008DF80F000DF1A6
:107E80000F020DF10E01284605F01DF8494A04F1D4
:107E9000080132F8113023F0020343F0010322F805
:107EA000113073687BB328461F785968FFF7DAFEF4
:107EB00010B1E9B1404829E03E4A04F1080032F827
:107EC000103023F02003DB04DB0C22F8103079B1F2
:107ED000032FEFD87168D1F804E0D8F800109EF8AD
:107EE00000C001EB8C01A7B9C1F81075C1F810757D
:107EF000304A04F1080132F8113023F01C0343EA40
:107F0000870322F81130B3685BBB2C4805B0BDE88D
:107F1000F083D1F810E543EA4C332EF0030EC1F89C
:107F200010E5D8F8001043F0200301EB8C0EDEF8CA
:107F3000101522F8103021F44F3121F44071CEF8A1
:107F400010152902DEF8108501F47C5141EA074141
:107F500041EA0801CEF8101502EB4C01A1F87C5063
:107F6000C6E72846D3E90067FFF7C0FE002ECCD055
:107F7000104DD5E90023964203D19F4201D1002242
:107F800009E00F480DF10F01FFF7C8FB0B4B9842BA
:107F9000BCD19DF80F2005EBC20308345F6035F8B3
:107FA000143045F8326043EA422343F4807325F8E5
:107FB0001430AAE7A01F00200400AD0B0000AD0B99
:107FC000182000202DE9FF410C468046204611462E
:107FD0001D46FFF7CDFD064621B32046FFF742FEC2
:107FE00018B92046FFF758FE10BB2046FFF746FEA3
:107FF00010B14B78012B1BD001238DF80F300023DB
:108000004A1CCDE9001320468B1C0DF10F0104F032
:108010005AFF294A06F1080132F8113043F00303F0
:1080200022F81130002D44D02046FFF71BFE18B96E
:10803000224804B0BDE8F081002295F800C0D8F8CD
:1080400000301D4F03EB8C03C3F81025C3F8102537
:1080500006F1080237F812104FEA8C0E21F02001C9
:10806000C904C90C27F812106E7816B3D8F80000AE
:10807000AD787044D0F81035360423F4991323F406
:10808000F853C0F81035230203F47C5306F440364D
:108090002D05D0F810E5334305F480152B4341EA54
:1080A0004C3143EA0E0341F02001C0F8103527F8A7
:1080B00012100348BDE700BFA01F00200400AD0B55
:1080C0000000AD0B014BC3E902127047A01F002056
:1080D00010B5144652B90E490E4840F24D3204F024
:1080E00011FB40F24D310A4804F003FB0846FFF74C
:1080F000D3FD50B10846FFF73BFD074B083033F87E
:10810000103006485B0B237010BD0548FCE700BF2C
:1081100077F80000C5DF0000A01F00200000AD0BB5
:108120000400AD0BF8B51E4B026805469A420AD012
:108130001C491D484FF4587204F0E4FA4FF458718A
:10814000184804F0D6FA194E96F88C402CBB2746F6
:108150006022214606F1100005F011F92D68E0B209
:10816000FFF73EFDA0F580739B081F2B08BF2F5023
:1081700004F1010408BF2B58082CF0D1002345F36B
:108180000730C5F87C31D5F87C31FAF759FB01236B
:10819000074886F88C30B367F8BD0648FCE700BF97
:1081A00000D0005077F80000C5DF0000A01F0020BD
:1081B0000000AD0B0C00AD0B034B93F88C000038A6
:1081C00018BF0120704700BFA01F00200079024B9C
:1081D00003EB8000FFF7C2BA4C0100200079024B8C
:1081E00003EB8000FFF79ABA4C0100202DE9F34120
:1081F000054608460C461646FFF740FD50B9324981
:1082000040F25342314804F07DFA40F253412E4887
:1082100004F06FFA0846FFF73FFD2F6800B30846E9
:10822000FFF720FD8046D8B90846FFF70FFD04464A
:10823000FFF7D6FC47F800803B582B6822B203EBCF
:108240008203D3F8102542F00102C3F8102526B1AD
:1082500001232A68A340C2F8043302B0BDE8F081CC
:10826000D7F80433002BA4BF4FF00043C7F8043302
:1082700046B9154940F26D42144804F043FA40F201
:108280006D41C4E72046FFF773FC114B083033F80B
:108290001030C3F38203042B11D0052B11D001A899
:1082A0000194FFF76FFC019B0169D94001F00101C6
:1082B0000231204602B0BDE8F04104F051BE032176
:1082C000F7E70221F5E700BF77F80000C5DF0000FF
:1082D000A01F00202DE9F04F634B0821D3F80403C1
:1082E00087B0C0B240F00040FFF73EFD051E2BDA1C
:1082F0000023032104A8CDE90433FFF7D9FC4FF094
:1083000000094FF0010BDFF864A10DF110081AF815
:10831000013B5749DA088A5C03F0070322FA03F3AA
:10832000DA071CD408F10408B9F1000F14D00021B9
:108330004FF00040FFF718FD032104A8FFF7B8FC39
:108340000028DCD125F000450124474E494F002D7F
:1083500075D107B0BDE8F08F4FF00109D7E7464B64
:108360004B440093D8F800100029DBD091FAA1F11A
:10837000B1FA81F1009B1C7841EA44142046FFF7D2
:10838000F7FB3C4B083033F81070C80818F8002091
:1083900001F007010BFA01F122EA0102BB0808F81B
:1083A000002003A801930394FFF7ECFB039A019BC1
:1083B000803250F82220C7F382065B073746C2F3AB
:1083C000014221D539462046D6B2FFF71FFC03A84B
:1083D0000394FFF7D7FB039B803350F82330C3F39C
:1083E00001439E4207D10021204604F0B9FD3146E9
:1083F000204604F0B5FD03A80394FFF7C3FB039BDD
:108400000BFA03F30362ADE7022A0CD103212046E5
:1084100004F0A6FD06F00503012BECD139462046F9
:10842000FFF7F4FBE7E702212046019204F098FDF4
:10843000032EF3D0019A032ADDD1022EEDE795FA3F
:10844000A5F3B3FA83F304FA03F225EA020503F570
:10845000A27256F8221007EB4303B3F87C00C1F375
:108460000141FFF7D3FB72E700D00050C5F80000D0
:10847000B0DC0000A01F0020C5F80000430910B5C3
:108480000CD0012B1CD01349134840F2CA3204F01F
:1084900039F940F2CA310F4804F02BF94FF0FF339D
:1084A000C340DC07EFD50D4B03EB8003D3F800424C
:1084B0000B4841EA420120400143C3F8001210BDBD
:1084C0004FF6FF7300F01F00C340DB07DBD5054B01
:1084D000EAE700BF49EB0000C5DF0000002584503B
:1084E000F0F0FCFF002884502DE9F04F05461646B9
:1084F0000C4689B041B96B49E0226B4804F002F99F
:10850000E021684804F0F5F832B96649E12266488E
:1085100004F0F8F8E121F4E70379644F4FEA4318D7
:1085200007EB43131B79002B40F0B98091F8203002
:108530000A7E497D002976D094F823302068002BEC
:1085400000F0A380237E94F817900193637E94F843
:1085500016A00293236894F815B003936368E26948
:108560000493A36894F820000593E36894F821C06D
:108570000693236994F822E007932B6894F824105B
:10858000C3F804B5C3F824A5C3F82095DDF804901A
:10859000C3F81C95DDF80890C3F82895C3F81805B2
:1085A000002A78D1C3F810254CEA0E22C3F82C25F6
:1085B00071B9039AC3F86425049AC3F86825059A2B
:1085C000C3F86025069AC3F87025079AC3F86C258E
:1085D00094F8233094F8242047F8086007EB080942
:1085E0009B0143EAC21399F8052002F03F021343AE
:1085F00089F8053000232868C0F80431D0F8042138
:10860000C0F81431D0F81421C0F80831D0F808317E
:1086100040F30730FAF714F90123254889F80430AC
:1086200009B0BDE8F08F012A03D1012B0BD12148FD
:10863000F6E7022A23D1082B05D840F2551222FA78
:1086400003F3D807F3D494F82330002B7FF47AAFE8
:10865000206804F0CFFC606804F0CCFCA068411CEA
:1086600001D004F0C7FCE068421C01D004F0C2FC59
:108670002069431C3FF466AF04F0B4FC62E7032AB0
:10868000E1D1012BD3D9032BD0E704F0ABFC606818
:1086900004F0A8FCE2E7C3F81425012282E70648AB
:1086A000BEE700BFC7F80000C5DF00003020002093
:1086B0000000AD0B0400AD0B0C00AD0B70B5044613
:1086C00051B9564940F25F12554804F01BF840F288
:1086D0005F11524804F00DF80A6852B94B68C3B9EB
:1086E0004E494FF4B0724E4804F00CF84FF4B0719C
:1086F000EFE702F06043B3F1005F01D1900708D0CB
:1087000046494FF4B172464803F0FCFF4FF4B17193
:10871000DFE7486878B100F06043B3F1005F01D152
:10872000830708D03D4940F265123D4803F0EAFF57
:1087300040F26511CDE70B8943B9384940F269121F
:10874000374803F0DFFF40F26911C2E72579354B66
:108750006E0103EB45152D79012D5AD122B102F09E
:108760006045B5F1005F56D120B100F06040B0F136
:10877000005F50D1003A18BF01223344587903F109
:10878000080562F3000058714A680126101E18BFE0
:1087900001205A7922F01E0242EA40025A7107C9AA
:1087A00085E807000022C3E905222168C1F80065B9
:1087B000022119712168C1F80421D1F8041121683E
:1087C000C1F814215D79D1F8142105FA06F22D01C2
:1087D00002F0020205F0200521682A4342F004025B
:1087E000C1F804232268D9681B8AC2F85035C2F840
:1087F0003805003818BF0120C2F80805C2F8401536
:10880000003918BF0121C2F80C15236806481E6004
:1088100070BD0648FCE70648FAE700BFC7F800004D
:10882000C5DF0000302000200000AD0B0500AD0BBF
:108830000A00AD0BF8B54D4A03795D0102EB431315
:108840001B79022B0AD04A4940F2BD12494803F075
:1088500059FF40F2BD11464803F04BFF41B944496E
:108860004FF4DF72434803F04DFF4FF4DF71F2E73E
:108870000B687BB103F06044B4F1005F01D19C0749
:1088800008D03B4940F2BF123A4803F03BFF40F2A8
:10889000BF11E0E74C687CB104F06046B6F1005FC0
:1088A00001D1A70708D032494FF4E172314803F0F3
:1088B00029FF4FF4E171CEE70F8947B92C494FF4F6
:1088C000E3722C4803F01EFF4FF4E371C3E756191F
:1088D0007679F60645D523B103F06046B6F1005F20
:1088E00041D184B95619767916F0020F13D1F607E3
:1088F0001AD5CBB91E4940F2E5121E4803F002FF1B
:1089000040F2E511A7E704F06046B6F1005F2AD116
:1089100056197679EBE7164940F2E112154803F053
:10892000F1FE40F2E11196E70068C0F85075C0F81A
:108930003835003B18BF0123C0F80835C0F8404562
:10894000003C18BF01245319C0F80C4503F108047A
:1089500007C984E807005A7907486FF304125A716F
:10896000F8BD0648FCE70648FAE700BF30200020C3
:10897000C7F80000C5DF00000000AD0B0500AD0B1F
:108980000A00AD0B08B50E4B027903EB42131A79BE
:1089900052B90C490C484FF4FF7203F0B3FE4FF488
:1089A000FF71084803F0A5FE5A796FF304125A715B
:1089B00022220368C3F80823012203685A6008BD15
:1089C00030200020C7F80000C5DF00002DE9F84383
:1089D000224E057904466F0106EB45152B7953B9F4
:1089E0001F49204840F2311203F08CFE40F2311151
:1089F0001B4803F07EFEFFF7C5FF206840F30730F9
:108A0000F9F72CFF00222368C3F800256B7959067B
:108A10001FD42368D3F86405D3F86895D3F860852C
:108A2000D3F87055D3F86C4504F0E0FA484604F0EA
:108A3000DDFAB8F1FF3F02D0404604F0D7FA6A1CD5
:108A400002D0284604F0D2FA631C02D0204604F07B
:108A5000CDFA00233E443371BDE8F8833020002076
:108A6000C7F80000C5DF0000F0B5444A85B0D2F871
:108A700014312BB10023C2F81431D2F81431202361
:108A8000D2F8041131B10021C2F80411D2F8042146
:108A900043F00203394AD2F8081131B10021C2F87B
:108AA0000811D2F8082143F0040313F0200F344CCE
:108AB0000AD0627942F0080202F0120112296271B2
:108AC00004BF42F0200262719E070AD5627942F02B
:108AD000040202F011011129627104BF42F0200268
:108AE00062715D0716D500210422244B254DC3F881
:108AF0000823C3F80015284655F8143C984701236D
:108B00000221237155F8143CA5F10C0005B0BDE815
:108B1000F0401847637903F00F020F2A08D0D807F6
:108B200001D4190704D46279920724D45B0722D5B3
:108B30006379276813F0200603F0F30508D025F0C9
:108B4000300545F01005012100203B466571DDE749
:108B50000C4B0DF1040C45F0100593E8070065710E
:108B60008CE8070013E90700C4E9026683E8070000
:108B700001216046B84705B0F0BD00BF008002503B
:108B8000302000204420002010B540B91B491C486B
:108B9000752203F0B7FD7521184803F0AAFD194CA2
:108BA00023784BBB0378184AC3F34003C2F8003B59
:108BB000037803F00103C2F804370378DB0710D50C
:108BC0004FF47F03D3F83011D3F83431072908D19B
:108BD000023B032B05D80D49CB5C13B10123C2F82E
:108BE00028370520F9F74EFE10B90520F9F728FEC1
:108BF00001230748237010BD0648FCE702F9000076
:108C0000C5DF000063230020004000503FF9000052
:108C10000000AD0B0C00AD0B4FF0502310B5D3F896
:108C20000443610716D5D3F808219AB10022C3F88E
:108C30000821D3F80831224B1B6853B921494FF45E
:108C4000BA72214803F05EFD4FF4BA711D4803F07B
:108C500050FD9847A20616D54FF05023D3F81421A3
:108C60008AB10020C3F81401D3F81431174B1B68E4
:108C700043B9144940F27D12134803F043FD40F21A
:108C80007D11E3E79847630619D54FF05023D3F8D9
:108C90001821A2B10022C3F81821D3F818310B4BC8
:108CA0001B6843B907494FF4C272074803F02AFD15
:108CB0004FF4C271CAE70120BDE81040184710BD4B
:108CC0005420002002F90000C5DF000050200020E1
:108CD0000722024BC3F80423704700BF0070035003
:108CE0000722024BC3F80823704700BF00700350EF
:108CF000072208B5044B3720C3F80823F9F7AEFD67
:108D00000022024B1A6008BD00700350582000205A
:108D100010B5044640B910493122104803F0F2FC66
:108D200031210D4803F0E5FC036833B90A493222CA
:108D30000A4803F0E7FC3221F3E7FFF7D9FF226886
:108D4000074B37201A600022064BC3F80821BDE804
:108D50001040F9F775BD00BF43F90000C5DF000002
:108D6000582000200070035010B5114CD4F8003189
:108D70002BB100200F4BC4F800011B689847D4F8B2
:108D8000043133B10023C4F804310A4B01201B68BD
:108D90009847074BD3F8082142B10022C3F80821B5
:108DA000044B0220BDE810401B68184710BD00BFEF
:108DB000007003505820002008B5084A084B934221
:108DC0000AD908490848192203F09CFC19210548D2
:108DD00003F08FFC2033F2E7FCD308BD38D6000047
:108DE00018D5000081F90000C5DF000070B5044609
:108DF000C0B1037813B3124D124EB5421BD91249BC
:108E00001248282203F07EFC28210F4803F071FC51
:108E10002968A14208D1284604F0FBF8002814BFB5
:108E20002C460024204670BD2046F7F7ADF90028F7
:108E3000F1D02035E1E7EBD30024F3E71C46F1E75E
:108E400018D5000038D6000081F90000C5DF000009
:108E5000F7B504460D46EFF31187202383F31288FC
:108E6000BFF36F8F1F4A0428966898BF1E4B127C71
:108E700094BF53F820301D4B0092452102461C48F8
:108E800003F0CFFC3DB1EB69C3F308031BB14521EF
:108E9000184803F0C6FC36B1304604F085F90346A5
:108EA00008B1027802B9144B32464521134803F049
:108EB000B8FC29462046FEF733FB042C08D11049A4
:108EC0001048872203F01EFC87210D4803F011FC97
:108ED00087F31188BFF36F8F304603B0BDE8F040D1
:108EE000F9F756BC5C200020B4DC0000A4F90000B7
:108EF000BAF90000E7F90000B2F900000DFA00002D
:108F00002AFA0000C5DF000038B50A4B53F82040AC
:108F1000013053F82050A54200D838BD606830B108
:108F2000037FDB0701D404F07FF80834F3E72368FC
:108F30009847FAE7C8DC0000012270B5344B0320E3
:108F400086B01A70FFF7E0FFFAF72CF8F8F7F8FF91
:108F50000420FFF7D9FF2F4C2F4DAC42264624D9D1
:108F60002E4942222E4803F0CDFB42212B4803F02C
:108F7000C0FB54F80C3C059354F8103C049354F88F
:108F8000143C039354F8183C029354F81C3C01938E
:108F900054F8203C009354E90A2354E90C0101F0F1
:108FA00037FA54F8303C5E65D7E7AE4204F130043E
:108FB000DFD301F035FE174C1A4EAC421BD91749CE
:108FC0006622174803F09EFB6621CFE7D4E90A2307
:108FD000B3F1FF3F08BFB2F1FF3F05D052EA0301F2
:108FE000206803D102F022F83034E6E73146183029
:108FF00002F0F8FAF8E7E9D301F060FEF7F786FA35
:10900000094A137B23F00103137306B070BD00BF40
:109010006423002060D8000090D8000096FA000079
:10902000C5DF00000DD20000480A002008B5034843
:10903000034A0021121A04F00EF808BD7003002044
:10904000682300200023012270B586B0CDE90423F7
:109050000F220193CDE9023214234FF4A0720E4D7A
:109060000E4E03FB00550E4906EBC016044602FBEC
:1090700000110C4B3046009501F0CAF9737B2C743B
:1090800023F004037373084B013403EBC423EE6035
:109090006B6006B070BD00BF5C200020C8090020D6
:1090A00068330020C9930000682B0020BFB5002062
:1090B000FFF72AFF2A4B03F5006282F3088883F347
:1090C0000A880024E023274D274F85F82230EC77CB
:1090D0002C766C76AC7685F820406B6A43F4E023FE
:1090E0006B6285F82340F9F7D1FAF9F75DFC4FF090
:1090F000FF33AB62EB62F9F715FEF9F779FC1B4819
:1091000001F01CFAFFF758FEF9F720FF0120FFF7E6
:10911000FBFE0220164DFFF7F7FE01F03FFE154B58
:1091200015495D61154B4FF4806205930123284674
:10913000CDE90343CDE901443B46009401F068F9D1
:1091400006466A7B284622F004026A7301F048FB57
:109150002046FFF777FF3A4631462846F9F704FCE8
:10916000682B002000ED00E0398F0000680B002024
:10917000480A00205C200020A83400200BDF0000FB
:10918000002038B50A4C0B4DAC420FD90A490B48A8
:10919000942203F0B7FA9421074803F0AAFA204674
:1091A00003F05DFF002802DB2034EDE7F7D338BD84
:1091B000D001002010020020BAFA0000C5DF000034
:1091C0002DE9F74305460E4691461C4600F1080777
:1091D000EFF31188202383F31288BFF36F8F384693
:1091E00002F08AF938B92B4988222B4803F08AFA11
:1091F0008821284822E0384602F0A2F92B69FBB109
:1092000033601C68EB692C610133EB6114B96A6946
:1092100093421BD0EB68E41A09D4D5E905235A43DD
:10922000A24204D9B4FBF3F203FB124474B11B490C
:109230001948E92203F066FAE921184803F059FABF
:1092400059EA04020FD16FF00B043360384602F084
:1092500061F9C8B90F4940F231120F4803F052FAD0
:1092600040F23111C5E7CDE900942A46414638461F
:1092700001F062FB044618B9094B9B681B69336017
:10928000204603B0BDE8F08388F31188BFF36F8FE9
:10929000F6E700BF3CE00000C5DF0000BAFA0000BE
:1092A0005C2000202DE9F843C3680546CB1A0E4622
:1092B0001ED4D0E905125143994219D9B3FBF2F1FA
:1092C00002FB1133A3B900F10808EFF31189202440
:1092D00084F31288BFF36F8F404602F00DF990B906
:1092E00035498822354803F00DFA8821324808E0D4
:1092F0003349324840F2111203F004FA40F21111DE
:109300002F4803F0F6F9404602F01AF92F69002FB2
:1093100039D1EFF3118384F31288BFF36F8F83F396
:109320001188BFF36F8F3BB92649B022234803F061
:10933000E9F9B0212348E4E72C68A54223D014B30F
:10934000A36833B91F4999221C4803F0DBF999211E
:10935000F0E7D4E9003213605A60637BC4E9007718
:1093600023F002036373A76004F1180002F004FA0B
:109370002046A767266101F033FA49464046BDE81A
:10938000F84301F001BC2B6940463360EB692E6164
:10939000013BEB6102F0BEF840B9074940F23112DF
:1093A000064803F0AFF940F231119FE789F31188C5
:1093B000BFF36F8FBDE8F8833CE00000C5DF00001D
:1093C000BAFA0000DFFA000008B50C4B9B6893F96D
:1093D0000E30002B09DB2024EFF3118384F3128875
:1093E000BFF36F8F03F076FAF6E7054905481C22B4
:1093F00003F088F91C21024803F07BF95C2000206F
:109400000AFB0000C5DF000008B5836843B90B49BB
:109410000B48992203F076F99921084803F069F97D
:10942000D0E9003213605A600023427BC0E9003368
:1094300022F002024273836008BD00BFDFFA000021
:10944000C5DF00002DE9F3470446894617461D464F
:10945000EFF3058353B152EA050307D04C4982224A
:109460004C4803F04FF98221494814E004F1080602
:10947000EFF311884FF0200A8AF31288BFF36F8F41
:10948000304602F039F840B943498822414803F098
:1094900039F98821404803F02CF9304602F050F8A1
:1094A000626A23699A425BD2EFF311838AF31288CE
:1094B000BFF36F8F83F31188BFF36F8F3BB93749C9
:1094C0003448B02203F01EF9B0213448E3E72568A0
:1094D000AC4219D0C5B12846FFF796FF05F1180038
:1094E00002F04AF9E26800244946286903F020FFA7
:1094F0002846AC6701F074F94146304601F044FB60
:10950000204602B0BDE8F087206A6369984202D322
:10951000A369984206D31E499A221E4803F0F2F826
:109520009A21A1E7E268494603F002FF236AE26854
:109530001344A2692362934204BF63692362636A8E
:10954000013363620024304601F0E4FFD8B91249C8
:1095500040F231120F4803F0D5F840F2311199E78B
:1095600057EA05030CD00E4B22469B684146C3F8D0
:1095700010903046CDE9007501F0DEF90446BFE7F2
:109580006FF02204DFE788F31188BFF36F8FB7E72E
:109590002BFB0000C5DF00003CE00000DFFA00000C
:1095A0005C2000202DE9F7430446884617461D46F7
:1095B000EFF3058353B152EA050307D05349DE2286
:1095C000534803F09FF8DE21504813E004F10806E9
:1095D000EFF31189202383F31288BFF36F8F304696
:1095E00001F08AFF40B94B498822494803F08AF8C4
:1095F0008821484803F07DF8304601F0A1FF636AF6
:10960000002B5CD0E2684046E16903F091FEE3691B
:10961000E2681344A269E361934204BF6369E361B2
:10962000636A013B6362EFF31183202282F31288A5
:10963000BFF36F8F83F31188BFF36F8F3BB9364948
:109640003348B02203F05EF8B0213348D2E72568F2
:10965000AC4244D0002D43D02846FFF7D5FE05F19B
:10966000180002F089F8206A6369984202D3A3695E
:10967000984206D32549F822254803F043F8F821FB
:10968000A2E72969E26803F053FE236AE2682846EC
:109690001344A2692362934204BF63692362636A2D
:1096A000013363620024AC6701F09AF84946304602
:1096B00001F06AFA2546284603B0BDE8F08357EA70
:1096C00005031AD0154B22469B684946C3F8108003
:1096D0003046CDE9007501F02FF90546EBE700258E
:1096E000304601F017FF58B90A4940F231120848D4
:1096F00003F008F840F231117BE76FF02205EFE745
:1097000089F31188BFF36F8FD5E700BF2BFB0000F3
:10971000C5DF00003CE00000DFFA00005C20002014
:109720002DE9F341044617461E46EFF3058545B182
:10973000514952486F2202F0E5FF6F214E4802F076
:10974000D8FFEFF31188202383F31288BFF36F8FC4
:109750004B4801F0D1FE38B94A498822474802F007
:10976000D1FF88214748EAE7454801F0E9FEE36870
:10977000454A9BB1A0689168884224D057EA060305
:1097800029D13F4801F0C6FEA0B188F31188BFF38C
:109790006F8F6FF00F0002B0BDE8F081916891F912
:1097A0000E100133E360936835482161A36001F036
:1097B000B1FE50B9334940F23112304802F0A2FFF5
:1097C00040F23111CEE72169EBE788F31188BFF34E
:1097D0006F8F0020DFE791F90E1090F90E306FF0D7
:1097E0007E029942A8BF19469142B8BF11468B42EA
:1097F00002DD03F06DFC054622464146CDE90076C8
:109800001F4801F099F80028E3D0EFF311862023D8
:1098100083F31288BFF36F8F194801F06DFE0028A3
:109820009AD0174801F08CFEA068C0B12368216966
:109830009C420AD04BB193F90E309942A8BF194609
:109840006FF07E039942B8BF194603F041FC30B176
:1098500031460B4801F098F96FF00A009BE7002DA4
:10986000F6D1074801F056FE0028A3D086F31188F0
:10987000BFF36F8FF0E700BF4DFB0000C5DF0000B6
:109880007C2000203CE000005C200020F8B505466C
:10989000EFF3058343B14949D722494802F032FF2B
:1098A000D721464802F025FF8368002B7FD0454A28
:1098B000926893427ED1C36833B94049EF22404851
:1098C00002F020FFEF21ECE7012B03D0013BC36046
:1098D0000020F8BDEFF31187202484F31288BFF332
:1098E0006F8F394801F008FE38B93849882234486A
:1098F00002F008FF88213548D4E7334801F020FE04
:109900002969A86803F0E4FBEFF3118384F312885C
:10991000BFF36F8F83F31188BFF36F8F3BB92C496F
:10992000B022274802F0EEFEB0212948BAE72C68A1
:10993000AC420FD100232448C5E9023301F0EAFD0F
:1099400080BB224940F231121D4802F0DBFE40F29A
:109950003111D0E7002CEDD0A36833B91C4999220E
:10996000174802F0CFFE9921DFE70026D4E9003244
:1099700013605A60637BC4E9006623F002036373DB
:10998000A66004F1180001F0F7FEAC6094F90E3007
:1099900020462B61A66700F023FF39460A4801F0F4
:1099A000F3F895E787F31188BFF36F8F90E76FF0B7
:1099B00015008EE74FF0FF308BE700BF4DFB000036
:1099C000C5DF00005C2000207C2000203CE000007F
:1099D000DFFA000008B5836843B90B490B489922A8
:1099E00002F090FE9921084802F083FED0E900328F
:1099F00013605A600023427BC0E9003322F0020268
:109A00004273836008BD00BFDFFA0000C5DF0000BD
:109A10002DE9F04704460D4691469A469DF8206090
:109A200000F10807EFF31188202383F31288BFF3B6
:109A30006F8F384601F060FD38B9444988224448A8
:109A400002F060FE8821414817E0384601F078FDB9
:109A500006B16568EFF31183202282F31288BFF309
:109A60006F8F83F31188BFF36F8F43B9394938483B
:109A7000B02202F047FEB021364802F03AFE2346FB
:109A800053F80C6F9E4215D0A6B100243046FFF764
:109A9000A1FF06F1180001F06FFE3046B467C6F86A
:109AA000109000F09DFE4146384601F06DF82046CA
:109AB000BDE8F087BAF1000F14D0082001F0DCFFF8
:109AC00000283AD00122C0F804900260016801F039
:109AD00003015DB922680A430260626820606AB9C6
:109AE00060600BE04846C9F800A0EFE72A68032A47
:109AF00018D80160616879B9C4E9000000243846CB
:109B000001F008FDE0B9114940F23112104802F0AD
:109B1000F9FD40F2311196E70A6802F003020243B0
:109B20000A60DDE722F003020A4302602A6802F0BD
:109B3000030240EA02032B60E0E76FF00B04DEE76C
:109B400088F31188BFF36F8FB1E700BF3CE00000DE
:109B5000C5DF0000DFFA00002DE9F7430546904617
:109B60001F4600F10806EFF31189202383F31288C2
:109B7000BFF36F8F304601F0BFFC40B92049882207
:109B8000204802F0BFFD88211D4802F0B2FD30469A
:109B900001F0D6FC2C68D4B123686A6823F0030373
:109BA000944220464FF001012B6008BF6B6003F028
:109BB0009EFA0446304601F0ADFCC0B9104940F2AF
:109BC0003112104802F09EFD40F23111DCE758EAF4
:109BD0000703EFD049463046CDE9008705F10C0276
:109BE00000F0AAFE38B9084B9B681C6903E089F3B2
:109BF0001188BFF36F8F204603B0BDE8F08300BF2C
:109C00003CE00000C5DF00005C20002008B5836850
:109C100043B90B490B48992202F074FD9921084879
:109C200002F067FDD0E9003213605A600023427BE6
:109C3000C0E9003322F002024273836008BD00BF16
:109C4000DFFA0000C5DF000070B50446EFF31186AF
:109C5000202585F31288BFF36F8F284801F04CFC54
:109C600038B927498822274802F04CFD882124482A
:109C700014E0224801F064FCEFF3118385F31288AD
:109C8000BFF36F8F83F31188BFF36F8F43B91E4902
:109C90001C48B02202F036FDB0211B4802F029FD1D
:109CA0002568AC4212D08DB12846FFF7AFFF05F111
:109CB000180001F061FD00232846AB6700F090FD1D
:109CC0003146BDE870400D4800F05EBFD4E9023275
:109CD0009A4218BF01330948A36001F01BFC40B948
:109CE000074940F23112074802F00CFD40F23111F1
:109CF000BDE786F31188BFF36F8F70BD8020002011
:109D00003CE00000C5DF0000DFFA0000F7B50446C4
:109D100016461D46EFF305835BB152EA050308D0F2
:109D200026492748882202F0EDFC8821234802F0CA
:109D3000E0FCEFF31187202383F31288BFF36F8FCA
:109D4000204801F0D9FB38B91F4988221C4802F08D
:109D5000D9FC88211C48EAE71A4801F0F1FBA36806
:109D6000ABB1013B1748A36001F0D4FB40B91649E1
:109D700040F23112124802F0C5FC40F23111E9E71D
:109D800087F31188BFF36F8F002003B0F0BD56EA50
:109D900005030BD10B4801F0BDFB0028E7D087F38A
:109DA0001188BFF36F8F6FF00F00EEE72246394640
:109DB000CDE90065034800F0BFFDE6E76FFB00005A
:109DC000C5DF0000802000203CE0000007B5074B05
:109DD0004FF48062009306494FF0FF33054800F0CE
:109DE0001BFA002003B05DF804FB00BFE0DC0000BC
:109DF000A8380020C80A00202DE9F0430446714E1F
:109E0000714F85B0EFF31188202383F31288BFF3DD
:109E10006F8F304601F070FB40B96C4988226C4866
:109E200002F070FC8821694802F063FC304601F0C2
:109E300087FBD4F88450F5B9022104F19C0003F0AB
:109E400079F900283BD004F194050022012128462D
:109E500001F032FA0028F8D100234FF0FF320293CC
:109E60004FF0FF334146CDE90023304604F18C0228
:109E700001F06EFAC6E7D4F888202B68954208BF37
:109E8000C4F88830C4F88430D4F89C30304643F0AD
:109E90000203C4F89C30EB68D5F8049023F0040367
:109EA00043F00103EB6001F035FBD0B9474940F2C4
:109EB0003112474802F026FC40F23111B3E7D4F8E2
:109EC0009C30DD06C8D5C4F89C003E4801F022FB5A
:109ED0000028EBD088F31188BFF36F8F05B0BDE881
:109EE000F08388F31188BFF36F8FB9F1000F09D1A8
:109EF0003849374840F2AB2202F004FC40F2AB2173
:109F0000344891E72846C847EFF31188202383F3AC
:109F10001288BFF36F8F304601F0EEFA00283FF44D
:109F20007CAF304601F00CFBEB68D90623F0010250
:109F300031D4EA60EB689A0716D5386823F002033B
:109F4000EB6088B10021036870B14268954230D15E
:109F5000036841BB7A683B60824200D17B6000238A
:109F600040F8083BFFF770FED4F89C30304623F0F1
:109F70000203C4F89C30C3F3002501F0CBFA00289B
:109F800094D088F31188BFF36F8F002D7FF43AAF20
:109F900000F00CFF36E723F01103EB6005F1100031
:109FA000FFF752FEC6E70B607B68834208BF79600B
:109FB000D5E723B11A68014618461346C4E71A4686
:109FC000F9E700BF8C200020842000203CE0000046
:109FD000C5DF000098FB0000F8B5C36804469A0787
:109FE0000F46C3F340063AD45B0726D40B680BB97F
:109FF00083680B60E368DD0722D5A36853B929495C
:10A0000029484FF4AA7202F07DFB4FF4AA7125484B
:10A0100002F06FFB02263B603D68002D3ED0234BD3
:10A020009A68D5F880309A420CD0D5F89C30D80781
:10A03000C3F3800216D46FF0120600233B6027E0C2
:10A040000126E9E703F0A7F8D5F89C300028EED107
:10A05000D907C3F3C002EED552B15B0708D46FF045
:10A060000F06EAE7002AFAD1C3F3C003002BF6D1AA
:10A0700000232360D5F8883063B9C5E92144284618
:10A0800003F072F8E36843F00403E3603B68A36005
:10A090003046F8BD1C60C5F88840F0E76FF0150643
:10A0A000CBE700BF98FB0000C5DF00005C2000206C
:10A0B00073B50446EFF31185202383F31288BFF3B1
:10A0C0006F8F194801F018FA40B9184988221848CA
:10A0D00002F018FB8821154802F00BFB124801F032
:10A0E0002FFA00230321201F0193A4F1100603F08F
:10A0F00021F828B1A369304601A90193FFF76CFF4D
:10A10000094801F007FA40B9084940F231120848FD
:10A1100002F0F8FA40F23111DDE785F31188BFF360
:10A120006F8F02B070BD00BF8C2000203CE00000AB
:10A13000C5DF000038B50D46044640B90B499922E9
:10A140000B4802F0DFFA9921084802F0D2FA31B93F
:10A1500006499A22064802F0D5FA9A21F4E710221D
:10A16000002103F00CF9656038BD00BF98FB0000CA
:10A17000C5DF000037B50C46019051B922494FF4B4
:10A18000BD72224802F0BEFA4FF4BD711E4802F0C3
:10A19000B0FA4B6843B91C4940F27B121B4802F0ED
:10A1A000B1FA40F27B11F1E7EFF31185202383F33D
:10A1B0001288BFF36F8F164801F09EF938B9154920
:10A1C0008822124802F09EFA88211248DFE71048E0
:10A1D00001F0B6F9204601A9FFF7FEFE04460C483F
:10A1E00001F098F940B90B4940F23112074802F0EA
:10A1F00089FA40F23111E8E785F31188BFF36F8FD8
:10A20000204603B030BD00BF98FB0000C5DF000052
:10A210008C2000203CE00000F0B589B004460E9D83
:10A2200050B92D4940F2F1222C4802F06BFA40F26D
:10A23000F121294802F05DFA41B9274940F2F222A2
:10A24000264802F05FFA40F2F221F2E7D0F89C00D3
:10A2500010F0010008D0204940F2F3221F4802F01C
:10A2600051FA40F2F321E4E7C4E9210004F18C0043
:10A27000C4E9230004F19400C4E9250055B328790A
:10A28000002840F2011008BF0120C4F89C00002003
:10A290004FF0FF364FF0FF37CDE90330CDE9010035
:10A2A000CDE9066720460E4B009400F009F955B140
:10A2B000296811B1204602F074FF6B791BB1237B32
:10A2C00043F001032373204600F0B0FEC4F8804041
:10A2D00009B0F0BD0120D8E798FB0000C5DF000001
:10A2E000F99D000038B50D46044650B90E4940F2BC
:10A2F00092320E4802F006FA40F292310A4802F019
:10A30000F8F941B9084940F29332084802F0FAF9E5
:10A3100040F29331F2E73022002103F030F84FF49D
:10A3200080736560E36038BD98FB0000C5DF000006
:10A33000F7B50C4616461D46019050B92C494FF40E
:10A3400086622C4802F0DEF94FF48661284802F05C
:10A35000D0F941B9264940F23142264802F0D2F9FB
:10A3600040F23141F2E7EFF31187202383F31288A3
:10A37000BFF36F8F204801F0BFF838B91F4988221A
:10A380001C4802F0BFF988211C48E0E71A4801F098
:10A39000D7F8204602F0D9FE55EA060311D120462F
:10A3A00001A9FFF719FE0446134801F0B3F8B8B944
:10A3B000124940F231120F4802F0A4F940F2311173
:10A3C000E2E7E36804F1100043F00803E360019B57
:10A3D0003246A3620A492B4601F004F90124E3E75F
:10A3E00087F31188BFF36F8F204603B0F0BD00BF25
:10A3F00098FB0000C5DF00008C2000203CE000003E
:10A40000B1A0000001460148FFF792BFC80A002032
:10A410002DE9F04385B098460F9B04460F2B0E465E
:10A4200037D12349884538D104F15801C4E91611C0
:10A430001099002721730421073222F0070506EB4B
:10A4400005096173A37349462046C4E90677A760EE
:10A45000E773F7F7BDFE0E9B073020F00700A066FC
:10A46000C4E9186502930D9BA9EB000901930C9BAD
:10A470004A460093314643462046F8F759FA0D4BB9
:10A4800067659B6803B1DB6E4846E36605B0BDE8CF
:10A49000F08303F110011E29C6D90749074840F28D
:10A4A000052202F02FF940F20521034802F021F9BC
:10A4B000C99300005C200020B9FB0000C5DF00004C
:10A4C000F0B587B00446DDE91276EFF3058555B1A6
:10A4D0001749184840F2922202F014F940F29221F2
:10A4E000134802F006F90595109D04950F9D0395FC
:10A4F0000E9D02950D9D01950C9D0095FFF788FF1F
:10A50000B6F1FF3F08BFB7F1FF3F05D056EA07039A
:10A5100005D1204600F08AFD204607B0F0BD3A463E
:10A52000334604F11800044901F05CF8F4E700BF79
:10A53000B9FB0000C5DF00000DD2000040F201139E
:10A5400083810023C0E91833C366014B98607047CC
:10A550005C2000206FF00A01084A93689967084957
:10A5600058674B6843F080534B60002383F3118896
:10A57000BFF36F8F9368986F704700BF5C20002017
:10A5800000ED00E038B590F90D200146002A437B2C
:10A5900010DA03F07F034373184B984208D118492F
:10A5A0001848562202F0AEF85621154802F0A1F8DC
:10A5B00002F0FCFD144D2A4652F8184FAB68944245
:10A5C00000D004B9EC688B4210D03BB90F490D485C
:10A5D000D52202F097F8D5210C48E7E75A7BD2063E
:10A5E00004D1DA897F2A01D9A2692AB1A34202D013
:10A5F000204600F007FF23466B6138BDC8090020E4
:10A60000DCFB0000C5DF00005C200020FEFB00003A
:10A6100008B5836843B909490948992202F072F8DC
:10A620009921064802F065F802F0C0FD437B23F053
:10A63000020343730023836008BD00BFDFFA0000FC
:10A64000C5DF000070B590F90D20437B002A4BDB7D
:10A65000D90649D163F07F034373254B984208D153
:10A66000244925484F2202F04DF84F21214802F09D
:10A6700040F8224C224652F8183FE169934207D134
:10A68000C0E900210860E06111E09942F8D01B6840
:10A69000002BF5D090F90E5093F90E60B542F4D02E
:10A6A000AE42F2DD5968C0E9003108605860A56922
:10A6B000954200D005B9E568A3683BB910490E483A
:10A6C000D52202F01FF8D5210D48D0E75A7BD206DB
:10A6D00004D1DA897F2A01D9AA6932B1AB4202D00A
:10A6E000284600F08FFE656170BD6361FCE700BF26
:10A6F000C8090020DCFB0000C5DF00005C20002052
:10A70000FEFB000070B590F90D200146002A437B46
:10A710002E4C0FDA03F07F03A042437308D12C497B
:10A7200056222C4801F0EEFF5621294801F0E1FFA6
:10A7300002F03CFD4B7BA14263F07F034B7306D1DB
:10A7400023494F22234801F0DDFF4F21EDE7224C42
:10A75000224652F8183FE069934207D1C1E9002030
:10A760000160E16111E09842F8D01B68002BF5D040
:10A7700091F90E5093F90E60B542F4D0AE42F2DD7D
:10A780005868C1E9003001605960A569A368954225
:10A7900000D005B9E5688B4210D03BB90F490D4890
:10A7A000D52201F0AFFFD5210C48BFE75A7BD20676
:10A7B00004D1DA897F2A01D9AA692AB1AB4202D031
:10A7C000284600F01FFE2B46636170BDC8090020BB
:10A7D000DCFB0000C5DF00005C200020FEFB000069
:10A7E00038B50446EFF31185202383F31288BFF3B5
:10A7F0006F8F124800F080FE40B91149882211483D
:10A8000001F080FF88210E4801F073FF0B4800F033
:10A8100097FE2046FFF716FF084800F07BFE40B980
:10A82000074940F23112074801F06CFF40F2311144
:10A83000E9E785F31188BFF36F8F38BD90200020C2
:10A840003CE00000C5DF000038B50446EFF3118599
:10A85000202383F31288BFF36F8F134800F04CFE60
:10A8600040B912498822124801F04CFF88210F4854
:10A8700001F03FFF0C4800F063FEA36813B12046CF
:10A88000FFF7C6FE084800F045FE40B9074940F210
:10A890003112074801F036FF40F23111E7E785F346
:10A8A0001188BFF36F8F38BD902000203CE000007E
:10A8B000C5DF000038B50446EFF31185202383F38C
:10A8C0001288BFF36F8F194800F016FE40B918497F
:10A8D0008822184801F016FF8821154801F009FF69
:10A8E000124800F02DFE637B13F0280F0BD1A368F4
:10A8F00013B12046FFF78CFE637B204623F0040350
:10A900006373FFF79FFE094800F004FE40B9084951
:10A9100040F23112074801F0F5FE40F23111DCE758
:10A9200085F31188BFF36F8F38BD00BF90200020E2
:10A930003CE00000C5DF00002DE9F047DFF8B0A0E3
:10A940002C4F1646DDE90898DAF808202A4BB84261
:10A9500004460D461A600AD12849294840F272225D
:10A9600001F0D0FE40F27221244801F0C2FEEFF364
:10A970001183202383F31288BFF36F8F384600F0D2
:10A98000BBFD38B91F4988221D4801F0BBFE882154
:10A990001C48EAE7384600F0D3FDDAF80870314683
:10A9A000384602F00BFCB8F1FF3F08BFB9F1FF3F9A
:10A9B00006D04A464346144907F1180000F012FE3B
:10A9C000204600F0A7FD40B90E4940F26B120C483A
:10A9D00001F098FE40F26B11DAE7064800F09AFDAC
:10A9E0000028F1D02846BDE8F047FFF7B3BD00BF0F
:10A9F0005C2000209020002094200020DCFB000040
:10AA0000C5DF00003CE000000DD200002DE9F04160
:10AA100004460D46EFF31187202383F31288BFF31A
:10AA20006F8F524800F068FD38B95149882251486B
:10AA300001F068FE88214E4817E04C4800F080FD88
:10AA4000637B03F01F02002A0CBF0126002657D1AA
:10AA500003F07F036373484B9C4208D14749454844
:10AA6000562201F04FFE5621444801F042FEDFF825
:10AA70001081204602F09AFB4246637B6DB263F080
:10AA80007F03A573637352F8183F934235D1D8F80A
:10AA90001C10C4E900210C60C8F81C400FE099426A
:10AAA000F7D01B68002BF4D093F90E008542F6D046
:10AAB000A842F4DD5968C4E900310C605C60D8F844
:10AAC0001840944200D00CB9D8F80C40D8F808309F
:10AAD0009C4202D0204600F095FCC8F81440234860
:10AAE00000F018FD002839D1214940F231122148E7
:10AAF00001F008FE40F231119DE7D8F81C10D1E7B3
:10AB00009B0729D5A16839B91E491A48992201F035
:10AB1000F9FD99211B48A8E720466DB202F046FBDB
:10AB2000A5730B68994209D14B68C4E900131C60F6
:10AB30004C60D4E74A689342F6D01B68002BF3D0F0
:10AB400093F90E209542F5D0AA42F3DD5A68C4E984
:10AB5000003214605C60C2E7A573C0E787F3118818
:10AB6000BFF36F8F3046BDE8F08100BF902000201A
:10AB70003CE00000C5DF0000C8090020DCFB00004D
:10AB80005C200020DFFA000038B503460C46D1B93E
:10AB9000EFF30585BDB9154A51699268914212D00B
:10ABA00000F0B8FC50B9124940F26B12114801F0A4
:10ABB000A9FD40F26B110E4801F09BFD2846BDE84F
:10ABC0003840FFF7C7BC184600F0A4FC40B908495C
:10ABD00040F23112074801F095FD40F23111EAE7E9
:10ABE00084F31188BFF36F8F38BD00BF5C20002055
:10ABF0003CE00000C5DF0000034648B9EFF30582E2
:10AC000032B9064A51699268914201D0FFF7A2BC5D
:10AC100083F31188BFF36F8F704700BF5C20002063
:10AC200010B5EFF31184202383F31288BFF36F8FE5
:10AC30001D4800F061FC38B91C4988221C4801F00D
:10AC400061FD882119480CE0174800F079FCEFF30A
:10AC5000058343B117498F22154801F053FD8F2119
:10AC6000144801F046FD144B9A68D37B012B06D1A2
:10AC7000104990220E4801F045FD9021F0E7013B7C
:10AC8000D373094800F046FC40B9084940F231123C
:10AC9000074801F037FD40F23111D3E784F3118802
:10ACA000BFF36F8F10BD00BF902000203CE000007C
:10ACB000C5DF0000DFFA00005C20002070B5EFF374
:10ACC0001186202383F31288BFF36F8F2E4800F084
:10ACD00013FC38B92D4988222D4801F013FD882135
:10ACE0002A480FE02B4D284800F02AFCAB68DA7B9D
:10ACF00052B9294940F20D32254801F003FD40F2D6
:10AD00000D31254801F0F5FCEFF3058141B12249F1
:10AD100040F20E321E4801F0F5FC40F20E31F0E731
:10AD20000132DA732A4652F8184F944200D004B91F
:10AD3000EC685A7BD20604D1DA897F2A01D9A2694C
:10AD40002AB1A34202D0204600F05CFB23460E4805
:10AD50006B6100F0DFFB40B90C4940F231120C4846
:10AD600001F0D0FC40F23111BAE786F31188BFF34D
:10AD70006F8FEFF31180202383F31288BFF36F8F5F
:10AD8000BDE87040FFF738BF902000203CE0000095
:10AD9000C5DF00005C200020DCFB0000024B03F15B
:10ADA0001802C3E9062270475C20002070B5EFF35B
:10ADB000058353B13249334840F2244201F0A2FCEA
:10ADC00040F224412E4801F094FCEFF31186202339
:10ADD00083F31288BFF36F8F2B4800F08DFB38B9D7
:10ADE0002A498822274801F08DFC88212748EAE774
:10ADF000274C254800F0A4FBA168E0690B6881425C
:10AE000014BF1A46002249680B605960A368E169C3
:10AE10002AB9204AC3E900210B60E3610CE093F9F1
:10AE20000E0092F90E50A84220D085421EDD5168D6
:10AE3000C3E900210B605360A569164B9D4200D009
:10AE400005B9E568A3689D4202D0284600F0DAFA09
:10AE50000D48656100F05EFB60B90C4940F26B1271
:10AE6000084801F04FFC40F26B11BFE78A42D0D096
:10AE70001268CDE73046BDE87040FFF76BBB00BFFE
:10AE8000DCFB0000C5DF0000902000203CE000005B
:10AE90005C200020742000202DE9F04106460C467D
:10AEA000EFF3058757B12D492D4840F23C4201F0A0
:10AEB00029FC40F23C41294801F01BFC50EA010307
:10AEC00004D1FFF773FF0020BDE8F081EFF3118894
:10AED000202383F31288BFF36F8F224800F00CFB0E
:10AEE00038B9214988221E4801F00CFC88211E48EF
:10AEF000E2E71E4D1B4800F023FBA8681C4B1860BE
:10AF0000FFF740FBA868234632461A49183000F084
:10AF100069FBAA680446537B124843F00403537349
:10AF200000F0F8FA40B9104940F26B120C4801F0F9
:10AF3000E9FB40F26B11DAE74046FFF70BFBAB6829
:10AF4000D3E90A23B3F1004F08BFBA42BBD102F0E4
:10AF500095F9201A20EAE070B6E700BFDCFB00009C
:10AF6000C5DF0000902000203CE000005C200020B5
:10AF7000942000200DD2000070B504460E46EFF379
:10AF8000058555B11849194840F2664201F0BAFBEF
:10AF900040F26641144801F0ACFBFFF77DFFB6F1CB
:10AFA000FF3F08BFB4F1FF3F0246204616D047F6E8
:10AFB000FF704FF47A7403462946C2FB0431B3F59F
:10AFC000004F71F100020AD36FF400429A4243F637
:10AFD000FF728A4105D3D80B40EA414070BD284634
:10AFE000FCE76FF00040F9E7DCFB0000C5DF000084
:10AFF00038B500240B494FF400458C462146C0FB70
:10B0000005C100236046084AF5F7A4F8C117FFF709
:10B0100043FF47F6FF73044AC0FB0234DB0B43EAED
:10B02000444038BD3F420F0040420F0038B504464F
:10B03000EFF31185202383F31288BFF36F8F1B4832
:10B0400000F05AFA40B91A4988221A4801F05AFB0E
:10B050008821174801F04DFB144800F071FA637B1A
:10B060005B0710D504F1180000F086FB637B2046D7
:10B0700023F004036373FFF7E5FA2946BDE838407F
:10B080000A48FFF781BD094800F044FA40B9084971
:10B0900040F23112074801F035FB40F23111D8E798
:10B0A00085F31188BFF36F8F38BD00BF902000205B
:10B0B0003CE00000C5DF0000014B9868704700BF0E
:10B0C0005C2000202DE9F8430446077BEFF311854F
:10B0D000202383F31288BFF36F8F6F4800F00CFAC0
:10B0E00040B96E4988226E4801F00CFB88216B48FC
:10B0F00001F0FFFA684800F023FA637B190712D5C4
:10B10000654800F007FA40B9644940F231126448DA
:10B1100001F0F8FA40F23111E9E785F31188BFF345
:10B120006F8FBDE8F883D90943F008027AD16273C2
:10B13000A36813B12046FFF76BFA04F1180000F082
:10B140001BFBA66D04F15808B04511D04FF0000963
:10B1500076B13046FFF75CFA06F1180000F00CFB00
:10B160003046C6F87890FFF76DFAA66DB045EFD17E
:10B17000DFF83081D8F808309C4267D1EFF30589B9
:10B18000B9F1000918BF4FF00109D8F81860464A14
:10B19000964200D00EB9D8F80C60B34202D03046C7
:10B1A00000F030F9C8F81460B9F1000F02D03F4840
:10B1B000FFF7C4F9D8F808309C4256D1EFF3058662
:10B1C000002E52D1237BDA071FD5334800F0A2F9B5
:10B1D000002899D085F31188BFF36F8F86F311880B
:10B1E000BFF36F8F0423184602DFEFF3118520238E
:10B1F00083F31288BFF36F8F274800F07DF9002892
:10B200003FF46FAF244800F09BF9234800F082F927
:10B21000F8B9224940F26B12214801F073FA40F26A
:10B220006B1164E703F07F0343F008036373204B63
:10B230009C4207D11F495622194801F063FA562152
:10B240001C4855E7204601F0B1FF71E74FF00009B7
:10B250009BE72846FFF77EF916494FF4DD72104848
:10B2600001F050FA4FF4DD71EAE70B4800F052F9B3
:10B2700000283FF449AF85F31188BFF36F8FFB07B8
:10B280007FF54FAF0B4940F23D52054801F03AFAC5
:10B2900040F23D51D4E700BF902000203CE0000088
:10B2A000C5DF00005C20002074200020680B002017
:10B2B000C8090020DCFB00002DE9F843064688465B
:10B2C0001746EFF31189202383F31288BFF36F8FA2
:10B2D0001C4800F011F9054640B91B4988221B485B
:10B2E00001F010FA8821184801F003FA154800F01F
:10B2F00027F93468A6421AD0DCB12046C4F8788019
:10B300002761FFF785F904F1180000F035FA2046AF
:10B31000FFF798F90B4800F0FDF860B90A4940F2D0
:10B3200031120A4801F0EEF940F23111DBE7002555
:10B33000F0E72546EEE789F31188BFF36F8F2846C3
:10B34000BDE8F883902000203CE00000C5DF00004D
:10B35000D3B5DDE90667089CCDE90067FFF7ECFA95
:10B360001CB1034B9B681B69236002B0D0BD00BFBA
:10B370005C20002008B568B10E4B98420AD303F157
:10B380001802904206D21822C01AB0FBF2F302FB58
:10B39000130343B108490948382201F0B3F93821B1
:10B3A000054801F0A6F90122054BC0105843054B92
:10B3B0001A5408BDE80B00202AFC0000C5DF00007D
:10B3C000ABAAAAAA65230020C3897F2B12D80A4BF7
:10B3D0001B6863B1094B90F90E201B689A4209DB88
:10B3E000437BDB0606D1064BC31A18BF012303F0CB
:10B3F000010070470023FAE7500100209820002048
:10B40000C809002070B50E4B0E4C1E7C054606EB9D
:10B41000460304EBC304204600F0AEF900220A4BB9
:10B4200028469A55FFF7D0FF48B1084B2046BDE8A3
:10B4300070401A680649013AD31700F0D3B870BDBE
:10B440005C200020E80B0020652300205001002034
:10B4500075B3000038B5EFF31185202383F312880C
:10B46000BFF36F8F1E4800F047F840B91D4988228E
:10B470001D4801F047F988211A4801F03AF91848A7
:10B4800000F05EF8194B1A4A9C681068A0420ED171
:10B49000FFF7B8FF124800F03DF8E0B9114940F25B
:10B4A0003112114801F02EF940F23111E4E7002188
:10B4B0001B7C11600F4AD35C002BEBD02046FFF7BA
:10B4C00083FF0028E6D0637BDB0602D12046FFF72E
:10B4D00019F92046DCE785F31188BFF36F8F38BD7B
:10B4E000902000203CE00000C5DF00005C20002030
:10B4F0009420002065230020006838B1044B00F040
:10B5000003001B7CC01A18BF012070470120704740
:10B510005C200020002302680360EFF30581074BE5
:10B5200019B19968497BC90706D4197C9868084302
:10B53000831A584258417047012070475C20002010
:10B54000024B1A7C9B681343036070475C20002009
:10B55000074808B5074A0849121A01F07EFDBDE800
:10B5600008400648064A0749121A01F076BD00BF96
:10B570000000002070030020CCFC00000000002030
:10B5800000000020CCFC0000024B1868984208BF65
:10B590000020704754010020034B1B680BB9FBF7D8
:10B5A0009DBF0020704700BF9C20002030B570B1C7
:10B5B0000B4B5B6898420AD0036843B1D3E904217E
:10B5C000D0E90445121941EB0501C3E90421D0E992
:10B5D000003213605A600023C0E9003330BD00BF61
:10B5E00054010020B3F1FF3F08BFB2F1FF3F2DE946
:10B5F000F74F044690469B4615461F4600F0AA802A
:10B60000D0F80090B9F1000F08D054495448722284
:10B6100001F078F87221514801F06BF88160EFF386
:10B6200011830193202383F31288BFF36F8F4D485A
:10B63000FFF762FF824638B94B498822484801F03B
:10B6400061F888214848E7E74648FFF779FFB8F1F5
:10B65000FF3F7BF1FF33454A1FDBFFF79DFF0646A7
:10B6600001354BF1000B414A2D184BEBE073D2E949
:10B670000017C4E904536D1843EB0707FFF784FF75
:10B680000346DFF8ECE0DEF80490F3B9C4E900E922
:10B69000C9F80040CEF8044029E06FF00103D2E978
:10B6A00000125B1A4FF0FF3161EB0202B3EB0803AB
:10B6B00062EB0B02012B72F10001BCBF01234A4671
:10B6C0004FF0000AC4E90432D8E7D3E9041CD4E9F6
:10B6D00004208A4270EB0C0B29DA891A5A686CEB49
:10B6E0000000C3E90410C4E9003214605C60FFF795
:10B6F0004BFF84420ED11F4B1B685BB9BAF1000FA0
:10B7000002D1FFF749FF0646304601F0A0FD0021B7
:10B71000FBF7BEFE1348FFF7FDFE88B9124940F261
:10B7200031120F4800F0EEFF40F231118AE7521A51
:10B7300060EB0C009945C4E90420A7D01B68A4E77E
:10B74000019B83F31188BFF36F8F2846394603B0FE
:10B75000BDE8F08F00252F46F7E700BF52FC000040
:10B76000C5DF0000A02000203CE00000000C00200D
:10B77000540100209C20002070B50446EFF3118690
:10B78000202383F31288BFF36F8F1E48FFF7B4FEA8
:10B7900040B91D4988221D4800F0B4FF88211A488D
:10B7A00000F0A7FF1748FFF7CBFE23680BB3FFF7A6
:10B7B000EBFE05462046FFF7F9FE00224FF000435E
:10B7C000A542C4E9042306D1FFF7E6FE01F03FFDE0
:10B7D0000021FBF75DFE00240A48FFF79BFE58B9E5
:10B7E000094940F23112094800F08CFF40F2311152
:10B7F000D5E76FF01504EFE786F31188BFF36F8F7D
:10B80000204670BDA02000203CE00000C5DF000005
:10B810002DE9F0470446EFF31188202383F31288C3
:10B82000BFF36F8F3E48FFF767FE40B93D4988225E
:10B830003D4800F067FF88213A4800F05AFFDFF8E2
:10B84000EC903748FFF77CFEC9F80040FFF79CFEFC
:10B85000002604460027DFF8D8A0D9F80030DAE93E
:10B8600000C0D91754B1D4E90452AB4271EB020EB7
:10B870001FDAED1A62EB0102C4E90452002413EB53
:10B880000C0340EB01012046CAE90031C9F8004031
:10B8900001F0DDFC2146FBF7FBFD2148FFF73AFEF6
:10B8A000B0B188F31188BFF36F8FBDE8F047FFF7A1
:10B8B000D1BD15EB0C0340EBE570CAE90030C4E9DB
:10B8C00004672046FFF772FE1548FFF723FE40B9D4
:10B8D000144940F23112144800F014FF40F23111C3
:10B8E000AAE788F31188BFF36F8F2046A3689847B3
:10B8F000EFF31188202383F31288BFF36F8F08487A
:10B90000FFF7FAFD002891D00548FFF719FED9F896
:10B9100000305B1BC9F80030FFF736FE04469CE799
:10B92000A02000203CE00000C5DF00009C2000209B
:10B93000000C002070B5EFF31186202383F31288EA
:10B94000BFF36F8F1548FFF7D7FD40B91449882220
:10B95000144800F0D7FE8821114800F0CAFE0F48B5
:10B96000FFF7EEFDFFF718FE0F4AD2E90045041974
:10B9700045EBE0750948FFF7CDFD40B9084940F2B5
:10B980003112084800F0BEFE40F23111E4E786F3C0
:10B990001188BFF36F8F2046294670BDA02000207C
:10B9A0003CE00000C5DF0000000C00202DE9F84F4E
:10B9B00005460C46924601F0EEFB002850D12A4B7A
:10B9C0009B68DE6E002E4BD06F1E3D4207D027498C
:10B9D0001722274800F096FE1721244817E0043468
:10B9E0003ED245F0040B06F11408EFF31189202331
:10B9F00083F31288BFF36F8F4046FFF77DFD40B998
:10BA00001C4988221A4800F07DFE8821194800F060
:10BA100070FE4046FFF794FD224659463046D04717
:10BA200004464046FFF776FD40B9124940F2311214
:10BA30000F4800F067FE40F23111E7E789F3118803
:10BA4000BFF36F8F64B1204640F8046B4DB13842AC
:10BA500007D006493422064800F054FE3421BCE7E2
:10BA60000020BDE8F88F00BF5C20002076FC0000BD
:10BA7000C5DF00003CE000000146024A0020FFF75D
:10BA800095BF00BFCFC6000038B50B4C0B4DAC4284
:10BA90000FD90B490B481A2200F034FE1A2108482E
:10BAA00000F027FE2046D4E9011201F037FC1834DB
:10BAB000EDE7F7D3002038BD10020020100200206F
:10BAC0009AFC0000C5DF0000F8B504460E4600F100
:10BAD0001405EFF31187202383F31288BFF36F8FD0
:10BAE0002846FFF709FD40B916498822164800F09C
:10BAF00009FE8821134800F0FCFD2846FFF720FDD1
:10BB000020463146F4F716FE04F10C0001F08CFBE0
:10BB100028B139462846BDE8F840FFF735B8284631
:10BB2000FFF7F8FC40B9074940F23112064800F02F
:10BB3000E9FD40F23111DDE787F31188BFF36F8F24
:10BB4000F8BD00BF3CE00000C5DF000010B50A4CA6
:10BB500023681BB101232360002010BD00F0F4F81E
:10BB60000028F7D00138072803D8044B53F82000E9
:10BB700010BD034810BD00BFA4200020E8DC000079
:10BB8000FE8FFFFFBFF34F8F0549064BCA6802F4D3
:10BB9000E0621343CB60BFF34F8F00BFFDE700BFF0
:10BBA00000ED00E00400FA0530B44FF0FE3200254D
:10BBB0000B4B0C4C0C494968C3F80024C3F804240F
:10BBC000C3F80824C3F80C24C3F81024C3F81424C1
:10BBD000C3F81824C3F81C24C4F8005530BC084727
:10BBE00000508450004084505C010020024BD0E99A
:10BBF0000012C3E9001270475C01002010B5044632
:10BC000050B1636813F0685F05D0064A934202D0D2
:10BC100000236260236010BD034B04485B689847B3
:10BC2000EFE700BF2C5F5CA95C01002008DD00008D
:10BC3000C8B143680D4A934213D013F0685F0ED029
:10BC4000012350E8002F194640E8001C9CF0000F2B
:10BC5000F7D1012AF5D0BFF35F8F00207047044869
:10BC60007047044870476FF4E04070472C5F5CA950
:10BC7000E98FFFFFEA8FFFFF034680B14268094961
:10BC80008A420AD012F0685F05D0BFF35F8F0022AE
:10BC900010461A60704704487047044870476FF4B4
:10BCA000E04070472C5F5CA9E98FFFFFEA8FFFFF40
:10BCB00010B5044620B10023034A2360626010BD22
:10BCC0000248FFF771FFF6E73A00003A30DD000066
:10BCD00070B5194CD0F804C00668C4F804C0D0F898
:10BCE00008C0C068C4F808C0E06026600868134B4C
:10BCF000134D18604868D5F818215860886812F00C
:10BD0000685F9860C8680969D860196112D000231B
:10BD10000C4A05F58A70C5F81431C5F8B831C5F874
:10BD20001821C5F8BC21B047236805F5DC70BDE8D3
:10BD30007040184770BD00BF7801002064010020EA
:10BD4000BC2000202C5F5CA908B500F011F830B9C8
:10BD500000F010F838B9054AC2F80C0A08BD00F026
:10BD600037F8032008BD042008BD00BF00508450F0
:10BD70000020704710B5114800F048F800B110BD20
:10BD80000F4800F043F80028F9D10E4C204600F08F
:10BD90003DF80028F3D10C4B0C481C6000F036F83D
:10BDA00001460028EBD100F02DF8044608B12046EA
:10BDB00010BD00F03FF82046FAE700BFB8010020B0
:10BDC000B4010020B0010020A8010020AC01002037
:10BDD00008B5084800F024F8074800F021F80748A3
:10BDE00000F01EF8064800F01BF8BDE8084000F01F
:10BDF0000BB800BFB8010020B4010020B001002042
:10BE0000AC01002000207047704700BF08B5034B0D
:10BE100002681B6810689847002008BD7801002060
:10BE200008B5034B02685B6810689847002008BD9E
:10BE30007801002070B5094C094D2069AB6898471E
:10BE400018B1084B08485B6898470021074AEB681F
:10BE500011602069BDE87040184700BF64010020F0
:10BE6000780100205C01002054DD0000B820002093
:10BE70002DE9F04F43688DB01546804602938378D4
:10BE80009A0740F10D8100240E78002E00F00A81FF
:10BE9000252E0BD04B1C0393013441463046029BA8
:10BEA00098470028C0F2F6800399EDE74E788B1C86
:10BEB000252E0393F0D00027B946BB46BBF11F0FD8
:10BEC00038D8A6F12003102B0AD8DFE803F02A099E
:10BED00009300909092109090928092D09091F0043
:10BEE000A6F13003092B33D92A2E37D11BF0400F8E
:10BEF00055F8043B40F08280002BA7BF4BF0200B8D
:10BF00009946C3F100094BF0280B01E04BF0010BFF
:10BF1000039B13F8016B0393002ECFD130E04BF05D
:10BF2000020B4BF0040BF3E74BF0080BF0E74BF080
:10BF3000100BEDE7BBF17F0F19D8A6F13003092BE9
:10BF4000D2D81BF0400F03D00A2101FB0737DFE7EF
:10BF50000A214BF0200B01FB0939D9E72E2E06D11F
:10BF60001BF0400F40F09E804BF0400BD0E76C2E52
:10BF700031D02BD8682E36D06A2E3CD04C2E3AD0F9
:10BF8000002F46F02003B8BF2BF04002A3F165015B
:10BF9000BCBF00271FFA82FB022901D9612B2FD1D8
:10BFA00007350727DFF8ACA225F0070508351BF099
:10BFB000080F66D00AEB070B56465E4563D1A4EB2B
:10BFC0000A0AA9EB070906EB0A026FE1742E9FD05B
:10BFD0007A2E9DD0D4E71BF0800F18BF4BF4007B66
:10BFE0004BF0800B94E71BF4807F18BF4BF4007B71
:10BFF0004BF4807B8CE74BF4207B89E71F4687E777
:10C00000A6F16301122900F2F080DFE811F01300BD
:10C010004F00EE00EE00EE00EE004F00EE00EE00EE
:10C02000EE00EE00EE00FE00E900EE00EE001B0068
:10C03000EE00AF0055F8043B01270DF1180A8DF80A
:10C040001830B4E755F804AB834BBAF1000F08BFC2
:10C050009A461BF0400F504614BF39464FF0FF314F
:10C0600001F0A5F90746A2E741462020029B984728
:10C0700000280FDB013EB742F6D34C44B146A41B67
:10C0800098E74E46F7E7414616F8010B029B9847A2
:10C09000002892DA98F8023043F0040388F802305E
:10C0A0004FF0FF3420460DB0BDE8F08F1BF0800F3D
:10C0B00034D01BF4007F2CD0073525F00705AA46A5
:10C0C00069685AF8080B2BF010050029ADB237DA71
:10C0D000404245F4806561EB41010DF1180B0A23E4
:10C0E0005A4601F070F9A0EB0B0301936B0662D581
:10C0F000019B25F001019F4289B240F3A180002EEF
:10C1000000F0998015F0100240F09C80BB460D466F
:10C1100023E0AA465AF8040BC117D4E7AA461BF439
:10C12000807F5AF8041B01D10846F5E71BF4007F15
:10C1300019BF48B241F3C01108B241F3C031C2E7A0
:10C1400050EA0103C9D11BF0400FC6D0002FC4D163
:10C150002BF01102BB46019795B240F2064115EA59
:10C1600001021CBF0BF1010B00222CE02BF010028E
:10C170000A231FFA82FB1BF0800C49D01BF40071CC
:10C1800015BF0735AA4625F007055AF8040B1EBF50
:10C19000AA4669685AF8080B50EA010545D12BF008
:10C1A00016051BF0400FADB242D0002F40D12BF04E
:10C1B0001702019795B215F0100248D0019B002E8E
:10C1C00042D103F1010B29075AD4EB0706D5D94513
:10C1D0006FDDA9EB0B030199CB465F185B4649E085
:10C1E0004BF0100B10237826C5E7782B04D1C6F14D
:10C1F000780343F01003BEE741462520029B984791
:10C200000028FFF647AF023447E608230026B2E7CE
:10C21000AA461BF480715AF8040BBDD01BF40071C0
:10C220001ABFC0B2614680B2B6E72BF0060295B2E3
:10C230000DF1180B54E725F01105BB46ADB28CE7A4
:10C240000D46B8E73B460D4603F1020BBBE7DDF8B0
:10C2500004B082E7C3FC0000BCFC0000CDE904325E
:10C2600041462020029B98470028FFF613AF049B0D
:10C27000059A01339945F1DCA4EB0B019B46CC18E0
:10C280000AB341463020029B98470028FFF602AFD0
:10C290008EB901342744391B019B994224DC1D4689
:10C2A00055BB019AA9EB0B0955462244144691440B
:10C2B00033E0019F92E7023441463046029B9847A3
:10C2C0000028E7DAE6E640F206410D42E2D015F03A
:10C2D000020F04F10104414614BF2B20202015F465
:10C2E000806F18BF2D20E9E741463020029B0134C2
:10C2F00098470028CFDACDE606AB013D4146585DB0
:10C30000029B98470028CBDAC4E641462020029BD6
:10C31000013498470028FFF6BDAEA9EB0403002BBB
:10C32000F3DCC1E57047436818697047836800EB28
:10C33000C101B3F5004F2CBF51F8220031F81200B3
:10C34000704700EBC1018068B0F5004F2CBF41F889
:10C35000223021F812307047012208B5FFF7E6FFBE
:10C36000D04008BD836800EBC101B3F5004F08D38E
:10C370004B681AB143F001034B60704723F001038F
:10C38000FAE74B881AB143F001034B80704723F062
:10C390000103FAE753000122FFF7D3BF8368B3F527
:10C3A000004F34BF04230823C91A081AC008704775
:10C3B000B0F5004F34BF042308230731C818C00864
:10C3C00070470A4608B50121FFF7F2FF0132121A41
:10C3D000B2FA82F0C0F11F0008BD2DE9F041174606
:10C3E00003220E460446FFF7A1FF8642054607F1E9
:10C3F00004080AD10122E368BA4023EA0203E36099
:10C40000002344F82830BDE8F0813146022220465E
:10C41000FFF78CFF06462B4601460322204644F8D0
:10C420002850FFF78EFF334629462046BDE8F041ED
:10C430000222FFF786BF70B50D4686680446FFF7F7
:10C440008BFFB6F5004F014601D3012809D03046D5
:10C45000FFF7B7FF294602462046BDE87040FFF7C8
:10C46000BCBF70BD2DE9F047054680688846FFF7E0
:10C47000A8FF05EB800ADAF810900646B9F1000F24
:10C480001BD00327DAF8104028462146FFF764FF47
:10C49000404507D3324621462846FFF79EFF2046F7
:10C4A000BDE8F087032221462846FFF73FFF013F02
:10C4B000CAF8100001D08145E4D14FF0FF34EB6899
:10C4C0000136B4401C40EAD094FAA4F2B2FA82F2E7
:10C4D000131D55F82340DEE72DE9F04114460E46C2
:10C4E0000546FFF739FFA4EB0608371B0744424611
:10C4F00031462846FFF74EFF3A4621462846FFF7C9
:10C5000049FF4346002221462846FFF71AFF2146ED
:10C510002846FFF721FF3B46211800222846BDE8A8
:10C52000F041FFF70EBF2DE9F041164604460F46D5
:10C53000FFF712FF314605462046FFF70DFF054481
:10C540002A4639462046FFF725FF31462046FFF7A9
:10C5500003FF2B46311800222046BDE8F041FFF7CB
:10C56000F0BE2DE9F0410D4686680446FFF7F4FE63
:10C57000B6F5004F014601D3012832D03046FFF70F
:10C5800020FF04EB80010E6996B90122E368824026
:10C590001343E36002220D612B4629462046FFF734
:10C5A000D0FE032229462046BDE8F041FFF7C9BE70
:10C5B000022231462046FFF7B9FE074603462946C8
:10C5C0002046FFF7BEFE0322334629462046FFF7EA
:10C5D000B8FE39462B462046FFF7B3FE022231460D
:10C5E000E1E7BDE8F081F8B50C460546FFF7B4FE7B
:10C5F0002618012231462846FFF798FEC3070CD4BF
:10C6000031462846FFF717FF21462846FFF7A4FECC
:10C61000214622182846FFF786FF00222146284699
:10C62000FFF784FE271A012239462846FFF77EFECF
:10C6300010EA020613D139462846FFF7FCFE2146D0
:10C6400032462846FFF772FE2246211A2846FFF797
:10C650006AFF214632462846FFF768FE241A214623
:10C660002846BDE8F840FFF77CBF70B5066809B9F9
:10C67000002070BDB068B0EBD10FF9D9FFF798FE7C
:10C68000014605463046FFF7EDFE04460028EFD090
:10C6900001463046FFF760FEA84209D925442146ED
:10C6A00030462A46FFF718FF29463046FFF759FF64
:10C6B000304601222146FFF755FEB368B3F5004F1F
:10C6C00034BF0423082303EBC4031844D1E7114605
:10C6D000FFF7CBBF002070470FB407B504A951F88E
:10C6E000040B0191F4F7F2F803B05DF804EB04B029
:10C6F0007047002383F31188BFF36F8F042318461C
:10C7000002DF70470FB407B504A951F8040B01917B
:10C71000F4F7DCF803B05DF804EB04B070470022D6
:10C7200003680BB9184670478B4210D10B6842B9A9
:10C7300042680360914200D14360002301200B60F6
:10C74000704713604368994208BF4260F5E71A4694
:10C750001B68E6E7838B13F0070305D10368002B02
:10C760000CBF002003207047022B05D1C08BB0FA0C
:10C7700080F0400980007047012B05D10368002B31
:10C780000CBF0020052070470020704710B50C46F4
:10C7900000B111B96FF0150010BD081D00F02FF8A1
:10C7A0000028F9D1A368032BF6D9F3E72DE9F0416E
:10C7B0000D4607461946281D90461E46F4F7C2FB53
:10C7C000044638B13346424629463846A446BDE8B9
:10C7D000F0416047BDE8F08138B50C46054658B1D8
:10C7E00051B10B6843B14B6833B12022002100F0F6
:10C7F000C6FD00202C6138BD6FF01500FBE7034635
:10C8000058B1426802F00302012A03D0032A04D17E
:10C81000026812B10020986070476FF015007047F1
:10C8200070470FB407B504A951F8040B0191F4F750
:10C830004DF803B05DF804EB04B07047006838B100
:10C8400050F8043C04385B688B4201D04068F6E73E
:10C850007047006848B150F8043C04385B685B6876
:10C860009B788B4201D04068F4E7704730B5006890
:10C8700088B150F8043C04385B681A6A1D7F0023B5
:10C88000043ADCB2A54201D84068F1E7013312F85E
:10C8900033408C42F5D130BD002008B5F4F748F89C
:10C8A00001460068F5F758BC08B5F5F78DFCBDE802
:10C8B0000840F5F7ADBC00210120F5F74DBC036E33
:10C8C00083F30B88704761B662B680F31188BFF3BB
:10C8D0006F8F704708B572B6002383F31188BFF3DA
:10C8E0006F8FF6F701FB50B1BFF34F8F30BF00BF22
:10C8F00000BF00BF00BF00BF00BF00BF00BF62B6E7
:10C90000BFF36F8F08BD10B5044672B6002383F3E2
:10C910001188BFF36F8FF6F7E7FA50B1BFF34F8F6F
:10C9200020BF00BF00BF00BF00BF00BF00BF00BFEF
:10C9300000BF84F31188BFF36F8F62B610BD40E86B
:10C9400000F313F4803FD8B208BF6FF015007047B2
:10C9500030B50C684B6885B00A894D890094013B5D
:10C9600024F01F04234402F01F0242EA451223F080
:10C970001F0369468DF808200393F6F76FF805B09A
:10C9800030BD08B5F6F77CFA002008BD4FF0502303
:10C99000012270B50C460546C3F814260020F6F7B0
:10C9A0004FFB28462346BDE87040002118478170A0
:10C9B000704700207047036942685B685268002036
:10C9C0001374C3F307235374704761281BD010D826
:10C9D00036281AD007D81D2819D0A0F12A014842BC
:10C9E000484140007047A0F1380250425041800059
:10C9F00070477D280DD07E280DD0A0F164035842E9
:10CA00005841800170471020704720207047012056
:10CA10007047082070478020704710B503690446AE
:10CA2000C0E905330023C360837F13B1407AF8F770
:10CA30005DFB0123237700236377E377A37710BDA2
:10CA4000FCF76EBEFCF722BF38B50446F6F7D4FDFE
:10CA5000054660B1037A6BB120460024F8F7E8FB85
:10CA60002846AC77FFF7D9FF20462C7238BD6FF00F
:10CA70001500FBE76FF07700F8E770B504460E4647
:10CA80001546F7F7EBFB30B906B925B12046BDE8EE
:10CA90007040F7F739BC70BD10B50C46F7F7AAFC2B
:10CAA000EFF31183202282F31288BFF36F8F0269A4
:10CAB0002260027B2AB9807D83F31188BFF36F8FD8
:10CAC00010BD0420F8E7F8B5069F0469C9B2EFF37A
:10CAD0001186202585F31288BFF36F8F0C256943DB
:10CAE0000C44D4F8885005F0070CBCF1010F0CD1B0
:10CAF000C4F8887086F31188BFF36F8FC4E92023D0
:10CB000043685B5898470020F8BD05F0C005AF4268
:10CB100086F31188BFF36F8F0CBF6FF077004FF073
:10CB2000FF30F1E713B580240094FFF7CCFF02B08B
:10CB300010BD0069CBB200EB431000211047032069
:10CB4000FAF722BF0220FAF71FBF0020FAF71CBF36
:10CB50000320FAF79BBF0220FAF798BF0020FAF7EC
:10CB600095BF1046FDF770B88022F8F723BC4368E4
:10CB700000205B681B690B607047436802EA010094
:10CB80005B6821EA020198600020D9607047436821
:10CB900000205B6899607047436800205B68D9603B
:10CBA000704743685A68536821EA03000B4090605D
:10CBB0000020D3607047082913B528BF08214FF41F
:10CBC0007F020C46D2F80432D2F808221BBA12BAFD
:10CBD00000920A466946019300F0AAFB204602B083
:10CBE00010BD0129036907D193F8F10010F001008D
:10CBF0000CD003F11400704739B993F8F10010F02C
:10CC0000020003D003F17C0070470020704713B589
:10CC10000C460022002369465030FCF7C3FC20B9C3
:10CC2000009B6360019B9B082381B0FA80F0400960
:10CC300002B010BD70B590F8ED300446012B0E46E1
:10CC400013D0F8F7F1FF054640B90423D4F8E40007
:10CC500084F8EC30FBF796FE284670BD94F8ED3072
:10CC60001BB9D4F888309B08338173683146D4F8F7
:10CC7000E400C4F8E830FBF7DDFD0125ECE791F8AE
:10CC8000E83010B5012B0C4609D1D1F8E000FBF7D4
:10CC90009DFE54F8040CBDE81040F4F7A7B8081F37
:10CCA000BDE81040F8F7D4BF4B1E012B73B5044606
:10CCB0000D461ED800F1500600220023694630467A
:10CCC000FCF770FC80B1022D15D104F1B8050022EB
:10CCD000002369462846FCF765FC60B90099D4F842
:10CCE0008400FCF7DFFAF2E70099E069FCF7DAFA72
:10CCF000E2E70029E9D002B070BD38B50C460569FD
:10CD000083685B68984718B923682A685340236092
:10CD100038BD0346012270B58A4201DB012070BD97
:10CD20009E6805681C46AE420BD1DE89C588AE42BE
:10CD300007D1257B047908331444A54201D101327F
:10CD4000EAE70020EBE743681B681B68184770B5EB
:10CD50000D6904463DB94FF0FF324FF0FF3300F04C
:10CD600091FA204670BD4FF4004640F2E7300021B2
:10CD70004FF47A720023E5FB0601F3F7EBF9024664
:10CD80000B462046EBE700697C30FCF75DBF30B511
:10CD900043681360057A446804EBC504A34202D3D8
:10CDA0006FF0010030BD5C798C4201D00833F0E7B0
:10CDB0000020F7E743681B68D3F88004C3F88004B9
:10CDC000704742681368D3F8100150B10020126A0E
:10CDD00012780A70C3F81001D3F8102101221A60EA
:10CDE00070474FF0FF30704702680346D2F8580191
:10CDF00040B95B68DB0706D4D2F82001003818BFC1
:10CE0000012070470120704743681B68D3F8042352
:10CE1000D20517D5D3F82021A2B1EFF3118220213A
:10CE200081F31288BFF36F8FD3F8201131B1002145
:10CE3000C3F82011D3F820110121D96082F31188A1
:10CE4000BFF36F8FD3F85831704713B501AA04466A
:10CE5000FFF79DFF002805DB019B22681979186800
:10CE6000F9F7CAFF02B010BD08B5FAF7ABF908BD73
:10CE7000FEF76CBE08B5F5F771F8F5F757F9BDE8A0
:10CE80000840FEF763BE004700F0BFB838B504465F
:10CE90001546FAF785FC29462046BDE83840FAF7E2
:10CEA00093BC43090AD0012B0BD14FF6FF7300F05E
:10CEB0001F0023FA00F000F0010070474FF0FF332D
:10CEC000F5E7002070472DE9F3411746DDE90858E2
:10CED000019001A80C461E46FAF754FE019B391E2C
:10CEE00018BF012100EB8300231E18BF0123002E71
:10CEF00043EA410314BF0C210021002D43EA010342
:10CF000014BF4FF470610021B8F1000F43EA010330
:10CF100014BF4FF440310021D0F800220B4322EA25
:10CF2000030304B124780FB13F787F001C430EB196
:10CF30003678B6003C438DB1297809023443B8F104
:10CF4000000F03D098F800804FEA0848214341EAD7
:10CF50000801C0F8001202B0BDE8F0812946EDE7F3
:10CF60001FB50DF10F03019300238DF80F101A4622
:10CF700019460093FFF7A7FF05B05DF804FB08B55D
:10CF80000146FAF76FFE10B10846FAF785FE00F089
:10CF9000010008BD38B5054608460C46FAF77CFE88
:10CFA000B0B10846FAF75EFE90B90846FAF74EFEB1
:10CFB00001232A688340C2F808332A6803B202EBCF
:10CFC0008303D3F8102522F00302C3F8102538BDDF
:10CFD0002046BDE838400021FFF7C2BFFAF7F6BE91
:10CFE000FFF7D8BF00221146FBF748BA0122002103
:10CFF000FBF744BA01221146FBF740BA08B5FBF72C
:10D000000BFEBDE80840FAF75BBD08B1F6F706B8BD
:10D01000704740B1C368587810F001001EBF1878FF
:10D02000B0FA80F04009704710B54369044633B93F
:10D030000020E268537843F00103537010BD984715
:10D040000028F5D00028B8BF4042FF28A8BFFF2025
:10D05000E3681870EDE700F092B900F069B98169F2
:10D06000C36843EA010212F003020FD10261426970
:10D07000013A01FB0233C2689A4201D9002070478D
:10D0800002691A60826903619B1AF4E76FF0150068
:10D09000704710B5C0E905320023C160C3618360E9
:10D0A0000446FFF7DCFF0028A8BFC4E9004410BD18
:10D0B000C0E9032303FB02120023C0E90621C0E9F3
:10D0C000000041610162436280F82830836070474C
:10D0D00090F90E308B4201D0FDF798BC00207047CC
:10D0E00003460020C3E90033C3E90200704710B5CE
:10D0F000044630B10268930703D0446809B100F0D8
:10D1000006F9204610BD012307B5009300230A4607
:10D110001946FCF77DFC03B05DF804FB3AB18A4286
:10D1200005D3C0E90212C0E90000002070476FF08B
:10D1300015007047012302688B4022EA0303036055
:10D1400022FA01F000F00100704710B503210446F7
:10D150000C30FFF7EFFF30B104F11000FEF70CFBCD
:10D16000B0FA80F0400910BD20B100228C30114689
:10D17000FEF7A2B8704710B5FCF7FCFF041E08DDEF
:10D18000EFF31180202383F31288BFF36F8FFDF735
:10D1900033FD204610BDEFF30580003818BF012095
:10D1A00070476FF05700704700207047D0E9003299
:10D1B00013605A600023C0E90033704738B5044655
:10D1C0000D46FDF7DFF9637B43F002036373E5B1BE
:10D1D000A5602B689D4209D16B68C4E900531C60AF
:10D1E0006C6012E06A689A42F6D01B68002BF3D09C
:10D1F00094F90E2093F90E108A42F3D09142F1DD9A
:10D200005A68C4E9003214605C6038BD01211838E6
:10D21000FDF750BB10B50446FDF716FB04F11800EE
:10D22000BDE81040FEF7A8BA38B5054604680020EE
:10D23000AC4200D138BD002CFCD02046FFF7EAFFFD
:10D240002046FDF7CDFA2C680120A542F1E708B58C
:10D250000246FEF799F970B1D0E904319B1A61EBEF
:10D26000E272B3F1004F72F1000104DA002AACBFA0
:10D270001846002008BD6FF00040FBE708B5FEF738
:10D2800059FB08BDB3F1FF3F08BFB2F1FF3F70B5D6
:10D2900004461D46164613D01A4315D06FF00102FE
:10D2A0004FF0FF33921B63EB0501002904DAFEF710
:10D2B00041FB821941EB0501C4E90021204670BD04
:10D2C0004FF0FF321146F7E70022FBE7B3F1FF3FD3
:10D2D00008BFB2F1FF3FF8B5074616461C4610D00E
:10D2E00054EA020311D0FEF725FBB0420A46A141E1
:10D2F00003460AD2F31A64EB0204C7E90034384645
:10D30000F8BD4FF0FF331C46F7E70023FBE720B1E1
:10D31000011F50F8040CFEF7D7BB704710B400F1A2
:10D320000C04C0E903440024446110BCF3F73CBA88
:10D330000A44431E914200D1704710B511F8014BC9
:10D34000914203F8014FF9D110BD884210B501EBAD
:10D35000020402D98442234607D8431EA14208D0C2
:10D3600011F8012B03F8012FF8E7024401468A4225
:10D3700000D110BD13F8014D02F8014DF7E702444A
:10D380000346934200D1704703F8011BF9E70139C6
:10D39000024410B5904201D1002005E0037811F855
:10D3A000014FA34201D0181B10BD0130F2E7024625
:10D3B000014410B58A42134603D01C780132002C78
:10D3C000F8D1181A10BDF0B5C3F13707044603F0C1
:10D3D0001F031046FFB2082BE6B232D0102B3DD00F
:10D3E0006508A40845EAC17544EA81748A082D19C4
:10D3F00042EB5102290941EA02716D1842EB121207
:10D40000290A41EA02616D1842EB1222290C41EA15
:10D4100002416D1842EB1242AD1842F10002EC08D5
:10D4200044EA4274D10804EB8402A6EB4205EDB253
:10D43000092D0CD90134A5F10A0541F10001EDB225
:10D4400012E0E40806F0070544EA4174C9083035E3
:10D4500054EA010200F8015BBDD1F0BD240906F0D9
:10D460000F0544EA01740909092D84BFED19EDB2D5
:10D47000EDE700000148006870470000F812002046
:10D48000082DFF7F010000000000000018D50000FB
:10D49000819100000000000089BA00000000000037
:10D4A0000000000058D500000000000038D5000042
:10D4B00071CE0000000000000000000078D50000E0
:10D4C0009D570000000000001174000000000000E3
:10D4D000A92E0000000000000000000098D5000008
:10D4E00075CE000000000000CD9D0000000000008F
:10D4F00000000000B8D50000C536000000000000A4
:10D500000000000018D6000000000000F8D5000060
:10D5100000000000D8D50000E9F1000080DA00002A
:10D52000C8D80000C2010020201E00205554000071
:10D5300000000000000000008BF20000B0DA0000E4
:10D5400090D80000C4010020D41E0020E15B000040
:10D55000000000000000000097F20000C8DA0000A0
:10D5600090D80000C6010020E01E0020E15B000012
:10D57000000000000000000049F7000064DC00002B
:10D58000E4D80000CC010020801F0020657000005E
:10D59000000000000000000030DE00004C0300200E
:10D5A00058DA0000BE01002054130020B3C9000067
:10D5B000000000000000000020F60000E0DA00009B
:10D5C000B4D80000C80100203C000020155D000018
:10D5D000000000000000000089DF0000B8D9000052
:10D5E000E0D90000BC01002000000000750500002B
:10D5F000000000000000000084EE00005CDA000083
:10D6000000000000C0010020741300205535000008
:10D610000000000000000000EEF6000040DB00000B
:10D6200000000000CA0100209004002029690000C9
:10D63000000000000000000000000000B7C800006B
:10D6400000000000B7C8000000000000B7C80000DC
:10D6500000000000B7C8000000000000B7C80000CC
:10D66000FDCF000087CE000000000000B7C800001A
:10D6700000000000B7C8000078D5000009CE000007
:10D6800000000000B7C8000000000000B7C800009C
:10D6900000000000B7C8000000000000B7C800008C
:10D6A000D582000087CE000000000000B7C800004F
:10D6B00000000000B7C8000000000000B7C800006C
:10D6C00000000000B7C8000000000000B7C800005C
:10D6D00000000000B7C8000000000000B7C800004C
:10D6E000000000000972000000000000B7C8000040
:10D6F00000000000B7C8000000000000B7C800002C
:10D7000000000000B7C8000000000000B7C800001B
:10D7100000000000B7C8000000000000B7C800000B
:10D7200000000000B7C8000000000000B7C80000FB
:10D7300000000000B7C8000000000000B7C80000EB
:10D7400000000000B7C8000000000000B7C80000DB
:10D7500000000000B7C8000000000000B7C80000CB
:10D7600000000000B7C8000000000000B7C80000BB
:10D7700000000000B7C80000698A000087CE0000E2
:10D7800000000000B7C8000000000000B7C800009B
:10D7900000000000B7C8000000000000B7C800008B
:10D7A00000000000B7C8000000000000B7C800007B
:10D7B00000000000B7C8000000000000B7C800006B
:10D7C00000000000B7C8000000000000B7C800005B
:10D7D00000000000B7C8000000000000B7C800004B
:10D7E00000000000B7C80000B148000087CE00006C
:10D7F000698D000087CE000000000000B7C800005F
:10D8000000000000B7C8000000000000B7C800001A
:10D8100000000000B7C8000000000000B7C800000A
:10D8200000000000B7C8000000000000B7C80000FA
:10D8300000000000B7C8000000000000B7C80000EA
:10D8400000000000B7C8000000000000B7C80000DA
:10D8500000000000B7C8000000000000B7C80000CA
:10D8600070030020682300200004000061340000E1
:10D870000000000000000000000000000E0000009A
:10D8800000000000B6ED00000000000000000000F5
:10D89000E55900006FCB00007BCB00008FCB000070
:10D8A00099CB0000A3CB0000C5580000ED57000045
:10D8B0000000000015600000E3CB000035650000AB
:10D8C0009D5D00006D630000B954000069CB00004D
:10D8D00025CB000000000000815300000000000084
:10D8E00000000000C3CD0000B16F0000B5CD000006
:10D8F000DDDF00000300000015F20000030000005F
:10D9000079F70000030000002AF600000300000081
:10D91000B6ED000003000000F5F600000300000073
:10D920000BF70000030000007EEE00000300000083
:10D930000BDF0000040000005EEA000003000000AE
:10D940009CF1000003000000B7FA00000300000093
:10D9500045EB00000300000053F700000300000047
:10D9600041E4000003000000CCE2000003000000DE
:10D9700035ED0000030000004BF100000300000043
:10D9800072E400000300000092DF000004000000C9
:10D9900000000000490400000000000018D600004C
:08D9A00079350000F8D5000004
:10D9B0000338FDD870470000B8D50000CC00000047
:10D9C000F001002005000000040000009DDF0000C1
:10D9D0001E0000000A0000002C010000000E0800DC
:10D9E000010600000000000027C300000000000046
:10D9F00099C800001C000020140000200C0000202A
:10DA0000000000000400002099200000691F0000B1
:10DA1000BD1F0000312000000000002000000000B9
:10DA200006000100020000002CDA000000000000E7
:10DA30000CEB000006000000E0FF0F0000000020DB
:10DA400014EB000021000000E0FF0620C1300000C0
:10DA50008DC90000000000000000000018D6000082
:10DA600074DD000044000000061100007138000061
:10DA700000000000455300002D540000000000008D
:10DA8000E1550000ED540000F4F100004BCB000024
:10DA90005DCB0000FAF1000045CB000057CB000041
:10DAA00000F200003FCB000051CB00000AF2000062
:10DAB000FFFF00000028845000000000010000006B
:10DAC00000D0005000000000FFFFFFFF0025845041
:10DAD000000000000000000000D000500000000026
:10DAE000755E00000080025000000000FFFFFFFF95
:10DAF000FFFFFFFFFFFFFFFFFFFFFFFFFFFFFFFF36
:10DB000007000000010100000000002000000001EB
:10DB1000010000001CDB000001000000008002503A
:10DB200028DB00000100000030DB000004000000E2
:10DB30002F00000D2C00000F2D0000122E000011F0
:10DB400058DC000007110000881300008813000053
:10DB50006400000010270000204E0000320000008A
:10DB600001000000000000004F2300203E230020A1
:10DB70002D2300201C230020A522002020DC0000F3
:10DB800098DB00002C1F0020B5650000000000009D
:10DB9000000000000000000038D500000600010071
:10DBA00038D500000700010058D500001900010019
:10DBB00058D500001600010058D500001A000100D9
:10DBC00058D500001800010058D5000014000100CD
:10DBD00038D500000800010058D5000006000100FB
:10DBE00038D500000000010038D500000100010018
:10DBF00058D500000500010058D5000004000100C0
:10DC000038D500000B00010058D500001F000100AE
:10DC100058D500001E00010038D500000A000100A0
:10DC200038D500000400110038D5000005001100AF
:10DC300058D500001700110058D50000070011004A
:10DC400058D500001300110058D50000070011003E
:10DC500058D500000E00110031680000B1660000C8
:10DC60004567000000800050010000000000000037
:10DC700088DC00000000D601000000000000000069
:10DC800061230020602300200080005094DC00000D
:10DC9000010000009CDC00000400000014000000F3
:10DCA000130000021606000115060003080000001C
:10DCB000030000004CFA00005AFA00006EFA00005F
:10DCC0007DFA000089FA000088D4000088D40000A2
:10DCD000C8D40000D0D4000018D5000018D500002A
:10DCE0008FFB000000010000FF8FFFFFFF8FFFFF91
:10DCF000FE8FFFFFFE8FFFFFFD8FFFFFFC8FFFFFFB
:10DD0000FC8FFFFFFB8FFFFF6D757465785F667298
:10DD100065652063616C6C65642077697468204E6A
:10DD2000554C4C20706172616D6574657200000025
:10DD300043616E277420696E697469616C697A65E4
:10DD4000206D757465782C20776173204E554C4C8E
:10DD50000D0A0000436F756C64206E6F74206C6F49
:10DD6000636B20706F7765722073617665206D75C7
:10DD7000746578000000B700B800B900BA00000070
:10DD80000000000000000000A500A400A300710036
:10DD900000000000000001003B003C003D003E0090
:10DDA00000003F0040004100420043004400570093
:10DDB0005800D2004600770029000200030004004A
:10DDC000050006000700080009000A000B000C000F
:10DDD0000D000E006E00660068000F0010001100BC
:10DDE0001200130014001500160017001800190087
:10DDF0001A001B002B006F006B006D00200000005C
:10DE000030000100400002006000030080000400B8
:10DE1000C0000500000106008001070000020800A4
:10DE200004010001240120010200010000020001A0
:10DE30004849445F30004552524F523A2043616E88
:10DE40006E6F742066696E6420484944206465766C
:10DE50006963650A004552524F523A204661696C27
:10DE6000656420746F20696E697469616C697A6594
:10DE70002055534220484944202865727220256469
:10DE8000290A004552524F523A204661696C656436
:10DE900020746F20656E61626C65205553422028A6
:10DEA000657272202564290A00327832204B657928
:10DEB00070616420484944206170706C69636174CA
:10DEC000696F6E2072656164792E0A00050109068A
:10DED000A101050719E029E715002501750195083D
:10DEE00081027508950181037501950505081901E1
:10DEF0002905910275039501910375089506150092
:10DF000025650507190029658100C06D61696E00EE
:10DF100025633A2049325320636F6E6669677572D4
:10DF200065206661696C656420282564290A0025DE
:10DF3000633A2025733A20696E76616C69642063C8
:10DF40006F6C6F7572206D617070696E670A002565
:10DF5000633A20545820736C616220616C6C6F636B
:10DF6000206661696C656420282564290A002563A0
:10DF70003A206932735F7772697465206661696CF3
:10DF8000656420282564290A0077733238313240CD
:10DF900030007773323831325F6932730002010327
:10DFA0000004574553545F544F504449522F7A65EB
:10DFB000706879722F6C69622F686561702F68656F
:10DFC00061702E6300415353455254494F4E2046D1
:10DFD00041494C20402025733A25640A0063627051
:10DFE00072696E74665F7061636B6167650046613C
:10DFF000696C656420746F207265626F6F743A207B
:10E000007370696E6E696E6720656E646C6573739C
:10E010006C792E2E2E0A00574553545F544F5044AE
:10E0200049522F7A65706879722F6C69622F757406
:10E03000696C732F6F6E6F66662E6300574553547D
:10E040005F544F504449522F7A65706879722F6936
:10E050006E636C7564652F7A65706879722F737062
:10E06000696E6C6F636B2E6800574553545F544F55
:10E07000504449522F7A65706879722F6C69622F0B
:10E080007574696C732F6E6F746966792E630057AF
:10E090004553545F544F504449522F7A6570687904
:10E0A000722F7375627379732F7573622F6465763F
:10E0B0006963652F7573625F6465766963652E6356
:10E0C0000025633A20456E64706F696E7420307865
:10E0D0002530327820697320696E76616C69640A34
:10E0E0000025633A20456E64706F696E7420307845
:10E0F0002530327820616C726561647920646973BF
:10E1000061626C65640A0025633A204661696C654A
:10E110006420746F2064697361626C6520656E644D
:10E12000706F696E74203078253032780A0025636C
:10E130003A205365742068616C74206570203078D3
:10E14000253032780A0025633A20436C65617220DD
:10E1500068616C74206570203078253032780A0050
:10E1600025633A20456E64706F696E74203078259F
:10E1700030327820616C726561647920636F6E66FD
:10E180006967757265640A0025633A204661696CA7
:10E19000656420746F20636F6E66696775726520B1
:10E1A000656E64706F696E74203078253032780A3D
:10E1B0000025633A20456E64706F696E7420307874
:10E1C0002530327820616C726561647920656E61FA
:10E1D000626C65640A0025633A204661696C656477
:10E1E00020746F20656E61626C6520656E64706F6F
:10E1F000696E74203078253032780A0025633A2021
:10E200004661696C656420746F207772697465205B
:10E21000656E64706F696E742062756666657220E3
:10E220003078253032780A0025633A2052657175BE
:10E230006573742062756666657220746F6F2073F3
:10E240006D616C6C0A0025633A2055534220646569
:10E250007669636520737570706F727420616C727B
:10E260006561647920656E61626C65640A0025638E
:10E270003A204661696C656420746F20636F6E6636
:10E2800069677572652055534220646576696365D8
:10E2900020737461636B0A0025633A204572726FC4
:10E2A0006E656F7573206465766963652064657358
:10E2B00063726970746F72206F7220624D61785062
:10E2C00061636B657453697A65300A007573625FC8
:10E2D00064657669636500303132333435363738FA
:10E2E0003941424344454600574553545F544F50CB
:10E2F0004449522F7A65706879722F737562737909
:10E30000732F7573622F6465766963652F75736209
:10E310005F64657363726970746F722E6300256346
:10E320003A205468657265206973206E6F2075739A
:10E33000625F6366675F6461746120666F72202547
:10E34000700A0025633A20556E696E697469616CC4
:10E35000697A6564207573625F6366675F64617480
:10E360006120706F696E7465722C20636F727275B4
:10E3700070746564206465766963652064657363A1
:10E38000726970746F723F0A0025633A20466169B2
:10E390006C656420746F2076616C696461746520BB
:10E3A000656E64706F696E74730A0025633A207439
:10E3B0006865206E657720534E20646573637269CB
:10E3C00070746F7220646F65736E27742068617655
:10E3D00065207468652073616D65206C656E677477
:10E3E0006820617320434F4E4649475F5553425F53
:10E3F0004445564943455F534E0A0025633A204938
:10E400006E636F6D706C65746520646576696365B5
:10E410002064657363726970746F720A0025633AD1
:10E42000204661696C656420746F20666978757038
:10E43000205553422064657363726970746F720A69
:10E44000007573625F64657363726970746F7200E4
:10E4500025633A205472616E73666572206572722C
:10E460006F722025642C206570203078253032783A
:10E470000A007573625F7472616E73666572002A5A
:10E480002A2A20426F6F74696E67206E52462043BD
:10E490006F6E6E6563742053444B2076332E312E9D
:10E4A000302D366336653562333234393665202A8D
:10E4B0002A2A0A002A2A2A205573696E67205A657B
:10E4C00070687972204F532076342E312E39392DD1
:10E4D000313631323638336434303130202A2A2A0A
:10E4E0000A006D757465785F696E69742063616C8C
:10E4F0006C65642077697468204E554C4C207061BF
:10E5000072616D6574657200436F756C64206E6F27
:10E510007420616C6C6F63617465206D75746578CF
:10E52000206265666F726520696E697469616C69E5
:10E530007A696E670025633A2072302F61313A2084
:10E5400020307825303878202072312F61323A20FF
:10E5500020307825303878202072322F61333A20ED
:10E56000203078253038780A0025633A2072332F1E
:10E5700061343A2020307825303878207231322FBB
:10E5800069703A2020307825303878207231342F65
:10E590006C723A20203078253038780A0025633AAA
:10E5A0002020787073723A20203078253038780A2D
:10E5B0000025633A204661756C74696E6720696E48
:10E5C000737472756374696F6E20616464726573CD
:10E5D0007320287231352F7063293A203078253026
:10E5E00038780A0025633A20556E68616E646C6560
:10E5F00064204952516E3A2025640A0025633A206E
:10E600002A2A2A2A2A205553414745204641554C5B
:10E6100054202A2A2A2A2A0A0025633A2020204444
:10E6200069766973696F6E206279207A65726F0A04
:10E630000025633A202020556E616C69676E656421
:10E64000206D656D6F7279206163636573730A0075
:10E6500025633A202020537461636B206F766572C6
:10E66000666C6F772028636F6E74657874206172B2
:10E670006561206E6F742076616C6964290A0025DB
:10E68000633A2020204E6F20636F70726F63657352
:10E69000736F7220696E737472756374696F6E73D1
:10E6A0000A0025633A202020496C6C6567616C2064
:10E6B0006C6F6164206F66204558435F5245545526
:10E6C000524E20696E746F2050430A0025633A2031
:10E6D0002020496C6C6567616C20757365206F66DE
:10E6E0002074686520455053520A0025633A202063
:10E6F00020417474656D707420746F206578656353
:10E7000075746520756E646566696E656420696EF2
:10E71000737472756374696F6E0A0025633A202AF8
:10E720002A2A2A2A20425553204641554C54202A51
:10E730002A2A2A2A0A0025633A202020537461637A
:10E740006B696E67206572726F720A0025633A20EA
:10E750002020556E737461636B696E6720657272F9
:10E760006F720A0025633A20202050726563697336
:10E7700065206461746120627573206572726F72C6
:10E780000A0025633A202020424641522041646419
:10E79000726573733A20307825780A0025633A2031
:10E7A0002020496D707265636973652064617461CE
:10E7B00020627573206572726F720A0025633A20B9
:10E7C0002020496E737472756374696F6E20627570
:10E7D00073206572726F720A0025633A202020460A
:10E7E0006C6F6174696E672D706F696E74206C61F7
:10E7F0007A792073746174652070726573657276BE
:10E800006174696F6E206572726F720A0025633AD7
:10E81000202A2A2A2A2A204D5055204641554C5458
:10E82000202A2A2A2A2A0A0025633A202020537403
:10E8300061636B696E67206572726F722028636F07
:10E840006E746578742061726561206D69676874A3
:10E85000206265206E6F742076616C6964290A00FD
:10E8600025633A202020446174612041636365730D
:10E87000732056696F6C6174696F6E0A0025633A84
:10E880002020204D4D4641522041646472657373CF
:10E890003A20307825780A0025633A202020496EF6
:10E8A000737472756374696F6E204163636573730B
:10E8B0002056696F6C6174696F6E0A005745535436
:10E8C0005F544F504449522F7A65706879722F61B6
:10E8D0007263682F61726D2F636F72652F636F7241
:10E8E0007465785F6D2F6661756C742E6300526578
:10E8F00073657276656420457863657074696F6EC0
:10E9000020280053707572696F757320696E746585
:10E9100072727570742028495251200025633A2084
:10E92000535053454C20696E2074687265616420B1
:10E930006D6F646520646F6573206E6F7420696EFF
:10E94000646963617465205053500A0025633A205E
:10E950002A2A2A2A2A2048415244204641554C540A
:10E96000202A2A2A2A2A0A0025633A2020204275D2
:10E9700073206661756C74206F6E20766563746FAA
:10E9800072207461626C6520726561640A0025639F
:10E990003A2020204465627567206576656E740AAA
:10E9A0000025633A2020204661756C7420657363EE
:10E9B000616C6174696F6E20287365652062656C97
:10E9C0006F77290A0025633A20415243485F455832
:10E9D00043455054207769746820726561736F6E87
:10E9E0002025780A0A0025633A202A2A2A2A2A2082
:10E9F0004465627567206D6F6E69746F722065780B
:10EA000063657074696F6E202A2A2A2A2A0A0025F3
:10EA1000633A202A2A2A2A2A2025732025642920BD
:10EA20002A2A2A2A2A0A00574553545F544F504431
:10EA300049522F7A65706879722F617263682F610D
:10EA4000726D2F636F72652F636F727465785F6D7F
:10EA50002F6972715F6D616E6167652E63006D7005
:10EA6000750025633A204661696C656420746F20E7
:10EA7000616C6C6F63617465206E6577204D5055D5
:10EA800020726567696F6E2025750A0A0025633A52
:10EA900020506172746974696F6E2025753A207315
:10EAA000616E69747920636865636B206661696C67
:10EAB00065642E0A0025633A20496E76616C6964AC
:10EAC00020756E6465726C79696E6720726567691E
:10EAD0006F6E20696E6465782025750A005745536E
:10EAE000545F544F504449522F7A65706879722FA1
:10EAF000617263682F61726D2F636F72652F6D7025
:10EB0000752F61726D5F6D70752E6300464C4153B9
:10EB1000485F30005352414D5F3000574553545FBA
:10EB2000544F504449522F7A65706879722F736F31
:10EB3000632F6E6F726469632F6E726635332F7345
:10EB40006F632E6300736F6300574553545F544FD8
:10EB5000504449522F6D6F64756C65732F68616CFA
:10EB60002F6E6F726469632F6E7266782F68616CA6
:10EB70002F6E72665F6770696F2E6800000000017B
:10EB800021200B0A25633A20446576696365206479
:10EB9000617461206E6F7420666F756E6420666F9D
:10EBA0007220696E746572666163652025750A005E
:10EBB00025633A207756616C75652073686F756CB4
:10EBC0006420626520300A0025633A20556E686132
:10EBD0006E646C656420726571756573742030783D
:10EBE000253032780A0025633A20556E73757070AF
:10EBF0006F727465642070726F746F636F6C3A200B
:10EC000025750A0025633A204465766963652064AA
:10EC1000617461206E6F7420666F756E6420666F1C
:10EC20007220656E64706F696E742025750A002508
:10EC3000633A204465766963652064617461206E7F
:10EC40006F7420666F756E6420666F7220636667EE
:10EC50002025700A0025633A2044657669636520A3
:10EC60006572726F720A0025633A204465766963A3
:10EC7000652072657365742064657465637465648A
:10EC80000A0025633A2044657669636520636F6EE8
:10EC90006E65637465640A0025633A20446576698D
:10ECA000636520636F6E666967757265640A002527
:10ECB000633A2044657669636520646973636F6EA7
:10ECC0006E65637465640A0025633A20446576695D
:10ECD00063652073757370656E6465640A002563EF
:10ECE0003A2044657669636520726573756D656465
:10ECF0000A0025633A2066726F6D20737573706524
:10ED00006E640A0025633A20556E6B6E6F776E2035
:10ED10006576656E740A0025633A204465766963FA
:10ED200065206973206E6F7420636F6E6669677506
:10ED30007265640A007573625F6869640025633AEE
:10ED4000206B5F6D7367715F676574206572726FAA
:10ED5000723A2025640A00574553545F544F50447B
:10ED600049522F7A65706879722F7375627379735F
:10ED70002F696E7075742F696E7075742E6300251F
:10ED8000633A204576656E742064726F70706564B6
:10ED90002C2071756575652066756C6C2C206E6F06
:10EDA0007420626C6F636B696E6720696E20737983
:10EDB0007377712E0A00696E7075740000291E1F2A
:10EDC00020212223242526272D2E2A2B141A08152C
:10EDD000171C180C12132F302800041607090A0BF1
:10EDE0000D0E0F33343500311D1B06190511103679
:10EDF00037380055002C393A3B3C3D3E3F404142BC
:10EE00004353475F6061565C5D5E57595A5B6200D1
:10EE10000000004445000000000000005800544677
:10EE200000004A524B504F4D514E494C00000000DB
:10EE30000000004825633A20696E7075742064658F
:10EE400076696365206E6F742072656164790A006B
:10EE500025633A206B65796D6170206576656E7407
:10EE6000206F7574206F662072616E67653A20723C
:10EE70006F773D257520636F6C3D25750A00696EBF
:10EE80007075745F6B65796D617000757362645F36
:10EE9000776F726B7100574553545F544F5044491C
:10EEA000522F7A65706879722F6472697665727311
:10EEB0002F7573622F6465766963652F7573625F62
:10EEC00064635F6E7266782E630025633A20555343
:10EED0004244206576656E7420616C6C6F6361746A
:10EEE000696F6E206661696C6564210A0025633A6A
:10EEF0002055534244206576656E74206D656D6FB4
:10EF0000727920636F727275707465640A0025638C
:10EF10003A20556E6B6E6F776E2055534220706F9E
:10EF2000776572206576656E742025640A00256316
:10EF30003A20556E65787065637465642065766502
:10EF40006E7420286E7266785F75736264293A2049
:10EF500025642C206570203078253032780A002511
:10EF6000633A205F65705F7374617475735F676582
:10EF700074206661696C65642120436F64653A2082
:10EF800025640A0025633A206E6F742061747461F1
:10EF9000636865642C204550203078253032782015
:10EFA0006576656E742064726F707065640A002502
:10EFB000633A206E52462055534244207472616E6B
:10EFC00073666572206572726F7220284F555429DE
:10EFD0003A203078253032780A0025633A2046619D
:10EFE000696C656420746F20616C6C6F632065765A
:10EFF000740A0025633A2055534244206576656EB5
:10F00000742071756575652066756C6C210A002524
:10F01000633A20556E6B6E6F776E205553424420D5
:10F020006576656E743A202568640A0025633A2087
:10F03000696E76616C696420656E64706F696E7468
:10F0400020636F6E66696775726174696F6E0A001E
:10F0500025633A20696E76616C696420656E647020
:10F060006F696E7420696E6465782F61646472657F
:10F0700073730A0025633A20696E76616C696420B7
:10F08000656E64706F696E7420747970650A00250E
:10F09000633A2069736F20656E64706F696E7420C7
:10F0A00063616E206F6E6C792062652069736F0AF0
:10F0B0000025633A204550206D6178207061636BB4
:10F0C00065742073697A65206D757374206265209C
:10F0D0006120706F776572206F6620320A002563A9
:10F0E0003A205354414C4C20756E737570706F729A
:10F0F000746564206F6E2049534F20656E64706F95
:10F10000696E740A0025633A20456E64706F696EFB
:10F110007420307825303278206973206E6F742027
:10F12000656E61626C65640A0025633A206E524622
:10F130002055534244207772697465206572726F5E
:10F14000723A2025640A00010002037573625F6E43
:10F1500072667800574553545F544F504449522FBC
:10F160007A65706879722F647269766572732F752B
:10F1700073622F636F6D6D6F6E2F6E72665F757346
:10F1800062645F636F6D6D6F6E2F6E72665F757315
:10F1900062645F636F6D6D6F6E2E63006E72665F8B
:10F1A000757362645F636F6D6D6F6E005745535486
:10F1B0005F544F504449522F7A65706879722F64BA
:10F1C0007269766572732F636C6F636B5F636F6ECA
:10F1D00074726F6C2F636C6F636B5F636F6E7472AE
:10F1E0006F6C5F6E72662E6300636C6F636B40358D
:10F1F000303030006866636C6B006C66636C6B006B
:10F200006866636C6B3139326D006866636C6B6184
:10F210007564696F00636C6F636B5F636F6E7472AC
:10F220006F6C00574553545F544F504449522F7AE6
:10F2300065706879722F696E636C7564652F7A6585
:10F24000706879722F647269766572732F6770695E
:10F250006F2F6770696F5F7574696C732E680057E4
:10F260004553545F544F504449522F7A6570687922
:10F27000722F647269766572732F6770696F2F677A
:10F2800070696F5F6E7266782E63006770696F4099
:10F29000383432383030006770696F403834323576
:10F2A00030300025633A204661696C656420746FD4
:10F2B00020616C6C6F63617465206E657874205298
:10F2C00058206275666665723A2025640A002563D7
:10F2D0003A204E6F20545820627566666572206130
:10F2E0007661696C61626C650A0025633A2046614B
:10F2F000696C656420746F20737461727420493284
:10F3000053207472616E736665723A2030782530CE
:10F3100038780A00574553545F544F504449522F90
:10F320007A65706879722F647269766572732F6975
:10F3300032732F6932735F6E7266782E63002563B5
:10F340003A2043616E6E6F7420777269746520692C
:10F350006E2073746174653A2025640A0025633A4F
:10F360002054686973206465766963652063616E03
:10F37000206F6E6C7920777269746520626C6F63A0
:10F380006B7320757020746F202575206279746509
:10F39000730A0025633A2043616E6E6F74207265B4
:10F3A0006163717569726520717565756564206248
:10F3B00075666665720A0025633A204E657874208A
:10F3C00062756666657273206E6F742073757070F7
:10F3D0006C696564206F6E2074696D650A00256331
:10F3E0003A204E6F20726F6F6D20696E2052582048
:10F3F00071756575650A0025633A2043616E6E6F0D
:10F400007420636F6E66696775726520696E20731C
:10F41000746174653A2025640A0025633A205468B3
:10F420006973206465766963652063616E20747218
:10F43000616E73666572206F6E6C792066756C6C98
:10F440002033322D62697420776F7264730A00254D
:10F45000633A20556E737570706F727465642077AF
:10F460006F72642073697A653A2025750A002563F6
:10F470003A20556E737570706F72746564206461A4
:10F48000746120666F726D61743A20307825303275
:10F49000780A0025633A20556E737570706F727428
:10F4A00065642073747265616D20666F726D61743E
:10F4B0003A203078253032780A0025633A20556E9C
:10F4C000737570706F72746564206E756D626572AD
:10F4D000206F66206368616E6E656C733A202575D7
:10F4E0000A0025633A20556E737570706F727465EB
:10F4F00064206F7065726174696F6E206D6F6465F2
:10F500003A203078253032780A0025633A20493293
:10F5100053204D434B206672657175656E63793A71
:10F520002025752C2061637475616C2050434D203B
:10F53000726174653A2025750A0025633A20556E7C
:10F54000737570706F72746564206F7074696F6E1C
:10F55000733A203078253032780A0025633A2054F7
:10F560005820616E6420525820636F6E666967751B
:10F57000726174696F6E732061726520646966667A
:10F580006572656E740A0025633A20496E76616C77
:10F59000696420747269676765723A2025640A009D
:10F5A00025633A20496E617070726F707269617480
:10F5B000652074726967676572202825642F256449
:10F5C000292C206163746976652073747265616D9E
:10F5D0002873293A2025640A0025633A2046616988
:10F5E0006C656420746F20696E697469616C697AF6
:10F5F00065204932533A203078253038780A002582
:10F60000633A204661696C656420746F207265718D
:10F610007565737420636C6F636B3A2025640A0010
:10F62000693273403238303030006932735F6E7245
:10F63000667800574553545F544F504449522F7ACF
:10F6400065706879722F696E636C7564652F7A6571
:10F65000706879722F647269766572732F6770694A
:10F660006F2E680025633A2050696E20256420695A
:10F670006E7465727275707420636F6E66696775FB
:10F68000726174696F6E206661696C65643A2025E9
:10F69000640A0025633A202573206973206E6F7415
:10F6A0002072656164790A0025633A2050696E20F2
:10F6B000256420636F6E66696775726174696F6E29
:10F6C000206661696C65643A2025640A0025633A06
:10F6D00020436F756C64206E6F74207365742067AF
:10F6E00070696F2063616C6C6261636B0A006B65AB
:10F6F0007970616400696E7075745F6770696F5FBF
:10F700006B62645F6D617472697800696E707574A4
:10F710005F6B62645F6D617472697800000102035F
:10F72000040506070B25633A204661696C65642071
:10F73000746F20616C6C6F63617465205050492058
:10F740004368616E6E656C0A007561727440383092
:10F75000303000756172745F6E7266785F756172C9
:10F7600074650025633A20526573657474696E6729
:10F770002073797374656D0A00666174616C5F65EE
:10F7800072726F72000000000101010000010000B0
:10F7900000574553545F544F504449522F6D6F6486
:10F7A000756C65732F68616C2F6E6F726469632F5F
:10F7B0006E7266782F68616C2F6E72665F6470700F
:10F7C000692E6800574553545F544F504449522F97
:10F7D0006D6F64756C65732F68616C2F6E6F7264EA
:10F7E00069632F6E7266782F68656C706572732F0F
:10F7F0006E7266785F677070695F647070692E639F
:10F8000000574553545F544F504449522F6D6F6415
:10F81000756C65732F68616C2F6E6F726469632FEE
:10F820006E7266782F647269766572732F73726375
:10F830002F6E7266785F636C6F636B2E63000C04CF
:10F84000241C574553545F544F504449522F6D6FF9
:10F8500064756C65732F68616C2F6E6F7264696379
:10F860002F6E7266782F68616C2F6E72665F67709C
:10F87000696F74652E6800574553545F544F504468
:10F8800049522F6D6F64756C65732F68616C2F6EB4
:10F890006F726469632F6E7266782F647269766521
:10F8A00072732F7372632F6E7266785F6770696F01
:10F8B00074652E630000203030303030303030300E
:10F8C00030303030300001574553545F544F50446E
:10F8D00049522F6D6F64756C65732F68616C2F6E64
:10F8E0006F726469632F6E7266782F6472697665D1
:10F8F00072732F7372632F6E7266785F6932732E24
:10F900006300574553545F544F504449522F6D6F15
:10F9100064756C65732F68616C2F6E6F72646963B8
:10F920002F6E7266782F647269766572732F7372A8
:10F93000632F6E7266785F706F7765722E63000159
:10F94000000000574553545F544F504449522F6DA7
:10F950006F64756C65732F68616C2F6E6F7264696C
:10F96000632F6E7266782F647269766572732F7377
:10F9700072632F6E7266785F7573627265672E634D
:10F9800000574553545F544F504449522F7A657085
:10F990006879722F6B65726E656C2F64657669632A
:10F9A000652E6300556E6B6E6F776E206572726F99
:10F9B0007200756E6B6E6F776E0025633A203E3E67
:10F9C0003E205A455048595220464154414C20450A
:10F9D00052524F522025643A202573206F6E2043E7
:10F9E00050552025640A0025633A204661756C74E1
:10F9F00020647572696E6720696E746572727570C5
:10FA0000742068616E646C696E670A0A0025633A47
:10FA10002043757272656E74207468726561643A11
:10FA200020257020282573290A00574553545F5418
:10FA30004F504449522F7A65706879722F6B657206
:10FA40006E656C2F666174616C2E630043505520A7
:10FA5000657863657074696F6E00556E68616E6479
:10FA60006C656420696E746572727570740053748D
:10FA700061636B206F766572666C6F77004B6572A1
:10FA80006E656C206F6F7073004B65726E656C20D5
:10FA900070616E696300574553545F544F50444939
:10FAA000522F7A65706879722F6B65726E656C2F54
:10FAB000696E69742E63006F7300574553545F5429
:10FAC0004F504449522F7A65706879722F6B657276
:10FAD0006E656C2F6D656D5F736C61622E63005790
:10FAE0004553545F544F504449522F7A657068799A
:10FAF000722F6B65726E656C2F696E636C756465D1
:10FB00002F6B73636865642E6800574553545F54C8
:10FB10004F504449522F7A65706879722F6B657225
:10FB20006E656C2F69646C652E6300574553545F96
:10FB3000544F504449522F7A65706879722F6B6523
:10FB4000726E656C2F6D73675F712E63005745533E
:10FB5000545F544F504449522F7A65706879722F20
:10FB60006B65726E656C2F6D757465782E630057CA
:10FB70004553545F544F504449522F7A6570687909
:10FB8000722F6B65726E656C2F73656D2E630073DB
:10FB90007973776F726B7100574553545F544F50B0
:10FBA0004449522F7A65706879722F6B65726E6561
:10FBB0006C2F776F726B2E6300574553545F544F11
:10FBC000504449522F7A65706879722F6B65726E56
:10FBD000656C2F7468726561642E630057455354D9
:10FBE0005F544F504449522F7A65706879722F6B79
:10FBF00065726E656C2F73636865642E630057458C
:10FC000053545F544F504449522F7A65706879724B
:10FC10002F6B65726E656C2F696E636C7564652FF2
:10FC20006B7468726561642E6800574553545F5465
:10FC30004F504449522F7A65706879722F6B657204
:10FC40006E656C2F74696D65736C6963696E672E80
:10FC50006300574553545F544F504449522F7A65BF
:10FC6000706879722F6B65726E656C2F74696D6543
:10FC70006F75742E6300574553545F544F50444979
:10FC8000522F7A65706879722F6B65726E656C2F72
:10FC90006D656D706F6F6C2E6300574553545F54E4
:10FCA0004F504449522F7A65706879722F6B657294
:10FCB0006E656C2F6B686561702E6300286E756CC5
:10FCC0006C29002A666C6F61742A0000D5C600009A
:10FCD000240200203A000000380200203A00000010
:10FCE000100200203A0000004C0200203A00000000
:10FCF0000000000083C900000000000000000000B8
:10FD0000D132000080000000000000000000000070
:10FD100000000000000000000000000000000000E3
:10FD200000000000000000000000000000000000D3
:10FD300000000000000000000000000000000000C3
:10FD400000000000000000000000000000000000B3
:10FD500000000000000000000000000000000000A3
:10FD60000000000000000000000000000000000093
:10FD70000000000000000000000000000000000083
:10FD80000000000000000000000000000000000073
:10FD90000000000000000000000000000000000063
:10FDA0000000000000000000000000000000000053
:10FDB0000000000000000000000000000000000043
:10FDC0000000000000000000000000000000000033
:10FDD0000000000000000000000000000000000023
:10FDE000000000000000000000000000E4DA000055
:10FDF0000000000001000000000000000090D0039F
:10FE00000070015000000000FFFFFFFF3F000000F6
:10FE1000FFFFFFFF3F000000FF0000009002000016
:10FE200054010020540100200000000085BB0000A8
:10FE3000A001002098010020900100200000000097
:10FE400088010020B1BC0000FDBB000031BC0000F7
:10FE500079BC0000A82000203A00003AAC20002025
:10FE60003A00003AB02000203A00003AB4200020C6
:10FE70003A00003AB0010020740100206C0100201B
:10FE80006801002064010020000000000000000064
:10FE9000000000000000000000000000D001002071
:10FEA000D001002000000000003F00200000000002
:10FEB000200000001400000000000000F0010020FD
:10FEC000F001002000000000A83C0020000000001D
:10FED00002000000CC000000000000001002002022
:10FEE0001002002000000000000000000E000000D2
:10FEF0002402002024020020000000000000000076
:10FF00000E0000003802002038020020000000002F
:10FF1000000000000E0000004C0200204C020020F7
:10FF200000000000000000000E0000006002002041
:10FF30006002002000000000000000000E00000031
:10FF40007402002074020020000000000C00000079
:10FF500010000000403E0020003F0020403E0020F6
:10FF6000403E00200000000000000000A002002031
:10FF7000A0020020010000000100000000000000BD
:10FF80000000000000000000BC020020BC020020B5
:10FF90001201000200000040E22F040001040102EF
:10FFA000030109020000000100E032090400000121
:10FFB0000301000009211101000122000007058052
:10FFC00003100009040309040E035A65706879726E
:10FFD0000000000000001E03327832204B6579706B
:10FFE0006164204849440000000000000000000057
:10FFF00000000000220330313233343536373839CF
:020000040001F9
:10000000414243444546000000000000000000005B
:10001000000000000000000000000000DF020020DF
:10002000AFC9000011330000F531000000000000EE
:1000300065310000010000003400002015E015E0EB
:00000001FF
