:10000000A8380020C1260000A9C80000AD260000C5
:10001000AD260000AD260000AD260000AD26000094
:100020000000000000000000000000001D2800008B
:10003000AD26000000000000BD270000AD26000036
:10004000CD290000CD290000CD290000CD290000D8
:10005000CD290000CD290000CD290000CD290000C8
:10006000CD290000CD290000CD290000CD290000B8
:10007000CD290000CD290000CD290000CD290000A8
:10008000CD290000CD290000CD290000CD29000098
:10009000CD290000CD290000CD290000CD29000088
:1000A000CD290000CD290000CD290000CD29000078
:1000B000CD290000CD290000CD290000CD29000068
:1000C000CD290000CD290000CD290000CD29000058
:1000D000CD290000CD290000CD290000CD29000048
:1000E000CD290000CD290000CD290000CD29000038
:1000F000CD290000CD290000CD290000CD29000028
:10010000CD290000CD290000CD290000CD29000017
:10011000CD290000CD290000CD290000CD29000007
:10012000CD290000CD290000CD290000CD290000F7
:10013000CD290000CD290000CD290000CD290000E7
:10014000CD290000CD290000CD290000CD290000D7
:04015000CD290000B5
:1001540053B94AB9002908BF00281CBF4FF0FF312A
:100164004FF0FF3000F00CB8ADF1080C6DE904CE8F
:1001740000F01AF8DDF804E0DDE9022304B070476A
:10018400704700BF10F8012B11F8013B012A28BF6A
:100194009A42F7D0D01A7047034613F8012B002A6D
:1001A400FBD1181A013870472DE9F04786468C4672
:1001B4000846089E154674461946002B40F0C18037
:1001C4008542B2FA82F245D94AB1C2F1200300FA5B
:1001D40002FC954094402EFA03F343EA0C0C4FEAD8
:1001E400154EA8B2230CBCFBFEF80EFB18CC08FB82
:1001F40000F943EA0C43994528D9EB1808F1FF3775
:1002040004D2994502D9A8F102072B44A3EB0903B0
:10021400A4B2B3FBFEFC0EFB1C330CFB00F044EA5F
:100224000344A04214D92C190CF1FF3304D2A04288
:1002340002D9ACF102032C44241A43EA07401EB14C
:10024400D440002334607360BDE8F0874746DDE79F
:100254006346F1E792BB431B01214FEA154EAFB24F
:10026400200CB3FBFEFC0EFB1C330CFB07F840EA2E
:100274000343984561D9EB180CF1FF3004D298453B
:1002840002D9ACF102002B44A3EB0803A4B2B3FBE4
:10029400FEFC0EFB1C330CFB07F744EA0344A742A5
:1002A4004DD92C190CF1FF3304D2A74202D9ACF179
:1002B40002032C44E41B43EA0040C0E7C2F12003DC
:1002C4009540944020FA03F12EFA03F34FEA154EB9
:1002D4009040AFB20343B1FBFEFC0EFB1C10190CA3
:1002E4000CFB07F841EA0041884522D969180CF152
:1002F400FF3004D2884502D9ACF102002944A1EBB5
:1003040008019BB2B1FBFEFC0EFB1C110CFB07F7B2
:1003140043EA01439F420ED9EB180CF1FF3104D29A
:100324009F4202D9ACF102012B44DB1B41EA00419C
:1003340093E76046E3E76146F7E76046A4E7634670
:10034400B8E7834206D916B9002108467CE7C6E916
:1003540000E0F9E7B3FA83F78FB9834201D372451A
:1003640008D8BEEB020460EB030301209C461EB9CF
:10037400002169E73846FAE7C6E9004CF8E7C7F117
:10038400200CBB400EFA07F522FA0CF42EFA0CF1FD
:10039400BA401C4320FA0CF3B8404FEA1449014315
:1003A4001FFA84FEB3FBF9F809FB18300B0C08FBA9
:1003B4000EFA43EA00439A4540D9E31808F1FF30A6
:1003C40004D29A4502D9A8F102002344A3EB0A03FC
:1003D40089B2B3FBF9F809FB183308FB0EFE41EAB6
:1003E40003418E452CD9611808F1FF3304D28E45A0
:1003F40002D9A8F10203214443EA0040A1EB0E0113
:10040400A0FB02984145CE46434602D306D14D4552
:1004140004D20138B9EB020E68EB0403002EA7D016
:10042400B5EB0E0261EB030101FA0CFC22FA07F3AF
:10043400F9404CEA0303C6E9003199E74046C5E7B1
:100444004346D9E72DE9F0414379012B4FD1C588C3
:100454008468284603F070F8074628460CF0B3FA7F
:10046400002F44DB234D00212B68CCB9224EFAB275
:1004740030469C420FD016F8011B914204F1010151
:1004840031D15E1E321B0144B44288BF0022204495
:100494000CF059FF2E600022184B1A705A700BE0B2
:1004A400052B98BF5C1C154A9CBF2C60124C117024
:1004B40098BFE7545170C0B900232868104A0E4C05
:1004C400984294BF0021E15C0133062B02F8011F1E
:1004D400F6D10C4808F088FCBDE8F041002308225E
:1004E400064902F0A5BF0C46C3E71070E4E7BDE877
:1004F400F08100BF080C00207C2200208222002012
:100504008322002030DE000010B5134808F06CFC94
:10051400044618B911480CF0DDF810BD1049002349
:100524003F2202F06FFF20460CF043FA014618B157
:100534000C480CF0CFF8F0E701F0CCF9014608B113
:100544000948F6E709480CF0C5F84FF0FF314FF0C1
:10055400FF300AF00FFDF8E730DE000036DE000061
:10056400C8DE000055DE000083DE0000A9DE0000C6
:1005740070B586B045680646122200210DF10600CA
:100584000CF0FBFEEA691A4BB3FBF2F31022029360
:10059400AB688DF8042003936B68022204934FF434
:1005A4007A738DF8052005932868836801211B68F8
:1005B40001AA9847041E06DB0023297BDAB2914284
:1005C40009D8002404E0224645210A480CF027F902
:1005D400204606B070BD6A69D25C0133042AEDD9A5
:1005E4004521326804480CF01AF96FF01504EFE75E
:1005F40040420F000CDF00002BDF00002DE9F34721
:1006040045680C46164600234FF4A022A86801A9A9
:1006140095F8247095F8258095F8269008F0CEFD7D
:10062400021EC7F1000709DA45213F480CF0F7F82C
:100634006FF00B04204602B0BDE8F0872146019814
:1006440006EB860640F8047B26448E424BD10023F9
:10065400298B9AB2914248D828686A6883680199BC
:10066400DB689847041E44DA0199A86808F018FE6C
:10067400224645212D480CF0D2F8DBE76B699B5CE0
:10068400042B29D8DFE803F02403202226000A786B
:100694004FF0080C4FF0800E002312EA0E0F0CBF2F
:1006A400CA46C246BCF1010C4AEA03134FEA5E0E85
:1006B400F3D187EA334340F8043B01342B7BE2B2A5
:1006C4009342DBD80531C0E74A78E1E78A78DFE76F
:1006D400CA78DDE70A79DBE70199A86808F0E0FD4C
:1006E4006FF01504A6E70024E8E740F8237001330F
:1006F400AEE728688368002201211B699847041E1D
:1007040098DB28688368022201211B699847041E2C
:1007140090DBD5E907206B689B0802FB03000AF015
:1007240065FC002486E700BF4BDF00006ADF0000A1
:1007340070B589B30668012230460BF02DFE0146E0
:10074400044630460BF0F0FDC30708D41349AF222A
:1007540013480BF0D5FFAF2110480BF0C8FF21461A
:1007640030460BF0F7FD25182946002230460BF0E1
:10077400DBFD2D1AAC4206D00849B72208480BF01D
:10078400BFFFB721E8E7214630460BF0E9FD2146DB
:10079400BDE870400BF025BF70BD00BF9EDF0000B8
:1007A400C1DF0000B2F5802F2DE9F0410CD2042AFC
:1007B40020D83D494FF407723C480BF0A1FF4FF499
:1007C400077139480BF093FF0823D21ACC1D11444A
:1007D40024F0070421F00701091B17294FEAD10669
:1007E4000AD8314940F2252230480BF089FF40F203
:1007F4002521E6E70423E8E7002704603146304674
:10080400A660E7600BF0DBFD0121421D8046304607
:100814000BF0CCFD9200D51DED082844B0423AD827
:10082400B8F1FF3F3946A2F1100204F11000B8BF3D
:100834003A460CF0A2FD2A46394620460BF0A8FDA4
:100844003B463A46394620460BF079FDA6EB0508AF
:100854002046394601220BF083FD424629460BF01F
:1008640097FD2B463A46294620460BF068FD314653
:1008740020460BF08DFD43463A46314620460BF0A8
:100884005EFD3146204601220BF06AFD2946BDE893
:10089400F0410BF064BE044940F23A2203480BF0E5
:1008A4002FFF40F23A218CE79EDF0000C1DF0000F9
:1008B400014B1B68184700BF00000020014B186063
:1008C400704700BF0000002030B585B004460D46D7
:1008D4001022002168460CF050FD02238DF80230EE
:1008E400044B2A462146684601930BF0BFFA05B033
:1008F40030BD00BFB508000080B505460E4617465A
:1009040098460AF0D7FB03460CF0B2FD0446DFF824
:100914001890424649F8003039463046A84754F802
:10092400090001F033FF00BF08000000044608B5C9
:10093400EFF31183202383F31288BFF36F8F06F044
:10094400D5FD204602F0FAFB02480BF0C3FE0BF083
:10095400BFFFFCE7EADF00002DE9F84F0446A38B54
:1009640008461907164612D4022803F0070162D17B
:1009740020460BF0EDFE88B10138042800F22581F1
:10098400DFE810F0590023017E00C800F5000128BB
:100994000CBF43F0100143F02001A18304F11400C3
:1009A4000AF0B6FD002800F0AB8086F31188BFF38F
:1009B4006F8FBDE8F88F03F00702501F01281ED87F
:1009C4000020062A2768C4E9000014D13A4603E04F
:1009D400E08B0130E0831268002AF9D123F0070389
:1009E40043F002022046A2830BF0B2FE90B342F021
:1009F4002002A2832EE023F007039AB2F2E7042A2E
:100A040033D123F007039AB22046A2830BF0A0FE51
:100A140010B142F02002A283A38B03F00709894599
:100A240040F0DC80A18BCA0640F1218121F0100343
:100A3400A38301F00701D4F81880A38BB8F1000F49
:100A4400B9DA0022276823F00703C4E9002243F03F
:100A54000103A383A38B03F00709894540F0BF80FA
:100A6400002FDFD00025AA4640E0854940F21B1242
:100A740084480BF045FE40F21B1181480BF037FE11
:100A840041B17F494FF4AB727E480BF039FE4FF40D
:100A9400AB71F2E7236843B9794940F257127948B8
:100AA4000BF02EFE40F25711E7E723691D6845B9A4
:100AB40073494FF4AD7273480BF022FE4FF4AD71DD
:100AC400DBE70F4688464FF00609A38B23F00703A4
:100AD40043F006039BB2A383A268002A40F08180FE
:100AE400002F40F08180002D9CD0BA4643F00803CB
:100AF40004F1140B5846A3830AF00AFD002875D1AB
:100B0400614940F231125F480BF0FAFD40F23111B5
:100B14005D48B3E7022908D0594940F25D125948AB
:100B24000BF0EEFD40F25D11A7E7E78B47B15449A6
:100B34004FF4AF7253480BF0E3FD4FF4AF719CE7F1
:100B440023695D6845B94E4940F261124D480BF086
:100B5400D7FD40F2611190E7A38BB84623F0070359
:100B640043F004039BB24FF00409A383B4E70129C3
:100B740008D043494FF4B27242480BF0C1FD4FF420
:100B8400B2717AE7236843B93D4940F265123D48A2
:100B94000BF0B6FD40F265116FE723699D6845B916
:100BA40037494FF4B47237480BF0AAFD4FF4B471CF
:100BB40063E70027A38BB84623F0070343F005033C
:100BC4009BB24FF00509A38386E72D4940F26B12CF
:100BD4002C480BF095FD40F26B114EE700270025E1
:100BE4007AE74FF0010A81E792467FE786F311889E
:100BF400BFF36F8FBAF1000F16D147BB15B1204672
:100C04002249A847EFF31186202383F31288BFF308
:100C14006F8F58460AF06EFC08BB1B49882219489E
:100C24000BF06EFD882173E7A1680029E5D00E68FA
:100C34000029E2D043464A462046D1F804A0D047D2
:100C44001EB1336831461E46F2E73346FAE73946A9
:100C540043464A4620463F680BF0A6FDCDE758467A
:100C64000AF06CFCA38B23F00803A383DAE68B065B
:100C74007FF594AE21F02003A38301F0070177E60A
:100C840013E00000C1DF000038E00000950C000014
:100C9400F8B504460D4600F11406EFF3118720233E
:100CA40083F31288BFF36F8F30460AF023FC40B9F8
:100CB40009490A4888220BF023FD882106480BF0D5
:100CC40016FD30460AF03AFCA5613A462046BDE8D6
:100CD400F8400121FFF740BE38E00000C1DF00000A
:100CE4002DE9F04704460F460BF04EFD051E5DDB73
:100CF40004F11409EFF3118A202383F31288BFF35C
:100D04006F8F48460AF0F6FB804638B9334988228B
:100D140033480BF0F5FC882130483CE048460AF0A3
:100D24000DFC4FF6FF72E38BA68B934206F0070689
:100D34003FD0022E10D135460133E38348460AF0F2
:100D4400E7FB00283BD1254940F2311224480BF03F
:100D5400D7FC40F23111DFE7062E13D8DFE806F0A6
:100D6400092C1212090409006FF085054FF00008E0
:100D7400E4E700233B6063687BB9C4E900777EB194
:100D84003546F3E7174916484FF4E4720BF0B8FC04
:100D94004FF4E47113480BF0AAFC1F606760EEE7A0
:100DA400524602212046FFF7D7FD35462846BDE8C6
:100DB400F0876FF00A05D9E76FF00405D6E78AF3E8
:100DC4001188BFF36F8FB8F1000FEFD000233246C4
:100DD400394620460BF0E8FCE8E700BF38E00000A5
:100DE400C1DF000013E00000F8B5054600F1140669
:100DF400EFF31187202383F31288BFF36F8F3046FC
:100E04000AF078FB38B92049882220480BF078FC96
:100E140088211D4825E030460AF090FBAC8B04F095
:100E24000704022C12D0012C0CBF6FF004046FF0E5
:100E3400850430460AF06CFB08BB134940F23112BA
:100E440012480BF05DFC40F23111E2E7EB8B53B931
:100E54000F490E4840F2EF120BF052FC40F2EF1132
:100E64000B480BF044FC013B9BB2EB83002BE0D11D
:100E74003A4621462846FFF76FFD2046F8BD87F322
:100E84001188BFF36F8FF8E738E00000C1DF00007E
:100E940013E000002DE9F0410E460546002845D038
:100EA400002943D000F11407EFF31188202383F3C2
:100EB4001288BFF36F8F38460AF01CFB38B91D49FE
:100EC40088221D480BF01CFC88211A4816E038467D
:100ED4000AF034FB31462846AC8B0BF01EFC78B18B
:100EE40004F00704231F022B0CD91449124840F2C2
:100EF4002D220BF005FC40F22D2110480BF0F7FBDE
:100F04006FF0770438460AF003FB40B9094940F210
:100F1400311209480BF0F4FB40F23111D5E788F3A4
:100F24001188BFF36F8F2046BDE8F0816FF0150480
:100F3400F9E700BF38E00000C1DF000013E0000063
:100F440008B54268034602F00302032A816002D016
:100F54002AB1002000E0006800225A6008BD04495C
:100F6400044845220BF0CCFB452101480BF0BFFBA4
:100F740065E00000C1DF0000014B03600020704702
:100F8400ECD900002DE9F04705460E461746194CEA
:100F9400DFF86480DFF86490444525D9184919487E
:100FA4004FF4BB620BF0ACFB4FF4BB6114480BF085
:100FB4009EFB6268D9F824309A4213D3A3698BB19B
:100FC400A9889078C9B2884205D13A463146284664
:100FD400BDE8F04718475279012A03D13A46314611
:100FE400284698472434D7E7E3D36FF08500BDE85B
:100FF400F08700BF4C030020700300200C0C00207D
:101004008BE00000C1DF00002DE9F041134B144FC9
:101014005E6A144BBB421BD91349144840F2BB52BD
:101024000BF06EFB40F2BB510F480BF060FB5C68A9
:10103400B4420BD31D694DB194F802C08488E4B264
:10104400A44503D12B46BDE8F04118472433E1E71A
:10105400EDD36FF08500BDE8F08100BF0C0C0020DB
:10106400700300204C0300208BE00000C1DF00006F
:101074000022024B1A605A60704700BFC70C002060
:1010840010F0700F08B5024600F07F0305D0074842
:1010940045210BF0C4FB002008BD10F0800F4FF079
:1010A400010018BF10339840F6E700BFBDE0000010
:1010B40038B505460BF0C6FC10F1780F044610D184
:1010C4002A4657210B480BF0AAFB2846FFF7D8FF06
:1010D400094A0024D2F8C43023EA0003C2F8C43019
:1010E40006E00028F1D02A46452104480BF097FB7E
:1010F400204638BDDDE000000C0C002003E10000B8
:101104002DE9F04105460E461746104CDFF84080A5
:10111400444516D90F4910484FF4C1620BF0F0FA58
:101124004FF4C1610B480BF0E2FA63690BB9243444
:10113400EEE73A463146284698470028F7D1BDE8FD
:10114400F081F2D36FF08500F9E700BF4C03002073
:10115400700300208BE00000C1DF0000430670B57F
:101164001CD0114B114CA3421AD9114911484FF408
:101174007D720BF0C5FA4FF47D710D480BF0B7FA90
:101184000022196A1E7F0439D5B2AE4201D8243335
:10119400E9E7013211F832508542F5D1012001E02E
:1011A400EED3002070BD00BF4C030020700300206C
:1011B4008BE00000C1DF0000F7B584880F46E4B27D
:1011C40020468DF80740FFF7C9FF0546B0B114F07B
:1011D4007F0F144E02D096F8BA3003B32246492149
:1011E4007FB111480BF01BFB9DF8070002F018FFBC
:1011F400F3691BB108200DF107019847284603B095
:10120400F0BD0A480BF00BFB9DF8070002F038FF15
:10121400F369002BF2D009200DF10701EDE71D461B
:10122400ECE700BF0C0C00202AE1000042E10000C2
:1012340008B509480378C3F341130A3350F823303F
:101244003BB100F1080200F110019847C043C00F00
:1012540008BD1846FCE700BF0C0C002004282DE94B
:10126400F74F04460F46DFF8C49016D0012830D15A
:10127400DFF8BC8098F8B9305BB300F023FE2D4D45
:101284004D4532D92C4940F2C2422C480BF038FA71
:1012940040F2C24128480BF02AFAFFF7E9FEE7E7DB
:1012A40002EBC606307901920BF0CCFB8346307911
:1012B400FFF7E6FED8F8C430BBF1000F23EA0003C1
:1012C400019AC8F8C4300AF1010A12DA002388F836
:1012D400B930184D4D451BD9174940F2EE42174815
:1012E4000BF00EFA40F2EE41D4E7EFD24FF0000AD1
:1012F4002A6A2B7F5FFA8AF6B342D1D82435BFE736
:10130400EB681BB13A462146284698472435E1E765
:10131400F6D3074B1B6A2BB13946204603B0BDE810
:10132400F04F184703B0BDE8F08F00BF70030020F2
:101334000C0C00204C0300208BE00000C1DF0000F7
:1013440073B5044680782A4D8DF8000023796279BC
:1013540043EA0223ADF80230E37803F003038DF887
:101364000430FFF78DFED5F8C430064618420CD081
:10137400A478204600F088FD2046FFF799FE0BF084
:1013840008FF10B9962009F031FE684602F01EFEEF
:1013940010F1780F9DF8002019D1572115480BF052
:1013A4003EFA9DF8000002F0A7FE10F1780F17D165
:1013B40057219DF8002010480BF031FA0120D5F890
:1013C400C43085F8B9003343C5F8C43006E00028BA
:1013D400E7D0452109480BF022FA002002B070BD85
:1013E4000028EBD045219DF800200548F3E700BF15
:1013F4000C0C00205CE10000ADE1000084E1000081
:10140400D2E100002DE9F047A84E0446B3690F4627
:101414001546FBB9237803F01F03012B00F09E80CF
:10142400022B00F0068133BB94F900002A680028DF
:10143400617834DA062912D008292BD0D9B90123CE
:101444005170137096F8C3305B0043F001031370BE
:10145400022328E198470028DCD100200DE06288AF
:10146400100A011F0129844605D9072803D8716A87
:10147400D2B20C781CB96FF01500BDE8F0874E7835
:10148400664503D19A4200F0098101332144F0E713
:101494000B7808E196F8BA301370012303E101399F
:1014A4000829E8D801A353F821F000BF4B15000028
:1014B4007B140000591500007B140000D5140000B3
:1014C4007B1400007B1400007B140000E314000074
:1014D4006088C0B202F02AFD0028BED0CBE7638842
:1014E400756A63BBFFF7C4FD638886F8BA30F36995
:1014F400002BB2D003206E499847AEE76B78042BDB
:1015040010D0052B11D0022B04D16F796388BB4214
:1015140008BF01202B781D442B78002BEED1002826
:10152400A9D0DFE795F80380F4E76388BB42F1D1E3
:10153400B8F1000FEED12846FFF702FFEAE7FF27D4
:101544000020B846E8E76388012B94D1002386F88D
:10155400C33082E76388012B8DD1F8E796F8BA305F
:10156400D5F800C0002B86D0756AA3882A465FFA96
:1015740083FE107800283FF47EAF5178022904D10D
:1015840092F80480F04500F295800244F1E78CF86B
:1015940000208CF8012039605FE7154496E00B2A9F
:1015A4007FF469AF00274FF0FF08BA46C14606E052
:1015B4006B78042B0FD0052B21D02B781D442B786E
:1015C400002BF5D1F36913B1514607209847002F3A
:1015D4007FF443AF4FE795F80280A38895F8039012
:1015E4009845EAD163889945E7D1B8F1070F1DD82A
:1015F40006EB0803AA46012783F8BB90DDE7A3881E
:101604004345DAD16388DBB24B450AD0AF7838461C
:1016140000F03AFC3846FFF74BFDB0FA80F77F093B
:10162400CBE72846FFF78CFE0746C6E7AA46002705
:10163400C3E794F900206378002A19DA002B7FF4B9
:101644001AAFA4882D68E4B22046FFF787FD00286E
:101654003FF411AF630604D096F8BA30002B3FF480
:101664000AAF2946204602F02BFD00236B70EFE6FB
:10167400012B08D0032B7FF4FEAE6388002B7FF48C
:10168400FAAE012103E0618800297FF4F4AE20461C
:10169400FFF792FD00287FF4E0AEECE60228296013
:1016A4007FF4F6AE4B883B60D7E600BF0C0C0020FD
:1016B400C60C002094F9000062780028BFF66FAFD2
:1016C400002A3FF464AF0A2A7FF4D5AE2A78002AB0
:1016D4003FF4D1AE697804297FF45FAFA9788B42D7
:1016E4007FF45BAF072B8EBF00239B1993F8BB30AD
:1016F4008CF80030D1E600BF2DE9F04705460F46CF
:10170400904699460426DFF830A04B4642463946B7
:10171400284602F01BFD10F10B0F044608D12A469F
:10172400572150460BF07BF809F03EFB013EECD10B
:101734002046BDE8F08700BFF8E1000013B5164C61
:10174400237DF3B9E26801AB8020A1680192FFF721
:10175400D3FF019AA3681344A360E3689B1AE36070
:101764006BB962B12369E2889A4208DD94F8C82013
:1017740093FBF2F102FB11330BB90123237502B081
:1017840010BD002380201A461946237502B0BDE817
:10179400104002F0DBBC00BF0C0C00207FB500231E
:1017A4000D4606460193002861D1002939D108224B
:1017B4000B460DEB02010BF05EF9002803DA8020E2
:1017C40002F02EFC1EE0344C029AC4E90355226058
:1017D400039ABDF80E30626004F13802A2609DF9EC
:1017E40008202575002A0FDB802B08D945212B48BA
:1017F4000BF015F8802002F013FC2846E0E71BB13B
:10180400C4E9033304B070BDFFF712FD0028D6D03D
:10181400E28823699A42D4BFE260E360FFF78EFF57
:10182400F0E71D4C01ABD4E90212002A05DC0246A4
:101834000BF021F90028E5DAC1E70BF01CF90028C8
:1018440004DA802002F0ECFB3046B9E7019AA36881
:101854001344A360E3689B1AE360002BD2D104F124
:101864003803A360FFF7E4FC0028D7D1A7E780285A
:1018740007D1094BDA68002AD0D11B7D002BCDD1CA
:10188400C0E7074907484FF4C5720AF039FF4FF41F
:10189400C57103480AF02BFF0C0C002024E2000061
:1018A4008BE00000C1DF0000054B064A58629A62D3
:1018B400054A0020DA62054A1A63054A9A617047AC
:1018C4000C0C0020091400000D100000051100008C
:1018D400890F00002DE9F3410446514D4FF0FF33C9
:1018E4004FF0FF324F4807F019FF95F8B83063B155
:1018F40057214D480AF093FF6FF07704494807F0E9
:10190400C3FF204602B0BDE8F0816B6A63B900F002
:10191400E1F8FFF7C9FF6B6A33B9452143480AF080
:101924007EFF4FF0FF34E9E741482C62E8616E6ABC
:1019340002F046FD02F0C8FA041EDFDB00F0E4FA10
:10194400041EDBDB7378012B01D1F37933B9452114
:1019540038480AF064FF6FF01504CFE700266846A4
:1019640085F8C830ADF802308DF804608DF8006059
:1019740002F02CFB041EC1DB802768468DF8007042
:1019840002F024FB041EB9DB30462B4902F004FDAF
:10199400041EB3DB3846284902F0FEFC041EADDB0E
:1019A400264CDFF89C8044451DD9264926484FF42F
:1019B400C3620AF0A5FE4FF4C36122480AF097FE01
:1019C4000026276A227FF3B29A4201D82434EAE738
:1019D40007EBC30257F83310107902F0DDFC01362F
:1019E4000028EFD09DE7EBD3002002F085FB041E16
:1019F40084DBD5F8C430802043F00103C5F8C4303B
:101A040002F07AFB041EFFF679AFD5F8C430002447
:101A140043F48033C5F8C430012385F8B8306DE74A
:101A24000C0C00206002002042E200006AE2000088
:101A34006112000094E20000A11700004C03002092
:101A4400700300208BE00000C1DF000030B51F4BA5
:101A54008BB005AA03F110051446186859680833B9
:101A640003C4AB422246F7D11B7810222370002115
:101A740001A80BF082FC1222002115480BF07DFC1A
:101A8400102101A80BF095F800281BDD0828B8BF29
:101A9400082001AB09381A1800200D4912F8013F3B
:101AA4000AAC04EB131403F00F0328336B4414F84B
:101AB400144C13F8143C013008280C704B7001F1DD
:101AC4000201EBD102480BB030BD00BFD3E20000ED
:101AD4008B2200202DE9F04F8F4B87B093F800B094
:101AE400BBF1000F03D08D4807B0BDE8F08F8B4CDD
:101AF40000264FF0011AB0463546B14623783BB96B
:101B0400874B02349C42F3D10123834A1370EAE7E2
:101B14006378052B29D8DFE813F0B2000600FC0037
:101B2400B2002B005800402304A88DF810B0ADF883
:101B340012308DF814B002F01FFA98B1082304A8EB
:101B4400ADF8123002F018FA60B1764940F28F1203
:101B54007548ADF812B00AF0D3FD40F28F11714808
:101B64000AF0C5FDBDF81230E37123781C44C5E7C3
:101B7400E378002BF9D1A37813BB6C4D03E06B68B9
:101B84009C4218D024356A4B9D4208D965494FF4CC
:101B94009B7265480AF0B4FD4FF49B71DFE7EED306
:101BA4002246452163480AF03AFE634845210AF07B
:101BB40036FE002098E7AB6813B1414620469847AB
:101BC40008F101085FFA88F8CFE7002D55D14521C7
:101BD4005A480AF024FEE8E7296AA07801EBC2011A
:101BE4000B79984242D10127E078FBB200F0030060
:101BF4008DF81400207994F805C040EA0C20ADF863
:101C0400120094F90200002826DA4FF0010C07F1C3
:101C140010000CFA00F010EA0A0F24D143F08000FF
:101C24008DF8100004A8CDE90213019202F0A4F982
:101C3400DDE90121039BB0B99DF8102012F0800F5B
:101C4400A2700A714FF001021DBF1033DBB29A403B
:101C5400BA404AEA020A88E70120B84010EA0A0FAB
:101C640001D11846DCE70137102FBDD101322B7F9B
:101C74009A42B1D345213248ABE70022F7E7032E5D
:101C840022D1FFF7E3FE074690B1FEF785FA02463C
:101C940070B1102805D0019057212A480AF0BFFDE1
:101CA400019A102AA8BF10223946A01C0BF03EFB53
:101CB4006FF002002378001BE11804EB5303C842C1
:101CC4000AD50136F6B250E7002EF1D1B9F1000F72
:101CD40014D145211C487CE71A78203A5E2A06D99B
:101CE4001049CB2210480AF00BFDCB2137E701F84D
:101CF40001BC13F8012901F8022DE0E7A4EB090364
:101D040089F80230C3F3072389F8033089F8048083
:101D1400D7E7A14629E700BF8A220020C402002099
:101D24004C030020E4E20000C1DF00004C0300206B
:101D3400700300201AE3000019E400003FE30000F0
:101D440085E30000A7E30000F7E30000094B00214E
:101D54001A4610B51C78844204D15C6814B102EBB5
:101D6400811010BD0131042903F14003F2D1002098
:101D7400F7E700BFD80C00202DE9F34150F8283CC8
:101D84000446103310F82C6C0AD1036950F8202C47
:101D940098073CD5D2B9590715D5002344F8283CF7
:101DA40054F8283C10330BD054E9077554F8148CBC
:101DB4000BF0EFF9002856D0214631480BF0D9F941
:101DC40002B0BDE8F08143F004032361304654F8C7
:101DD400241C01ABFFF790FC024638B13346452181
:101DE40028480AF01CFD6FF01503D7E7019A54F850
:101DF400243C134444F8243C54F8203C9B1A44F8F3
:101E0400203C54F81C3C134444F81C3CC8E73046BE
:101E140054F8241C01AB02F01FFA02460028DDD15D
:101E2400019D54F8243C2B4444F8243C54F8203CB1
:101E34005B1B44F8203C54F81C3C2B4444F81C3CE9
:101E4400002DAAD0304602F0C1FAB5FBF0F303FB33
:101E54001055002DA1D154F8203C002B9DD03046C4
:101E640002F050FA9CE744F8180CA4F1100007F0B3
:101E7400E9FE002DA4D0424639463046A8479FE7E4
:101E8400C80A00204CE4000010B5EFF311842023AD
:101E940083F31288BFF36F8FFFF758FF50B1436885
:101EA400103307D16FF08B0300F12C014360044819
:101EB4000BF05FF984F31188BFF36F8F10BD00BF7F
:101EC400C80A0020F8B5042520270D4CEFF311862D
:101ED40087F31288BFF36F8F6368103307D16FF0F5
:101EE4008B030848636004F12C010BF042F986F37C
:101EF4001188BFF36F8F013D04F14004E6D1F8BDB2
:101F0400D80C0020C80A002070B50025094C0A4EE0
:101F14003146204608F00CF90122A4F110001146C4
:101F240001350BF0F9F8042D04F14004F0D1002040
:101F340070BD00BF040D00207D1D000008B50448DD
:101F44000AF0C8FBBDE8084002480AF0C3BB00BF62
:101F54007BE40000B0E40000014809F045BE00BF86
:101F6400ECD9000038B5044618B90F4B0F485B682C
:101F740098476168B1F5683F10D0B1F5680F0DD08E
:101F84000B4DA9420AD011F46861206807D00146BC
:101F9400084807F085F900232360656038BD1422E2
:101FA4000BF0EBF9F9E700BF5C010020DEE4000070
:101FB4002C5F5CA9D812002008B560B34368B3F560
:101FC400683F0ED0B3F5680F18D0144A934220D05E
:101FD40000684FF0FF324FF0FF3307F09FFB58B11A
:101FE40015E001220368D3E8EF1F002903D1C3E8F9
:101FF400E02F0028F7D10AD1002008BD0368084A61
:102004001B7803F5807352F82330002BF4D0054875
:10201400F3E70548F1E76FF4E040EEE72C5F5CA9D5
:1020240000000350E98FFFFFEA8FFFFF08B520B3DC
:102034004368B3F5683F09D0B3F5680F13D0114A6C
:1020440093421DD0006807F01FFC14E000220368CF
:10205400D3E8EF1F012903D1C3E8E02F0028F7D10B
:1020640009D0094808BD00210368084A1B7803F514
:10207400807342F823100020F4E76FF4E040F1E7A6
:102084000348EFE72C5F5CA9E98FFFFF00000350D2
:10209400EA8FFFFF10B5044618B91D4B1D485B6855
:1020A40098476368B3F5683F2FD0B3F5680F2CD019
:1020B400194A934219D1236803BB4FF0FF324FF002
:1020C400FF332146154807F079F808B923681BB98E
:1020D4000F4B13485B6898471422002120680BF0CB
:1020E4004CF94FF46863636008E0B3F5683F0DD8BA
:1020F4003A2B03D040F6BA629342DED120680AF04C
:10210400EDFF636843F03A03636010BD054AF3E7EB
:102114005C010020DEE400002C5F5CA9D8120020E2
:1021240004E500003A00003A08B5064940231422A9
:1021340005480AF0ACFFBDE808400449044809F02A
:10214400C5BD00BFD80D0020D8120020F4D900006E
:1021540008DA000037B505460C46C9B18B68144847
:102164000093D1E9002345210AF059FB6369452115
:102174000093D4E903230F480AF051FB4521E26997
:102184000D480AF04CFB4521A2690C480AF047FBB4
:10219400012D06D1EFF3058245210948103A0AF0D2
:1021A4003EFB2146284603B0BDE8304006F04EBE53
:1021B40031E5000065E5000099E50000ADE50000AB
:1021C400E0E5000030BFFFF7FDBF00BF2DE9F0419F
:1021D40005460B4EDFF82C80324606EB0807CC1B75
:1021E400204609490BF0A2F8A01942460021083CF8
:1021F4000BF0C3F82C6707F10800BDE8F08100BFBD
:102204000000000004000000A8D90000054B5A6932
:102214009B689A421FBF044A536843F0805353603B
:10222400704700BF5C20002000ED00E010B5244C96
:10223400452124480AF0F3FAA36A99013ED52248BD
:1022440045210AF0ECFA1E20A36ADA0104D51F48DE
:1022540045210AF0E4FA1F20194CA36ADB0204D5D5
:102264001B4845210AF0DBFA0220A36A1C0304D5AB
:10227400184845210AF0D3FA2120114CA36A5903C6
:1022840004D5154845210AF0CAFA2220A36A9A0304
:1022940004D5124845210AF0C2FA2320084CA36A47
:1022A400DB0304D50E4845210AF0B9FA2420A36AB9
:1022B4006FEA03436FEA1343A36210BD1D20C3E713
:1022C40000ED00E0F8E5000015E600002DE6000052
:1022D4004CE600007BE600009EE60000C8E6000035
:1022E400E7E6000070B5284C06460D462748452110
:1022F4000AF095FAA36AD9043BD5254845210AF08A
:102304008EFA1720A36A1A0504D5224845210AF03B
:1023140086FA18201C4CA36A9B0511D51E4845213A
:102324000AF07DFAA26BA36A180408D545211B485C
:102334000AF075FA1EB1A36A23F40043A3621920BC
:10234400114CA36A590504D5154845210AF067FACA
:102354001A20A36ADA050ED5124845210AF05FFA5D
:102364001B20094A936A43F47F43936200232B7032
:1023740070BD1620C6E7A36A9B04F2D50A4845211E
:102384000AF04DFA1C20ECE700ED00E017E700002E
:1023940032E7000048E7000060E700007EE7000045
:1023A40098E70000B8E70000D5E7000070B5324CAC
:1023B40006460D46314845210AF031FAA36AD9068A
:1023C40048D52F4845210AF02AFA1120A36A1A0792
:1023D40004D52C4845210AF022FA1220264CA36A7F
:1023E4009B0711D5452128480AF019FA626BA36AA4
:1023F400190608D5452125480AF011FA1EB1A36A29
:1024040023F08003A36213201B4CA36ADA0704D5CC
:102414001F4845210AF003FA1420A36A9B0604D539
:102424001C4845210AF0FBF91520134B9A6AD6067D
:1024340002D49A6A94070FD59B6AD9060CD516491B
:1024440016484FF495720AF05BF94FF495711248EF
:102454000AF04DF91020B9E7074B9A6A920642BF79
:102464005A6A22F400525A629A6A42F0FF029A624D
:1024740000232B7070BD00BF00ED00E009E80000F0
:1024840024E8000048E700005CE8000079E8000068
:1024940094E80000D5E70000B8E80000C1DF0000C0
:1024A400F0B56C4B0446586800258BB0C0F30803A4
:1024B40085F31188BFF36F8F02F07F46B6F17F4F2B
:1024C40007D102F00C06082E0ED1452162480AF00D
:1024D400A6F9624940F2114261480AF011F940F24A
:1024E40011415E480AF003F916074CBF0C4601255A
:1024F400002CEED00026DA1E8DF80760092A00F2BF
:102504009880DFE802F0058B8F76969696969693E0
:10251400452154480AF083F98DF807604D4EF36A5B
:102524009A0705D5452150480AF079F9002329E096
:10253400F36A002B02DA45214C48F5E7F36A5B00A5
:1025440063D545214A480AF06AF97369A26943F4DC
:1025540080737361BFF34F8FBFF36F8F736932F86A
:10256400022C23F480737361BFF34F8FBFF36F8F1B
:102574004DF602739A4224D1452122683D480AF05F
:102584004EF923689DF80720CAB902AE04F120076A
:10259400324620686168083403C2BC421646F7D14B
:1025A400099A002D51D0C2F3080121B96FEA5222D1
:1025B4006FEA42220992184602A9FFF7CBFD0BB03D
:1025C400F0BDB36ADBB233B101200DF10701FFF7AF
:1025D400EDFE0346D6E7B36A13F47F4F05D001201E
:1025E4000DF10701FFF77EFEF3E7B36AB3F5803F11
:1025F40002D3FFF71BFEECE7184940F2EA22184821
:102604000AF07EF840F2EA216BE7144940F2ED2229
:1026140013480AF075F840F2ED2162E700200DF14D
:102624000701D4E700200DF10701DBE7452112483B
:102634007AE7124910F4F87F114A124808BF0A4693
:10264400103B45210AF0EBF870E722F4FF7222F008
:102654000102AFE700ED00E018E90000B8E800006F
:10266400C1DF000048E9000064E900008AE90000D5
:102674009DE90000C1E90000E2E90000EAE8000089
:10268400FFE800000BEA0000064B5A6942F0100212
:102694005A615A6942F480625A615A6922F0080206
:1026A4005A61704700ED00E0EFF30880EFF3098111
:1026B40001B57246FFF7F4FE01BD00BF002080F3B0
:1026C4001488BFF36F8F002080F30A8880F30B888F
:1026D4000F4880F3088804F03DFF00200D4908608E
:1026E400BFF34F8F00F02CF8202080F311880A48A4
:1026F4004FF40061401880F30988EFF3148002213D
:10270400084380F31488BFF36F8F00F0FBF80000D8
:10271400A838002094ED00E0682B00200023184620
:102724000649D1F89020C2F30722934200DB704798
:10273400C1F89830C1F8A0000133F6E700ED00E0DD
:1027440010B572B6002484F31388FFF7E7FF23461D
:102754004FF0FF300C4A03F120010133102B42F8F3
:102764002100F8D100234FF0FF30074A03F1600144
:102774000133102B42F82100F8D162B6BFF34F8F1A
:10278400BFF36F8F10BD00BF00E100E0084B9B68F2
:1027940083420BD1EFF3058343B1064B5A6842F0F1
:1027A40080525A605A6A22F400425A6208F088BC85
:1027B4005C20002000ED00E014498A684FF03000EE
:1027C4001044EFF3098C80E8F01F202080F3128876
:1027D400BFF36F8F0E4F4FF000664A698A603E6008
:1027E400106F0C4C2060506F0023536780F31188E6
:1027F40002F1300090E8F01F8CF3098802F1000028
:1028040004B50AF05AF8BDE8044070475C20002083
:1028140004ED00E0F81200201EF0040F0CBFEFF3EB
:102824000880EFF30980816911F8021C0229FFD0A6
:1028340001B572460AF032F801BD00BF40B200286B
:1028440007DB01234109034A00F01F00834042F8DB
:102854002130704700E100E040B200280CDB012287
:102864000649430900F01F008240203341F8232029
:10287400BFF34F8FBFF36F8F704700BF00E100E0DD
:10288400054B420953F82220012300F01F0003FAEC
:1028940000F01040704700BF00E100E0013107295B
:1028A40008B508D90D490E486B2209F029FF6B21A0
:1028B4000A4809F01CFF40B20028ACBF00F1604098
:1028C400084B4FEA4111C9B2ABBF00F5614000F0BB
:1028D4000F0080F80013195408BD00BF23EA00005C
:1028E400C1DF000014ED00E0044B054A23F07F0330
:1028F4009360BFF34F8FBFF36F8F704700000000EA
:1029040000ED00E008B5FFF7EFFF074AD2F8883082
:1029140023F47003C2F8883006F086FB08F016FE34
:1029240000F046F806F0C0FB00ED00E042F8203C61
:10293400009B0B4942F81C3C019B21F0010142F829
:10294400183C029B42F8081C42F8143C4FF0807378
:1029540042F8043C0023203A02654367704700BFF5
:10296400FD08000000B50B4B15469860026F0A4B3A
:102974000E461A60036E83F30B882C4686F309888F
:102984000020064B98472046002100220023044CD7
:10299400204700BF5C200020F8120020C7C80000B8
:1029A400FD0800001022014B1A61704700ED00E0A1
:1029B400002320210348C2180133452B82F8001359
:1029C400F9D1704700E100E008B5EFF30583064A4A
:1029D400103B02EBC30152F8330049688847BDE855
:1029E4000840FFF713BC00BF38D600001FB5094CE0
:1029F400094A23460121094800F00EF900230393F4
:102A0400074B0121E41A01A80193029400F01EF976
:102A140004B010BD000007200000002018DA0000F8
:102A24007003002010B50C7A0B6804F01F0223F029
:102A34001F031A43CB68640923F01F03054943EAC3
:102A4400440343F00103C1F89800C1F89C20C1F885
:102A5400A03010BD00ED00E010B50A4B0446D3F8D9
:102A64009030C3F30723013B984208D9024645211D
:102A7400054809F0D4FE6FF01504204610BDFFF799
:102A8400D1FFFAE700ED00E05EEA00002DE9F04F27
:102A94008946144606464FF00008514D85B0C84596
:102AA40027DAD6F804A0BAF1000F44D0BAF11F0F08
:102AB40018D91AF01F0F15D1D6F800B01BF01F0F4C
:102AC40010D1584609F039FF07460AEB0B000138CC
:102AD40009F033FF874210D06FF015073A464521BD
:102AE400404802E0424645213F4809F098FE6FF015
:102AF4001504204605B0BDE8F08F17F1160FEDD090
:102B0400BC42EBDDC5F89870D5F89C10C5F89870F8
:102B1400D5F8A03021F01F0143F01F0BD6E9003295
:102B24001A44994202F1FF3A1DD1D34507D13146E7
:102B3400F8B209F00BFF08F101080C36AFE7314693
:102B4400C5F89870D5F89C3022F01F0203F01F03DB
:102B54001343C5F89C30E0B209F0F8FE10F1160FEB
:102B6400C5D0441CE7E7C5F89870D5F8A020013B10
:102B740023F01F0302F01F021343D3453146E0B292
:102B8400C5F8A030E8D009F0E1FE10F1160FAED080
:102B9400C5F89870D5F89C209DF808300BF1FF3BE0
:102BA40062F304038DF80830D5F8A0309DF80820AE
:102BB4005B0863F347128DF80820D6E9003213440A
:102BC400009323F01F035B44A3EB0A03013023F0BB
:102BD4001F036946C0B20393FFF73EFFBEE700BF81
:102BE40000ED00E0B1EA000089EA00000522044B90
:102BF400C3F89420BFF34F8FBFF36F8F704700BFAC
:102C040000ED00E0BFF35F8F0022024BC3F8942075
:102C1400704700BF00ED00E010B5094C2278FFF7C3
:102C240035FF207016300AD1064907484FF4BB72AD
:102C340009F066FD4FF4BB71024809F058FD10BD60
:102C44009D220020D9EA0000C1DF00002DE9F74FE2
:102C54002E4D8A4606464FF00008AB462C4FD04511
:102C640002DB03B0BDE8F08FD6F80490B9F1000F91
:102C740047D031680846019109F05FFE0199044686
:102C840009EB0100013809F058FE84424FF01402A8
:102C9400204B10D002FB08F36FF015024BF8032011
:102CA4001D491E484FF4C37209F02AFD4FF4C37145
:102CB400194809F01CFD14F1160F2C60F0D0197896
:102CC400A142EDDD02FB08B0C7F89840C7F8984070
:102CD400D7F89C4000F10801007B64F304000871FC
:102CE400D7F8A0000C79400860F347140C71D7F8AA
:102CF4009C1021F01F016960D7F8A01021F01F017A
:102D0400296108F1010814350C36A8E7FC120020EB
:102D140000ED00E09D220020D9EA0000C1DF0000A0
:102D24002DE9F0414E494F4CD1F890302568C3F35A
:102D340007239D4286B00AD94B4940F2AD124B4855
:102D440009F0DEFC40F2AD11474809F0D0FC002048
:102D5400FFF758FF464BC1F8C03085421AD1454CA5
:102D640001A82570FEF708F9002506464FF0410832
:102D7400414FAE4215D1002023783949D1F8902033
:102D8400C2F30722934265DB0020FFF72FFF06B052
:102D9400BDE8F081616801EB0011FFF743FE0130EB
:102DA400DBE7019A290102EB0513D3F80CC00CEA06
:102DB4000700B0F5001F23D0B0F5800F38D0B0F570
:102DC400801F45D1586852589B68CDE902022122E0
:102DD400013B20F01F010B4423F01F038DF810204A
:102DE4000593207802A9FFF737FE00282DDA1E4943
:102DF40040F2D7121D4809F083FC40F2D711A3E733
:102E040058689B685258013B20F01F010B4423F083
:102E14001F031CF0010FCDE902028DF81080059309
:102E2400DFD011497B22114809F06AFC7B218BE732
:102E340058689B685258013B20F01F010B44CDE9B0
:102E4400020223F01F030622C8E72378013323700C
:102E540001358EE7C1F89830C1F8A00001338DE741
:102E640000ED00E024DA0000D9EA0000C1DF000030
:102E7400AAFF44009D2200200000F0FF08B5024B89
:102E84001B689847002008BD10130020034B044A18
:102E94001860937843F00203937070471013002076
:102EA4002400002008B50649064821F00701C1F1B5
:102EB400005202F5E022FDF775FC002008BD00BFBA
:102EC4008741002014130020054B03EB8000D0F849
:102ED400003223F0E04343F04053C0F8003270471F
:102EE40000258450052370B5144D154E2C780134FB
:102EF400B4FBF3F303EB8303E41A09F0B3FF114AC1
:102F0400137823B156F82430C01A072814D94FF087
:102F14005023D3F8141141B10021C3F81411D3F88C
:102F240014312C700CB9012313702C7809F09AFF1A
:102F340046F82400012070BD0020FCE79F220020F9
:102F4400201300209E220020012208B5104B1149B5
:102F5400C3F8002502230020C1F8D036FFF7B4FFE0
:102F64001046FFF7B1FFC1F80427C1F80429C1F8DE
:102F7400002B00F0DBF850B1074908484FF40C72FD
:102F840009F0BEFB4FF40C71034809F0B0FB08BD17
:102F9400001000500040005017EB0000C1DF00009B
:102FA40007B50DF1070004F021FC154B98420AD037
:102FB4001449154840F23A2209F0A2FB40F23A21A2
:102FC400104809F094FB4FF48062104B1049C3F889
:102FD400B8254FF40062C3F83C259DF8070004F0BF
:102FE400F1FB0C499DF8070004F0D8FB01209DF883
:102FF4000730984004F0CCFB03B05DF804FB00BF3D
:103004000000AD0B17EB0000C1DF000000A0025070
:103014002CA0025028A1025048B1054B054A1B6858
:10302400B3FBF2F35843044B43F0010318477047D2
:103034003001002040420F00B0D90000F8B5002153
:103044004FF0FF354FF6FF77174C184EDFF860C08E
:10305400000714F8013B5A090CD0012A1CD0154969
:10306400154840F2CA3209F04BFB40F2CA3111480C
:1030740009F03DFB25FA03F2D207F0D5324602EB04
:103084008303D3F80022013122F0E04202430429F1
:10309400C3F80022DDD1F8BD03F01F0327FA03F2C1
:1030A400D207DCD56246EAE77CEB000000258450B9
:1030B4000028845045EB0000C1DF00002DE9F041F9
:1030C400064601200D46FFF7B9FF4FF47F03D3F8FE
:1030D4003021D3F83431072A20D1023B032B02D804
:1030E400114AD35CD3B14FF050244FF001080027AC
:1030F4000520C4F81886C4F8147609F0C3FE4046C7
:10310400C4F8148609F0BEFEC4F81476C4F8187620
:1031140030462B46BDE8F041002118474FF05023BC
:103124000022C3F81426F3E778EB000001490248B3
:1031340009F050BB4CDA000034130020BFF34F8F6A
:103144000549064BCA6802F4E0621343CB60BFF33F
:103154004F8F00BFFDE700BF00ED00E00400FA055B
:103164002DE9F041904690F900200446002A0D46CE
:10317400037803DA03F01F03012B03D06FF015006B
:10318400BDE8F0814378062BF8D187884688FFB2E2
:1031940039461548360A09F05AFB28B93A465721E8
:1031A400124809F03CFBE9E7212E04D0222E10D06E
:1031B4006FF08500E4E70368E1885B685B6813F8F7
:1031C400092F914294BF29602A600020C8F800307A
:1031D400D6E7E38850F80C2C9A4294BF2A602B60FF
:1031E40050F8103CF1E700BF6C13002080EB0000A6
:1031F4002DE9F0410E4681880546C9B22E4817468E
:1032040009F025FB044640B92C485721AA8809F047
:1032140006FB6FF01200BDE8F08195F900300068FC
:10322400002B6A781ADA022A08D0032A09D0012A64
:103234003FD154F8083C0BB11C68DCB96FF0850031
:10324400E9E76B8823B145211D4809F0E8FAF5E761
:103254000123043C3C6033600020DCE70A2AEDD003
:103264000B2A0ED0092A24D154F8083C002BE5D0AF
:103274005C68E2E73B4632462946A446BDE8F04195
:1032840060476A88012A04D945210E4809F0C7FA23
:10329400D4E714F8043C9342DED054F8083CD1B28D
:1032A40004F8041C002BD7D09B68002BD4D098477B
:1032B400D2E745210448E9E76C13002080EB0000C5
:1032C400ACEB0000E2EB0000C4EB000070B5044678
:1032D4000D4601460B4809F0C7FA30B92246BDE84D
:1032E40070405721084809F09ABA022D08D150F8C5
:1032F400083C2BB11B691BB1BDE87040006818473E
:1033040070BD00BF6C13002000EC000070B50646D1
:103314000D460146304809F08FFA044630B932466A
:10332400BDE8704057212D4809F079BA0A2D4FD8CD
:10333400DFE805F0060C2528303A404E4E4E2F00AB
:1033440049212748BDE8704009F069BA4921254858
:1033540009F065FA0023012104F8033C04F8023C57
:1033640014F8043C20688B4204F8041C11D054F86F
:10337400083C73B19B6863B1BDE8704018474921AC
:103384001948DFE74921194809F049FA012304F8EB
:10339400033C70BD4921164809F041FA002304F8A2
:1033A400033C04F8023CF4E74921124809F037FAD7
:1033B4000123F6E74921104809F031FA14F8023CD8
:1033C400002BE6D049210D4809F029FA0023E8E74B
:1033D40049210B48B6E700BF6C1300202BEC00001A
:1033E40051EC000063EC00007EEC000094EC000063
:1033F400ABEC0000C4EC0000DAEC0000EEEC0000E2
:1034040000ED000010B50469A3600023C4E90012B4
:103414006361064B2061596804F1140211B9C3E9D0
:10342400002210BD0A605A60FBE700BF6C13002045
:1034340070B544680069457B3DB1807B28B9206A3A
:10344400BDE870400079FEF757B95721024809F0EA
:10345400E6F96FF00A0070BD13ED0000F0B5154DEC
:10346400154E164F85B04FF0FF324FF0FF3328460C
:1034740001A906F095F8024620B14521384609F025
:10348400CEF9F0E70E4C0AE0EDD2236813B1019AAD
:10349400934203D1D4E9013101A898470C34B442D2
:1034A400F2D908490848172209F02AF917210548D2
:1034B40009F01DF974020020A8D9000039ED0000BC
:1034C40090D9000053ED0000C1DF0000F0B51746AD
:1034D4001E4685B001909DF82800DDE90C54234672
:1034E4002C432A468DF808008DF80910ADF80A70AF
:1034F40003960AD009F0BCFF0B49D1F880400B4970
:1035040009588C4204BF00221346094801A905F05A
:1035140097FF041E06DA5721064809F080F9204671
:1035240005B0F0BD0024FAE7C80A00200800000036
:10353400740200207BED0000772804D8034B185C4C
:1035440008B100B270474FF0FF307047B8ED00008B
:1035540008B54368186809F05AFD30B90448452194
:1035640009F05DF96FF0120008BD0020FCE700BF10
:1035740030EE00007FB503460846DA884968012A20
:1035840004694E6816D0B2F5A57F16D00AB99A68B8
:1035940062601B7953B3D4E900230D7BAA4202D2A3
:1035A4004D7B9D420FD85721114804B0BDE87040AF
:1035B40009F035B99A682260EBE79A68003A18BFB7
:1035C40001222272E5E705FB02338A689A420DD98B
:1035D40036F8132052B1237A4FF0FF354FF0FF3401
:1035E4000121CDE902450091FFF770FF04B070BDE1
:1035F4004CEE0000020600F07F0312D5082B05D123
:10360400010700F00F0306D50E48704710F0780F3D
:1036140012D100F00F034C2000EB43100A4B184466
:103624007047082B05D1020700F00F0306D50748A1
:10363400704710F0780FF6D000207047044800EB74
:1036440043107047CC14002080130020EC15002098
:10365400EC1400200149024809F08BBDA813002096
:10366400F00300200146014809F04BBDB0020020E0
:10367400002310B50D49D1E8EF2F012A03D1C1E889
:10368400E03F0028F7D10CBF012018460DD151F8B6
:10369400044C14392046FDF7FDFB10F1780F04D1DA
:1036A4002046BDE81040FDF79FBB10BDA0130020CD
:1036B40000220023014806F04DBA00BFB0020020EA
:1036C40013B5002201213720FFF7E8F8114800F074
:1036D400F1FF114B98421AD10024104805F052FA18
:1036E4000F4805F013FB4FF0FF334FF480620D4990
:1036F4000D48009406F08EFD0C490B4809F04FFD6F
:103704000B480C4906F014FD204602B010BD6FF0C2
:103714000400FAE7793900000000AD0B46F100001F
:103724006CDA000068270020F003002087EE000018
:10373400A8130020DD3A000038B5002464F07F00AF
:10374400C0B2FFF757FF50B91B4940F27A221B4819
:1037540008F0D6FF40F27A21174808F0C8FF013478
:1037640009F059F9082CE9D10024154DE0B2FFF70E
:1037740041FF40B910494FF42072104808F0C0FFCF
:103784004FF42071E8E7036903B90561013409F0D6
:1037940042F9082C05F14005E8D10A4809F03BF943
:1037A400094BD3F87C2212B9084AC3F87C22084892
:1037B40009F031F9002038BD92EE0000C1DF0000AD
:1037C400101A0020CC1400208013002010160020B2
:1037D400EC15002010B5054CFFF76AFF20B14168D5
:1037E400204605F05DFDF7E710BD00BFD0010020C5
:1037F40013B500220023184801A905F0DFFC38B3F3
:103804004521164809F00BF8FFF7E4FF00220023D6
:10381400114801A905F0D2FC044670B145211048B5
:1038240008F0FDFF0F4910484FF4E37208F068FFF9
:103834004FF4E3710B4808F05AFF042301984060E9
:103844000374FFF70FFFFFF705FF204602B010BD1A
:1038540001984060FAE700BFD0010020C6EE0000E6
:10386400E9EE000092EE0000C1DF000002280246EB
:1038740010B511D80C4B1C5CFFF7BAFF90B10022B5
:1038840004720274FFF7EEFE084B93F824304BB138
:10389400BDE81040FFF7DEBE4521BDE810400448F6
:1038A40008F0BDBF10BD00BF43F10000801300202D
:1038B4000AEF00002DE9F041877806463846FFF705
:1038C40099FE3B060546F4781BD54CB1032C4BD02E
:1038D4003B462246BDE8F0414521244808F09FBFFD
:1038E400FFF786FF034600283ED00122AC7702741E
:1038F400032202739D60FFF7B5FEBDE8F041FFF7B8
:10390400A9BE4CB1012CE3D1FFF772FF034658B3B3
:103914006C7704740473EDE7FFF76AFF20B3B278A1
:10392400134B12F0800F02F0080111D041B1D3F80B
:10393400A836EB6001230374022385600373DAE77E
:10394400142102F00F0201FB0233D3F80836F0E72A
:1039540011B1D3F8A837ECE7142102F00F0201FBF0
:103964000233D3F80837E4E7BDE8F0812AEF00001A
:1039740000600350F0B5064689B01422002103A864
:1039840009F0FBFC3378013B052B21D8DFE803F079
:10399400950314148516032300248DF81430FFF7BF
:1039A40027FF0346A0B100F108020474DDE9050114
:1039B40082E80300184627E00423EDE7B778384689
:1039C400FFF718FE837A054623B1013B022B5ED92B
:1039D40009B0F0BD3B06F4781DD554B1032CF7D0E3
:1039E4003B4622464521364809B0BDE8F04008F080
:1039F40016BFFFF7FDFE03460028E9D00122AC778D
:103A04000274032202739D60FFF72CFE09B0BDE827
:103A1400F040FFF71FBE54B1012CE1D1FFF7E8FEDF
:103A240003460028D4D06C7704740473EBE7FFF7E3
:103A3400DFFE04460028CBD00123037402238560F3
:103A44000373B07805F10C0109F024F8024670B153
:103A540045211C4808F0E3FE1B491C4840F29D32F6
:103A640008F04EFE40F29D31174808F040FE184918
:103A7400E868B1F88C32834206D91B1AA1F88C325B
:103A840001F048FA2046BFE7A1F88C22FAE7304655
:103A940009B0BDE8F040FFF70DBF01A801F018FA26
:103AA4009DF80530052B04D19DF8043013F0600F08
:103AB4008ED0084B0124059371E702246FE700BF01
:103AC4002AEF00005BEF000092EE0000C1DF00006F
:103AD40080130020EC1400202DE9F04380469C4D17
:103AE400DFF8709285B0FFF7E3FD074610B905B023
:103AF400BDE8F08395F825303A7C3BB9002A00F004
:103B0400AF807968934805F0CBFBECE7042A00F218
:103B1400C581DFE812F0A500050063017901990170
:103B240018F8043C2BB9BB6845215A7A8A4808F036
:103B340076FEBC6854B989494FF44B72884808F042
:103B4400DFFD4FF44B71854808F0D1FD3B7B032B1F
:103B540042D8DFE803F002486D72A27A42B17F498D
:103B64004FF439727E4808F0CBFD4FF43971EAE71F
:103B740066697C4B32607260D3F880143170D3F87C
:103B840084147170D3F88814D3F88C0441EA0021AA
:103B94007180D3F89014D3F8940441EA0021B180E1
:103BA400D3F89814D3F89C3441EA0323F380082310
:103BB400E360306871686C4B03C311462368607A14
:103BC400984796F90030002B09DBF3889AB232B19A
:103BD400A5F88C3201F09EF94846796893E70023F2
:103BE400A5F88C32F8E7637F002BF5D0237F002BF8
:103BF400F2D000264FF0FF324FF0FF335B48667778
:103C0400267708F01BFF636901A901936368CDE976
:103C14000236607A00F0C6FD554B0246984203D046
:103C24004521544808F0FBFD504808F009FFD3E74C
:103C340001212368607A9847CEE7A37A6BB9E37FC2
:103C44005BB94A484FF0FF324FF0FF3308F0F6FEFD
:103C540001F066F9454808F0F3FE02212368E9E71C
:103C64003A7A042AB8D8DFE802F0890329A2AE0020
:103C740000F09AFC04460028AED100F013FC0123A6
:103C84003D49D1E8EF2F002A03D1C1E8E03F0028E5
:103C9400F7D1A1D141F8084C41F8104CE869143926
:103CA4006B61FDF71DF8002896DA2C4940F2AA2230
:103CB4002B4808F025FD40F2AA2144E7002464F0D3
:103CC4007F00C0B2FFF796FC40B9244940F231228C
:103CD400234808F015FD40F2312134E7037A13B18B
:103CE400407A01F0D3FA0134082CE8D195F8543124
:103CF4001BB195F8550101F0C9FA0024E0B2FFF7B1
:103D040079FC40B9154940F24322154808F0F8FC03
:103D140040F2432117E7037A13B1407A01F0B6FA6F
:103D24000134082CEAD195F874321BB195F8750268
:103D340001F0ACFA002000F007FC012385F82530DF
:103D44002B68002B3FF448AF00210220984743E73B
:103D540080130020D001002080EF000092EE0000CC
:103D6400C1DF00000060035084130020B81300205A
:103D74000000AD0BABEF0000A0130020002485F879
:103D8400254001F0CBF9FFF773FCA04208DA46495D
:103D940040F2C222454808F0B3FC40F2C221D2E608
:103DA4002B68002B3FF418AF21460420CEE7002BEC
:103DB4003FF412AF00F002FC2B68002B3FF40CAF71
:103DC40000210520C2E72A68002A3FF405AF002B32
:103DD4003FF402AF002106209047FDE608F11004ED
:103DE4004FF0FF334FF0FF32204608F027FEFFF775
:103DF400A3FC204608F024FE58F8283C002B3FF48E
:103E0400EBAE00210120A1E795F874325BB10124E7
:103E140085F8894285F88842FFF7EAFC58B94521BC
:103E2400234808F0FCFC58F8283C002B3FF4D4AE9F
:103E340000210A208AE71F4A047404738260FFF792
:103E440011FCFFF707FCEEE745211B4808F0E7FCEF
:103E540004F044FF01F062F900F006FBFFF7BAFC3E
:103E6400FFF76AFC40B1104940F286420F4808F05F
:103E740047FC40F2864166E604F028FF0F4800F054
:103E840019FC0F4B98423FF4A7AE074940F28D420C
:103E9400064808F035FC40F28D4154E645210948B6
:103EA40008F0BDFC98E600BF92EE0000C1DF000000
:103EB400D6EF0000EC150020EFEF00007939000088
:103EC4000000AD0B0BF0000038B5154D95F82440FB
:103ED40024BB05F1380009F001F9022001F0BCFB14
:103EE40022460121E8613620FEF7D8FC04F0EEFEFC
:103EF400FFF722FC044610B9012385F82430094B4E
:103F04001B680BB1FFF7A6FB074BD3F80034DB07A4
:103F140002D50020FFF7AAFC204638BD0024FBE7A9
:103F240080130020B00200200070035008B50E4B2F
:103F340093F824209AB193F8253083B10B4BD3F82E
:103F44007034DBB283420DD009490A4840F2595219
:103F540008F0D6FB40F25951054808F0C8FB6FF051
:103F6400120008BD0020FCE780130020006003500D
:103F740092EE0000C1DF000008B50378027903F077
:103F84000F013AB991B145210C4808F048FC4FF0B3
:103F9400FF3008BD082902D945210948F5E7012A5F
:103FA40004D11B0708D457210648EEE713F0080094
:103FB400EFD057210448E8E70020EAE728F00000A2
:103FC4004CF0000070F000008BF0000038B5124B8C
:103FD400044693F82430E3B105782846FFF70AFB3A
:103FE40080B1457223798372638843602078618845
:103FF40010F0080F09D14B1E0B4206D0452107488B
:1040040008F00DFC6FF0150038BD00F00DFB00202A
:10401400FAE76FF01200F7E780130020ADF000001C
:1040240038B5154B054693F824200AB393F8253088
:10403400F3B1FFF7DFFA044610B96FF0150038BD8D
:10404400837A012B0FD007D9023B012B07D900201B
:104054006369E060A361F2E700F068FFF7E72846D0
:1040640000F0E6FEF3E74521044808F0D8FBE4E756
:104074006FF01200E3E700BF80130020DAF00000C5
:1040840038B50E4B054693F8242082B193F82530B9
:104094006BB1FFF7AFFA68B115F008040AD12846EE
:1040A40000F0FAFE284601F029F9204638BD6FF0E9
:1040B4001200FBE76FF01500F8E700BF8013002043
:1040C40038B50C4B054693F824200C4662B193F89E
:1040D40025304BB1FFF78EFA48B144B1284600F0C1
:1040E400C1FE2070002038BD6FF01200FBE76FF0B6
:1040F4001500F8E78013002070B5134E044696F8B7
:104104002430C3B1FFF776FA0546B8B1230705D4C6
:10411400204600F0C1FE204601F0F0F82B7A83B966
:1041240001232B7296F825300BB9002070BD204670
:1041340001F0ACF8F9E76FF01200F7E76FF0150043
:10414400F4E76FF07700F1E7801300202DE9F043E6
:10415400DFF8F0801E4698F8243007468946154655
:1041640085B0002B6BD098F82530002B67D0030660
:104174000AD5FFF73FFA044630B1037A53B93A46F9
:104184004521314808F04BFB6FF01504204605B07B
:10419400BDE8F0834FF0FF334FF0FF3208F13800F1
:1041A40008F04CFCA37F33B108F1380008F048FC58
:1041B4006FF00A04EAE7A37AFDB173B301234FF069
:1041C4000008A377384601A9CDE90195CDF80C8004
:1041D40000F0E8FA1D4B024698422CD084F81E8069
:1041E4000EB1C6F800804521194808F018FB6FF09D
:1041F4000404184808F024FCC8E7E27F02B1E5771C
:10420400002BDBD100F098FEB842D7D000F088FE36
:10421400104808F015FC0024B8E7B8F80A30AB429F
:10422400F0D96268B5FBF2F302FB1353002BE9D11A
:104234000123E377E6E706B135600024D9E76FF0A0
:104244001204A3E78013002001F100000000AD0B6D
:1042540025F10000B81300202DE9F0411D46264B3E
:10426400174693F8242080460E46002A40D093F83F
:104274002530002B3CD010F0800F01D121B91FB1A3
:104284006FF01500BDE8F0814046FFF7B3F904462E
:104294000028F5D0037A2BB942464521174808F087
:1042A400BEFAEDE74FF0FF334FF0FF32144808F049
:1042B400C5FBE368B8469F4228BF98463EB937B964
:1042C40005B12B600E4808F0BBFB0020DAE742463C
:1042D4003046A16909F02AF8A3694344A361E3685D
:1042E400A3EB0803E360002DECD0C5F80080E9E7F8
:1042F4006FF01200C6E700BF8013002001F1000038
:10430400B813002070B5214D064695F82430002BD3
:1043140038D095F82530ABB303060AD4FFF76AF911
:10432400044630B1037A3BB932464521184808F0B7
:1043340076FA6FF0150070BD4FF0FF334FF0FF3287
:1043440005F1380008F07AFBE368B3B90126636924
:104354002677A361637F83B1FFF74AFA30B905F189
:10436400380008F06DFB6FF00B00E4E7067484601E
:104374000673FFF777F9FFF76DF9064808F060FB5D
:104384000020D8E76FF01200D5E700BF80130020AB
:1043940001F10000B813002010B5084B0C4693F847
:1043A40024302BB1FFF726F928B10460002010BD9A
:1043B4006FF01200FBE76FF01500F8E780130020A0
:1043C400014B1860704700BF8013002008B5074BED
:1043D40093F8243023B1FFF70DF920B1406808BDEC
:1043E4006FF01200FBE76FF01500F8E78013002070
:1043F40000F00F02082A08B50AD90B490B484FF4FC
:10440400D77208F07DF94FF4D771074808F06FF9B7
:10441400074B10F0800F03F1D80118BF0B4618208A
:1044240000FB023008BD00BF50F10000C1DF0000F6
:10443400501C002008B500F00F03082B0AD90849C6
:10444400084840F2C11208F05BF940F2C111044877
:1044540008F04DF9C043C0F3C01003EB001008BDD1
:1044640050F10000C1DF000008B50A4B1A78012A98
:104474000AD00949094840F2744208F041F940F26F
:104484007441054808F033F9002205491A700A609E
:1044940008BD00BFA422002050F10000C1DF0000CD
:1044A400081E002008B51F4A117801290AD01E49A8
:1044B40040F27C421D4808F023F940F27C411A483E
:1044C40008F015F94FF40060194BC3F80004C3F861
:1044D4000015D3F800140905FBD54FF40061C3F8A7
:1044E40000148021C3F81C150121C3F8301540F2D3
:1044F400FF11104B196000230F490B600F490B701B
:104504000F498968012908D007494FF49562074883
:1045140008F0F6F84FF49561D1E70A490B700223CD
:10452400137008BDA422002050F10000C1DF000078
:1045340000600350041E0020001E0020A022002062
:10454400A0020020A222002010B5104B1B78022BE1
:104554000AD00F490F4840F2DC4208F0D1F840F28B
:10456400DC410B4808F0C3F800220B4B0B4C1A70CB
:104574000B4A0C4B002808BF13463620C4F80033FE
:10458400FEF75CF90123C4F8043510BDA422002011
:1045940050F10000C1DF0000A3220020006003509E
:1045A400FDFFDF01FDFFFF01034B1878012894BFD5
:1045B40000200120704700BFA422002010B54FF056
:1045C400FF324FF0FF33154805F09EFBEFF31181E6
:1045D400202383F31288BFF36F8F114B1B7803F0F2
:1045E400FF0483B10F4BD3F8002412F400720AD1F4
:1045F4000120C3F82C05D3F82C05D3F8000480055A
:1046040002D5C3F82C25002481F31188BFF36F8FE2
:10461400024805F017FB204610BD00BFA002002091
:10462400A3220020006003504B1E0B4210B500F083
:1046340008030C460CD001071ED11B4940F26952F5
:104644001A4808F05DF840F26951174808F04FF82D
:1046540091B9020708D1144940F26B52134808F08B
:104664004FF840F26B51F0E713B1114BD3F81C35FE
:10467400FFF7BEFE848210BDA3B10D4B40F2FF32A2
:10468400D3F81C1540F2FF13802918BF13469C422F
:10469400EED9054940F26D52044808F031F840F271
:1046A4006D51D2E7402CF3E750F10000C1DF000068
:1046B40000600350F8B550B92149224840F24D42F8
:1046C40008F01EF840F24D411D4808F010F81E4B4A
:1046D4001C7894BB1D4A40F2FF1710600122264645
:1046E4001A7064F07F0514F0080FEDB214BF394658
:1046F40040212846FFF798FF2846FFF779FE01344A
:10470400092C867506730661EBD1002440F2FF176D
:10471400254614F0080FE6B214BF3946402130464E
:10472400FFF782FF3046FFF763FE0134092C8575DD
:1047340005730561EDD10648F8BD0648FCE700BFE6
:1047440050F10000C1DF0000A4220020081E002058
:104754000000AD0B0500AD0B08B543B200F00F002F
:1047640008280AD90C490D4840F2815207F0C8FFC5
:1047740040F28151084807F0BAFF002B084BB4BF40
:10478400D3F81025D3F8142501238340134214BF12
:104794000120002008BD00BF50F10000C1DF00006F
:1047A400006003502DE9F84381460C46FFF742FEB2
:1047B400EFF31188202383F31288BFF36F8F54B96A
:1047C400274940F2BC52274807F09AFF40F2BC51F7
:1047D400234807F08CFF19F00F0F03D1224B1B78ED
:1047E4004B4538D1214B01261B68214FDB433D68E3
:1047F4009BB286402B4333422FD14846FFF7F8FD46
:1048040019F0800F03460FD122686AB102F06042AA
:10481400B2F1005F08D012494FF4BA62114807F0B0
:104824006FFF4FF4BA61D3E701221A7394E80700CB
:1048340083E8070000221A619A754FF480020D4B39
:1048440035430D483D60C3F8042188F31188BFF354
:104854006F8FBDE8F8830948F7E70948F5E700BF1B
:1048640050F10000C1DF0000A2220020041E00203D
:10487400001E002000E100E00000AD0B0A00AD0BBB
:104884000B00AD0B10F0080F074B06D0D3F8C00493
:1048940010F4803F18BF0020704700F00F0000F5AF
:1048A400947053F820007047006003502DE9F04FD6
:1048B400A04BA14ED3F8542185B0DAB10022C3F83D
:1048C4005421D3F80413890214D58DF80C20D3F89D
:1048D400202503A8ADF80E20D3F8C034002B14BF54
:1048E4004FF001224FF48072336813433360934BCB
:1048F4001B6898478F4BD3F8604134B10022C3F84A
:104904006021D3F86C44C3F86C44D3F828214AB12D
:104914000022C3F828218A4B1878FFF78BFD012366
:1049240083401C43874F97F8008097F9009008F064
:104934000F03082B0AD984494FF49172834807F076
:10494400DFFE4FF49171804807F0D1FE18F00801A2
:104954007F4D40D1B9F1000F2DDA7E4A52F8230081
:1049640010B342F823101422534303F1A04303F578
:104974005833D3F80836784A03F0010311784B40D2
:104984001370764805F05EF94046FFF731FD837DEC
:10499400032B38D14046FFF74DFD012303FA00F005
:1049A4002B6823EA00032B604FF001084FF006093F
:1049B400DFF888A15DE06A4A52F823000028F3D0AA
:1049C40042F823101422534303F1A04303F5583350
:1049D400D3F80837CFE7B9F1000F564B09DBD3F80A
:1049E4005021002AE0D00022C3F85021D3F8A83780
:1049F400C1E7D3F82C21002AD6D00022C3F82C21F9
:104A0400D3F8A836B7E7037BE3B94046FFF712FDB6
:104A1400012303FA00F02B68B9F1000F23EA000325
:104A24002B6002DAB8F1880FBED106238DF80C3062
:104A340000238DF80F30414B8DF80E801B6803A8BE
:104A44009847B1E7B8F1000FAED10122394BDA64CF
:104A5400AAE794FAA4F0B0FA80F0326808FA00F3F6
:104A64001A430F28326024EA03042A6849DD1342FA
:104A740056D0002CEDD12F4BD3F800215AB1C3F8F6
:104A84000041384B03A81C702D4B1C700123039369
:104A94002A4B1B689847274BD3F85821002A6ED01D
:104AA4000022C3F85821D3F80044C3F80044E305B6
:104AB40008D501222B4B03A81A70022303931F4B22
:104AC4001B689847A00508D50022264B03A81A7036
:104AD40003230393194B1B68984761054FD5214A5B
:104AE4001378002B4BD0134BD3F82C1500293BD053
:104AF400154940F2F522154807F002FE40F2F5216F
:104B040021E71340B5D160F07F018DF80C908DF84A
:104B14000E108DF80F30DAF8003003A89847A8E794
:104B2400A0F110018DF80C908DF80E108DF80F8007
:104B3400F1E700BF00600350041E0020081E00209F
:104B4400A2220020A122002050F10000C1DF0000B9
:104B5400001E002008610350A0220020A0020020B3
:104B640030610350A322002011700122C3F80825EC
:104B74009A6504230393A74B03A81B689847A64B85
:104B8400D3F85C31FBB1A54B9B6813B93B785A064B
:104B940019D00022A04B03A8C3F85C21D3F88034B9
:104BA4009F4A23F07F0313702B6823F001132B60BB
:104BB400336823F4803343F0010333600523039304
:104BC400944B1B6898472A6833681A4200F0108196
:104BD40000220023914805F097F8002840F008814E
:104BE4008D4BD3F82C35002B00F091808B4805B009
:104BF400BDE8F04F05F026B849F0800A5046FFF7AB
:104C0400F7FB027B0446FAB14268B0F814800168ED
:104C1400904528BF904601F06042B2F1005F1CD17C
:104C24002068626840442060A068A2EB0802C307C1
:104C34004FFA8AF5626040F1A780B8F1000F40F0A6
:104C4400A68000222273A2E0764940F257327648C9
:104C540007F056FD40F2573175E6B8F1400F08D918
:104C640070494FF4C172704807F04AFD4FF4C171A6
:104C740069E642466D4808F059FB6C49D0E7226862
:104C84006AB102F06042B2F1005F08D065494FF4A6
:104C9400B272654807F034FD4FF4B27153E66268AE
:104CA400236890429DBF03EB0008121AC4F80080E9
:104CB4004FF000089CBF80466260704519460FD1D2
:104CC400003A18BF01226BB9B8F1000F5AD0554908
:104CD4004FF45A72544807F013FD4FF45A7132E6F8
:104CE4000022F0E7404543D9012202FA09F22BEAF7
:104CF400020202212A600622464BA1751B688DF828
:104D04000C208DF80EA08DF80F1003A89847336877
:104D1400D5F800B001931BEA03093FF467AF19F01B
:104D2400012314BF93FAA3F999FAA9F9B9FA89F9F5
:104D3400B9F10F0F7FF660AFA9F110035FFA83FAA0
:104D44005046FFF755FB027B0446002A3FF47CAF34
:104D54005046FFF797FDB4F814E070458FD93149F8
:104D640040F26312304807F0CBFC40F26311EAE5ED
:104D740008D02C4940F279322B4807F0C1FC40F2AC
:104D84007931E0E54FFA8AF5002A3FF45AAF012061
:104D9400019B00FA09F923EA09023260226987F8C3
:104DA40000A0424422610AF00F04082C08D91D49CE
:104DB4004FF4A4721C4807F0A3FC4FF4A471C2E59D
:104DC4001AF0080F144B16D1142202FB0432002DE2
:104DD400B5BF03EB84030A34C2F80016C2F8001707
:104DE400B5BFC2F80486C2F80487586043F82400AB
:104DF40005B0BDE8F08F002DB5BFC3F8A016C3F809
:104E0400A017C3F8A486C3F8A487B4BF58629864F3
:104E1400EEE700BF081E002000600350A00200203F
:104E2400A222002050F10000C1DF0000101C00206D
:104E340008B503070AD50849084840F2076207F095
:104E44005FFC40F20761044807F051FC044B40F456
:104E54008070C3F8180508BD50F10000C1DF0000E0
:104E640000600350030713D400F00F0310F0800F09
:104E7400084A0BBF03F5887303F5847302EB8302BE
:104E840052F8230008BF5068003818BF012070474B
:104E9400002070470060035008B503070AD509498C
:104EA400094840F2296207F02BFC40F229610548C9
:104EB40007F01DFC054BC3F80C0540F48070C3F8E3
:104EC4000C0508BD50F10000C1DF00000060035074
:104ED4000023036043600E4BD3F880240270D3F8A0
:104EE40084244270D3F88824D3F88C1442EA012233
:104EF4004280D3F89024D3F8941442EA01228280A9
:104F0400D3F89824D3F89C3442EA0323C38070472F
:104F1400006003500122014BDA64704700600350C3
:104F24000122014B1A657047006003500122014BB6
:104F34005A65704700600350014B1878704700BFF2
:104F4400A222002038B50446EFF31185202383F311
:104F54001288BFF36F8F03060AD51249124840F234
:104F6400536207F0CDFB40F253610E4807F0BFFBDC
:104F7400FFF760FA01230D4A03FA00F0136823EAED
:104F84000003136014F0080201BF04F00F04084B7F
:104F940004F5947443F8242085F31188BFF36F8FCC
:104FA40038BD00BF50F10000C1DF0000041E002026
:104FB400006003502DE9F04F044685B0EFF31187EC
:104FC400202383F31288BFF36F8FFFF711FA14F0D5
:104FD400800F0546404E2BD12046FFF72BFA4FF0A9
:104FE4000109D6F8008009FA00F030EA08000BD075
:104FF4002046FFF7A7FF0323AB7587F31188BFF3A0
:105004006F8F05B0BDE8F08F28732046FFF712FAC2
:1050140009FA00F028EA000030602046FFF70AFA97
:105024002E4A09FA00F9136823EA09031360E2E738
:10503400230715D4802C2A4B41D004F00F0202F22E
:10504400DA325200C3F80028D3F80428D3F804183D
:10505400D2B242F002020A43C3F80428D3F8043857
:10506400DFF87890D6F800B0D9F800A020466BEAB3
:105074000A0301934FF00108FFF7DCF9019B08FADA
:1050840000F00342B9D02BEA000030602046FFF75D
:10509400D1F900232B730323062208FA00F8AB7519
:1050A4008DF80F300F4B48EA0A00C9F800001B685E
:1050B4008DF80C208DF80E4003A898479DE740F228
:1050C400B472C3F80028D3F80428D3F80418D2B271
:1050D40042F00402BFE700BF001E0020041E0020AF
:1050E40000600350081E002038B50446094D4FF0F7
:1050F400FF324FF0FF33284604F006FE2046FFF748
:1051040059FF284604F09EFD4FF48002024BC3F879
:10511400042138BDA002002000E100E02DE9F041A7
:10512400394D2B7853B9394940F2BA42384807F01F
:10513400E7FA40F2BA41354807F0D9FA4FF0FF33A5
:105144004FF0FF32334804F0DFFD2B78022B08D0F8
:105154002E4940F2FC422E4807F0D2FA40F2FC41BC
:10516400E9E74FF480022C4B3620C3F88421FDF785
:1051740087FBA0B14FF00108284F294B3C681B68FE
:10518400240C24041C4354BB40F2FF13254E3B6003
:105194003620C6F80445FDF75FFBC6F80043224AF3
:1051A40013788BB100211F4BC3F808110121C3F8F8
:1051B4000026C3F804165960D3F808110029FBD05F
:1051C4000021C3F8081111700022164BC3F8002502
:1051D400104804F037FD01232B70BDE8F08194FAE8
:1051E400A4F6B6FA86F630460F2EC6BFA6F1100016
:1051F400C0B240F08000030701D4FFF7DBFE08FAD9
:1052040006F624EA0604BEE7A422002050F10000BA
:10521400C1DF0000A002002000E100E0041E002025
:10522400001E002000600350A022002010B5044698
:105234004FF0FF324FF0FF33114804F065FD204674
:10524400FFF7B8FE012304F00F029340DB430D4A3D
:1052540014F0800F15BFD2F81015D2F814150B40B6
:105264000B4014BFC2F81035C2F81435044804F0DA
:10527400E9FC4FF48002044BC3F8042110BD00BFC5
:10528400A00200200060035000E100E070B5044675
:10529400FFF762FA68B9012504F00F0214F0800FD9
:1052A400144B05FA02F205D0D3F810150A43C3F8DB
:1052B400102570BDD3F814150A43C3F81425631ED2
:1052C400062BF6D8EFF31186202383F31288BFF35D
:1052D4006F8F2046FFF736FE2046FFF7ABF8064AED
:1052E4008540136823EA0503136086F31188BFF32E
:1052F4006F8FDEE700600350001E0020020710B528
:1053040004460AD50B490C4840F20F6207F0F8F93D
:1053140040F20F61074807F0EAF9030605D4FFF7E6
:10532400A1FD10B12046FFF70DFE044BC3F818454C
:1053340010BD00BF50F10000C1DF00000060035049
:1053440037B540230C460A490093411A49110546D2
:105354002346084A084807F0B4FB011E05DA28462C
:10536400234603B0BDE83040184703B030BD00BF4A
:10537400201E002033CB000018D50000C9B2032939
:1053840008B508D9084909487F2207F0B9F97F21EF
:10539400054807F0ACF90C22036901FB0233D3F88A
:1053A400880000F0070008BDA8F10000C1DF00007C
:1053B40070B5C9B2032903690AD91949194840F2D9
:1053C400D11207F09DF940F2D111154807F08FF979
:1053D400EFF31185202484F31288BFF36F8F0C261A
:1053E40006FB0134D4F8884014F0C00408D0A2426B
:1053F40006D085F31188BFF36F8F4FF0FF3070BD77
:10540400012271430B44C3F8882085F31188BFF34C
:105414006F8F43680B445B6898470020EFE700BF39
:10542400A8F10000C1DF000070B50D46064904462E
:10543400411A491140220548FFF7BAFF2B4601469D
:105444002046BDE870401847201E002018D50000F3
:105454002DE9F8430022012106460520FDF71EFA36
:10546400114802F053FA114B984219D102F05EFA36
:1054740000244FF00C080127DFF8349035694946C1
:1054840005EB441007F0A6F9002807DB08FB0455D8
:105494000134042CC5F88870F0D10020BDE8F883ED
:1054A4006FF00400FAE700BF755500000000AD0B73
:1054B40074DA00001FB500220123CDE902236B46F4
:1054C400084ACDF800D0CDF804D007F029FB002815
:1054D40005DB4FF480420023684604F015FC05B058
:1054E4005DF804FB63CB000010B5EFF311842023B7
:1054F40083F31288BFF36F8F074A136823F0020106
:10550400DB07116002D4012002F0BEFA84F3118893
:10551400BFF36F8F10BD00BFD01E00200C22124BB2
:10552400014602FB0033002030B4D3E92052C3F813
:105534008000EFF31180202484F31288BFF36F8F6F
:10554400D3F8884004F0C00444F00204C3F888404F
:1055540080F31188BFF36F8F1DB12B4630BC034815
:10556400184730BC704700BF201E002018D500002B
:1055740008B5092821D8DFE800F0051320202020F1
:105584002015110F124BD3F8880010F007001DD11D
:10559400BDE80840FFF7C2BF0220F9E70320F7E7A0
:1055A4000120F5E70B494FF43D720B4807F0A8F8CA
:1055B4004FF43D71074807F09AF806494FF44172D9
:1055C400054807F09DF84FF44171F3E708BD00BFAB
:1055D400201E0020A8F10000C1DF000010B4EFF38A
:1055E4001182202383F31288BFF36F8F1848016858
:1055F40041F002040460C80707D482F31188BFF3A2
:105604006F8F012010BC02F0BDB94FF05021D1F8CA
:105614000C04D1F80C14C907EFD5EFF3118083F310
:105624001288BFF36F8F0B49D1F8883003F0C003A1
:1056340043F00203C1F8883080F31188BFF36F8F01
:1056440082F31188BFF36F8F002010BCFFF766BF91
:10565400D01E0020201E0020024BC0B203EB4010DD
:10566400704700BF201E00202DE9F04101220646AC
:105674004249D1E8EF3FC1E8E02F0028F9D19BB9B6
:105684003F4940484B60CB608A60FBF729FB002808
:105694000ADA3D494FF429723C4807F031F84FF4D7
:1056A4002971394807F023F876B3731E012B5BD8B0
:1056B400012E07D14FF05023D3F81C3403F0030319
:1056C400022B21D007F065FD0546F8B9304B1B7855
:1056D400E3B14FF0502302220746C3F808234FF0EA
:1056E4005024DFF8B080D4F81824D4F81834D20346
:1056F40015D503F00303022B01D0012E0FD16DB396
:1057040087F31188BFF36F8FBDE8F081EFF3118742
:10571400202383F31288BFF36F8F0125DFE7C5B120
:10572400384607F0EEF8D4F81835DBB2012BDAD19D
:10573400D4F80421002AD6D00022C4F80421D4F8D5
:1057440004210222C4F818252022C8F88021A3606D
:10575400C9E70021212005F00DFCE4E74FF05023B8
:105764000222C3F80423CFE7074940F2B6220748D0
:1057740006F0C6FF40F2B62193E700BF1C1E0020CE
:105784000C1E0020401E0020A8F10000C1DF000014
:105794006423002000E100E008B5074807F037FC67
:1057A40038B10648FDF772FB0448FBF787F8002080
:1057B40008BD6FF01200FBE778D50000C557000064
:1057C4000A2838B50446074D04D1AB680D21284694
:1057D4005B689847AB6803485B68E1B2984720462A
:1057E40038BD00BF78D5000010B5036941B91C4924
:1057F4003F221C4806F084FF3F21194806F077FF3A
:10580400486830B916494022164806F079FF40210D
:10581400F3E75868F8B1884219D19C680868A14236
:10582400586000D19860002008602AB15A680A6064
:105834009A68596002B99960002010E0814206D14B
:105844000868206098688142EDD19C60EBE70446CB
:1058540000680028F2D1002AE8D16FF0150010BDCD
:105864001FF20000C1DF000008B5036802465909B1
:1058740013D0012906D14FF6FF7103F01F03D9405D
:10588400C80711D40A490B4840F2CA3206F038FF5F
:1058940040F2CA31064806F02AFF4FF0FF31D940E2
:1058A400C907EFD5044800E00448136008BD00BFF1
:1058B40045EB0000C1DF000000258450002884501F
:1058C400F0B5406801F01F04057B87B044EA451435
:1058D4000569002D76D0B2F5001F00F1100506D140
:1058E4002146284607F07AFB002007B0F0BD0027C8
:1058F400B2F5800F01AE0197776033D1B3F1007F29
:1059040014BF052304238DF804300023CDE9046378
:1059140003938368CB40D90739D4B2F1A07F36D141
:1059240068460094FFF7A0FF009B803350F82330B3
:10593400DB072CD46A462146284602F0C7FB244BD9
:1059440098421AD0CDF808D02146284603AA02F07E
:105954007DFA204B984238D101222146284602F094
:1059640043FCC1E7B3F1C06F05D0B3F1007F14BFAE
:1059740001230223C7E70323C5E76946284602F04B
:105984002BFC144B9842DDD06FF00B00ADE76A4658
:105994002146284602F09AFB0E4B06469842D3D184
:1059A40028469DF8001002F00FFCB042CCD00A4902
:1059B4000A4840F2E11206F0A3FE40F2E111064863
:1059C40006F095FE6FF085008FE76FF015008CE709
:1059D4000400AD0B0000AD0B5BF20000C1DF000062
:1059E4002DE9F043466840F20635337BD00601F0DA
:1059F4001F0747EA431748BF032302EA050558BFB8
:105A0400C2F3401387B0B5F5837F14468DF8033095
:105A140043D00FD8062D18D007D8B5B1022D3ED0EB
:105A24006FF0150007B0BDE8F083B5F5807FF7D1BE
:105A340001250AE040F20222954232D0B5F5407FBA
:105A440031D0B5F5007FEBD1022522032DD50123FA
:105A540072688B409360336973BB03A80397FFF7A5
:105A640003FF039B00EB830084F48033C3F3004300
:105A7400C4F34044D0F8002244EA43049DF80330C0
:105A840022F4706244EA830422F00F0244EA0523FC
:105A94001343C0F800320020C4E70725D5E70425E6
:105AA400D3E70525D1E70325CFE7630341BF0123EE
:105AB40072688B40D360CEE71036394630460DF11C
:105AC400020202F003FB14F4403F804616D139462B
:105AD400304607F081FA244B9845DCD130469DF8D6
:105AE400021002F071FB4045D5D020492048DE2247
:105AF40006F006FEDE211D4806F0F9FD4FF0000910
:105B040001AB3946304603AACDE90439CDE9019900
:105B1400CDF80C9002F09AF9134B984280D114F40A
:105B2400003315D09DF8033084F48034C4F300446A
:105B34008DF80E3039464B46304603AA8DF80C508A
:105B44008DF80D4002F03CFA074B9842C3D067E74A
:105B5400CDE9043339460DF10303304603AA039318
:105B640002F074F9F0E700BF0000AD0B5BF2000037
:105B7400C1DF00004209034670B502D0012A1AD0E1
:105B840070BD124E326951680029F9D0012503F025
:105B94001F030C689D400029F2D08A682A400ED069
:105BA4004B6853B90A490B48642206F0A9FD6421E5
:105BB400074806F09CFD084EE4E7304698471CB1C0
:105BC400236821461C46E6E72346FAE758D5000039
:105BD4001FF20000C1DF000038D5000038B5456869
:105BE4002B69B3B11035284602F0E4FA044680B9B3
:105BF4000146284602F094FA084B98420BD12246FB
:105C04002846074902F05CFA224605210D20FCF7DC
:105C140045FE002038BD6FF00400FBE70000AD0B2B
:105C2400795B000008B500220023D0F8840003F05B
:105C3400C5FA021E05DA0448452106F0F0FD0020ED
:105C440008BD0120FCE700BF9FF20000002330B52F
:105C540085B0CDE90133039390F8ED3004461BBBC6
:105C6400204601A9FFF7DEFF00283ED16FF00B05A7
:105C7400D4F8E40002F0A8FE94F8F1305B0702D5F2
:105C84002068FBF7B1F8029911B1E06903F008FB51
:105C9400019919B1D4F8840003F002FB042384F8B9
:105CA400EC30284605B030BD01A906F0AEFF20B99E
:105CB4004521144806F0B3FDD8E794F8ED30012BE4
:105CC400CED1029B0022C4F8E830D4F8E40001A944
:105CD40002F0F2FC0C4B0246984210D045210B48CE
:105CE40006F09DFD6FF00405C2E794F8ED30002B3B
:105CF400E7D1D4F888309B08ADF80C30E1E70025F3
:105D0400CFE700BFCAF200000000AD0BE6F20000CE
:105D140037B50446002201212820FCF7BFFD636843
:105D240000215D6B01AA284607F02FF8002825DB27
:105D3400019B2A681979186801F05CF800281DDBBA
:105D4400042308220E490F4807F0B0F9042308225F
:105D54000D490E4807F0AAF900202469FFF77CFCDE
:105D6400206050B90A490B4840F2923206F0C8FC50
:105D740040F29231064806F0BAFC002003B030BD70
:105D84000C1F00208C000020EC1E0020F4000020DA
:105D940010F30000C1DF0000F0B5056987B01346B9
:105DA400CDE9011295F8F120D20706D445212C48FB
:105DB40006F035FD6FF0040034E095F8EC20511E38
:105DC400012904D94521274806F029FDF2E72A6A6A
:105DD4009A4201D3032B02D845212348F4E76C6A85
:105DE40005F15006631C1FD04FF4004740F2E73022
:105DF400002124EAE4744FF47A720023C4FB0701FF
:105E0400FAF7A6F902460B46304601A903F018FB3F
:105E1400002807DB95F8EC30022B02D195F8F0301E
:105E240033B9002007B0F0BD4FF0FF321346EBE763
:105E34000026284603A9CDE90366059606F0E5FE8B
:105E440020B94521094806F0EAFCEAE7284685F826
:105E5400F06003A906F0ECFE0028E2D1AAE700BF37
:105E640013ED00003AF3000059F300008FF3000033
:105E7400F0B5044688070F4685B04AD5614D95F8BC
:105E8400EC30D5F8E810032B04BF012385F8EC307F
:105E9400002933D06368994202D0E86903F000FA1C
:105EA4000023D5F8E400C5F8E83002F08DFD95F83C
:105EB400F130590702D52868FAF796FF21680029BE
:105EC4003CD16368002B7BD1FB0740F19880002311
:105ED4004C4CCDE90133039394F8ED304BB194F875
:105EE400EE30002B77D0D4F8E83002930123ADF8DC
:105EF4000C3001A9434806F09BFE80E0D5F8E4008D
:105F040002F062FD95F8F1305A0702D52868FAF7D5
:105F14006BFF002CD2D13B4C94F8EC30032B06D011
:105F24004521394806F07BFC042384F8EC30D4F88E
:105F3400E40005B0BDE8F04002F022BD314D95F813
:105F4400EF6026B1D5F8840003F0AAF9B9E72389F4
:105F540001919B0002930022002301A905F1B800DE
:105F640003F06EFA002811DA4521284806F057FCA0
:105F7400042385F8EC302168D5F8840003F090F907
:105F84006368FBB91F4BD3F8E400D2E795F8ED3012
:105F94005BB16368002B97D01A4AD2F8E810994293
:105FA40012D1012382F8EF30ECE795F8EE60002E71
:105FB400EFD0012385F8EF306368002BECD1E1E7E3
:105FC4000026E9E70126E7E71946D06903F068F9F6
:105FD400002ED7D178E7204601A906F016FE002846
:105FE40087D194F8EC30032B4FF0010305D1D4F89A
:105FF400E82084F8EE30029279E784F8F03005B0B6
:10600400F0BD00BF3C000020B3F30000DAF3000051
:106014002DE9F04F056995B095F8ECC01446BCF134
:10602400010FD0F804B0019105D062464521A8487B
:1060340006F0F5FB42E0D2F80490B9F1000F27D145
:10604400284606F02FFE019B013B012B1CD895F836
:10605400F1303C2269F3000385F8F130494605F13B
:10606400140007F08AF9019B022B0BD195F8F1304B
:106074003C226FF34103002185F8F13005F17C00E7
:1060840007F07BF900201BE0019B002BEED0F9E721
:1060940093680BB1D76857B98E498F4840F2BB1249
:1060A40006F02EFB40F2BB118A4806F020FB17F0E5
:1060B400030708D04521894806F0B1FB6FF01500AD
:1060C40015B0BDE8F08F0AAE0BF10C0EBEE80F0060
:1060D4000FC6BEE80F000FC69EE80300237886E8CB
:1060E4000300182B9BF82C600CD007D8082B0CD07D
:1060F400102B1AD01A464521794899E7202BF9D15B
:10610400032200E00222029200E00297A27802F049
:106114000708B8F1030F0BD0B8F1040F13D0B8F18E
:10612400000F14D045216F4882E7CDF808C0EDE791
:1061340000214FF00108039112F03801049109D0B5
:106144004521694874E7012188460391F4E7CDF8B5
:106154000C80F1E76278022A009204D0012A04D06C
:106164004521624864E7049A0092E27802F006014D
:106174000629069117D1DBF80420D2F86025002AFD
:1061840017DA0023059395F8F12063F3820285F86A
:10619400F12094F90330E278002B01DB530666D535
:1061A4004521534844E702F0060121B145215148F5
:1061B4003EE7012206929BF838205B00022A4FF04A
:1061C400000A4D4A079308BF00224FF0FF3308929C
:1061D400CDF814A00993494B079A33F82A60079B1A
:1061E400B6FBF3F302FB13632BBB06FB09F1089A1E
:1061F400080502EB5102090BF9F7AAFFB0F5801F5D
:1062040019D84FF48013B3FBF0F3089AB2FBF3F3FD
:10621400B3FBF6F6099AB14594BFA6EB0906A9EBC0
:106224000606964207D25FFA8AF2049202031F46D8
:1062340005922EB109960AF1010ABAF1090FCAD1E1
:106244002E4B049A492103EB82029678049A2C4837
:1062540033F822303A46B7FBF3F306F0E0FA9BF842
:106264003830DDF818C0003B18BF01238BE7019BD1
:10627400013B012B46D9019B002B7FF403AF0FCCCC
:1062840005F17C070FC723688DF848603B60039BCA
:106294008DF83DC08DF83F30029B8DF83E808DF81F
:1062A4004030009B05F190048DF84130059B0AAE07
:1062B40011930FCE0FC40FCE0FC496E8030084E8E9
:1062C400030095F8F13043F0020385F8F130D9E684
:1062D400F3F3000010F30000C1DF000016F4000027
:1062E4004BF400006AF400008FF40000B6F40000E0
:1062F40036F50000DEF400000048E801FCDD000093
:1063040006F50000A64605F11407BEE80F000FC706
:10631400DEF800308DF83DC03B60039B8DF83E8075
:106324008DF83F30029B8DF848608DF84030009B1B
:1063340005F128078DF84130059B0DF1280E1193C6
:10634400BEE80F000FC7BEE80F000FC79EE80300AA
:1063540087E8030095F8F13043F0010385F8F13044
:10636400019B022B8BD08DE6F7B5022907460D461B
:10637400164604690CD194F8F13003F00303032B9F
:106384001BD04521624806F04AFA6FF0040068E029
:1063940001290BD194F8F13013F0010FF1D0042E40
:1063A40058D8DFE806F0193C3C6050000029E8D1D9
:1063B40094F8F13013F0020FF0E7282204F1900171
:1063C400A01806F0E2FF20B9226AD4F888309A4275
:1063D400E5D045214F48D6E794F8EC30012BD4D1D1
:1063E400002384F8ED50A4F8EE3084F8F0303D69D1
:1063F4007C6895F8ED302268012B0CBF05F128016B
:1064040005F19001D5F8E40002F06CF8424B024625
:10641400984238D04521414806F001FAB5E794F88E
:10642400EC30022BB1D194F8ED30AB4223D1022EE3
:106434004FF0030353D1B5FA85F56D0984F8EC30B8
:1064440084F8EE5050E094F8EC30042B9DD12946AA
:10645400204656E032464521314806F0E0F96FF017
:10646400150003B0F0BD94F8EC30022B3ED194F843
:10647400ED309D423CD0009332462B4645212948BD
:1064840006F0CDF9EBE7022385F8EC3094F83830C8
:106494006268991E4B424B41C2F82C3595F8F13095
:1064A400580716D5204B0022AB60032328682A61C5
:1064B400EB60291DFAF714FC041E15DAD5F8E40084
:1064C40002F082FA012322464521184885F8EC306F
:1064D400A2E72846FFF7BAFB00EAE070C1E784F8B8
:1064E400EC30012384F8EE300020BAE7012B06D00B
:1064F4000123D4F8E40084F8EF3002F041FA29468D
:10650400386906F0CFFB012384F8EC30ECE700BFD8
:1065140013ED000057F500000000AD0BD5F50000A9
:1065240083F500009CF500007FCC0000FBF5000023
:10653400F7B50369144693F8F1200D46920707D482
:1065440045211A4806F06BF96FF0040003B0F0BD62
:1065540093F8EC2003F1B807042A25D0D3F88C6013
:10656400731C1DD04FF4004C40F2E730002126EAA2
:10657400E6764FF47A720023C6FB0C01F9F7E8FDC6
:1065840002460B466946384603F00AF810F1230F19
:10659400DAD00028DAD1009B2B60019B2360D5E779
:1065A4004FF0FF321346EDE70022FBE713ED000046
:1065B400014806F0E6BB00BF18D6000003460A46B1
:1065C4002DE9F0411979DB880068134303F03002A8
:1065D400302A0669D0E901470AD12F4940F2E23254
:1065E4002E4806F08DF840F2E2312B4806F07FF891
:1065F4002B4A2C4D1A40AA4208D1274940F2E632D0
:10660400264806F07DF840F2E631EEE703F0060294
:10661400042A08D1204940F2E932204806F070F8F3
:1066240040F2E931E1E713F4402212D09D0308D48B
:1066340019494FF47B72194806F062F84FF47B71E4
:10664400D3E7B2F5402F14D0174A9A4301D183F40B
:106654004023012524688D40254223F4801211D162
:106664000D494FF47F720D4806F04AF84FF47F71DC
:10667400BBE709494FF47C72084806F041F84FF42F
:106684007C71B2E73468DB074CBF2C43AC43346005
:106694003B68BDE8F04118472FF60000C1DF000059
:1066A4000200030002000100010010002DE9F34183
:1066B4000369466893F81455002D38D0F46B01A98A
:1066C400206806F018FB2379019C3279DC404FF0F6
:1066D400FF33934024EA0304E4B2204602B0BDE849
:1066E400F08101A906F007FB10B9019B1F4203D0FA
:1066F40008FA05F32343DCB201353379AB42ECDD10
:10670400F36B53F8350003EBC502436817791B6834
:1067140008FA07F71F42E4D10749084840F23462F7
:1067240005F0EEFF40F23461034805F0E0FF2C462B
:106734004FF00108E1E700BF2FF60000C1DF0000C1
:106744002DE9F0474568EC6C9CB119B34FF4004057
:106754000021EE682F4D0023E6FB00512E4A284607
:10676400F9F7F6FC02460B462046BDE8F04703F075
:1067740047BE6B6C73B1002914BF4FF0B8664FF479
:1067840000164FF00108DFF8949006F400072B7907
:106794009C4201DBBDE8F087EB6B03EBC40253F8CA
:1067A400340011798368D0F804C0D3F818A00269C2
:1067B400BAF1000F28D0DCF800C008FA01F313EA9C
:1067C4000C0F0AD11649174840F2933205F098FF8E
:1067D40040F29331124805F08AFF9FB112681342C8
:1067E4000CBF32464FF0707202EA090302F0B07235
:1067F400D047034658B12246BDE8F04745210A4830
:1068040006F00DB83246EFE76FF05703F3E70134B3
:10681400BDE700BF3F420F0040420F0040000006AA
:106824002FF60000C1DF000060F600002DE9F04102
:1068340046684C1C076996F805C01FD00124881CC3
:1068440006BF04FA0CF404F1FF348C4097F8155594
:10685400002D60D0336C18681979036904FA01F2C9
:106864001B685A400123846803FA0CF3A468013BB3
:1068740003FA01F12346BDE8F04118470024E5E797
:10688400D7F81035326C6340EB40D90730D596F811
:10689400543002EBC500002B32D052F83530017968
:1068A4005A6808FA01F1126808FA05FC1142D3F893
:1068B40010E00CEA040C0AD11849194840F28D6220
:1068C40005F01EFF40F28D61144805F010FFDEF85C
:1068D4000020114205D0BCF1000F05D09A6812695E
:1068E40004E0BCF1000FF9D09A68D26818469047CA
:1068F40001357379AB42C3DCC7F81045BDE8F081BC
:1069040024FA05F3DB074CBF4FF4D0114FF4803168
:10691400FFF754FEECE74FF00108EAE72FF600001A
:10692400C1DF00002DE9F84F0646002544680769D9
:106934006379AB4225DC00252379AB424CDCE06C67
:1069440010B1216D03F0CCFC2179E06B06F0DFF986
:1069540087F8140594F854302BB16179206C06F053
:10696400D6F987F81505304600F0F0F98146D0B91C
:106974007268516CB9B9D26CAAB9304606F001FA02
:1069840011E0D4F8408058F8350008EBC50906F04A
:106994003EFB58B958F8353045211A68304805F09F
:1069A4003EFF6FF012094846BDE8F88F94F8543062
:1069B4006BB14FF4B0114846FFF700FE814648B171
:1069C4004B462A464521274805F029FFEBE74FF4BB
:1069D4008031F0E70135ABE7D4F83CA04FEAC50BB2
:1069E4005AF835000AEBC50806F011FB10B95AF83D
:1069F4003530D1E74FF480314046FFF7DFFD814663
:106A04000028DDD1616C41B30C23012203FB051185
:106A1400A06C98F8043002FA03F350B912491348F1
:106A24004FF4DB6205F06CFE4FF4DB610E4805F0B9
:106A34005EFEC1E901035AF80B008368DB694BB1C0
:106A440001229847B0F1000907DA4521084805F00A
:106A5400E6FEA8E76FF05709F7E701356CE700BFDA
:106A64008FF60000A4F600002FF60000C1DF00003E
:106A7400C9F600002DE9F04F044643688FB0D3F8FF
:106A840000A003690A936FF00101204606F059F94A
:106A94002046DAF80830012198472046DAF8043015
:106AA400984710B1204606F06CF90A994FF0FF326E
:106AB4004FF0FF3301F17C0003F026F9DAF80830D7
:106AC400002120469847D4F804B00CA8594606F093
:106AD4003CF9DDE90C23CDE9082306F0C3F90026CF
:106AE40067680B903D6804967B799E425CDB4FF0AF
:106AF400FF31204606F025F997F820302BB1636862
:106B04005D6B58790023834268DB656827696B6B8A
:106B1400059306F0A7F997F87830069047F8230014
:106B2400059B03F1FF3C00236A79934264DB002652
:106B34006B799E42C0F284801E2297F8783001332C
:106B4400B3FBF2F102FB113387F87830049B002B7E
:106B540000F0E48061680CA806F0F7F8DDE90C2386
:106B6400CDE9082306F07EF90B9B6268C01A002366
:106B74005579D9B28D4200F2DC800022DBE90213A0
:106B8400002A18BF0B46704AA0FB0202C00B40EA61
:106B94004240181AB0F57A7F40F2D380984228BF59
:106BA400184604F023FA98E77B6A0BB19B5D9BB10E
:106BB4002046314606F0C5F8F86906F024FA6B68F9
:106BC400204698477B6A0BB19B5D18407B6B9855B8
:106BD400049B1843C3B20493013685E7EE5C01338A
:106BE400002E90D01A4682428DDAA95C31404F1EA5
:106BF4000F42ABD10132F6E7296B1CF8012FC95CB7
:106C04008A420CD000264A4029798E4209DBE96A7F
:106C1400C85C0243CA549CF800102A6BD154013357
:106C240082E722FA06F0C00708D503FB016197F852
:106C340078E0A86B01F0FF0100F801E00136E3E71A
:106C4400EB6A9B5D0793002B65D1013670E7012247
:106C5400059802FA08F110F806900798CAB20142A2
:106C640053D006FB0383A86B03F0FF03C35C0698B1
:106C740057F8233012EA0909A0EB03033248A3FBB7
:106C840000304FEAD33343EA404C6B69A86918BF1C
:106C94001846844539D3E86A835D23EA01038355A2
:106CA400AB6A995D02EA010081452ED04A409A55AB
:106CB4004FF0FF324FF0FF33CDE902230022334679
:106CC400032100922046FCF701FC4FF0FF324FF005
:106CD400FF33CDE9022300224346032100922046DC
:106CE4000122FCF7F3FB4FF0FF324FF0FF33CDE905
:106CF40002230122B9F10003009218BF01234FF4CB
:106D0400A57201212046FCF7E1FB08F101082B796B
:106D140098459CDB99E74FF00008F8E7DDE9082384
:106D24000CA806F0D1FADDE90C2313437FF41AAF63
:106D3400A9E6D16AC95C013300293FF41AAF0122E4
:106D44001CE74FF47A702CE740420F00F0B505467B
:106D540089B006690122002106F17C0006F0DCF905
:106D640006F1900700240022002306F58871CDE97E
:106D7400062338464FF48062CDE90344CDE901444B
:106D8400054B009503F09AFB2968384606F007FA8C
:106D9400204609B0F0BD00BF796A000008B5036859
:106DA4000246590913D0012906D14FF6FF7103F0A9
:106DB4001F03D940C80711D40A490B4840F2CA320C
:106DC40005F09EFC40F2CA31064805F090FC4FF0F5
:106DD400FF31D940C907EFD5044800E004481360E7
:106DE40008BD00BF45EB0000C1DF00000025845052
:106DF400002884502DE9F04F1546824640F2FF19D1
:106E040085B000EB8108D04503D1002005B0BDE872
:106E1400F08FDAF80030C3F3C3210829C3F3080460
:106E240000F2BB80604A1B0E4C4508BF4FF0FF3494
:106E3400575C222B00F2B480DFE803F012192124FE
:106E4400B2B2B2B2B2B2B227575A6A6D70737679DF
:106E5400B2B27C909396B2B2B299A0A3A6A9AC00A8
:106E6400C5F80C45631C6FD10AF1040ACBE7C5F8D9
:106E74001445601CF8D000264FF0000B0EE0C5F856
:106E84000845EFE7C5F81045F3E7C5F80845002FB6
:106E9400EFD1631CE8D000260627B346DAF80030A9
:106EA400039403F40040002803A81CBF01264FF0FC
:106EB400000B0193FFF772FF039C019B00EB84001E
:106EC400D0F80042C3F3412C24F443343B0243EA98
:106ED4008C0324F4437443EA0B0324F00304234394
:106EE40043EA4603C0F80032BEE7C5F80C45CEE7D6
:106EF400C5F86445661CB7D003A80394FFF74EFF9A
:106F04000121039B01FA03F3C3600126B346C5E7DD
:106F1400C5F86445ADE7C5F86845EBE7C5F86845CD
:106F2400A7E7C5F86C45A4E7C5F87045E2E7C5F8DE
:106F34006045DFE7C5F86045611CDAF8003093D09E
:106F4400C3F30043002BD7D003A80394FFF726FF15
:106F54000121039B01FA03F38360D6E7C5F8644576
:106F6400EAE7C5F86845E7E7C5F86C45E4E7C5F81E
:106F74002445621C3FF478AF01267DE7C5F8284517
:106F840070E7C5F83045F4E7C5F83445F1E7C5F8CE
:106F94003845EEE7C5F83C4564E76FF0150035E782
:106FA4006FF0850032E700BF18F700002DE9F041CB
:106FB40004460D46476806F0ECF84FF0200888B9FF
:106FC400264B1B7873B16426606805F00BFFF0B99B
:106FD400012005F057FF013EF6D10021212003F0E6
:106FE400C9FFF0E7EFF31186314688F31288BFF347
:106FF4006F8F606805F0F6FEA8B986F31188BFF3B9
:107004006F8FEFE786F31188BFF36F8FE5E7EFF338
:107014001186314688F31288BFF36F8F606805F0DC
:10702400E1FE0028EED0FB6900201D706368FA6958
:107034001B68C3F844250122C3F84825C3F820017E
:10704400D3F82041C3F85801D3F858019A6081F36A
:107054001188BFF36F8FBDE8F08100BF6423002067
:10706400F8B50546002201210820FBF717FC08208B
:10707400FBF7E4FB6C680121E06805F0E4FE6B6853
:1070840019682369C1F82435A27D637D207D1343EB
:10709400228B02431343C1F86C356E68D6E9004372
:1070A40013F0010349D02F6907F1080000F09EFB9B
:1070B4002F4B984206D02F48452105F0B0FB6FF0C6
:1070C4000400F8BD387A04F10C0204F5907105F05F
:1070D400DBFE387A012707FA00F000F059FB082399
:1070E400C4F80035F369C4F844350023C4F84835BE
:1070F400A760D4F85831002BFBD00026C4F80065F3
:107104006B683146D86805F09EFE6D683146E868C4
:107114002C6805F098FE0823C4F800352A7A52B981
:107124002B6AC4F834350123C4F83835C4F8102167
:10713400D4F8102123600020C3E70822C4F80025F6
:10714400F269C4F84425C4F848350123A360D4F88F
:107154002031002BFBD00023C4F82031D4F8203197
:107164000123E3604FF48073C4F80433C1E700BF24
:107174000000AD0B21F7000070B40E4922F07F46E9
:10718400D1E90034D01AC31844F10004C1E9003431
:10719400A6F50013B3F5400F09D2074B1B681A0A72
:1071A4001B069C19054B42F10005C3E9004570BC60
:1071B40004F02CBBB8090020941F0020C009002053
:1071C4000D4B1868010A0006BFF35F8F0B4BD3F811
:1071D4000435181841F10001B3F5801F0AD2084B99
:1071E400D3E90023904271EB030303D210F18070C2
:1071F40041F10001704700BF941F0020005001506E
:10720400C00900202DE9F7432E4BD3F8042390073F
:107214000BD5D3F8042142B10022C3F804212A4A31
:10722400D3F80431136801331360264AD2F80433C7
:10723400D90326D5254BD3E8EF1F21F00100C3E87D
:10724400E40F002CF7D1CB0702D4D2F84031C3B1FC
:1072540000251C4CC4F84051D4F84031FFF7B0FF6E
:10726400EFF31182202383F31288BFF36F8F184B3F
:10727400D3E90267B042B94106D282F31188BFF361
:107284006F8F03B0BDE8F0834FF0FF38D3E90010EF
:107294004FF0FF391D60C3E902894FF48033C4F80D
:1072A4004833C4F84051D4F8403182F31188BFF315
:1072B4006F8F0029E5D0009032463B462846884728
:1072C400DFE700BF00500150941F00208C1F0020F6
:1072D400A80900202DE9F84F04460D46434FD7E88E
:1072E400EF8F28F00103C7E8E23F002AF7D14FF4FB
:1072F40080393F4EC6F80893BFF35F8FBFF36F8F9B
:10730400FFF75EFFA04271EB050308F0010840D2CD
:10731400384B201A65EB0101984271F1000148D203
:10732400354BD3E902239D4208BF94423AD04FF033
:10733400000C24F07F40834603216FF0020EC6F850
:107344004893C6F840C1D6F84031DFF8B0A02BF01E
:107354007F43C6F84035C6F84493D6F80425AEEB0F
:1073640002035B4423F07F4353451BD9D6F84031D5
:107374005BB1D6F80425131A23F07F43B3F5000F4D
:1073840010D9C6F840C1D6F8403101EB020B0131E7
:10739400DDE71B4BD3E8EF1F41F00101C3E8E21F17
:1073A400002AF7D1144B174AC3E902451A60002298
:1073B4005A60B8F1000F16D0D7E8EF3F43F001034D
:1073C400C7E8E23F002AF7D14FF48032084BC3F8F4
:1073D40004230B4BD3E8AF3FDB0742BF4FF400124B
:1073E400094BC3F80021BDE8F88F00BF901F0020AF
:1073F4000050015001008000A8090020FDFF7F001B
:107404008C1F00207D71000000E100E070B54FF09A
:10741400FF3000254FF0FF31164C174B0226C4F8FD
:107424000833C4F84833154BC4F80855C3E90201BE
:107434004FF480334FF40012C4F80433104B01218D
:10744400C4F804631520C3F880212A46FBF726FA02
:107454001520FBF7F3F901230A4AA36000212360F6
:1074640009481360FFF736FF3046FEF7FDF828465B
:1074740070BD00BF0050015003000F00A809002098
:1074840000E100E0901F0020FFFF7F00431C10B5C7
:107494000F4C05D08442A8BF0446012CB8BF012478
:1074A400FFF78EFE0B4AD2E90031C01AB0F5000F87
:1074B400074A0AD22044904228BF1046BDE8104033
:1074C400C01841F10001FFF705BF1046F6E700BF01
:1074D400FFFF7F00B809002008B5FFF771FE024BDB
:1074E4001B68C01A08BD00BFB8090020012310B5ED
:1074F400074C15206360FBF7AFF94FF40012054BFE
:10750400C4F80833C4F84833034BC3F8802110BDD2
:107514000050015003000F0000E100E00348452142
:1075240008B505F07CF90020FBF708FE5FF70000C2
:107534004FF47F03D3F83021D3F83431072A05D12F
:10754400023B032B02D8024AD05C704700207047EC
:1075540089F7000008B5FFF7EBFF58B1644BD3F887
:10756400202A3AB90D21C3F8201A0121C3F81C19A5
:10757400C3F81C290022D30003F57F03D3F80013BA
:10758400013107D0D3F800130132D3F80433202A91
:107594000B60F0D1FFF7CCFF002840F0A080FFF78C
:1075A400C7FF40B1534B544AC3F830254FF0502322
:1075B4000122C3F858254FF47F03D3F83021D3F8C0
:1075C4003431072A09D1023B032B06D84B4AD35C3A
:1075D4001BB100224A4BC3F84C25FFF7A9FF50B159
:1075E4004FF05023D3F80024D10742BF0022C3F840
:1075F4001421C3F818214FF47F03D3F83021D3F8B2
:107604003431072A09D14FF05023D3F80024D2078C
:1076140044BF6FF00102C3F80024FFF789FF18B1DB
:107624006522334BC3F80C274FF47F03D3F8302182
:10763400D3F83431072A16D1314BD3F82034002B38
:1076440011DA4FF050230322C3F8182501229A605F
:10765400D3F80421002AFBD00022C3F8042101221C
:10766400DA60C3F818254FF47F03D3F83021D3F838
:107674003431072A23D1023B032B02D8214AD35C9D
:10768400EBB17E221A4B1B49C3F80C27C3F83C29E3
:107694007F231D4AC2F818310023C1F8043EC1F803
:1076A400083E01F54821C1F81031C2F82431C2F86E
:1076B4002C3102F5FF1202F58052C2F8A032134AAF
:1076C400D2F88C3043F44063C2F88C30104A114B2A
:1076D4001168C3F84415D269C3F84C2508BD2922A2
:1076E400034BC3F80C270322C3F83C2757E700BF1A
:1076F40000400050009003504400EFBE85F70000A6
:107704000020035081F700000020005000ED00E04D
:107714000080FF000060005030B50468ACB1B4FADA
:1077240084F30122C3F11F03DBB29A4024EA02026C
:10773400D0E8EF5FA54204D1C0E8EC2FBCF1000F04
:10774400F6D1EAD102480B7030BD0248FCE700BF15
:107754000000AD0B0200AD0B10B50368CB40DB0796
:1077640010D401238B40026843EA0201D0E8EF4FB2
:10777400944204D1C0E8EC1FBCF1000FF6D1F2D161
:10778400014810BD0148FCE70000AD0B0400AD0B3F
:10779400014BC3F8040570470070015008B541B9A6
:1077A40006490748482204F0ABFF4821034804F087
:1077B4009EFF40F00040C1F8800008BDC0F7000003
:1077C400C1DF000008B541B9064907484E2204F05C
:1077D40097FF4E21034804F08AFF40F00040C1F8AF
:1077E400800008BDC0F70000C1DF00000146014869
:1077F40000F0B4B9340100200328F7B5064635D8A3
:107804004FF050213C4B3D4A33F81000925DC1F8D3
:1078140008030A4400250121394B116033F816305E
:107824008E4203F150231D601B688DF8071001D1AF
:107834000DF1070542F210744FF05027022E4AD082
:10784400032E1ED0012E2FD0D7F8183403F4803322
:10785400002D49D0D7F8182402F003022A701BB176
:107864009DF8070001282AD003B0F0BD2549264819
:107874004FF4867204F044FF4FF48671214804F0FB
:1078840036FFD7F85434DB03EED5002DE8D10120C0
:1078940005F0F8FA013CF4D1E6E7002BE4D001202E
:1078A40005F0F0FA013CDFD0D7F80C3403F4803350
:1078B400002DF2D0D7F80C2402F00102CEE705F037
:1078C400E1FA013CBAD1CFE7002BCDD0012005F07D
:1078D400D9FA013CC8D0D7F85C3403F48033002DC6
:1078E400F2D0D7F85C24E7E7002BBDD0012005F0E7
:1078F400C9FA013CA4D1B7E728DE00003AF8000039
:1079040020DE0000FDF70000C1DF0000044B1A79FF
:1079140022B9012218601A71024870470248704760
:10792400981F00200000AD0B0C00AD0B08B5114BE7
:107934001A7952B9104911484FF4B67204F0E0FEB6
:107944004FF4B6710C4804F0D2FE1B6833B1052025
:10795400FAF796FF10B90520FAF770FF4FF050229E
:107964000123C2F81835C2F81435C2F88035044A28
:10797400137008BD981F0020FDF70000C1DF000050
:107984006223002038B53D4C237953B93C4940F279
:10799400C1123C4804F0B4FE40F2C111384804F06E
:1079A400A6FE03284FD8DFE800F018575C0218221F
:1079B4004FF490734FF48071002003F1502318604A
:1079C4001D68012502F1502215602268002A4ED05C
:1079D4004FF05023C3F804132AE04FF05023D3F898
:1079E4001814D3F81824C90312D502F00303022B88
:1079F40005D0012B02D00020FFF7FEFE01234FF03B
:107A040050220221C2F8183508224FF48273D3E7BA
:107A1400D3F81424D207F1D5D3F81C2402F00302BE
:107A2400013A012AE7D822681AB10222C3F80423D2
:107A340038BDD3F80421002AFBD00022C3F8042166
:107A4400D3F80431F4E70E4940F21D220D4804F046
:107A540057FE40F21D21A1E700224FF4807301215B
:107A6400AAE720224FF492734FF40071A4E71A6836
:107A7400002AFCD018601B68DAE700BF981F0020BA
:107A8400FDF70000C1DF000008B5094B1B7953B9AD
:107A94000849094840F2372204F032FE40F2372107
:107AA400044804F024FEBDE80840FFF7A5BE00BF6B
:107AB400981F0020FDF70000C1DF0000F8B54FF06B
:107AC400502301250026D3F80443214F04B9F8BDFF
:107AD400B4FA84F0C0F11F00820002F5807292B201
:107AE40002F1502205FA00F311689BB224EA030460
:107AF4000029EBD0166012684FF05022022BC2F816
:107B0400083313D00CD8012B1ED0124912484FF45D
:107B14006F7204F0F5FD4FF46F710E4804F0E7FD49
:107B2400B3F5807F10D0B3F5007FEDE7D2F81814D9
:107B3400D2F8181401F00301012905D1C2F818354F
:107B4400C2F804339160C1E73B68C0B29847BDE70F
:107B5400981F0020FDF70000C1DF00000079024BF0
:107B640003EB0010FFF7D8BD3C010020034A430992
:107B7400D35C00F01F001844C0B27047B1F8000095
:107B840008B502680146104605F089F950B90F4955
:107B940040F2CA320E4804F0B3FD40F2CA310B4839
:107BA40004F0A5FD02F01F0352090B600AD0012A5C
:107BB4000AD0064940F2D332054804F0A1FD40F250
:107BC400D331ECE7034808BD0348FCE745EB00006C
:107BD400C1DF00000025845000288450072808B520
:107BE4000AD90749074840F2D13204F089FD40F22E
:107BF400D131034804F07BFD800000F5807008BD9E
:107C04003EF80000C1DF000070B50546FFF7AEFF87
:107C14000C4C083034F810300E46DA0508D5C3F39E
:107C2400432304EBC302284654F833305268984780
:107C3400A3682BB131462846E268BDE87040184776
:107C440070BD00BFA01F002008B5FFF78FFF034BD6
:107C5400083033F81000400B08BD00BFA01F0020FF
:107C640008B5FFF783FF034B083033F81000C0F367
:107C7400400008BDA01F002008B5FFF777FF044BA4
:107C8400083033F8100010F01C0018BF012008BDA4
:107C9400A01F002008B5FFF769FF034B083033F835
:107CA4001000C0F3401008BDA01F0020034611F0CF
:107CB400010010B5CCB20BD1A207C4F340000DD51E
:107CC400074A106A58601062003818BF012005E0A6
:107CD40004490A6A1A600A62002AEDD010BD00BF86
:107CE400002884500025845010B5FFF73FFF184A40
:107CF400083032F81030D9051DD5C3F3432123F4DD
:107D0400F85322F81030002002F10E0434F8023F38
:107D140013F4807F03D0C3F3432399420BD0013083
:107D24003028F3D100230B4842F83130FFF714FD1B
:107D3400094B984200D110BD0849094840F2EB12A2
:107D440004F0DEFC40F2EB11044804F0D0FC00BF68
:107D5400A01F0020182000200000AD0B73F80000C5
:107D6400C1DF00002DE9F8430024074625464FF003
:107D74000108A146CEB2B4420DD1124BD3F87C21F6
:107D840032B10022C3F87C21D3F87C3145F00045A0
:107D94002846BDE8F8832046FFF720FFA0F580724F
:107DA400920808FA02F2174209D000F1A04303F541
:107DB4005043196819B1C3F800901B681543013486
:107DC400E4B2D8E700D00050F7B506460846FFF7FE
:107DD400CDFE1A4F00F1080537F815300C46DB07C5
:107DE4002AD5304605F0D4F82046FFF753FF58B1A2
:107DF4002046FFF729FF0022316800B201EB80031F
:107E0400C3F81025C3F810252046FFF76DFF0023A3
:107E140001A827F815300194FFF7B2FE019B00EB8F
:107E24008300D0F80022064B134043F00203C0F84D
:107E34000032044803B0F0BD0348FBE7A01F002054
:107E4400F0F0FCFF0000AD0B0400AD0B2DE9F04396
:107E54001646804685B00846FFF788FE37680D460B
:107E64000446E7B1084605F088F808BB3B46CDE96F
:107E740000008DF80E008DF80F000DF10F020DF1CA
:107E84000E01284605F01DF8494A04F1080132F8AC
:107E9400113023F0020343F0010322F81130736818
:107EA4007BB328461F785968FFF7DAFE10B1E9B1B1
:107EB400404829E03E4A04F1080032F8103023F02B
:107EC4002003DB04DB0C22F8103079B1032FEFD848
:107ED4007168D1F804E0D8F800109EF800C001EBF6
:107EE4008C01A7B9C1F81075C1F81075304A04F1B6
:107EF400080132F8113023F01C0343EA870322F807
:107F04001130B3685BBB2C4805B0BDE8F083D1F8F1
:107F140010E543EA4C332EF0030EC1F810E5D8F80F
:107F2400001043F0200301EB8C0EDEF8101522F84C
:107F3400103021F44F3121F44071CEF8101529028C
:107F4400DEF8108501F47C5141EA074141EA080159
:107F5400CEF8101502EB4C01A1F87C50C6E7284678
:107F6400D3E90067FFF7C0FE002ECCD0104DD5E951
:107F74000023964203D19F4201D1002209E00F4819
:107F84000DF10F01FFF7C8FB0B4B9842BCD19DF8D4
:107F94000F2005EBC20308345F6035F8143045F850
:107FA400326043EA422343F4807325F81430AAE78D
:107FB400A01F00200400AD0B0000AD0B1820002012
:107FC4002DE9FF410C468046204611461D46FFF729
:107FD400CDFD064621B32046FFF742FE18B92046E0
:107FE400FFF758FE10BB2046FFF746FE10B14B7852
:107FF400012B1BD001238DF80F3000234A1CCDE93F
:10800400001320468B1C0DF10F0104F05AFF294A7E
:1080140006F1080132F8113043F0030322F811305D
:10802400002D44D02046FFF71BFE18B9224804B0A7
:10803400BDE8F081002295F800C0D8F800301D4F4B
:1080440003EB8C03C3F81025C3F8102506F10802CE
:1080540037F812104FEA8C0E21F02001C904C90C24
:1080640027F812106E7816B3D8F80000AD78704473
:10807400D0F81035360423F4991323F4F853C0F8D8
:108084001035230203F47C5306F440362D05D0F852
:1080940010E5334305F480152B4341EA4C3143EAA0
:1080A4000E0341F02001C0F8103527F812100348E0
:1080B400BDE700BFA01F00200400AD0B0000AD0B06
:1080C400014BC3E902127047A01F002010B51446EB
:1080D40052B90E490E4840F24D3204F011FB40F201
:1080E4004D310A4804F003FB0846FFF7D3FD50B1B5
:1080F4000846FFF73BFD074B083033F810300648BD
:108104005B0B237010BD0548FCE700BF73F800004B
:10811400C1DF0000A01F00200000AD0B0400AD0B68
:10812400F8B51E4B026805469A420AD01C491D4800
:108134004FF4587204F0E4FA4FF45871184804F0FC
:10814400D6FA194E96F88C402CBB2746602221465D
:1081540006F1100005F011F92D68E0B2FFF73EFDBD
:10816400A0F580739B081F2B08BF2F5004F1010456
:1081740008BF2B58082CF0D1002345F30730C5F86D
:108184007C31D5F87C31FAF759FB0123074886F88E
:108194008C30B367F8BD0648FCE700BF00D0005040
:1081A40073F80000C1DF0000A01F00200000AD0B29
:1081B4000C00AD0B034B93F88C00003818BF012062
:1081C400704700BFA01F00200079024B03EB800022
:1081D400FFF7C2BA4C0100200079024B03EB800088
:1081E400FFF79ABA4C0100202DE9F34105460846F1
:1081F4000C461646FFF740FD50B9324940F253424F
:10820400314804F07DFA40F253412E4804F06FFAED
:108214000846FFF73FFD2F6800B30846FFF720FD2F
:108224008046D8B90846FFF70FFD0446FFF7D6FC91
:1082340047F800803B582B6822B203EB8203D3F843
:10824400102542F00102C3F8102526B101232A6843
:10825400A340C2F8043302B0BDE8F081D7F8043378
:10826400002BA4BF4FF00043C7F8043346B91549A7
:1082740040F26D42144804F043FA40F26D41C4E701
:108284002046FFF773FC114B083033F81030C3F36A
:108294008203042B11D0052B11D001A80194FFF700
:1082A4006FFC019B0169D94001F0010102312046B4
:1082B40002B0BDE8F04104F051BE0321F7E702210A
:1082C400F5E700BF73F80000C1DF0000A01F002025
:1082D4002DE9F04F634B0821D3F8040387B0C0B2F3
:1082E40040F00040FFF73EFD051E2BDA002303217A
:1082F40004A8CDE90433FFF7D9FC4FF000094FF08F
:10830400010BDFF864A10DF110081AF8013B57497D
:10831400DA088A5C03F0070322FA03F3DA071CD4B1
:1083240008F10408B9F1000F14D000214FF0004007
:10833400FFF718FD032104A8FFF7B8FC0028DCD1DF
:1083440025F000450124474E494F002D75D107B053
:10835400BDE8F08F4FF00109D7E7464B4B4400933B
:10836400D8F800100029DBD091FAA1F1B1FA81F11B
:10837400009B1C7841EA44142046FFF7F7FB3C4B72
:10838400083033F81070C80818F8002001F007010D
:108394000BFA01F122EA0102BB0808F8002003A845
:1083A40001930394FFF7ECFB039A019B803250F88E
:1083B4002220C7F382065B073746C2F3014221D568
:1083C40039462046D6B2FFF71FFC03A80394FFF7F3
:1083D400D7FB039B803350F82330C3F301439E4201
:1083E40007D10021204604F0B9FD3146204604F0AF
:1083F400B5FD03A80394FFF7C3FB039B0BFA03F338
:108404000362ADE7022A0CD10321204604F0A6FD45
:1084140006F00503012BECD139462046FFF7F4FBA7
:10842400E7E702212046019204F098FD032EF3D0E1
:10843400019A032ADDD1022EEDE795FAA5F3B3FAEA
:1084440083F304FA03F225EA020503F5A27256F84F
:10845400221007EB4303B3F87C00C1F30141FFF79B
:10846400D3FB72E700D00050C1F80000B0DC00007C
:10847400A01F0020C1F80000430910B50CD0012B47
:108484001CD01349134840F2CA3204F039F940F2BF
:10849400CA310F4804F02BF94FF0FF33C340DC0717
:1084A400EFD50D4B03EB8003D3F800420B4841EAB0
:1084B400420120400143C3F8001210BD4FF6FF7380
:1084C40000F01F00C340DB07DBD5054BEAE700BF24
:1084D40045EB0000C1DF000000258450F0F0FCFFF4
:1084E400002884502DE9F04F054616460C4689B005
:1084F40041B96B49E0226B4804F002F9E021684875
:1085040004F0F5F832B96649E122664804F0F8F857
:10851400E121F4E70379644F4FEA431807EB43136F
:108524001B79002B40F0B98091F820300A7E497DF8
:10853400002976D094F823302068002B00F0A38023
:10854400237E94F817900193637E94F816A0029307
:10855400236894F815B003936368E2690493A368ED
:1085640094F820000593E36894F821C006932369E6
:1085740094F822E007932B6894F82410C3F804B508
:10858400C3F824A5C3F82095DDF80490C3F81C951E
:10859400DDF80890C3F82895C3F81805002A78D1A7
:1085A400C3F810254CEA0E22C3F82C2571B9039A9E
:1085B400C3F86425049AC3F86825059AC3F86025AE
:1085C400069AC3F87025079AC3F86C2594F82330EB
:1085D40094F8242047F8086007EB08099B0143EA54
:1085E400C21399F8052002F03F02134389F80530BD
:1085F40000232868C0F80431D0F80421C0F81431ED
:10860400D0F81421C0F80831D0F8083140F307300D
:10861400FAF714F90123254889F8043009B0BDE8B4
:10862400F08F012A03D1012B0BD12148F6E7022A4E
:1086340023D1082B05D840F2551222FA03F3D807A8
:10864400F3D494F82330002B7FF47AAF206804F03D
:10865400CFFC606804F0CCFCA068411C01D004F09D
:10866400C7FCE068421C01D004F0C2FC2069431C32
:108674003FF466AF04F0B4FC62E7032AE1D1012BB6
:10868400D3D9032BD0E704F0ABFC606804F0A8FC5A
:10869400E2E7C3F81425012282E70648BEE700BFDB
:1086A400C3F80000C1DF0000302000200000AD0B43
:1086B4000400AD0B0C00AD0B70B5044651B956491E
:1086C40040F25F12554804F01BF840F25F11524823
:1086D40004F00DF80A6852B94B68C3B94E494FF417
:1086E400B0724E4804F00CF84FF4B071EFE702F0AA
:1086F4006043B3F1005F01D1900708D046494FF4BD
:10870400B172464803F0FCFF4FF4B171DFE74868EB
:1087140078B100F06043B3F1005F01D1830708D062
:108724003D4940F265123D4803F0EAFF40F265110D
:10873400CDE70B8943B9384940F26912374803F051
:10874400DFFF40F26911C2E72579354B6E0103EB77
:1087540045152D79012D5AD122B102F06045B5F1AC
:10876400005F56D120B100F06040B0F1005F50D1FD
:10877400003A18BF01223344587903F1080562F323
:10878400000058714A680126101E18BF01205A794A
:1087940022F01E0242EA40025A7107C985E8070026
:1087A4000022C3E905222168C1F80065022119717C
:1087B4002168C1F80421D1F804112168C1F81421F9
:1087C4005D79D1F8142105FA06F22D0102F00202B6
:1087D40005F0200521682A4342F00402C1F804236D
:1087E4002268D9681B8AC2F85035C2F838050038A7
:1087F40018BF0120C2F80805C2F84015003918BF97
:108804000121C2F80C15236806481E6070BD064895
:10881400FCE70648FAE700BFC3F80000C1DF000028
:10882400302000200000AD0B0500AD0B0A00AD0B9D
:10883400F8B54D4A03795D0102EB43131B79022B12
:108844000AD04A4940F2BD12494803F059FF40F2A8
:10885400BD11464803F04BFF41B944494FF4DF7260
:10886400434803F04DFF4FF4DF71F2E70B687BB12F
:1088740003F06044B4F1005F01D19C0708D03B4988
:1088840040F2BF123A4803F03BFF40F2BF11E0E769
:108894004C687CB104F06046B6F1005F01D1A707D3
:1088A40008D032494FF4E172314803F029FF4FF404
:1088B400E171CEE70F8947B92C494FF4E3722C4894
:1088C40003F01EFF4FF4E371C3E756197679F606F9
:1088D40045D523B103F06046B6F1005F41D184B9B8
:1088E4005619767916F0020F13D1F6071AD5CBB9BB
:1088F4001E4940F2E5121E4803F002FF40F2E51162
:10890400A7E704F06046B6F1005F2AD156197679DC
:10891400EBE7164940F2E112154803F0F1FE40F28C
:10892400E11196E70068C0F85075C0F83835003B8F
:1089340018BF0123C0F80835C0F84045003C18BFF3
:1089440001245319C0F80C4503F1080407C984E84D
:1089540007005A7907486FF304125A71F8BD0648A4
:10896400FCE70648FAE700BF30200020C3F8000007
:10897400C1DF00000000AD0B0500AD0B0A00AD0B1C
:1089840008B50E4B027903EB42131A7952B90C491C
:108994000C484FF4FF7203F0B3FE4FF4FF71084824
:1089A40003F0A5FE5A796FF304125A712222036868
:1089B400C3F80823012203685A6008BD3020002050
:1089C400C3F80000C1DF00002DE9F843224E057909
:1089D40004466F0106EB45152B7953B91F4920480E
:1089E40040F2311203F08CFE40F231111B4803F0C7
:1089F4007EFEFFF7C5FF206840F30730F9F72CFF30
:108A040000222368C3F800256B7959061FD4236814
:108A1400D3F86405D3F86895D3F86085D3F8705516
:108A2400D3F86C4504F0E0FA484604F0DDFAB8F1F6
:108A3400FF3F02D0404604F0D7FA6A1C02D0284611
:108A440004F0D2FA631C02D0204604F0CDFA0023CD
:108A54003E443371BDE8F88330200020C3F80000A1
:108A6400C1DF0000F0B5444A85B0D2F814312BB10F
:108A74000023C2F81431D2F814312023D2F804119F
:108A840031B10021C2F80411D2F8042143F00203E9
:108A9400394AD2F8081131B10021C2F80811D2F8CC
:108AA400082143F0040313F0200F344C0AD06279F8
:108AB40042F0080202F012011229627104BF42F06E
:108AC400200262719E070AD5627942F0040202F024
:108AD40011011129627104BF42F0200262715D0725
:108AE40016D500210422244B254DC3F80823C3F8CE
:108AF4000015284655F8143C984701230221237198
:108B040055F8143CA5F10C0005B0BDE8F040184739
:108B1400637903F00F020F2A08D0D80701D419078C
:108B240004D46279920724D45B0722D56379276839
:108B340013F0200603F0F30508D025F0300545F0C6
:108B44001005012100203B466571DDE70C4B0DF15A
:108B5400040C45F0100593E8070065718CE80700E4
:108B640013E90700C4E9026683E8070001216046AF
:108B7400B84705B0F0BD00BF00800250302000208F
:108B84004420002010B540B91B491C48752203F04D
:108B9400B7FD7521184803F0AAFD194C23784BBB87
:108BA4000378184AC3F34003C2F8003B037803F088
:108BB4000103C2F804370378DB0710D54FF47F03B1
:108BC400D3F83011D3F83431072908D1023B032BF1
:108BD40005D80D49CB5C13B10123C2F82837052011
:108BE400F9F74EFE10B90520F9F728FE01230748CE
:108BF400237010BD0648FCE7FEF80000C1DF00004A
:108C040063230020004000503BF900000000AD0B3E
:108C14000C00AD0B4FF0502310B5D3F8044361079B
:108C240016D5D3F808219AB10022C3F80821D3F845
:108C34000831224B1B6853B921494FF4BA722148B9
:108C440003F05EFD4FF4BA711D4803F050FD9847E0
:108C5400A20616D54FF05023D3F814218AB1002070
:108C6400C3F81401D3F81431174B1B6843B91449E2
:108C740040F27D12134803F043FD40F27D11E3E717
:108C84009847630619D54FF05023D3F81821A2B1A1
:108C94000022C3F81821D3F818310B4B1B6843B9D1
:108CA40007494FF4C272074803F02AFD4FF4C2711A
:108CB400CAE70120BDE81040184710BD5420002029
:108CC400FEF80000C1DF0000502000200722024B04
:108CD400C3F80423704700BF007003500722024BFF
:108CE400C3F80823704700BF00700350072208B57B
:108CF400044B3720C3F80823F9F7AEFD0022024BDA
:108D04001A6008BD007003505820002010B50446B6
:108D140040B910493122104803F0F2FC31210D48CA
:108D240003F0E5FC036833B90A4932220A4803F028
:108D3400E7FC3221F3E7FFF7D9FF2268074B37201E
:108D44001A600022064BC3F80821BDE81040F9F769
:108D540075BD00BF3FF90000C1DF000058200020AE
:108D64000070035010B5114CD4F800312BB1002021
:108D74000F4BC4F800011B689847D4F8043133B191
:108D84000023C4F804310A4B01201B689847074BA1
:108D9400D3F8082142B10022C3F80821044B022071
:108DA400BDE810401B68184710BD00BF0070035099
:108DB4005820002008B5084A084B93420AD90849AC
:108DC4000848192203F09CFC1921054803F08FFC84
:108DD4002033F2E7FCD308BD38D6000018D50000D4
:108DE4007DF90000C1DF000070B50446C0B103780E
:108DF40013B3124D124EB5421BD912491248282200
:108E040003F07EFC28210F4803F071FC2968A1427D
:108E140008D1284604F0FBF8002814BF2C4600248F
:108E2400204670BD2046F7F7ADF90028F1D0203573
:108E3400E1E7EBD30024F3E71C46F1E718D5000083
:108E440038D600007DF90000C1DF0000F7B5044604
:108E54000D46EFF31187202383F31288BFF36F8F3E
:108E64001F4A0428966898BF1E4B127C94BF53F87F
:108E740020301D4B0092452102461C4803F0CFFCD4
:108E84003DB1EB69C3F308031BB14521184803F056
:108E9400C6FC36B1304604F085F9034608B10278C1
:108EA40002B9144B32464521134803F0B8FC294655
:108EB4002046FEF733FB042C08D1104910488722C2
:108EC40003F01EFC87210D4803F011FC87F3118881
:108ED400BFF36F8F304603B0BDE8F040F9F756BCDE
:108EE4005C200020B4DC0000A0F90000B6F900000A
:108EF400E3F90000AEF9000009FA000026FA0000C8
:108F0400C1DF000038B50A4B53F82040013053F854
:108F14002050A54200D838BD606830B1037FDB071C
:108F240001D404F07FF80834F3E723689847FAE79C
:108F3400C8DC0000012270B5344B032086B01A70DF
:108F4400FFF7E0FFFAF72CF8F8F7F8FF0420FFF733
:108F5400D9FF2F4C2F4DAC42264624D92E4942220C
:108F64002E4803F0CDFB42212B4803F0C0FB54F8FC
:108F74000C3C059354F8103C049354F8143C0393AC
:108F840054F8183C029354F81C3C019354F8203CC8
:108F9400009354E90A2354E90C0101F037FA54F818
:108FA400303C5E65D7E7AE4204F13004DFD301F014
:108FB40035FE174C1A4EAC421BD917496622174886
:108FC40003F09EFB6621CFE7D4E90A23B3F1FF3F08
:108FD40008BFB2F1FF3F05D052EA0301206803D174
:108FE40002F022F83034E6E73146183002F0F8FA9D
:108FF400F8E7E9D301F060FEF7F786FA094A137B34
:1090040023F00103137306B070BD00BF6423002076
:1090140060D8000090D8000092FA0000C1DF000080
:109024000DD20000480A002008B50348034A002175
:10903400121A04F00EF808BD700300206823002003
:109044000023012270B586B0CDE904230F220193D9
:10905400CDE9023214234FF4A0720E4D0E4E03FBE1
:1090640000550E4906EBC016044602FB00110C4BDA
:109074003046009501F0CAF9737B2C7423F0040385
:109084007373084B013403EBC423EE606B6006B0CA
:1090940070BD00BF5C200020C80900206833002098
:1090A400C9930000682B0020BFB50020FFF72AFFFA
:1090B4002A4B03F5006282F3088883F30A880024AC
:1090C400E023274D274F85F82230EC772C766C76F9
:1090D400AC7685F820406B6A43F4E0236B6285F834
:1090E4002340F9F7D1FAF9F75DFC4FF0FF33AB6297
:1090F400EB62F9F715FEF9F779FC1B4801F01CFA4D
:10910400FFF758FEF9F720FF0120FFF7FBFE0220CE
:10911400164DFFF7F7FE01F03FFE154B15495D6153
:10912400154B4FF48062059301232846CDE9034390
:10913400CDE901443B46009401F068F906466A7B98
:10914400284622F004026A7301F048FB2046FFF728
:1091540077FF3A4631462846F9F704FC682B00208D
:1091640000ED00E0398F0000680B0020480A002061
:109174005C200020A834002007DF0000002038B560
:109184000A4C0B4DAC420FD90A490B48942203F008
:10919400B7FA9421074803F0AAFA204603F05DFFCA
:1091A400002802DB2034EDE7F7D338BDD0010020DE
:1091B40010020020B6FA0000C1DF00002DE9F743D9
:1091C40005460E4691461C4600F10807EFF3118848
:1091D400202383F31288BFF36F8F384602F08AF995
:1091E40038B92B4988222B4803F08AFA8821284869
:1091F40022E0384602F0A2F92B69FBB133601C6807
:10920400EB692C610133EB6114B96A6993421BD099
:10921400EB68E41A09D4D5E905235A43A24204D9D8
:10922400B4FBF3F203FB124474B11B491948E9225D
:1092340003F066FAE921184803F059FA59EA0402DE
:109244000FD16FF00B043360384602F061F9C8B9EE
:109254000F4940F231120F4803F052FA40F2311133
:10926400C5E7CDE900942A464146384601F062FB41
:10927400044618B9094B9B681B693360204603B048
:10928400BDE8F08388F31188BFF36F8FF6E700BF62
:1092940038E00000C1DF0000B6FA00005C200020C6
:1092A4002DE9F843C3680546CB1A0E461ED4D0E90F
:1092B40005125143994219D9B3FBF2F102FB113360
:1092C400A3B900F10808EFF31189202484F312886C
:1092D400BFF36F8F404602F00DF990B935498822EB
:1092E400354803F00DFA8821324808E03349324802
:1092F40040F2111203F004FA40F211112F4803F066
:10930400F6F9404602F01AF92F69002F39D1EFF32C
:10931400118384F31288BFF36F8F83F31188BFF333
:109324006F8F3BB92649B022234803F0E9F9B021F5
:109334002348E4E72C68A54223D014B3A36833B9C7
:109344001F4999221C4803F0DBF99921F0E7D4E97D
:10935400003213605A60637BC4E9007723F0020390
:109364006373A76004F1180002F004FA2046A767AB
:10937400266101F033FA49464046BDE8F84301F05E
:1093840001BC2B6940463360EB692E61013BEB6104
:1093940002F0BEF840B9074940F23112064803F022
:1093A400AFF940F231119FE789F31188BFF36F8F52
:1093B400BDE8F88338E00000C1DF0000B6FA000021
:1093C400DBFA000008B50C4B9B6893F90E30002BB8
:1093D40009DB2024EFF3118384F31288BFF36F8F2A
:1093E40003F076FAF6E7054905481C2203F088F9EC
:1093F4001C21024803F07BF95C20002006FB0000DE
:10940400C1DF000008B5836843B90B490B489922B2
:1094140003F076F99921084803F069F9D0E900329C
:1094240013605A600023427BC0E9003322F0020239
:109434004273836008BD00BFDBFA0000C1DF000097
:109444002DE9F3470446894617461D46EFF3058385
:1094540053B152EA050307D04C4982224C4803F029
:109464004FF98221494814E004F10806EFF311880A
:109474004FF0200A8AF31288BFF36F8F304602F050
:1094840039F840B943498822414803F039F9882121
:10949400404803F02CF9304602F050F8626A236920
:1094A4009A425BD2EFF311838AF31288BFF36F8F72
:1094B40083F31188BFF36F8F3BB937493448B02227
:1094C40003F01EF9B0213448E3E72568AC4219D013
:1094D400C5B12846FFF796FF05F1180002F04AF9D6
:1094E400E26800244946286903F020FF2846AC6757
:1094F40001F074F94146304601F044FB204602B0C5
:10950400BDE8F087206A6369984202D3A369984250
:1095140006D31E499A221E4803F0F2F89A21A1E7C5
:10952400E268494603F002FF236AE2681344A26931
:109534002362934204BF63692362636A01336362F3
:109544000024304601F0E4FFD8B9124940F2311248
:109554000F4803F0D5F840F2311199E757EA0503B3
:109564000CD00E4B22469B684146C3F810903046FF
:10957400CDE9007501F0DEF90446BFE76FF022047F
:10958400DFE788F31188BFF36F8FB7E727FB00008D
:10959400C1DF000038E00000DBFA00005C2000209E
:1095A4002DE9F7430446884617461D46EFF3058325
:1095B40053B152EA050307D05349DE22534803F05E
:1095C4009FF8DE21504813E004F10806EFF31189F7
:1095D400202383F31288BFF36F8F304601F08AFF94
:1095E40040B94B498822494803F08AF88821484801
:1095F40003F07DF8304601F0A1FF636A002B5CD0D4
:10960400E2684046E16903F091FEE369E2681344CD
:10961400A269E361934204BF6369E361636A013B46
:109624006362EFF31183202282F31288BFF36F8FFA
:1096340083F31188BFF36F8F3BB936493348B022A7
:1096440003F05EF8B0213348D2E72568AC4244D039
:10965400002D43D02846FFF7D5FE05F1180002F08F
:1096640089F8206A6369984202D3A369984206D3B1
:109674002549F822254803F043F8F821A2E729698F
:10968400E26803F053FE236AE26828461344A269A1
:109694002362934204BF63692362636A0133636292
:1096A4000024AC6701F09AF84946304601F06AFAA2
:1096B4002546284603B0BDE8F08357EA05031AD0CF
:1096C400154B22469B684946C3F810803046CDE9C5
:1096D400007501F02FF90546EBE70025304601F04F
:1096E40017FF58B90A4940F23112084803F008F844
:1096F40040F231117BE76FF02205EFE789F311881F
:10970400BFF36F8FD5E700BF27FB0000C1DF000068
:1097140038E00000DBFA00005C2000202DE9F34172
:10972400044617461E46EFF3058545B15149524894
:109734006F2202F0E5FF6F214E4802F0D8FFEFF3ED
:109744001188202383F31288BFF36F8F4B4801F0F5
:10975400D1FE38B94A498822474802F0D1FF88210E
:109764004748EAE7454801F0E9FEE368454A9BB10A
:10977400A0689168884224D057EA060329D13F485B
:1097840001F0C6FEA0B188F31188BFF36F8F6FF0AC
:109794000F0002B0BDE8F081916891F90E10013319
:1097A400E360936835482161A36001F0B1FE50B9CC
:1097B400334940F23112304802F0A2FF40F2311135
:1097C400CEE72169EBE788F31188BFF36F8F0020A0
:1097D400DFE791F90E1090F90E306FF07E02994296
:1097E400A8BF19469142B8BF11468B4202DD03F06F
:1097F4006DFC054622464146CDE900761F4801F03E
:1098040099F80028E3D0EFF31186202383F312881C
:10981400BFF36F8F194801F06DFE00289AD01748E6
:1098240001F08CFEA068C0B1236821699C420AD073
:109834004BB193F90E309942A8BF19466FF07E03DD
:109844009942B8BF194603F041FC30B131460B4888
:1098540001F098F96FF00A009BE7002DF6D1074854
:1098640001F056FE0028A3D086F31188BFF36F8F52
:10987400F0E700BF49FB0000C1DF00007C200020AE
:1098840038E000005C200020F8B50546EFF30583BE
:1098940043B14949D722494802F032FFD72146480B
:1098A40002F025FF8368002B7FD0454A92689342DB
:1098B4007ED1C36833B94049EF22404802F020FF0B
:1098C400EF21ECE7012B03D0013BC3600020F8BD7E
:1098D400EFF31187202484F31288BFF36F8F394884
:1098E40001F008FE38B938498822344802F008FFEC
:1098F40088213548D4E7334801F020FE2969A86857
:1099040003F0E4FBEFF3118384F31288BFF36F8F4A
:1099140083F31188BFF36F8F3BB92C49B0222748DA
:1099240002F0EEFEB0212948BAE72C68AC420FD110
:1099340000232448C5E9023301F0EAFD80BB224933
:1099440040F231121D4802F0DBFE40F23111D0E743
:10995400002CEDD0A36833B91C499922174802F0B2
:10996400CFFE9921DFE70026D4E9003213605A6064
:10997400637BC4E9006623F002036373A66004F109
:10998400180001F0F7FEAC6094F90E3020462B610C
:10999400A66700F023FF39460A4801F0F3F895E77B
:1099A40087F31188BFF36F8F90E76FF015008EE790
:1099B4004FF0FF308BE700BF49FB0000C1DF000020
:1099C4005C2000207C20002038E00000DBFA00004E
:1099D40008B5836843B90B490B48992202F090FEFD
:1099E4009921084802F083FED0E9003213605A60DE
:1099F4000023427BC0E9003322F0020242738360F9
:109A040008BD00BFDBFA0000C1DF00002DE9F0470C
:109A140004460D4691469A469DF8206000F10807D9
:109A2400EFF31188202383F31288BFF36F8F384636
:109A340001F060FD38B944498822444802F060FED0
:109A44008821414817E0384601F078FD06B1656881
:109A5400EFF31183202282F31288BFF36F8F83F315
:109A64001188BFF36F8F43B939493848B02202F0E7
:109A740047FEB021364802F03AFE234653F80C6FF5
:109A84009E4215D0A6B100243046FFF7A1FF06F18F
:109A9400180001F06FFE3046B467C6F8109000F06D
:109AA4009DFE4146384601F06DF82046BDE8F0873A
:109AB400BAF1000F14D0082001F0DCFF00283AD0DE
:109AC4000122C0F804900260016801F003015DB94D
:109AD40022680A430260626820606AB960600BE031
:109AE4004846C9F800A0EFE72A68032A18D801609D
:109AF400616879B9C4E900000024384601F008FD22
:109B0400E0B9114940F23112104802F0F9FD40F277
:109B1400311196E70A6802F0030202430A60DDE7A6
:109B240022F003020A4302602A6802F0030240EAB8
:109B340002032B60E0E76FF00B04DEE788F3118883
:109B4400BFF36F8FB1E700BF38E00000C1DF000052
:109B5400DBFA00002DE9F743054690461F4600F165
:109B64000806EFF31189202383F31288BFF36F8F64
:109B7400304601F0BFFC40B920498822204802F059
:109B8400BFFD88211D4802F0B2FD304601F0D6FC2D
:109B94002C68D4B123686A6823F0030394422046F6
:109BA4004FF001012B6008BF6B6003F09EFA04467E
:109BB400304601F0ADFCC0B9104940F231121048F2
:109BC40002F09EFD40F23111DCE758EA0703EFD0C2
:109BD40049463046CDE9008705F10C0200F0AAFEA3
:109BE40038B9084B9B681C6903E089F31188BFF3FB
:109BF4006F8F204603B0BDE8F08300BF38E000005B
:109C0400C1DF00005C20002008B5836843B90B491C
:109C14000B48992202F074FD9921084802F067FD6F
:109C2400D0E9003213605A600023427BC0E900335C
:109C340022F002024273836008BD00BFDBFA000019
:109C4400C1DF000070B50446EFF31186202585F3CB
:109C54001288BFF36F8F284801F04CFC38B92749AC
:109C64008822274802F04CFD8821244814E0224829
:109C740001F064FCEFF3118385F31288BFF36F8F57
:109C840083F31188BFF36F8F43B91E491C48B02278
:109C940002F036FDB0211B4802F029FD2568AC42D4
:109CA40012D08DB12846FFF7AFFF05F1180001F07F
:109CB40061FD00232846AB6700F090FD3146BDE806
:109CC40070400D4800F05EBFD4E902329A4218BFDA
:109CD40001330948A36001F01BFC40B9074940F275
:109CE4003112074802F00CFD40F23111BDE786F352
:109CF4001188BFF36F8F70BD8020002038E0000012
:109D0400C1DF0000DBFA0000F7B5044616461D4625
:109D1400EFF305835BB152EA050308D026492748CF
:109D2400882202F0EDFC8821234802F0E0FCEFF3E6
:109D34001187202383F31288BFF36F8F204801F02B
:109D4400D9FB38B91F4988221C4802F0D9FC882164
:109D54001C48EAE71A4801F0F1FBA368ABB1013BE8
:109D64001748A36001F0D4FB40B9164940F2311200
:109D7400124802F0C5FC40F23111E9E787F311887B
:109D8400BFF36F8F002003B0F0BD56EA05030BD17B
:109D94000B4801F0BDFB0028E7D087F31188BFF31F
:109DA4006F8F6FF00F00EEE722463946CDE900656C
:109DB400034800F0BFFDE6E76BFB0000C1DF0000D5
:109DC4008020002038E0000007B5074B4FF4806284
:109DD400009306494FF0FF33054800F01BFA0020BA
:109DE40003B05DF804FB00BFE0DC0000A8380020ED
:109DF400C80A00202DE9F0430446714E714F85B026
:109E0400EFF31188202383F31288BFF36F8F30465A
:109E140001F070FB40B96C4988226C4802F070FC78
:109E24008821694802F063FC304601F087FBD4F8CE
:109E34008450F5B9022104F19C0003F079F900285B
:109E44003BD004F1940500220121284601F032FAA6
:109E54000028F8D100234FF0FF3202934FF0FF3374
:109E64004146CDE90023304604F18C0201F06EFA3C
:109E7400C6E7D4F888202B68954208BFC4F8883018
:109E8400C4F88430D4F89C30304643F00203C4F85C
:109E94009C30EB68D5F8049023F0040343F00103ED
:109EA400EB6001F035FBD0B9474940F23112474825
:109EB40002F026FC40F23111B3E7D4F89C30DD0601
:109EC400C8D5C4F89C003E4801F022FB0028EBD022
:109ED40088F31188BFF36F8F05B0BDE8F08388F372
:109EE4001188BFF36F8FB9F1000F09D13849374892
:109EF40040F2AB2202F004FC40F2AB21344891E77B
:109F04002846C847EFF31188202383F31288BFF350
:109F14006F8F304601F0EEFA00283FF47CAF3046F4
:109F240001F00CFBEB68D90623F0010231D4EA609E
:109F3400EB689A0716D5386823F00203EB6088B102
:109F44000021036870B14268954230D1036841BB77
:109F54007A683B60824200D17B60002340F8083B72
:109F6400FFF770FED4F89C30304623F00203C4F8A7
:109F74009C30C3F3002501F0CBFA002894D088F379
:109F84001188BFF36F8F002D7FF43AAF00F00CFF00
:109F940036E723F01103EB6005F11000FFF752FEE2
:109FA400C6E70B607B68834208BF7960D5E723B1BD
:109FB4001A68014618461346C4E71A46F9E700BF73
:109FC4008C2000208420002038E00000C1DF000045
:109FD40094FB0000F8B5C36804469A070F46C3F320
:109FE40040063AD45B0726D40B680BB983680B6030
:109FF400E368DD0722D5A36853B9294929484FF4FA
:10A00400AA7202F07DFB4FF4AA71254802F06FFB9F
:10A0140002263B603D68002D3ED0234B9A68D5F85C
:10A0240080309A420CD0D5F89C30D807C3F3800214
:10A0340016D46FF0120600233B6027E00126E9E7FF
:10A0440003F0A7F8D5F89C300028EED1D907C3F364
:10A05400C002EED552B15B0708D46FF00F06EAE7F1
:10A06400002AFAD1C3F3C003002BF6D100232360E6
:10A07400D5F8883063B9C5E92144284603F072F85D
:10A08400E36843F00403E3603B68A3603046F8BD33
:10A094001C60C5F88840F0E76FF01506CBE700BFF9
:10A0A40094FB0000C1DF00005C20002073B504466F
:10A0B400EFF31185202383F31288BFF36F8F1948C0
:10A0C40001F018FA40B918498822184802F018FB20
:10A0D4008821154802F00BFB124801F02FFA0023E7
:10A0E4000321201F0193A4F1100603F021F828B1E5
:10A0F400A369304601A90193FFF76CFF094801F0F9
:10A1040007FA40B9084940F23112084802F0F8FA57
:10A1140040F23111DDE785F31188BFF36F8F02B090
:10A1240070BD00BF8C20002038E00000C1DF0000BB
:10A1340038B50D46044640B90B4999220B4802F044
:10A14400DFFA9921084802F0D2FA31B906499A2275
:10A15400064802F0D5FA9A21F4E71022002103F010
:10A164000CF9656038BD00BF94FB0000C1DF00003E
:10A1740037B50C46019051B922494FF4BD722248BB
:10A1840002F0BEFA4FF4BD711E4802F0B0FA4B68FB
:10A1940043B91C4940F27B121B4802F0B1FA40F269
:10A1A4007B11F1E7EFF31185202383F31288BFF3CA
:10A1B4006F8F164801F09EF938B915498822124864
:10A1C40002F09EFA88211248DFE7104801F0B6F940
:10A1D400204601A9FFF7FEFE04460C4801F098F959
:10A1E40040B90B4940F23112074802F089FA40F2B3
:10A1F4003111E8E785F31188BFF36F8F204603B070
:10A2040030BD00BF94FB0000C1DF00008C200020A3
:10A2140038E00000F0B589B004460E9D50B92D49D0
:10A2240040F2F1222C4802F06BFA40F2F121294865
:10A2340002F05DFA41B9274940F2F222264802F0C1
:10A244005FFA40F2F221F2E7D0F89C0010F001002E
:10A2540008D0204940F2F3221F4802F051FA40F29C
:10A26400F321E4E7C4E9210004F18C00C4E92300EC
:10A2740004F19400C4E9250055B32879002840F27C
:10A28400011008BF0120C4F89C0000204FF0FF36E5
:10A294004FF0FF37CDE90330CDE90100CDE9066782
:10A2A40020460E4B009400F009F955B1296811B10C
:10A2B400204602F074FF6B791BB1237B43F001034A
:10A2C4002373204600F0B0FEC4F8804009B0F0BD0E
:10A2D4000120D8E794FB0000C1DF0000F99D0000D5
:10A2E40038B50D46044650B90E4940F292320E4834
:10A2F40002F006FA40F292310A4802F0F8F941B944
:10A30400084940F29332084802F0FAF940F29331D6
:10A31400F2E73022002103F030F84FF480736560D7
:10A32400E36038BD94FB0000C1DF0000F7B50C46C4
:10A3340016461D46019050B92C494FF486622C48AC
:10A3440002F0DEF94FF48661284802F0D0F941B9F1
:10A35400264940F23142264802F0D2F940F2314116
:10A36400F2E7EFF31187202383F31288BFF36F8F93
:10A37400204801F0BFF838B91F4988221C4802F070
:10A38400BFF988211C48E0E71A4801F0D7F82046B5
:10A3940002F0D9FE55EA060311D1204601A9FFF7C0
:10A3A40019FE0446134801F0B3F8B8B9124940F253
:10A3B40031120F4802F0A4F940F23111E2E7E368E8
:10A3C40004F1100043F00803E360019B3246A362EA
:10A3D4000A492B4601F004F90124E3E787F31188C5
:10A3E400BFF36F8F204603B0F0BD00BF94FB0000A5
:10A3F400C1DF00008C20002038E00000B1A0000084
:10A4040001460148FFF792BFC80A00202DE9F04336
:10A4140085B098460F9B04460F2B0E4637D123492F
:10A42400884538D104F15801C4E916111099002760
:10A4340021730421073222F0070506EB0509617335
:10A44400A37349462046C4E90677A760E773F7F784
:10A45400BDFE0E9B073020F00700A066C4E9186516
:10A4640002930D9BA9EB000901930C9B4A460093B0
:10A47400314643462046F8F759FA0D4B67659B6809
:10A4840003B1DB6E4846E36605B0BDE8F08303F133
:10A4940010011E29C6D90749074840F2052202F0D7
:10A4A4002FF940F20521034802F021F9C993000075
:10A4B4005C200020B5FB0000C1DF0000F0B587B0D0
:10A4C4000446DDE91276EFF3058555B117491848BE
:10A4D40040F2922202F014F940F29221134802F061
:10A4E40006F90595109D04950F9D03950E9D029503
:10A4F4000D9D01950C9D0095FFF788FFB6F1FF3F78
:10A5040008BFB7F1FF3F05D056EA070305D120463F
:10A5140000F08AFD204607B0F0BD3A46334604F108
:10A524001800044901F05CF8F4E700BFB5FB000033
:10A53400C1DF00000DD2000040F20113838100232B
:10A54400C0E91833C366014B986070475C20002053
:10A554006FF00A01084A93689967084958674B687D
:10A5640043F080534B60002383F31188BFF36F8F54
:10A574009368986F704700BF5C20002000ED00E0F6
:10A5840038B590F90D200146002A437B10DA03F018
:10A594007F034373184B984208D118491848562230
:10A5A40002F0AEF85621154802F0A1F802F0FCFDC5
:10A5B400144D2A4652F8184FAB68944200D004B99F
:10A5C400EC688B4210D03BB90F490D48D52202F0FC
:10A5D40097F8D5210C48E7E75A7BD20604D1DA89EB
:10A5E4007F2A01D9A2692AB1A34202D0204600F0F1
:10A5F40007FF23466B6138BDC8090020D8FB000063
:10A60400C1DF00005C200020FAFB000008B583686D
:10A6140043B909490948992202F072F89921064878
:10A6240002F065F802F0C0FD437B23F0020343739C
:10A634000023836008BD00BFDBFA0000C1DF000017
:10A6440070B590F90D20437B002A4BDBD90649D124
:10A6540063F07F034373254B984208D1244925486E
:10A664004F2202F04DF84F21214802F040F8224CCD
:10A67400224652F8183FE169934207D1C0E900210C
:10A684000860E06111E09942F8D01B68002BF5D016
:10A6940090F90E5093F90E60B542F4D0AE42F2DD5B
:10A6A4005968C0E9003108605860A569954200D036
:10A6B40005B9E568A3683BB910490E48D52202F0F4
:10A6C4001FF8D5210D48D0E75A7BD20604D1DA8988
:10A6D4007F2A01D9AA6932B1AB4202D0284600F0E0
:10A6E4008FFE656170BD6361FCE700BFC80900208F
:10A6F400D8FB0000C1DF00005C200020FAFB000052
:10A7040070B590F90D200146002A437B2E4C0FDAD8
:10A7140003F07F03A042437308D12C4956222C48EE
:10A7240001F0EEFF5621294801F0E1FF02F03CFD63
:10A734004B7BA14263F07F034B7306D123494F2225
:10A74400234801F0DDFF4F21EDE7224C224652F869
:10A75400183FE069934207D1C1E900200160E1613B
:10A7640011E09842F8D01B68002BF5D091F90E50F7
:10A7740093F90E60B542F4D0AE42F2DD5868C1E9F7
:10A78400003001605960A569A368954200D005B9FD
:10A79400E5688B4210D03BB90F490D48D52201F032
:10A7A400AFFFD5210C48BFE75A7BD20604D1DA8922
:10A7B4007F2A01D9AA692AB1AB4202D0284600F007
:10A7C4001FFE2B46636170BDC8090020D8FB000042
:10A7D400C1DF00005C200020FAFB000038B504460D
:10A7E400EFF31185202383F31288BFF36F8F124890
:10A7F40000F080FE40B911498822114801F080FF21
:10A8040088210E4801F073FF0B4800F097FE2046A4
:10A81400FFF716FF084800F07BFE40B9074940F2F5
:10A824003112074801F06CFF40F23111E9E785F37A
:10A834001188BFF36F8F38BD9020002038E00000EE
:10A84400C1DF000038B50446EFF31185202383F3FC
:10A854001288BFF36F8F134800F04CFE40B91249C1
:10A864008822124801F04CFF88210F4801F03FFF75
:10A874000C4800F063FEA36813B12046FFF7C6FE40
:10A88400084800F045FE40B9074940F23112074834
:10A8940001F036FF40F23111E7E785F31188BFF389
:10A8A4006F8F38BD9020002038E00000C1DF000029
:10A8B40038B50446EFF31185202383F31288BFF3E0
:10A8C4006F8F194800F016FE40B9184988221848BD
:10A8D40001F016FF8821154801F009FF124800F025
:10A8E4002DFE637B13F0280F0BD1A36813B1204610
:10A8F400FFF78CFE637B204623F004036373FFF7AA
:10A904009FFE094800F004FE40B9084940F23112A4
:10A91400074801F0F5FE40F23111DCE785F31188B8
:10A92400BFF36F8F38BD00BF9020002038E00000D7
:10A93400C1DF00002DE9F047DFF8B0A02C4F164628
:10A94400DDE90898DAF808202A4BB84204460D4697
:10A954001A600AD12849294840F2722201F0D0FE37
:10A9640040F27221244801F0C2FEEFF31183202348
:10A9740083F31288BFF36F8F384600F0BBFD38B9FC
:10A984001F4988221D4801F0BBFE88211C48EAE7C4
:10A99400384600F0D3FDDAF808703146384602F044
:10A9A4000BFCB8F1FF3F08BFB9F1FF3F06D04A46A0
:10A9B4004346144907F1180000F012FE204600F047
:10A9C400A7FD40B90E4940F26B120C4801F098FE05
:10A9D40040F26B11DAE7064800F09AFD0028F1D046
:10A9E4002846BDE8F047FFF7B3BD00BF5C20002058
:10A9F4009020002094200020D8FB0000C1DF00003C
:10AA040038E000000DD200002DE9F04104460D4667
:10AA1400EFF31187202383F31288BFF36F8F52481B
:10AA240000F068FD38B951498822514801F068FEA8
:10AA340088214E4817E04C4800F080FD637B03F00A
:10AA44001F02002A0CBF0126002657D103F07F0302
:10AA54006373484B9C4208D147494548562201F04C
:10AA64004FFE5621444801F042FEDFF81081204693
:10AA740002F09AFB4246637B6DB263F07F03A573D9
:10AA8400637352F8183F934235D1D8F81C10C4E9C7
:10AA940000210C60C8F81C400FE09942F7D01B68F5
:10AAA400002BF4D093F90E008542F6D0A842F4DDD1
:10AAB4005968C4E900310C605C60D8F818409442CD
:10AAC40000D00CB9D8F80C40D8F808309C4202D019
:10AAD400204600F095FCC8F81440234800F018FD07
:10AAE400002839D1214940F23112214801F008FEF1
:10AAF40040F231119DE7D8F81C10D1E79B0729D506
:10AB0400A16839B91E491A48992201F0F9FD992121
:10AB14001B48A8E720466DB202F046FBA5730B68FC
:10AB2400994209D14B68C4E900131C604C60D4E716
:10AB34004A689342F6D01B68002BF3D093F90E2099
:10AB44009542F5D0AA42F3DD5A68C4E90032146094
:10AB54005C60C2E7A573C0E787F31188BFF36F8F0A
:10AB64003046BDE8F08100BF9020002038E00000AE
:10AB7400C1DF0000C8090020D8FB00005C200020D1
:10AB8400DBFA000038B503460C46D1B9EFF305856E
:10AB9400BDB9154A51699268914212D000F0B8FCCF
:10ABA40050B9124940F26B12114801F0A9FD40F26C
:10ABB4006B110E4801F09BFD2846BDE83840FFF7B5
:10ABC400C7BC184600F0A4FC40B9084940F2311251
:10ABD400074801F095FD40F23111EAE784F311884A
:10ABE400BFF36F8F38BD00BF5C20002038E0000049
:10ABF400C1DF0000034648B9EFF3058232B9064AC3
:10AC040051699268914201D0FFF7A2BC83F3118885
:10AC1400BFF36F8F704700BF5C20002010B5EFF3C7
:10AC24001184202383F31288BFF36F8F1D4800F033
:10AC340061FC38B91C4988221C4801F061FD882157
:10AC440019480CE0174800F079FCEFF3058343B191
:10AC540017498F22154801F053FD8F21144801F044
:10AC640046FD144B9A68D37B012B06D110499022E0
:10AC74000E4801F045FD9021F0E7013BD3730948EC
:10AC840000F046FC40B9084940F23112074801F08F
:10AC940037FD40F23111D3E784F31188BFF36F8F8E
:10ACA40010BD00BF9020002038E00000C1DF00008C
:10ACB400DBFA00005C20002070B5EFF3118620233E
:10ACC40083F31288BFF36F8F2E4800F013FC38B95A
:10ACD4002D4988222D4801F013FD88212A480FE0D0
:10ACE4002B4D284800F02AFCAB68DA7B52B929497D
:10ACF40040F20D32254801F003FD40F20D312548A4
:10AD040001F0F5FCEFF3058141B1224940F20E3226
:10AD14001E4801F0F5FC40F20E31F0E70132DA731F
:10AD24002A4652F8184F944200D004B9EC685A7B72
:10AD3400D20604D1DA897F2A01D9A2692AB1A342B1
:10AD440002D0204600F05CFB23460E486B6100F005
:10AD5400DFFB40B90C4940F231120C4801F0D0FC41
:10AD640040F23111BAE786F31188BFF36F8FEFF326
:10AD74001180202383F31288BFF36F8FBDE87040E6
:10AD8400FFF738BF9020002038E00000C1DF00004A
:10AD94005C200020D8FB0000024B03F11802C3E939
:10ADA400062270475C20002070B5EFF3058353B191
:10ADB4003249334840F2244201F0A2FC40F22441DB
:10ADC4002E4801F094FCEFF31186202383F31288BC
:10ADD400BFF36F8F2B4800F08DFB38B92A498822C6
:10ADE400274801F08DFC88212748EAE7274C2548AD
:10ADF40000F0A4FBA168E0690B68814214BF1A4605
:10AE0400002249680B605960A368E1692AB9204AA5
:10AE1400C3E900210B60E3610CE093F90E0092F9A1
:10AE24000E50A84220D085421EDD5168C3E900219E
:10AE34000B605360A569164B9D4200D005B9E568C7
:10AE4400A3689D4202D0284600F0DAFA0D486561F5
:10AE540000F05EFB60B90C4940F26B12084801F047
:10AE64004FFC40F26B11BFE78A42D0D01268CDE7A5
:10AE74003046BDE87040FFF76BBB00BFD8FB000055
:10AE8400C1DF00009020002038E000005C2000209A
:10AE9400742000202DE9F04106460C46EFF30587A7
:10AEA40057B12D492D4840F23C4201F029FC40F2B3
:10AEB4003C41294801F01BFC50EA010304D1FFF78F
:10AEC40073FF0020BDE8F081EFF31188202383F3A2
:10AED4001288BFF36F8F224800F00CFB38B9214968
:10AEE40088221E4801F00CFC88211E48E2E71E4D12
:10AEF4001B4800F023FBA8681C4B1860FFF740FBBD
:10AF0400A868234632461A49183000F069FBAA683B
:10AF14000446537B124843F00403537300F0F8FAD9
:10AF240040B9104940F26B120C4801F0E9FB40F2C1
:10AF34006B11DAE74046FFF70BFBAB68D3E90A2352
:10AF4400B3F1004F08BFBA42BBD102F095F9201A01
:10AF540020EAE070B6E700BFD8FB0000C1DF0000C4
:10AF64009020002038E000005C2000209420002085
:10AF74000DD2000070B504460E46EFF3058555B1B9
:10AF84001849194840F2664201F0BAFB40F26641A2
:10AF9400144801F0ACFBFFF77DFFB6F1FF3F08BF9B
:10AFA400B4F1FF3F0246204616D047F6FF704FF437
:10AFB4007A7403462946C2FB0431B3F5004F71F19C
:10AFC40000020AD36FF400429A4243F6FF728A41A8
:10AFD40005D3D80B40EA414070BD2846FCE76FF02A
:10AFE4000040F9E7D8FB0000C1DF000038B50024B9
:10AFF4000B494FF400458C462146C0FB05C1002394
:10B004006046084AF5F7A4F8C117FFF743FF47F66F
:10B01400FF73044AC0FB0234DB0B43EA444038BDEF
:10B024003F420F0040420F0038B50446EFF311854C
:10B03400202383F31288BFF36F8F1B4800F05AFA62
:10B0440040B91A4988221A4801F05AFB8821174846
:10B0540001F04DFB144800F071FA637B5B0710D5D7
:10B0640004F1180000F086FB637B204623F0040300
:10B074006373FFF7E5FA2946BDE838400A48FFF74D
:10B0840081BD094800F044FA40B9084940F2311240
:10B09400074801F035FB40F23111D8E785F31188F8
:10B0A400BFF36F8F38BD00BF9020002038E0000050
:10B0B400C1DF0000014B9868704700BF5C2000208E
:10B0C4002DE9F8430446077BEFF31185202383F32E
:10B0D4001288BFF36F8F6F4800F00CFA40B96E49C5
:10B0E40088226E4801F00CFB88216B4801F0FFFABE
:10B0F400684800F023FA637B190712D5654800F00D
:10B1040007FA40B9644940F23112644801F0F8FA90
:10B1140040F23111E9E785F31188BFF36F8FBDE881
:10B12400F883D90943F008027AD16273A36813B192
:10B134002046FFF76BFA04F1180000F01BFBA66D24
:10B1440004F15808B04511D04FF0000976B13046EB
:10B15400FFF75CFA06F1180000F00CFB3046C6F865
:10B164007890FFF76DFAA66DB045EFD1DFF8308126
:10B17400D8F808309C4267D1EFF30589B9F100098A
:10B1840018BF4FF00109D8F81860464A964200D01B
:10B194000EB9D8F80C60B34202D0304600F030F952
:10B1A400C8F81460B9F1000F02D03F48FFF7C4F9A2
:10B1B400D8F808309C4256D1EFF30586002E52D1C0
:10B1C400237BDA071FD5334800F0A2F9002899D071
:10B1D40085F31188BFF36F8F86F31188BFF36F8FE8
:10B1E4000423184602DFEFF31185202383F312882A
:10B1F400BFF36F8F274800F07DF900283FF46FAF4D
:10B20400244800F09BF9234800F082F9F8B9224958
:10B2140040F26B12214801F073FA40F26B1164E7BB
:10B2240003F07F0343F008036373204B9C4207D170
:10B234001F495622194801F063FA56211C4855E764
:10B24400204601F0B1FF71E74FF000099BE7284663
:10B25400FFF77EF916494FF4DD72104801F050FAF9
:10B264004FF4DD71EAE70B4800F052F900283FF48F
:10B2740049AF85F31188BFF36F8FFB077FF54FAF9D
:10B284000B4940F23D52054801F03AFA40F23D5173
:10B29400D4E700BF9020002038E00000C1DF0000A8
:10B2A4005C20002074200020680B0020C8090020C6
:10B2B400D8FB00002DE9F843064688461746EFF30D
:10B2C4001189202383F31288BFF36F8F1C4800F089
:10B2D40011F9054640B91B4988221B4801F010FAB0
:10B2E4008821184801F003FA154800F027F934685A
:10B2F400A6421AD0DCB12046C4F878802761FFF753
:10B3040085F904F1180000F035FA2046FFF798F9A2
:10B314000B4800F0FDF860B90A4940F231120A48BE
:10B3240001F0EEF940F23111DBE70025F0E72546A4
:10B33400EEE789F31188BFF36F8F2846BDE8F883E1
:10B344009020002038E00000C1DF0000D3B5DDE923
:10B354000667089CCDE90067FFF7ECFA1CB1034BC4
:10B364009B681B69236002B0D0BD00BF5C20002035
:10B3740008B568B10E4B98420AD303F11802904203
:10B3840006D21822C01AB0FBF2F302FB130343B136
:10B3940008490948382201F0B3F93821054801F079
:10B3A400A6F90122054BC0105843054B1A5408BD99
:10B3B400E80B002026FC0000C1DF0000ABAAAAAA0B
:10B3C40065230020C3897F2B12D80A4B1B6863B105
:10B3D400094B90F90E201B689A4209DB437BDB067C
:10B3E40006D1064BC31A18BF012303F001007047AE
:10B3F4000023FAE75001002098200020C80900200B
:10B4040070B50E4B0E4C1E7C054606EB460304EB52
:10B41400C304204600F0AEF900220A4B28469A5590
:10B42400FFF7D0FF48B1084B2046BDE870401A68CA
:10B434000649013AD31700F0D3B870BD5C20002050
:10B44400E80B0020652300205001002075B30000A4
:10B4540038B5EFF31185202383F31288BFF36F8F80
:10B464001E4800F047F840B91D4988221D4801F0E4
:10B4740047F988211A4801F03AF9184800F05EF8B3
:10B48400194B1A4A9C681068A0420ED1FFF7B8FF06
:10B49400124800F03DF8E0B9114940F23112114868
:10B4A40001F02EF940F23111E4E700211B7C116018
:10B4B4000F4AD35C002BEBD02046FFF783FF002814
:10B4C400E6D0637BDB0602D12046FFF719F920465C
:10B4D400DCE785F31188BFF36F8F38BD902000201F
:10B4E40038E00000C1DF00005C2000209420002030
:10B4F40065230020006838B1044B00F003001B7C76
:10B50400C01A18BF01207047012070475C2000203A
:10B51400002302680360EFF30581074B19B19968B2
:10B52400497BC90706D4197C98680843831A584292
:10B5340058417047012070475C200020024B1A7C60
:10B544009B681343036070475C200020074808B5DC
:10B55400074A0849121A01F07EFDBDE80840064872
:10B56400064A0749121A01F076BD00BF0000002008
:10B5740070030020C8FC0000000000200000002030
:10B58400C8FC0000024B1868984208BF00207047AE
:10B5940054010020034B1B680BB9FBF79DBF00202F
:10B5A400704700BF9C20002030B570B10B4B5B6826
:10B5B40098420AD0036843B1D3E90421D0E9044591
:10B5C400121941EB0501C3E90421D0E900321360EB
:10B5D4005A600023C0E9003330BD00BF540100208D
:10B5E400B3F1FF3F08BFB2F1FF3F2DE9F74F044627
:10B5F40090469B4615461F4600F0AA80D0F800905E
:10B60400B9F1000F08D054495448722201F078F877
:10B614007221514801F06BF88160EFF311830193BB
:10B62400202383F31288BFF36F8F4D48FFF762FF27
:10B63400824638B94B498822484801F061F888218C
:10B644004848E7E74648FFF779FFB8F1FF3F7BF149
:10B65400FF33454A1FDBFFF79DFF064601354BF1DB
:10B66400000B414A2D184BEBE073D2E90017C4E9F3
:10B6740004536D1843EB0707FFF784FF0346DFF815
:10B68400ECE0DEF80490F3B9C4E900E9C9F800403D
:10B69400CEF8044029E06FF00103D2E900125B1AEE
:10B6A4004FF0FF3161EB0202B3EB080362EB0B02D4
:10B6B400012B72F10001BCBF01234A464FF0000A7E
:10B6C400C4E90432D8E7D3E9041CD4E904208A424B
:10B6D40070EB0C0B29DA891A5A686CEB0000C3E989
:10B6E4000410C4E9003214605C60FFF74BFF84422D
:10B6F4000ED11F4B1B685BB9BAF1000F02D1FFF7E3
:10B7040049FF0646304601F0A0FD0021FBF7BEFECE
:10B714001348FFF7FDFE88B9124940F231120F4871
:10B7240000F0EEFF40F231118AE7521A60EB0C0090
:10B734009945C4E90420A7D01B68A4E7019B83F3BF
:10B744001188BFF36F8F2846394603B0BDE8F08FE8
:10B7540000252F46F7E700BF4EFC0000C1DF0000C4
:10B76400A020002038E00000000C0020540100203C
:10B774009C20002070B50446EFF31186202383F348
:10B784001288BFF36F8F1E48FFF7B4FE40B91D49FE
:10B7940088221D4800F0B4FF88211A4800F0A7FF52
:10B7A4001748FFF7CBFE23680BB3FFF7EBFE054604
:10B7B4002046FFF7F9FE00224FF00043A542C4E9FA
:10B7C400042306D1FFF7E6FE01F03FFD0021FBF75D
:10B7D4005DFE00240A48FFF79BFE58B9094940F270
:10B7E4003112094800F08CFF40F23111D5E76FF0B7
:10B7F4001504EFE786F31188BFF36F8F204670BD01
:10B80400A020002038E00000C1DF00002DE9F0474F
:10B814000446EFF31188202383F31288BFF36F8F5C
:10B824003E48FFF767FE40B93D4988223D4800F095
:10B8340067FF88213A4800F05AFFDFF8EC90374858
:10B84400FFF77CFEC9F80040FFF79CFE0026044683
:10B854000027DFF8D8A0D9F80030DAE900C0D917FA
:10B8640054B1D4E90452AB4271EB020E1FDAED1A63
:10B8740062EB0102C4E90452002413EB0C0340EB15
:10B8840001012046CAE90031C9F8004001F0DDFC9D
:10B894002146FBF7FBFD2148FFF73AFEB0B188F3E0
:10B8A4001188BFF36F8FBDE8F047FFF7D1BD15EBEB
:10B8B4000C0340EBE570CAE90030C4E90467204694
:10B8C400FFF772FE1548FFF723FE40B9144940F212
:10B8D4003112144800F014FF40F23111AAE788F342
:10B8E4001188BFF36F8F2046A3689847EFF3118840
:10B8F400202383F31288BFF36F8F0848FFF7FAFD04
:10B90400002891D00548FFF719FED9F800305B1BD9
:10B91400C9F80030FFF736FE04469CE7A02000205B
:10B9240038E00000C1DF00009C200020000C002053
:10B9340070B5EFF31186202383F31288BFF36F8F62
:10B944001548FFF7D7FD40B914498822144800F080
:10B95400D7FE8821114800F0CAFE0F48FFF7EEFD1C
:10B96400FFF718FE0F4AD2E90045041945EBE075CC
:10B974000948FFF7CDFD40B9084940F231120848A3
:10B9840000F0BEFE40F23111E4E786F31188BFF304
:10B994006F8F2046294670BDA020002038E00000AB
:10B9A400C1DF0000000C00202DE9F84F05460C46CD
:10B9B400924601F0EEFB002850D12A4B9B68DE6EC4
:10B9C400002E4BD06F1E3D4207D02749172227482F
:10B9D40000F096FE1721244817E004343ED245F0C7
:10B9E400040B06F11408EFF31189202383F3128862
:10B9F400BFF36F8F4046FFF77DFD40B91C49882295
:10BA04001A4800F07DFE8821194800F070FE404677
:10BA1400FFF794FD224659463046D0470446404637
:10BA2400FFF776FD40B9124940F231120F4800F099
:10BA340067FE40F23111E7E789F31188BFF36F8F96
:10BA440064B1204640F8046B4DB1384207D0064932
:10BA54003422064800F054FE3421BCE70020BDE83F
:10BA6400F88F00BF5C20002072FC0000C1DF0000E2
:10BA740038E000000146024A0020FFF795BF00BFEE
:10BA8400CFC6000038B50B4C0B4DAC420FD90B4957
:10BA94000B481A2200F034FE1A21084800F027FE51
:10BAA4002046D4E9011201F037FC1834EDE7F7D34E
:10BAB400002038BD100200201002002096FC000077
:10BAC400C1DF0000F8B504460E4600F11405EFF39B
:10BAD4001187202383F31288BFF36F8F2846FFF763
:10BAE40009FD40B916498822164800F009FE88214C
:10BAF400134800F0FCFD2846FFF720FD20463146A0
:10BB0400F4F716FE04F10C0001F08CFB28B1394661
:10BB14002846BDE8F840FFF735B82846FFF7F8FC9B
:10BB240040B9074940F23112064800F0E9FD40F2FD
:10BB34003111DDE787F31188BFF36F8FF8BD00BFC4
:10BB440038E00000C1DF000010B50A4C23681BB1C7
:10BB540001232360002010BD00F0F4F80028F7D082
:10BB64000138072803D8044B53F8200010BD0348BC
:10BB740010BD00BFA4200020E8DC0000FE8FFFFF02
:10BB8400BFF34F8F0549064BCA6802F4E0621343C2
:10BB9400CB60BFF34F8F00BFFDE700BF00ED00E0B7
:10BBA4000400FA0530B44FF0FE3200250B4B0C4C68
:10BBB4000C494968C3F80024C3F80424C3F80824D2
:10BBC400C3F80C24C3F81024C3F81424C3F81824AD
:10BBD400C3F81C24C4F8005530BC084700508450F6
:10BBE400004084505C010020024BD0E90012C3E9FC
:10BBF400001270475C01002010B5044650B1636820
:10BC040013F0685F05D0064A934202D000236260B5
:10BC1400236010BD034B04485B689847EFE700BFFF
:10BC24002C5F5CA95C01002008DD0000C8B14368FA
:10BC34000D4A934213D013F0685F0ED0012350E8ED
:10BC4400002F194640E8001C9CF0000FF7D1012A90
:10BC5400F5D0BFF35F8F0020704704487047044855
:10BC640070476FF4E04070472C5F5CA9E98FFFFFD9
:10BC7400EA8FFFFF034680B1426809498A420AD02D
:10BC840012F0685F05D0BFF35F8F002210461A6080
:10BC9400704704487047044870476FF4E0407047A9
:10BCA4002C5F5CA9E98FFFFFEA8FFFFF10B5044604
:10BCB40020B10023034A2360626010BD0248FFF7ED
:10BCC40071FFF6E73A00003A30DD000070B5194C18
:10BCD400D0F804C00668C4F804C0D0F808C0C0682E
:10BCE400C4F808C0E06026600868134B134D186060
:10BCF4004868D5F818215860886812F0685F986021
:10BD0400C8680969D860196112D000230C4A05F586
:10BD14008A70C5F81431C5F8B831C5F81821C5F8CA
:10BD2400BC21B047236805F5DC70BDE870401847B6
:10BD340070BD00BF7801002064010020BC200020F9
:10BD44002C5F5CA908B500F011F830B900F010F8C8
:10BD540038B9054AC2F80C0A08BD00F037F80320C8
:10BD640008BD042008BD00BF005084500020704767
:10BD740010B5114800F048F800B110BD0F4800F0AC
:10BD840043F80028F9D10E4C204600F03DF8002875
:10BD9400F3D10C4B0C481C6000F036F80146002827
:10BDA400EBD100F02DF8044608B1204610BD00F098
:10BDB4003FF82046FAE700BFB8010020B401002094
:10BDC400B0010020A8010020AC01002008B50848FB
:10BDD40000F024F8074800F021F8074800F01EF8A6
:10BDE400064800F01BF8BDE8084000F00BB800BF9F
:10BDF400B8010020B4010020B0010020AC010020F3
:10BE040000207047704700BF08B5034B02681B68E9
:10BE140010689847002008BD7801002008B5034B3E
:10BE240002685B6810689847002008BD780100200C
:10BE340070B5094C094D2069AB68984718B1084B97
:10BE440008485B6898470021074AEB68116020693D
:10BE5400BDE87040184700BF64010020780100204D
:10BE64005C01002054DD0000B82000202DE9F04FD3
:10BE740043688DB015468046029383789A0740F153
:10BE84000D8100240E78002E00F00A81252E0BD09F
:10BE94004B1C0393013441463046029B98470028CB
:10BEA400C0F2F6800399EDE74E788B1C252E0393A0
:10BEB400F0D00027B946BB46BBF11F0F38D8A6F116
:10BEC4002003102B0AD8DFE803F02A0909300909F6
:10BED400092109090928092D09091F00A6F13003C0
:10BEE400092B33D92A2E37D11BF0400F55F8043BC8
:10BEF40040F08280002BA7BF4BF0200B9946C3F182
:10BF040000094BF0280B01E04BF0010B039B13F8E5
:10BF1400016B0393002ECFD130E04BF0020B4BF0BA
:10BF2400040BF3E74BF0080BF0E74BF0100BEDE7D5
:10BF3400BBF17F0F19D8A6F13003092BD2D81BF01F
:10BF4400400F03D00A2101FB0737DFE70A214BF03A
:10BF5400200B01FB0939D9E72E2E06D11BF0400F27
:10BF640040F09E804BF0400BD0E76C2E31D02BD8A4
:10BF7400682E36D06A2E3CD04C2E3AD0002F46F094
:10BF84002003B8BF2BF04002A3F16501BCBF00271A
:10BF94001FFA82FB022901D9612B2FD1073507270C
:10BFA400DFF8ACA225F0070508351BF0080F66D0B2
:10BFB4000AEB070B56465E4563D1A4EB0A0AA9EBCC
:10BFC400070906EB0A026FE1742E9FD07A2E9DD0EA
:10BFD400D4E71BF0800F18BF4BF4007B4BF0800BB1
:10BFE40094E71BF4807F18BF4BF4007B4BF4807BF9
:10BFF4008CE74BF4207B89E71F4687E7A6F16301B2
:10C00400122900F2F080DFE811F013004F00EE0077
:10C01400EE00EE00EE004F00EE00EE00EE00EE004B
:10C02400EE00FE00E900EE00EE001B00EE00AF00A3
:10C0340055F8043B01270DF1180A8DF81830B4E7C0
:10C0440055F804AB834BBAF1000F08BF9A461BF0B6
:10C05400400F504614BF39464FF0FF3101F0A5F9A7
:10C064000746A2E741462020029B984700280FDBA1
:10C07400013EB742F6D34C44B146A41B98E74E4662
:10C08400F7E7414616F8010B029B9847002892DA1D
:10C0940098F8023043F0040388F802304FF0FF347C
:10C0A40020460DB0BDE8F08F1BF0800F34D01BF498
:10C0B400007F2CD0073525F00705AA4669685AF891
:10C0C400080B2BF010050029ADB237DA404245F4D5
:10C0D400806561EB41010DF1180B0A235A4601F00A
:10C0E40070F9A0EB0B0301936B0662D5019B25F05D
:10C0F40001019F4289B240F3A180002E00F0998093
:10C1040015F0100240F09C80BB460D4623E0AA4681
:10C114005AF8040BC117D4E7AA461BF4807F5AF8D7
:10C12400041B01D10846F5E71BF4007F19BF48B290
:10C1340041F3C01108B241F3C031C2E750EA010330
:10C14400C9D11BF0400FC6D0002FC4D12BF011026F
:10C15400BB46019795B240F2064115EA01021CBFA5
:10C164000BF1010B00222CE02BF010020A231FFA22
:10C1740082FB1BF0800C49D01BF4007115BF0735FE
:10C18400AA4625F007055AF8040B1EBFAA4669689B
:10C194005AF8080B50EA010545D12BF016051BF09F
:10C1A400400FADB242D0002F40D12BF017020197BF
:10C1B40095B215F0100248D0019B002E42D103F134
:10C1C400010B29075AD4EB0706D5D9456FDDA9EB36
:10C1D4000B030199CB465F185B4649E04BF0100B0B
:10C1E40010237826C5E7782B04D1C6F1780343F0F1
:10C1F4001003BEE741462520029B98470028FFF61E
:10C2040047AF023447E608230026B2E7AA461BF4E8
:10C2140080715AF8040BBDD01BF400711ABFC0B270
:10C22400614680B2B6E72BF0060295B20DF1180B09
:10C2340054E725F01105BB46ADB28CE70D46B8E7CF
:10C244003B460D4603F1020BBBE7DDF804B082E781
:10C25400BFFC0000B8FC0000CDE9043241462020B8
:10C26400029B98470028FFF613AF049B059A0133FD
:10C274009945F1DCA4EB0B019B46CC180AB341466B
:10C284003020029B98470028FFF602AF8EB9013494
:10C294002744391B019B994224DC1D4655BB019A56
:10C2A400A9EB0B09554622441446914433E0019FFF
:10C2B40092E7023441463046029B98470028E7DA69
:10C2C400E6E640F206410D42E2D015F0020F04F119
:10C2D4000104414614BF2B20202015F4806F18BFA1
:10C2E4002D20E9E741463020029B0134984700287D
:10C2F400CFDACDE606AB013D4146585D029B984737
:10C304000028CBDAC4E641462020029B013498473A
:10C314000028FFF6BDAEA9EB0403002BF3DCC1E556
:10C324007047436818697047836800EBC101B3F52F
:10C33400004F2CBF51F8220031F81200704700EB77
:10C34400C1018068B0F5004F2CBF41F8223021F8BC
:10C3540012307047012208B5FFF7E6FFD04008BD50
:10C36400836800EBC101B3F5004F08D34B681AB1E1
:10C3740043F001034B60704723F00103FAE74B8855
:10C384001AB143F001034B80704723F00103FAE72D
:10C3940053000122FFF7D3BF8368B3F5004F34BFC6
:10C3A40004230823C91A081AC0087047B0F5004FBF
:10C3B40034BF042308230731C818C00870470A464D
:10C3C40008B50121FFF7F2FF0132121AB2FA82F026
:10C3D400C0F11F0008BD2DE9F041174603220E46A7
:10C3E4000446FFF7A1FF8642054607F104080AD177
:10C3F4000122E368BA4023EA0203E360002344F81D
:10C404002830BDE8F081314602222046FFF78CFF38
:10C4140006462B4601460322204644F82850FFF7DF
:10C424008EFF334629462046BDE8F0410222FFF73D
:10C4340086BF70B50D4686680446FFF78BFFB6F5D8
:10C44400004F014601D3012809D03046FFF7B7FF5A
:10C45400294602462046BDE87040FFF7BCBF70BDC8
:10C464002DE9F047054680688846FFF7A8FF05EBED
:10C47400800ADAF810900646B9F1000F1BD00327A2
:10C48400DAF8104028462146FFF764FF404507D3F9
:10C49400324621462846FFF79EFF2046BDE8F08736
:10C4A400032221462846FFF73FFF013FCAF8100048
:10C4B40001D08145E4D14FF0FF34EB680136B4403C
:10C4C4001C40EAD094FAA4F2B2FA82F2131D55F891
:10C4D4002340DEE72DE9F04114460E460546FFF7FA
:10C4E40039FFA4EB0608371B074442463146284669
:10C4F400FFF74EFF3A4621462846FFF749FF4346D9
:10C50400002221462846FFF71AFF21462846FFF756
:10C5140021FF3B46211800222846BDE8F041FFF7E1
:10C524000EBF2DE9F041164604460F46FFF712FFF1
:10C53400314605462046FFF70DFF05442A46394695
:10C544002046FFF725FF31462046FFF703FF2B4621
:10C55400311800222046BDE8F041FFF7F0BE2DE976
:10C56400F0410D4686680446FFF7F4FEB6F5004F29
:10C57400014601D3012832D03046FFF720FF04EBF7
:10C5840080010E6996B90122E36882401343E36097
:10C5940002220D612B4629462046FFF7D0FE0322D6
:10C5A40029462046BDE8F041FFF7C9BE02223146C4
:10C5B4002046FFF7B9FE0746034629462046FFF703
:10C5C400BEFE0322334629462046FFF7B8FE39460D
:10C5D4002B462046FFF7B3FE02223146E1E7BDE8D1
:10C5E400F081F8B50C460546FFF7B4FE2618012283
:10C5F40031462846FFF798FEC3070CD43146284637
:10C60400FFF717FF21462846FFF7A4FE214622180C
:10C614002846FFF786FF002221462846FFF784FEBE
:10C62400271A012239462846FFF77EFE10EA020641
:10C6340013D139462846FFF7FCFE214632462846E8
:10C64400FFF772FE2246211A2846FFF76AFF2146A9
:10C6540032462846FFF768FE241A21462846BDE8DC
:10C66400F840FFF77CBF70B5066809B9002070BDBB
:10C67400B068B0EBD10FF9D9FFF798FE0146054633
:10C684003046FFF7EDFE04460028EFD00146304661
:10C69400FFF760FEA84209D92544214630462A46C0
:10C6A400FFF718FF29463046FFF759FF30460122AD
:10C6B4002146FFF755FEB368B3F5004F34BF04239A
:10C6C400082303EBC4031844D1E71146FFF7CBBF9B
:10C6D400002070470FB407B504A951F8040B019169
:10C6E400F4F7F2F803B05DF804EB04B070470023EC
:10C6F40083F31188BFF36F8F0423184602DF70475A
:10C704000FB407B504A951F8040B0191F4F7DCF850
:10C7140003B05DF804EB04B07047002203680BB962
:10C72400184670478B4210D10B6842B942680360C7
:10C73400914200D14360002301200B6070471360D5
:10C744004368994208BF4260F5E71A461B68E6E76A
:10C75400838B13F0070305D10368002B0CBF002063
:10C7640003207047022B05D1C08BB0FA80F040093A
:10C7740080007047012B05D10368002B0CBF0020FB
:10C78400052070470020704710B50C4600B111B960
:10C794006FF0150010BD081D00F02FF80028F9D126
:10C7A400A368032BF6D9F3E72DE9F0410D460746BC
:10C7B4001946281D90461E46F4F7C2FB044638B1BC
:10C7C4003346424629463846A446BDE8F041604710
:10C7D400BDE8F08138B50C46054658B151B10B6837
:10C7E40043B14B6833B12022002100F0C6FD002084
:10C7F4002C6138BD6FF01500FBE7034658B1426861
:10C8040002F00302012A03D0032A04D1026812B100
:10C814000020986070476FF01500704770470FB4A0
:10C8240007B504A951F8040B0191F4F74DF803B0CE
:10C834005DF804EB04B07047006838B150F8043C6C
:10C8440004385B688B4201D04068F6E770470068A3
:10C8540048B150F8043C04385B685B689B788B42B1
:10C8640001D04068F4E7704730B5006888B150F8EB
:10C87400043C04385B681A6A1D7F0023043ADCB266
:10C88400A54201D84068F1E7013312F833408C42E5
:10C89400F5D130BD002008B5F4F748F8014600682A
:10C8A400F5F758BC08B5F5F78DFCBDE80840F5F779
:10C8B400ADBC00210120F5F74DBC036E83F30B885A
:10C8C400704761B662B680F31188BFF36F8F70470B
:10C8D40008B572B6002383F31188BFF36F8FF6F7A0
:10C8E40001FB50B1BFF34F8F30BF00BF00BF00BF8B
:10C8F40000BF00BF00BF00BF00BF62B6BFF36F8FB1
:10C9040008BD10B5044672B6002383F31188BFF343
:10C914006F8FF6F7E7FA50B1BFF34F8F20BF00BF18
:10C9240000BF00BF00BF00BF00BF00BF00BF84F353
:10C934001188BFF36F8F62B610BD40E800F313F4A3
:10C94400803FD8B208BF6FF01500704730B50C684F
:10C954004B6885B00A894D890094013B24F01F047B
:10C96400234402F01F0242EA451223F01F036946E2
:10C974008DF808200393F6F76FF805B030BD08B5BD
:10C98400F6F77CFA002008BD4FF05023012270B561
:10C994000C460546C3F814260020F6F74FFB28463C
:10C9A4002346BDE87040002118478170704700207D
:10C9B4007047036942685B68526800201374C3F3CC
:10C9C40007235374704761281BD010D836281AD017
:10C9D40007D81D2819D0A0F12A0148424841400037
:10C9E4007047A0F1380250425041800070477D28C2
:10C9F4000DD07E280DD0A0F1640358425841800127
:10CA0400704710207047202070470120704708208D
:10CA140070478020704710B503690446C0E90533A8
:10CA24000023C360837F13B1407AF8F75DFB0123D1
:10CA3400237700236377E377A37710BDFCF76EBEFB
:10CA4400FCF722BF38B50446F6F7D4FD054660B1BD
:10CA5400037A6BB120460024F8F7E8FB2846AC774C
:10CA6400FFF7D9FF20462C7238BD6FF01500FBE7A5
:10CA74006FF07700F8E770B504460E461546F7F7F1
:10CA8400EBFB30B906B925B12046BDE87040F7F795
:10CA940039BC70BD10B50C46F7F7AAFCEFF311834F
:10CAA400202282F31288BFF36F8F02692260027B17
:10CAB4002AB9807D83F31188BFF36F8F10BD0420E2
:10CAC400F8E7F8B5069F0469C9B2EFF3118620258B
:10CAD40085F31288BFF36F8F0C2569430C44D4F897
:10CAE400885005F0070CBCF1010F0CD1C4F8887014
:10CAF40086F31188BFF36F8FC4E9202343685B5822
:10CB040098470020F8BD05F0C005AF4286F31188B0
:10CB1400BFF36F8F0CBF6FF077004FF0FF30F1E77A
:10CB240013B580240094FFF7CCFF02B010BD006958
:10CB3400CBB200EB4310002110470320FAF722BFC9
:10CB44000220FAF71FBF0020FAF71CBF0320FAF7F0
:10CB54009BBF0220FAF798BF0020FAF795BF104652
:10CB6400FDF770B88022F8F723BC436800205B68A7
:10CB74001B690B607047436802EA01005B6821EAA5
:10CB8400020198600020D9607047436800205B6808
:10CB940099607047436800205B68D96070474368B8
:10CBA4005A68536821EA03000B4090600020D36068
:10CBB4007047082913B528BF08214FF47F020C469B
:10CBC400D2F80432D2F808221BBA12BA00920A46EA
:10CBD4006946019300F0AAFB204602B010BD01296A
:10CBE400036907D193F8F10010F001000CD003F1B0
:10CBF4001400704739B993F8F10010F0020003D023
:10CC040003F17C0070470020704713B50C460022E6
:10CC1400002369465030FCF7C3FC20B9009B6360D5
:10CC2400019B9B082381B0FA80F0400902B010BD3B
:10CC340070B590F8ED300446012B0E4613D0F8F78A
:10CC4400F1FF054640B90423D4F8E40084F8EC303D
:10CC5400FBF796FE284670BD94F8ED301BB9D4F866
:10CC640088309B08338173683146D4F8E400C4F8F3
:10CC7400E830FBF7DDFD0125ECE791F8E83010B56D
:10CC8400012B0C4609D1D1F8E000FBF79DFE54F8C6
:10CC9400040CBDE81040F4F7A7B8081FBDE8104025
:10CCA400F8F7D4BF4B1E012B73B504460D461ED8AE
:10CCB40000F150060022002369463046FCF770FC60
:10CCC40080B1022D15D104F1B80500220023694674
:10CCD4002846FCF765FC60B90099D4F88400FCF799
:10CCE400DFFAF2E70099E069FCF7DAFAE2E70029F3
:10CCF400E9D002B070BD38B50C46056983685B683D
:10CD0400984718B923682A685340236038BD0346FE
:10CD1400012270B58A4201DB012070BD9E6805685E
:10CD24001C46AE420BD1DE89C588AE4207D1257BB5
:10CD3400047908331444A54201D10132EAE7002002
:10CD4400EBE743681B681B68184770B50D69044618
:10CD54003DB94FF0FF324FF0FF3300F091FA204617
:10CD640070BD4FF4004640F2E73000214FF47A7270
:10CD74000023E5FB0601F3F7EBF902460B462046D8
:10CD8400EBE700697C30FCF75DBF30B543681360A6
:10CD9400057A446804EBC504A34202D36FF0010092
:10CDA40030BD5C798C4201D00833F0E70020F7E70E
:10CDB40043681B68D3F88004C3F880047047426852
:10CDC4001368D3F8100150B10020126A12780A7067
:10CDD400C3F81001D3F8102101221A6070474FF0F4
:10CDE400FF30704702680346D2F8580140B95B68C7
:10CDF400DB0706D4D2F82001003818BF01207047A1
:10CE04000120704743681B68D3F80423D20517D563
:10CE1400D3F82021A2B1EFF31182202181F31288EB
:10CE2400BFF36F8FD3F8201131B10021C3F8201163
:10CE3400D3F820110121D96082F31188BFF36F8FD9
:10CE4400D3F85831704713B501AA0446FFF79DFF84
:10CE5400002805DB019B226819791868F9F7CAFFD5
:10CE640002B010BD08B5FAF7ABF908BDFEF76CBE09
:10CE740008B5F5F771F8F5F757F9BDE80840FEF77E
:10CE840063BE004700F0BFB838B504461546FAF74C
:10CE940085FC29462046BDE83840FAF793BC43098F
:10CEA4000AD0012B0BD14FF6FF7300F01F0023FAB9
:10CEB40000F000F0010070474FF0FF33F5E7002069
:10CEC40070472DE9F3411746DDE90858019001A8A0
:10CED4000C461E46FAF754FE019B391E18BF012169
:10CEE40000EB8300231E18BF0123002E43EA4103F5
:10CEF40014BF0C210021002D43EA010314BF4FF499
:10CF040070610021B8F1000F43EA010314BF4FF42C
:10CF140040310021D0F800220B4322EA030304B17C
:10CF240024780FB13F787F001C430EB13678B600E9
:10CF34003C438DB1297809023443B8F1000F03D082
:10CF440098F800804FEA0848214341EA0801C0F8F4
:10CF5400001202B0BDE8F0812946EDE71FB50DF1DE
:10CF64000F03019300238DF80F101A4619460093FE
:10CF7400FFF7A7FF05B05DF804FB08B50146FAF713
:10CF84006FFE10B10846FAF785FE00F0010008BDF7
:10CF940038B5054608460C46FAF77CFEB0B108469B
:10CFA400FAF75EFE90B90846FAF74EFE01232A68A6
:10CFB4008340C2F808332A6803B202EB8303D3F830
:10CFC400102522F00302C3F8102538BD2046BDE821
:10CFD40038400021FFF7C2BFFAF7F6BEFFF7D8BF0B
:10CFE40000221146FBF748BA01220021FBF744BA9C
:10CFF40001221146FBF740BA08B5FBF70BFEBDE86A
:10D004000840FAF75BBD08B1F6F706B8704740B1BF
:10D01400C368587810F001001EBF1878B0FA80F089
:10D024004009704710B54369044633B90020E268EB
:10D03400537843F00103537010BD98470028F5D08E
:10D044000028B8BF4042FF28A8BFFF20E36818703B
:10D05400EDE700F092B900F069B98169C36843EA69
:10D06400010212F003020FD102614269013A01FB8D
:10D074000233C2689A4201D90020704702691A60DB
:10D08400826903619B1AF4E76FF01500704710B5CD
:10D09400C0E905320023C160C36183600446FFF721
:10D0A400DCFF0028A8BFC4E9004410BDC0E9032385
:10D0B40003FB02120023C0E90621C0E9000041611C
:10D0C4000162436280F828308360704790F90E3023
:10D0D4008B4201D0FDF798BC002070470346002026
:10D0E400C3E90033C3E90200704710B5044630B108
:10D0F4000268930703D0446809B100F006F920469A
:10D1040010BD012307B5009300230A461946FCF716
:10D114007DFC03B05DF804FB3AB18A4205D3C0E953
:10D124000212C0E90000002070476FF0150070473C
:10D13400012302688B4022EA0303036022FA01F010
:10D1440000F00100704710B5032104460C30FFF7CE
:10D15400EFFF30B104F11000FEF70CFBB0FA80F0E1
:10D16400400910BD20B100228C301146FEF7A2B850
:10D17400704710B5FCF7FCFF041E08DDEFF31180C7
:10D18400202383F31288BFF36F8FFDF733FD20460E
:10D1940010BDEFF30580003818BF012070476FF011
:10D1A4005700704700207047D0E9003213605A607E
:10D1B4000023C0E90033704738B504460D46FDF737
:10D1C400DFF9637B43F002036373E5B1A5602B6869
:10D1D4009D4209D16B68C4E900531C606C6012E085
:10D1E4006A689A42F6D01B68002BF3D094F90E209B
:10D1F40093F90E108A42F3D09142F1DD5A68C4E9E2
:10D20400003214605C6038BD01211838FDF750BB52
:10D2140010B50446FDF716FB04F11800BDE81040F4
:10D22400FEF7A8BA38B5054604680020AC4200D120
:10D2340038BD002CFCD02046FFF7EAFF2046FDF75E
:10D24400CDFA2C680120A542F1E708B50246FEF7A5
:10D2540099F970B1D0E904319B1A61EBE272B3F130
:10D26400004F72F1000104DA002AACBF1846002016
:10D2740008BD6FF00040FBE708B5FEF759FB08BD99
:10D28400B3F1FF3F08BFB2F1FF3F70B504461D463E
:10D29400164613D01A4315D06FF001024FF0FF3336
:10D2A400921B63EB0501002904DAFEF741FB8219A6
:10D2B40041EB0501C4E90021204670BD4FF0FF3267
:10D2C4001146F7E70022FBE7B3F1FF3F08BFB2F1D5
:10D2D400FF3FF8B5074616461C4610D054EA020331
:10D2E40011D0FEF725FBB0420A46A14103460AD2FB
:10D2F400F31A64EB0204C7E900343846F8BD4FF072
:10D30400FF331C46F7E70023FBE720B1011F50F869
:10D31400040CFEF7D7BB704710B400F10C04C0E94D
:10D3240003440024446110BCF3F73CBA0A44431E8E
:10D33400914200D1704710B511F8014B914203F8A6
:10D34400014FF9D110BD884210B501EB020402D996
:10D354008442234607D8431EA14208D011F8012B6A
:10D3640003F8012FF8E7024401468A4200D110BDB8
:10D3740013F8014D02F8014DF7E7024403469342C6
:10D3840000D1704703F8011BF9E70139024410B5D5
:10D39400904201D1002005E0037811F8014FA34227
:10D3A40001D0181B10BD0130F2E70246014410B54C
:10D3B4008A42134603D01C780132002CF8D1181A83
:10D3C40010BDF0B5C3F13707044603F01F03104640
:10D3D400FFB2082BE6B232D0102B3DD06508A4086A
:10D3E40045EAC17544EA81748A082D1942EB510259
:10D3F400290941EA02716D1842EB1212290A41EA25
:10D4040002616D1842EB1222290C41EA02416D18A7
:10D4140042EB1242AD1842F10002EC0844EA4274B5
:10D42400D10804EB8402A6EB4205EDB2092D0CD918
:10D434000134A5F10A0541F10001EDB212E0E4085E
:10D4440006F0070544EA4174C908303554EA01027C
:10D4540000F8015BBDD1F0BD240906F00F0544EAD4
:10D4640001740909092D84BFED19EDB2EDE700003F
:0CD474000148006870470000F81200201A
:08D48000082DFF7F01000000F0
:10D488000000000018D50000819100000000000095
:10D4980089BA0000000000000000000058D5000014
:10D4A8000000000038D5000071CE00000000000028
:10D4B8000000000078D500009D5700000000000023
:10D4C8001174000000000000A92E000000000000F8
:10D4D8000000000098D5000075CE00000000000094
:10D4E800CD9D00000000000000000000B8D500003D
:10D4F800C5360000000000000000000018D600003B
:10D5080000000000F8D5000000000000D8D5000099
:10D51800E5F1000080DA0000C8D80000C201002050
:10D52800201E0020555400000000000000000000EC
:10D5380087F20000B0DA000090D80000C401002093
:10D54800D41E0020E15B0000000000000000000085
:10D5580093F20000C8DA000090D80000C60100204D
:10D56800E01E0020E15B0000000000000000000059
:10D5780045F7000064DC0000E4D80000CC0100207E
:10D58800801F0020657000000000000000000000FF
:10D5980030DE00004C03002058DA0000BE010020F5
:10D5A80054130020B3C90000000000000000000070
:10D5B8001CF60000E0DA0000B4D80000C801002022
:10D5C8003C000020155D0000000000000000000085
:10D5D80085DF0000B8D90000E0D90000BC010020B8
:10D5E80000000000750500000000000000000000B9
:10D5F80080EE00005CDA000000000000C00100209E
:10D6080074130020553500000000000000000000E1
:10D61800EAF6000040DB000000000000CA0100201C
:10D6280090040020296900000000000000000000AC
:10D6380000000000B7C8000000000000B7C80000E4
:10D6480000000000B7C8000000000000B7C80000D4
:10D6580000000000B7C80000FDCF000087CE000022
:10D6680000000000B7C8000000000000B7C80000B4
:10D6780078D5000009CE000000000000B7C80000FF
:10D6880000000000B7C8000000000000B7C8000094
:10D6980000000000B7C80000D582000087CE000057
:10D6A80000000000B7C8000000000000B7C8000074
:10D6B80000000000B7C8000000000000B7C8000064
:10D6C80000000000B7C8000000000000B7C8000054
:10D6D80000000000B7C80000000000000972000048
:10D6E80000000000B7C8000000000000B7C8000034
:10D6F80000000000B7C8000000000000B7C8000024
:10D7080000000000B7C8000000000000B7C8000013
:10D7180000000000B7C8000000000000B7C8000003
:10D7280000000000B7C8000000000000B7C80000F3
:10D7380000000000B7C8000000000000B7C80000E3
:10D7480000000000B7C8000000000000B7C80000D3
:10D7580000000000B7C8000000000000B7C80000C3
:10D7680000000000B7C8000000000000B7C80000B3
:10D77800698A000087CE000000000000B7C80000DA
:10D7880000000000B7C8000000000000B7C8000093
:10D7980000000000B7C8000000000000B7C8000083
:10D7A80000000000B7C8000000000000B7C8000073
:10D7B80000000000B7C8000000000000B7C8000063
:10D7C80000000000B7C8000000000000B7C8000053
:10D7D80000000000B7C8000000000000B7C8000043
:10D7E800B148000087CE0000698D000087CE000098
:10D7F80000000000B7C8000000000000B7C8000023
:10D8080000000000B7C8000000000000B7C8000012
:10D8180000000000B7C8000000000000B7C8000002
:10D8280000000000B7C8000000000000B7C80000F2
:10D8380000000000B7C8000000000000B7C80000E2
:10D8480000000000B7C8000000000000B7C80000D2
:08D8580000000000B7C8000049
:10D8600070030020682300200004000061340000E1
:10D870000000000000000000000000000E0000009A
:10D8800000000000B2ED00000000000000000000F9
:10D89000E55900006FCB00007BCB00008FCB000070
:10D8A00099CB0000A3CB0000C5580000ED57000045
:04D8B0000000000074
:10D8B40015600000E3CB0000356500009D5D0000AD
:04D8C4006D63000090
:10D8C800B954000069CB000025CB0000000000001F
:0CD8D80081530000000000000000000070
:0CD8E400C3CD0000B16F0000B5CD000006
:10D8F000D9DF00000300000011F200000300000067
:10D9000075F700000300000026F600000300000089
:10D91000B2ED000003000000F1F60000030000007B
:10D9200007F70000030000007AEE0000030000008B
:10D9300007DF0000040000005AEA000003000000B6
:10D9400098F1000003000000B3FA0000030000009B
:10D9500041EB0000030000004FF70000030000004F
:10D960003DE4000003000000C8E2000003000000E6
:10D9700031ED00000300000047F10000030000004B
:10D980006EE40000030000008EDF000004000000D1
:10D9900000000000490400000000000018D600004C
:08D9A00079350000F8D5000004
:10D9B0000338FDD870470000B8D50000CC00000047
:10D9C000F0010020050000000400000099DF0000C5
:10D9D0001E0000000A0000002C010000000E0800DC
:10D9E000010600000000000027C300000000000046
:10D9F00099C800001C000020140000200C0000202A
:10DA0000000000000400002099200000691F0000B1
:10DA1000BD1F0000312000000000002000000000B9
:10DA200006000100020000002CDA000000000000E7
:10DA300008EB000006000000E0FF0F0000000020DF
:10DA400010EB000021000000E0FF0620C1300000C4
:10DA50008DC90000000000000000000018D6000082
:10DA600074DD000044000000061100007138000061
:10DA700000000000455300002D540000000000008D
:10DA8000E1550000ED540000F0F100004BCB000028
:10DA90005DCB0000F6F1000045CB000057CB000045
:10DAA000FCF100003FCB000051CB000006F200006B
:10DAB000FFFF00000028845000000000010000006B
:10DAC00000D0005000000000FFFFFFFF0025845041
:10DAD000000000000000000000D000500000000026
:10DAE000755E00000080025000000000FFFFFFFF95
:10DAF000FFFFFFFFFFFFFFFFFFFFFFFFFFFFFFFF36
:10DB000007000000010100000000002000000001EB
:10DB1000010000001CDB000001000000008002503A
:10DB200028DB00000100000030DB000004000000E2
:10DB30002F00000D2C00000F2D0000122E000011F0
:10DB400058DC000007110000881300008813000053
:10DB50006400000010270000204E0000320000008A
:10DB600001000000000000004F2300203E230020A1
:10DB70002D2300201C230020A522002020DC0000F3
:10DB800098DB00002C1F0020B5650000000000009D
:10DB9000000000000000000038D500000600010071
:10DBA00038D500000700010058D500001900010019
:10DBB00058D500001600010058D500001A000100D9
:10DBC00058D500001800010058D5000014000100CD
:10DBD00038D500000800010058D5000006000100FB
:10DBE00038D500000000010038D500000100010018
:10DBF00058D500000500010058D5000004000100C0
:10DC000038D500000B00010058D500001F000100AE
:10DC100058D500001E00010038D500000A000100A0
:10DC200038D500000400110038D5000005001100AF
:10DC300058D500001700110058D50000070011004A
:10DC400058D500001300110058D50000070011003E
:10DC500058D500000E00110031680000B1660000C8
:10DC60004567000000800050010000000000000037
:10DC700088DC00000000D601000000000000000069
:10DC800061230020602300200080005094DC00000D
:10DC9000010000009CDC00000400000014000000F3
:10DCA000130000021606000115060003080000001C
:10DCB0000300000048FA000056FA00006AFA00006B
:10DCC00079FA000085FA000088D4000088D40000AA
:10DCD000C8D40000D0D4000018D5000018D500002A
:10DCE0008BFB000000010000FF8FFFFFFF8FFFFF95
:10DCF000FE8FFFFFFE8FFFFFFD8FFFFFFC8FFFFFFB
:10DD0000FC8FFFFFFB8FFFFF6D757465785F667298
:10DD100065652063616C6C65642077697468204E6A
:10DD2000554C4C20706172616D6574657200000025
:10DD300043616E277420696E697469616C697A65E4
:10DD4000206D757465782C20776173204E554C4C8E
:10DD50000D0A0000436F756C64206E6F74206C6F49
:10DD6000636B20706F7765722073617665206D75C7
:10DD7000746578000000B700B800B900BA00000070
:10DD80000000000000000000A500A400A300710036
:10DD900000000000000001003B003C003D003E0090
:10DDA00000003F0040004100420043004400570093
:10DDB0005800D2004600770029000200030004004A
:10DDC000050006000700080009000A000B000C000F
:10DDD0000D000E006E00660068000F0010001100BC
:10DDE0001200130014001500160017001800190087
:10DDF0001A001B002B006F006B006D00200000005C
:10DE000030000100400002006000030080000400B8
:10DE1000C0000500000106008001070000020800A4
:10DE200004010001240120010200010000020001A0
:10DE30004849445F30004552524F523A2043616E88
:10DE40006E6F742066696E6420484944206465766C
:10DE50006963650A004552524F523A204661696C27
:10DE6000656420746F20696E697469616C697A6594
:10DE70002055534220484944202865727220256469
:10DE8000290A004552524F523A204661696C656436
:10DE900020746F20656E61626C65205553422028A6
:10DEA000657272202564290A004B657970616420CF
:10DEB000484944206170706C69636174696F6E20B9
:10DEC00072656164792E0A0005010906A101050742
:10DED00019E029E7150025017501950881027508EB
:10DEE0009501810375019505050819012905910220
:10DEF00075039501910375089506150025650507BD
:10DF0000190029658100C06D61696E0025633A20A2
:10DF100049325320636F6E6669677572652066616A
:10DF2000696C656420282564290A0025633A202548
:10DF3000733A20696E76616C696420636F6C6F75EB
:10DF400072206D617070696E670A0025633A205413
:10DF50005820736C616220616C6C6F63206661692C
:10DF60006C656420282564290A0025633A206932FB
:10DF7000735F7772697465206661696C65642028D7
:10DF80002564290A007773323831324030007773C4
:10DF9000323831325F6932730002010300045745A1
:10DFA00053545F544F504449522F7A6570687972C8
:10DFB0002F6C69622F686561702F686561702E63D0
:10DFC00000415353455254494F4E204641494C203D
:10DFD000402025733A25640A0063627072696E748A
:10DFE000665F7061636B616765004661696C65645B
:10DFF00020746F207265626F6F743A207370696E5F
:10E000006E696E6720656E646C6573736C792E2E15
:10E010002E0A00574553545F544F504449522F7AAB
:10E0200065706879722F6C69622F7574696C732FD3
:10E030006F6E6F66662E6300574553545F544F50A2
:10E040004449522F7A65706879722F696E636C75D6
:10E0500064652F7A65706879722F7370696E6C6F62
:10E06000636B2E6800574553545F544F50444952D8
:10E070002F7A65706879722F6C69622F7574696C7C
:10E08000732F6E6F746966792E6300574553545F22
:10E09000544F504449522F7A65706879722F7375C6
:10E0A000627379732F7573622F6465766963652F68
:10E0B0007573625F6465766963652E630025633AF4
:10E0C00020456E64706F696E742030782530327828
:10E0D00020697320696E76616C69640A0025633A71
:10E0E00020456E64706F696E742030782530327808
:10E0F00020616C72656164792064697361626C652A
:10E10000640A0025633A204661696C656420746F77
:10E110002064697361626C6520656E64706F696EFE
:10E1200074203078253032780A0025633A20536510
:10E13000742068616C7420657020307825303278E6
:10E140000A0025633A20436C6561722068616C7433
:10E15000206570203078253032780A0025633A2017
:10E16000456E64706F696E74203078253032782087
:10E17000616C726561647920636F6E666967757240
:10E1800065640A0025633A204661696C6564207401
:10E190006F20636F6E66696775726520656E647067
:10E1A0006F696E74203078253032780A0025633A22
:10E1B00020456E64706F696E742030782530327837
:10E1C00020616C726561647920656E61626C656462
:10E1D0000A0025633A204661696C656420746F20EB
:10E1E000656E61626C6520656E64706F696E742027
:10E1F0003078253032780A0025633A204661696C10
:10E20000656420746F20777269746520656E647030
:10E210006F696E742062756666657220307825308D
:10E2200032780A0025633A2052657175657374204F
:10E2300062756666657220746F6F20736D616C6CB9
:10E240000A0025633A205553422064657669636568
:10E2500020737570706F727420616C72656164797F
:10E2600020656E61626C65640A0025633A20466130
:10E27000696C656420746F20636F6E666967757280
:10E280006520555342206465766963652073746127
:10E29000636B0A0025633A204572726F6E656F7575
:10E2A0007320646576696365206465736372697061
:10E2B000746F72206F7220624D61785061636B657C
:10E2C0007453697A65300A007573625F64657669B4
:10E2D00063650030313233343536373839414243A3
:10E2E00044454600574553545F544F504449522FBC
:10E2F0007A65706879722F7375627379732F75738D
:10E30000622F6465766963652F7573625F646573F8
:10E3100063726970746F722E630025633A205468CB
:10E32000657265206973206E6F207573625F636626
:10E33000675F6461746120666F722025700A002532
:10E34000633A20556E696E697469616C697A6564B7
:10E35000207573625F6366675F6461746120706FCC
:10E36000696E7465722C20636F7272757074656467
:10E37000206465766963652064657363726970748F
:10E380006F723F0A0025633A204661696C6564201C
:10E39000746F2076616C696461746520656E647069
:10E3A0006F696E74730A0025633A20746865206E85
:10E3B000657720534E2064657363726970746F7261
:10E3C00020646F65736E27742068617665207468B9
:10E3D000652073616D65206C656E6774682061737C
:10E3E00020434F4E4649475F5553425F4445564987
:10E3F00043455F534E0A0025633A20496E636F6DB3
:10E40000706C657465206465766963652064657306
:10E4100063726970746F720A0025633A20466169FD
:10E420006C656420746F206669787570205553425E
:10E430002064657363726970746F720A0075736229
:10E440005F64657363726970746F720025633A204C
:10E450005472616E73666572206572726F722025E8
:10E46000642C206570203078253032780A0075736E
:10E47000625F7472616E73666572002A2A2A204296
:10E480006F6F74696E67206E524620436F6E6E65C3
:10E4900063742053444B2076332E312E302D366357
:10E4A00036653562333234393665202A2A2A0A0025
:10E4B0002A2A2A205573696E67205A657068797216
:10E4C000204F532076342E312E39392D31363132CA
:10E4D0003638336434303130202A2A2A0A006D75E8
:10E4E0007465785F696E69742063616C6C65642023
:10E4F00077697468204E554C4C20706172616D656F
:10E5000074657200436F756C64206E6F7420616C6B
:10E510006C6F63617465206D7574657820626566E3
:10E520006F726520696E697469616C697A696E677A
:10E530000025633A2072302F61313A20203078254F
:10E54000303878202072312F61323A2020307825FF
:10E55000303878202072322F61333A2020307825ED
:10E560003038780A0025633A2072332F61343A201C
:10E5700020307825303878207231322F69703A2077
:10E5800020307825303878207231342F6C723A2060
:10E59000203078253038780A0025633A20207870BA
:10E5A00073723A20203078253038780A0025633A93
:10E5B000204661756C74696E6720696E737472753C
:10E5C0006374696F6E20616464726573732028726E
:10E5D00031352F7063293A203078253038780A0099
:10E5E00025633A20556E68616E646C6564204952FB
:10E5F000516E3A2025640A0025633A202A2A2A2AE5
:10E600002A205553414745204641554C54202A2A3B
:10E610002A2A2A0A0025633A202020446976697351
:10E62000696F6E206279207A65726F0A0025633AFD
:10E63000202020556E616C69676E6564206D656D84
:10E640006F7279206163636573730A0025633A20F2
:10E650002020537461636B206F766572666C6F77F0
:10E660002028636F6E746578742061726561206E16
:10E670006F742076616C6964290A0025633A202052
:10E68000204E6F20636F70726F636573736F7220BB
:10E69000696E737472756374696F6E730A002563B3
:10E6A0003A202020496C6C6567616C206C6F616456
:10E6B000206F66204558435F52455455524E20699D
:10E6C0006E746F2050430A0025633A202020496C65
:10E6D0006C6567616C20757365206F662074686572
:10E6E00020455053520A0025633A2020204174747B
:10E6F000656D707420746F2065786563757465202E
:10E70000756E646566696E656420696E7374727592
:10E710006374696F6E0A0025633A202A2A2A2A2A1E
:10E7200020425553204641554C54202A2A2A2A2A51
:10E730000A0025633A202020537461636B696E6779
:10E74000206572726F720A0025633A202020556E90
:10E75000737461636B696E67206572726F720A0011
:10E7600025633A20202050726563697365206461D7
:10E77000746120627573206572726F720A0025637E
:10E780003A202020424641522041646472657373EE
:10E790003A20307825780A0025633A202020496DF8
:10E7A000707265636973652064617461206275735A
:10E7B000206572726F720A0025633A202020496E2C
:10E7C000737472756374696F6E20627573206572FD
:10E7D000726F720A0025633A202020466C6F6174C4
:10E7E000696E672D706F696E74206C617A79207321
:10E7F0007461746520707265736572766174696F97
:10E800006E206572726F720A0025633A202A2A2AE6
:10E810002A2A204D5055204641554C54202A2A2A58
:10E820002A2A0A0025633A202020537461636B6909
:10E830006E67206572726F722028636F6E746578E0
:10E84000742061726561206D69676874206265205B
:10E850006E6F742076616C6964290A0025633A2022
:10E86000202044617461204163636573732056699D
:10E870006F6C6174696F6E0A0025633A2020204D29
:10E880004D46415220416464726573733A2030787A
:10E8900025780A0025633A202020496E737472752A
:10E8A0006374696F6E204163636573732056696F8B
:10E8B0006C6174696F6E0A00574553545F544F5032
:10E8C0004449522F7A65706879722F617263682F9C
:10E8D00061726D2F636F72652F636F727465785FFD
:10E8E0006D2F6661756C742E630052657365727668
:10E8F000656420457863657074696F6E20280053E5
:10E90000707572696F757320696E74657272757057
:10E91000742028495251200025633A205350534512
:10E920004C20696E20746872656164206D6F646547
:10E9300020646F6573206E6F7420696E6469636113
:10E940007465205053500A0025633A202A2A2A2A47
:10E950002A2048415244204641554C54202A2A2A14
:10E960002A2A0A0025633A20202042757320666116
:10E97000756C74206F6E20766563746F722074619D
:10E98000626C6520726561640A0025633A2020206C
:10E990004465627567206576656E740A0025633A82
:10E9A0002020204661756C7420657363616C61740E
:10E9B000696F6E20287365652062656C6F77290A20
:10E9C0000025633A20415243485F4558434550541F
:10E9D000207769746820726561736F6E2025780AEC
:10E9E0000A0025633A202A2A2A2A2A2044656275C9
:10E9F00067206D6F6E69746F7220657863657074DF
:10EA0000696F6E202A2A2A2A2A0A0025633A202AB8
:10EA10002A2A2A2A20257320256429202A2A2A2AFC
:10EA20002A0A00574553545F544F504449522F7A95
:10EA300065706879722F617263682F61726D2F63E0
:10EA40006F72652F636F727465785F6D2F69727175
:10EA50005F6D616E6167652E63006D707500256383
:10EA60003A204661696C656420746F20616C6C6F3C
:10EA700063617465206E6577204D5055207265671F
:10EA8000696F6E2025750A0A0025633A205061726D
:10EA9000746974696F6E2025753A2073616E6974AC
:10EAA0007920636865636B206661696C65642E0A12
:10EAB0000025633A20496E76616C696420756E6446
:10EAC00065726C79696E6720726567696F6E20691F
:10EAD0006E6465782025750A00574553545F544F7E
:10EAE000504449522F7A65706879722F6172636859
:10EAF0002F61726D2F636F72652F6D70752F61724C
:10EB00006D5F6D70752E6300464C4153485F300059
:10EB10005352414D5F3000574553545F544F50445A
:10EB200049522F7A65706879722F736F632F6E6FF9
:10EB3000726469632F6E726635332F736F632E6351
:10EB400000736F6300574553545F544F504449520C
:10EB50002F6D6F64756C65732F68616C2F6E6F72AB
:10EB60006469632F6E7266782F68616C2F6E7266AF
:10EB70005F6770696F2E68000000000121200B0A9A
:10EB800025633A2044657669636520646174612079
:10EB90006E6F7420666F756E6420666F7220696E8A
:10EBA000746572666163652025750A0025633A20E5
:10EBB0007756616C75652073686F756C642062654B
:10EBC00020300A0025633A20556E68616E646C65DA
:10EBD00064207265717565737420307825303278E1
:10EBE0000A0025633A20556E737570706F727465F4
:10EBF000642070726F746F636F6C3A2025750A0021
:10EC000025633A20446576696365206461746120F8
:10EC10006E6F7420666F756E6420666F7220656E0D
:10EC200064706F696E742025750A0025633A20446C
:10EC300065766963652064617461206E6F74206617
:10EC40006F756E6420666F72206366672025700A98
:10EC50000025633A20446576696365206572726FAA
:10EC6000720A0025633A20446576696365207265FF
:10EC70007365742064657465637465640A00256354
:10EC80003A2044657669636520636F6E6E656374D0
:10EC900065640A0025633A204465766963652063EC
:10ECA0006F6E666967757265640A0025633A204471
:10ECB000657669636520646973636F6E6E656374FE
:10ECC00065640A0025633A204465766963652073AC
:10ECD000757370656E6465640A0025633A20446547
:10ECE0007669636520726573756D65640A002563D6
:10ECF0003A2066726F6D2073757370656E640A00DA
:10ED000025633A20556E6B6E6F776E206576656E63
:10ED1000740A0025633A2044657669636520697347
:10ED2000206E6F7420636F6E666967757265640A22
:10ED3000007573625F6869640025633A206B5F6DDC
:10ED40007367715F676574206572726F723A202510
:10ED5000640A00574553545F544F504449522F7A28
:10ED600065706879722F7375627379732F696E702D
:10ED700075742F696E7075742E630025633A204593
:10ED800076656E742064726F707065642C20717586
:10ED90006575652066756C6C2C206E6F7420626CD6
:10EDA0006F636B696E6720696E2073797377712E5C
:10EDB0000A00696E7075740000291E1F202122232D
:10EDC000242526272D2E2A2B141A0815171C180C5B
:10EDD00012132F302800041607090A0B0D0E0F33EB
:10EDE000343500311D1B0619051110363738005512
:10EDF000002C393A3B3C3D3E3F4041424353475F44
:10EE00006061565C5D5E57595A5B620000000044C9
:10EE100045000000000000005800544600004A521F
:10EE20004B504F4D514E494C00000000000000482F
:10EE300025633A20696E7075742064657669636530
:10EE4000206E6F742072656164790A0025633A2030
:10EE50006B65796D6170206576656E74206F757471
:10EE6000206F662072616E67653A20726F773D256C
:10EE70007520636F6C3D25750A00696E7075745F4F
:10EE80006B65796D617000757362645F776F726B2B
:10EE90007100574553545F544F504449522F7A657F
:10EEA000706879722F647269766572732F757362F8
:10EEB0002F6465766963652F7573625F64635F6E47
:10EEC0007266782E630025633A20555342442065CC
:10EED00076656E7420616C6C6F636174696F6E200F
:10EEE0006661696C6564210A0025633A20555342C6
:10EEF00044206576656E74206D656D6F7279206350
:10EF00006F727275707465640A0025633A20556EDD
:10EF10006B6E6F776E2055534220706F776572204D
:10EF20006576656E742025640A0025633A20556E67
:10EF30006578706563746564206576656E742028F5
:10EF40006E7266785F75736264293A2025642C209E
:10EF50006570203078253032780A0025633A205FCA
:10EF600065705F7374617475735F67657420666143
:10EF7000696C65642120436F64653A2025640A004A
:10EF800025633A206E6F74206174746163686564F0
:10EF90002C20455020307825303278206576656EFB
:10EFA000742064726F707065640A0025633A206E85
:10EFB00052462055534244207472616E73666572E6
:10EFC000206572726F7220284F5554293A2030788C
:10EFD000253032780A0025633A204661696C656401
:10EFE00020746F20616C6C6F63206576740A002555
:10EFF000633A2055534244206576656E74207175DE
:10F000006575652066756C6C210A0025633A20558C
:10F010006E6B6E6F776E2055534244206576656E39
:10F02000743A202568640A0025633A20696E766187
:10F030006C696420656E64706F696E7420636F6EB6
:10F0400066696775726174696F6E0A0025633A209C
:10F05000696E76616C696420656E64706F696E7448
:10F0600020696E6465782F616464726573730A0049
:10F0700025633A20696E76616C696420656E647000
:10F080006F696E7420747970650A0025633A20698F
:10F09000736F20656E64706F696E742063616E209B
:10F0A0006F6E6C792062652069736F0A0025633A80
:10F0B000204550206D6178207061636B657420730A
:10F0C000697A65206D757374206265206120706FA8
:10F0D000776572206F6620320A0025633A20535408
:10F0E000414C4C20756E737570706F72746564203E
:10F0F0006F6E2049534F20656E64706F696E740A9D
:10F100000025633A20456E64706F696E7420307814
:10F1100025303278206973206E6F7420656E6162CD
:10F120006C65640A0025633A206E524620555342AE
:10F1300044207772697465206572726F723A202577
:10F14000640A00010002037573625F6E72667800E4
:10F15000574553545F544F504449522F7A65706855
:10F1600079722F647269766572732F7573622F637B
:10F170006F6D6D6F6E2F6E72665F757362645F6325
:10F180006F6D6D6F6E2F6E72665F757362645F6315
:10F190006F6D6D6F6E2E63006E72665F7573626465
:10F1A0005F636F6D6D6F6E00574553545F544F50E2
:10F1B0004449522F7A65706879722F647269766556
:10F1C00072732F636C6F636B5F636F6E74726F6CBF
:10F1D0002F636C6F636B5F636F6E74726F6C5F6EC7
:10F1E00072662E6300636C6F636B403530303000A5
:10F1F0006866636C6B006C66636C6B006866636C5E
:10F200006B3139326D006866636C6B617564696F70
:10F2100000636C6F636B5F636F6E74726F6C00572B
:10F220004553545F544F504449522F7A6570687962
:10F23000722F696E636C7564652F7A657068797278
:10F240002F647269766572732F6770696F2F6770AC
:10F25000696F5F7574696C732E6800574553545F0E
:10F26000544F504449522F7A65706879722F6472F6
:10F2700069766572732F6770696F2F6770696F5F4A
:10F280006E7266782E63006770696F40383432386A
:10F290003030006770696F403834323530300025C7
:10F2A000633A204661696C656420746F20616C6C00
:10F2B0006F63617465206E657874205258206275A2
:10F2C000666665723A2025640A0025633A204E6F0F
:10F2D0002054582062756666657220617661696C9B
:10F2E00061626C650A0025633A204661696C656459
:10F2F00020746F20737461727420493253207472C9
:10F30000616E736665723A203078253038780A006D
:10F31000574553545F544F504449522F7A65706893
:10F3200079722F647269766572732F6932732F69EF
:10F3300032735F6E7266782E630025633A204361F4
:10F340006E6E6F7420777269746520696E207374B5
:10F350006174653A2025640A0025633A205468697F
:10F3600073206465766963652063616E206F6E6CDF
:10F370007920777269746520626C6F636B73207596
:10F380007020746F2025752062797465730A0025DA
:10F39000633A2043616E6E6F7420726561637175AC
:10F3A000697265207175657565642062756666654C
:10F3B000720A0025633A204E65787420627566668D
:10F3C000657273206E6F7420737570706C696564FC
:10F3D000206F6E2074696D650A0025633A204E6FB8
:10F3E00020726F6F6D20696E20525820717565759F
:10F3F000650A0025633A2043616E6E6F7420636F67
:10F400006E66696775726520696E207374617465D4
:10F410003A2025640A0025633A2054686973206401
:10F4200065766963652063616E207472616E7366D0
:10F430006572206F6E6C792066756C6C2033322D8E
:10F4400062697420776F7264730A0025633A2055ED
:10F450006E737570706F7274656420776F7264205C
:10F4600073697A653A2025750A0025633A20556E3E
:10F47000737570706F727465642064617461206666
:10F480006F726D61743A203078253032780A002529
:10F49000633A20556E737570706F72746564207373
:10F4A000747265616D20666F726D61743A20307898
:10F4B000253032780A0025633A20556E73757070D6
:10F4C0006F72746564206E756D626572206F662060
:10F4D0006368616E6E656C733A2025750A0025635A
:10F4E0003A20556E737570706F72746564206F701A
:10F4F00065726174696F6E206D6F64653A20307853
:10F50000253032780A0025633A20493253204D4392
:10F510004B206672657175656E63793A2025752C8E
:10F520002061637475616C2050434D207261746575
:10F530003A2025750A0025633A20556E7375707060
:10F540006F72746564206F7074696F6E733A2030E7
:10F5500078253032780A0025633A20545820616EAD
:10F560006420525820636F6E6669677572617469B2
:10F570006F6E732061726520646966666572656E80
:10F58000740A0025633A20496E76616C69642074C0
:10F590007269676765723A2025640A0025633A201C
:10F5A000496E617070726F707269617465207472F7
:10F5B0006967676572202825642F2564292C2061DE
:10F5C00063746976652073747265616D2873293A76
:10F5D0002025640A0025633A204661696C65642031
:10F5E000746F20696E697469616C697A652049324B
:10F5F000533A203078253038780A0025633A20467F
:10F6000061696C656420746F2072657175657374CF
:10F6100020636C6F636B3A2025640A006932734083
:10F620003238303030006932735F6E72667800575E
:10F630004553545F544F504449522F7A657068794E
:10F64000722F696E636C7564652F7A657068797264
:10F650002F647269766572732F6770696F2E680008
:10F6600025633A2050696E20256420696E746572A6
:10F670007275707420636F6E666967757261746904
:10F680006F6E206661696C65643A2025640A002506
:10F69000633A202573206973206E6F742072656150
:10F6A00064790A0025633A2050696E20256420633E
:10F6B0006F6E66696775726174696F6E20666169E5
:10F6C0006C65643A2025640A0025633A20436F750F
:10F6D0006C64206E6F7420736574206770696F208E
:10F6E00063616C6C6261636B0A006B657970616465
:10F6F00000696E7075745F6770696F5F6B62645FDD
:10F700006D617472697800696E7075745F6B6264A4
:10F710005F6D6174726978000001020304050607D9
:10F720000B25633A204661696C656420746F206123
:10F730006C6C6F6361746520505049204368616E42
:10F740006E656C0A00756172744038303030007537
:10F750006172745F6E7266785F75617274650025A0
:10F76000633A20526573657474696E6720737973A8
:10F7700074656D0A00666174616C5F6572726F72A8
:10F780000000000001010100000100000057455386
:10F79000545F544F504449522F6D6F64756C6573BC
:10F7A0002F68616C2F6E6F726469632F6E7266785A
:10F7B0002F68616C2F6E72665F647070692E6800CE
:10F7C000574553545F544F504449522F6D6F6475E1
:10F7D0006C65732F68616C2F6E6F726469632F6E36
:10F7E0007266782F68656C706572732F6E726678BA
:10F7F0005F677070695F647070692E63005745536E
:10F80000545F544F504449522F6D6F64756C65734B
:10F810002F68616C2F6E6F726469632F6E726678E9
:10F820002F647269766572732F7372632F6E7266BE
:10F83000785F636C6F636B2E63000C04241C574568
:10F8400053545F544F504449522F6D6F64756C652B
:10F85000732F68616C2F6E6F726469632F6E7266AE
:10F86000782F68616C2F6E72665F6770696F746560
:10F870002E6800574553545F544F504449522F6DE2
:10F880006F64756C65732F68616C2F6E6F7264693D
:10F89000632F6E7266782F647269766572732F7348
:10F8A00072632F6E7266785F6770696F74652E631E
:10F8B00000002030303030303030303030303030B8
:10F8C000300001574553545F544F504449522F6DF7
:10F8D0006F64756C65732F68616C2F6E6F726469ED
:10F8E000632F6E7266782F647269766572732F73F8
:10F8F00072632F6E7266785F6932732E63005745AC
:10F9000053545F544F504449522F6D6F64756C656A
:10F91000732F68616C2F6E6F726469632F6E7266ED
:10F92000782F647269766572732F7372632F6E72AB
:10F9300066785F706F7765722E6300010000005774
:10F940004553545F544F504449522F6D6F64756C4A
:10F9500065732F68616C2F6E6F726469632F6E72AE
:10F9600066782F647269766572732F7372632F6E77
:10F970007266785F7573627265672E6300574553D0
:10F98000545F544F504449522F7A65706879722FF2
:10F990006B65726E656C2F6465766963652E6300B6
:10F9A000556E6B6E6F776E206572726F7200756E3A
:10F9B0006B6E6F776E0025633A203E3E3E205A45BF
:10F9C0005048595220464154414C204552524F52C2
:10F9D0002025643A202573206F6E20435055202542
:10F9E000640A0025633A204661756C742064757260
:10F9F000696E6720696E74657272757074206861D3
:10FA00006E646C696E670A0A0025633A204375725A
:10FA100072656E74207468726561643A2025702086
:10FA2000282573290A00574553545F544F504449C1
:10FA3000522F7A65706879722F6B65726E656C2FC4
:10FA4000666174616C2E6300435055206578636570
:10FA50007074696F6E00556E68616E646C656420C9
:10FA6000696E7465727275707400537461636B2093
:10FA70006F766572666C6F77004B65726E656C2091
:10FA80006F6F7073004B65726E656C2070616E698C
:10FA90006300574553545F544F504449522F7A6581
:10FAA000706879722F6B65726E656C2F696E697400
:10FAB0002E63006F7300574553545F544F504449B1
:10FAC000522F7A65706879722F6B65726E656C2F34
:10FAD0006D656D5F736C61622E6300574553545FB3
:10FAE000544F504449522F7A65706879722F6B6574
:10FAF000726E656C2F696E636C7564652F6B7363D2
:10FB00006865642E6800574553545F544F5044490C
:10FB1000522F7A65706879722F6B65726E656C2FE3
:10FB200069646C652E6300574553545F544F5044CD
:10FB300049522F7A65706879722F6B65726E656CA9
:10FB40002F6D73675F712E6300574553545F544F99
:10FB5000504449522F7A65706879722F6B65726EC6
:10FB6000656C2F6D757465782E6300574553545F2F
:10FB7000544F504449522F7A65706879722F6B65E3
:10FB8000726E656C2F73656D2E6300737973776F7A
:10FB9000726B7100574553545F544F504449522F74
:10FBA0007A65706879722F6B65726E656C2F776FEE
:10FBB000726B2E6300574553545F544F5044495263
:10FBC0002F7A65706879722F6B65726E656C2F7411
:10FBD00068726561642E6300574553545F544F50FB
:10FBE0004449522F7A65706879722F6B65726E6521
:10FBF0006C2F73636865642E6300574553545F54DC
:10FC00004F504449522F7A65706879722F6B657234
:10FC10006E656C2F696E636C7564652F6B746872AA
:10FC20006561642E6800574553545F544F504449F2
:10FC3000522F7A65706879722F6B65726E656C2FC2
:10FC400074696D65736C6963696E672E63005745EF
:10FC500053545F544F504449522F7A6570687972FB
:10FC60002F6B65726E656C2F74696D656F75742E80
:10FC70006300574553545F544F504449522F7A659F
:10FC8000706879722F6B65726E656C2F6D656D7023
:10FC90006F6F6C2E6300574553545F544F50444967
:10FCA000522F7A65706879722F6B65726E656C2F52
:10FCB0006B686561702E6300286E756C6C29002A74
:08FCC000666C6F61742A0000FC
:10FCC800D5C60000240200203A00000038020020B7
:10FCD8003A000000100200203A0000004C02002008
:10FCE8003A0000000000000083C900000000000086
:10FCF80000000000D1320000800000000000000079
:10FD080000000000000000000000000000000000EB
:10FD180000000000000000000000000000000000DB
:10FD280000000000000000000000000000000000CB
:10FD380000000000000000000000000000000000BB
:10FD480000000000000000000000000000000000AB
:10FD5800000000000000000000000000000000009B
:10FD6800000000000000000000000000000000008B
:10FD7800000000000000000000000000000000007B
:10FD8800000000000000000000000000000000006B
:10FD9800000000000000000000000000000000005B
:10FDA800000000000000000000000000000000004B
:10FDB800000000000000000000000000000000003B
:10FDC800000000000000000000000000000000002B
:10FDD800000000000000000000000000000000001B
:10FDE800E4DA00000000000001000000000000004C
:10FDF8000090D0030070015000000000FFFFFFFFDB
:10FE08003F000000FFFFFFFF3F000000FF00000071
:10FE1800900200005401002054010020000000005E
:10FE280085BB0000A001002098010020900100205F
:10FE38000000000088010020B1BC0000FDBB0000EC
:10FE480031BC000079BC0000A82000203A00003A2C
:10FE5800AC2000203A00003AB02000203A00003AD6
:10FE6800B42000203A00003AB001002074010020BC
:0CFE78006C0100206801002064010020E3
:10FE8400000000000000000000000000000000006E
:04FE9400000000006A
:10FE9800D0010020D001002000000000003F002019
:10FEA8000000000020000000140000000000000016
:10FEB800F0010020F001002000000000A83C002014
:10FEC8000000000002000000CC000000000000005C
:10FED80010020020100200200000000000000000B6
:10FEE8000E00000024020020240200200000000070
:10FEF800000000000E000000380200203802002038
:10FF080000000000000000000E0000004C0200206D
:10FF18004C02002000000000000000000E0000005D
:10FF280060020020600200200000000000000000C5
:04FF38000E000000B7
:10FF3C007402002074020020000000000C0000007D
:10FF4C0010000000403E0020003F0020403E0020FA
:0CFF5C00403E00200000000000000000FB
:10FF6800A0020020A0020020010000000100000003
:10FF7800000000000000000000000000BC0200209B
:04FF8800BC02002097
:10FF8C001201000200000040E22F040001040102F3
:10FF9C00030109020000000100E032090400000125
:10FFAC000301000009211101000122000007058056
:10FFBC0003100009040309040E035A657068797272
:10FFCC000000000000001E03327832204B6579706F
:10FFDC00616420484944000000000000000000005B
:10FFEC0000000000220330313233343536373839D3
:04FFFC0041424344F7
:020000021000EC
:100000004546000000000000000000000000000065
:0400100000000000EC
:1000140000000000DF020020AFC90000113300001F
:10002400F53100000000000065310000010000000F
:040034003400002074
:0400380015E015E0DA
:04000003000026C112
:00000001FF
