:10000000E8390020C126000099CB0000AD26000091
:10001000AD260000AD260000AD260000AD26000094
:100020000000000000000000000000001D2800008B
:10003000AD26000000000000BD270000AD26000036
:10004000CD290000CD290000CD290000CD290000D8
:10005000CD290000CD290000CD290000CD290000C8
:10006000CD290000CD290000CD290000CD290000B8
:10007000CD290000CD290000CD290000CD290000A8
:10008000CD290000CD290000CD290000CD29000098
:10009000CD290000CD290000CD290000CD29000088
:1000A000CD290000CD290000CD290000CD29000078
:1000B000CD290000CD290000CD290000CD29000068
:1000C000CD290000CD290000CD290000CD29000058
:1000D000CD290000CD290000CD290000CD29000048
:1000E000CD290000CD290000CD290000CD29000038
:1000F000CD290000CD290000CD290000CD29000028
:10010000CD290000CD290000CD290000CD29000017
:10011000CD290000CD290000CD290000CD29000007
:10012000CD290000CD290000CD290000CD290000F7
:10013000CD290000CD290000CD290000CD290000E7
:10014000CD290000CD290000CD290000CD290000D7
:04015000CD290000B5
:1001540053B94AB9002908BF00281CBF4FF0FF312A
:100164004FF0FF3000F00CB8ADF1080C6DE904CE8F
:1001740000F01AF8DDF804E0DDE9022304B070476A
:10018400704700BF10F8012B11F8013B012A28BF6A
:100194009A42F7D0D01A7047034613F8012B002A6D
:1001A400FBD1181A013870472DE9F04786468C4672
:1001B4000846089E154674461946002B40F0C18037
:1001C4008542B2FA82F245D94AB1C2F1200300FA5B
:1001D40002FC954094402EFA03F343EA0C0C4FEAD8
:1001E400154EA8B2230CBCFBFEF80EFB18CC08FB82
:1001F40000F943EA0C43994528D9EB1808F1FF3775
:1002040004D2994502D9A8F102072B44A3EB0903B0
:10021400A4B2B3FBFEFC0EFB1C330CFB00F044EA5F
:100224000344A04214D92C190CF1FF3304D2A04288
:1002340002D9ACF102032C44241A43EA07401EB14C
:10024400D440002334607360BDE8F0874746DDE79F
:100254006346F1E792BB431B01214FEA154EAFB24F
:10026400200CB3FBFEFC0EFB1C330CFB07F840EA2E
:100274000343984561D9EB180CF1FF3004D298453B
:1002840002D9ACF102002B44A3EB0803A4B2B3FBE4
:10029400FEFC0EFB1C330CFB07F744EA0344A742A5
:1002A4004DD92C190CF1FF3304D2A74202D9ACF179
:1002B40002032C44E41B43EA0040C0E7C2F12003DC
:1002C4009540944020FA03F12EFA03F34FEA154EB9
:1002D4009040AFB20343B1FBFEFC0EFB1C10190CA3
:1002E4000CFB07F841EA0041884522D969180CF152
:1002F400FF3004D2884502D9ACF102002944A1EBB5
:1003040008019BB2B1FBFEFC0EFB1C110CFB07F7B2
:1003140043EA01439F420ED9EB180CF1FF3104D29A
:100324009F4202D9ACF102012B44DB1B41EA00419C
:1003340093E76046E3E76146F7E76046A4E7634670
:10034400B8E7834206D916B9002108467CE7C6E916
:1003540000E0F9E7B3FA83F78FB9834201D372451A
:1003640008D8BEEB020460EB030301209C461EB9CF
:10037400002169E73846FAE7C6E9004CF8E7C7F117
:10038400200CBB400EFA07F522FA0CF42EFA0CF1FD
:10039400BA401C4320FA0CF3B8404FEA1449014315
:1003A4001FFA84FEB3FBF9F809FB18300B0C08FBA9
:1003B4000EFA43EA00439A4540D9E31808F1FF30A6
:1003C40004D29A4502D9A8F102002344A3EB0A03FC
:1003D40089B2B3FBF9F809FB183308FB0EFE41EAB6
:1003E40003418E452CD9611808F1FF3304D28E45A0
:1003F40002D9A8F10203214443EA0040A1EB0E0113
:10040400A0FB02984145CE46434602D306D14D4552
:1004140004D20138B9EB020E68EB0403002EA7D016
:10042400B5EB0E0261EB030101FA0CFC22FA07F3AF
:10043400F9404CEA0303C6E9003199E74046C5E7B1
:100444004346D9E72DE9F0414379012B4FD1C588C3
:100454008468284603F070F8074628460CF02BFC05
:10046400002F44DB234D00212B68CCB9224EFAB275
:1004740030469C420FD016F8011B914204F1010151
:1004840031D15E1E321B0144B44288BF0022204495
:100494000DF0EBF82E600022184B1A705A700BE026
:1004A400052B98BF5C1C154A9CBF2C60124C117024
:1004B40098BFE7545170C0B900232868104A0E4C05
:1004C400984294BF0021E15C0133062B02F8011F1E
:1004D400F6D10C4808F000FEBDE8F04100230822E4
:1004E400064902F0A5BF0C46C3E71070E4E7BDE877
:1004F400F08100BF480D0020BC230020C22300204F
:10050400C3230020C8E1000010B5134808F0E4FD3F
:10051400044618B911480CF055FA10BD10490023CF
:100524003F2202F06FFF20460CF0BBFB014618B1DE
:100534000C480CF047FAF0E701F0CCF9014608B199
:100544000948F6E709480CF03DFA4FF0FF314FF047
:10055400FF300AF087FEF8E7C8E10000CEE10000B2
:1005640064E20000EDE100001BE2000041E2000053
:1005740070B586B045680646122200210DF10600CA
:100584000DF08DF8EA691A4BB3FBF2F310220293D3
:10059400AB688DF8042003936B68022204934FF434
:1005A4007A738DF8052005932868836801211B68F8
:1005B40001AA9847041E06DB0023297BDAB2914284
:1005C40009D8002404E0224645210A480CF09FFA89
:1005D400204606B070BD6A69D25C0133042AEDD9A5
:1005E4004521326804480CF092FA6FF01504EFE7E5
:1005F40040420F00A8E20000C7E200002DE9F347E3
:1006040045680C46164600234FF4A022A86801A9A9
:1006140095F8247095F8258095F8269008F046FF03
:10062400021EC7F1000709DA45213F480CF06FFAB2
:100634006FF00B04204602B0BDE8F0872146019814
:1006440006EB860640F8047B26448E424BD10023F9
:10065400298B9AB2914248D828686A6883680199BC
:10066400DB689847041E44DA0199A86808F090FFF3
:10067400224645212D480CF04AFADBE76B699B5C66
:10068400042B29D8DFE803F02403202226000A786B
:100694004FF0080C4FF0800E002312EA0E0F0CBF2F
:1006A400CA46C246BCF1010C4AEA03134FEA5E0E85
:1006B400F3D187EA334340F8043B01342B7BE2B2A5
:1006C4009342DBD80531C0E74A78E1E78A78DFE76F
:1006D400CA78DDE70A79DBE70199A86808F058FFD2
:1006E4006FF01504A6E70024E8E740F8237001330F
:1006F400AEE728688368002201211B699847041E1D
:1007040098DB28688368022201211B699847041E2C
:1007140090DBD5E907206B689B0802FB03000AF015
:10072400DDFD002486E700BFE7E2000006E30000E9
:1007340070B589B30668012230460BF0A5FF014667
:10074400044630460BF068FFC30708D41349AF22B0
:1007540013480CF04DF9AF2110480CF040F9214634
:1007640030460BF06FFF25182946002230460BF067
:1007740053FF2D1AAC4206D00849B72208480CF0A2
:1007840037F9B721E8E7214630460BF061FF2146EF
:10079400BDE870400CF09DB870BD00BF3AE30000A6
:1007A4005DE30000B2F5802F2DE9F0410CD2042A5C
:1007B40020D83D494FF407723C480CF019F94FF426
:1007C400077139480CF00BF90823D21ACC1D1144D7
:1007D40024F0070421F00701091B17294FEAD10669
:1007E4000AD8314940F2252230480CF001F940F290
:1007F4002521E6E70423E8E7002704603146304674
:10080400A660E7600BF053FF0121421D804630468D
:100814000BF044FF9200D51DED082844B0423AD8AD
:10082400B8F1FF3F3946A2F1100204F11000B8BF3D
:100834003A460CF034FF2A46394620460BF020FF96
:100844003B463A46394620460BF0F1FEA6EB050836
:100854002046394601220BF0FBFE424629460BF0A6
:100864000FFF2B463A46294620460BF0E0FE314660
:1008740020460BF005FF43463A46314620460BF02E
:10088400D6FE3146204601220BF0E2FE2946BDE8A1
:10089400F0410BF0DCBF044940F23A2203480CF06B
:1008A400A7F840F23A218CE73AE300005DE3000048
:1008B400014B1B68184700BF00000020014B186063
:1008C400704700BF0000002030B585B004460D46D7
:1008D4001022002168460CF0E2FE02238DF802305B
:1008E400044B2A462146684601930BF037FC05B0B9
:1008F40030BD00BFB508000080B505460E4617465A
:1009040098460AF04FFD03460CF044FF0446DFF816
:100914001890424649F8003039463046A84754F802
:10092400090001F033FF00BF08000000044608B5C9
:10093400EFF31183202383F31288BFF36F8F06F044
:100944004DFF204602F0FAFB02480CF03BF80CF095
:1009540037F9FCE786E300002DE9F84F0446A38B42
:1009640008461907164612D4022803F0070162D17B
:1009740020460CF065F888B10138042800F225817E
:10098400DFE810F0590023017E00C800F5000128BB
:100994000CBF43F0100143F02001A18304F11400C3
:1009A4000AF02EFF002800F0AB8086F31188BFF315
:1009B4006F8FBDE8F88F03F00702501F01281ED87F
:1009C4000020062A2768C4E9000014D13A4603E04F
:1009D400E08B0130E0831268002AF9D123F0070389
:1009E40043F002022046A2830CF02AF890B342F0AE
:1009F4002002A2832EE023F007039AB2F2E7042A2E
:100A040033D123F007039AB22046A2830CF018F8DE
:100A140010B142F02002A283A38B03F00709894599
:100A240040F0DC80A18BCA0640F1218121F0100343
:100A3400A38301F00701D4F81880A38BB8F1000F49
:100A4400B9DA0022276823F00703C4E9002243F03F
:100A54000103A383A38B03F00709894540F0BF80FA
:100A6400002FDFD00025AA4640E0854940F21B1242
:100A740084480BF0BDFF40F21B1181480BF0AFFF1F
:100A840041B17F494FF4AB727E480BF0B1FF4FF494
:100A9400AB71F2E7236843B9794940F257127948B8
:100AA4000BF0A6FF40F25711E7E723691D6845B92B
:100AB40073494FF4AD7273480BF09AFF4FF4AD7164
:100AC400DBE70F4688464FF00609A38B23F00703A4
:100AD40043F006039BB2A383A268002A40F08180FE
:100AE400002F40F08180002D9CD0BA4643F00803CB
:100AF40004F1140B5846A3830AF082FE002875D132
:100B0400614940F231125F480BF072FF40F231113B
:100B14005D48B3E7022908D0594940F25D125948AB
:100B24000BF066FF40F25D11A7E7E78B47B154492C
:100B34004FF4AF7253480BF05BFF4FF4AF719CE777
:100B440023695D6845B94E4940F261124D480BF086
:100B54004FFF40F2611190E7A38BB84623F00703DF
:100B640043F004039BB24FF00409A383B4E70129C3
:100B740008D043494FF4B27242480BF039FF4FF4A6
:100B8400B2717AE7236843B93D4940F265123D48A2
:100B94000BF02EFF40F265116FE723699D6845B99C
:100BA40037494FF4B47237480BF022FF4FF4B47155
:100BB40063E70027A38BB84623F0070343F005033C
:100BC4009BB24FF00509A38386E72D4940F26B12CF
:100BD4002C480BF00DFF40F26B114EE70027002567
:100BE4007AE74FF0010A81E792467FE786F311889E
:100BF400BFF36F8FBAF1000F16D147BB15B1204672
:100C04002249A847EFF31186202383F31288BFF308
:100C14006F8F58460AF0E6FD08BB1B498822194825
:100C24000BF0E6FE882173E7A1680029E5D00E6881
:100C34000029E2D043464A462046D1F804A0D047D2
:100C44001EB1336831461E46F2E73346FAE73946A9
:100C540043464A4620463F680BF01EFFCDE7584600
:100C64000AF0E4FDA38B23F00803A383DAE68B06E2
:100C74007FF594AE21F02003A38301F0070177E60A
:100C8400AFE300005DE30000D4E30000950C000036
:100C9400F8B504460D4600F11406EFF3118720233E
:100CA40083F31288BFF36F8F30460AF09BFD40B97F
:100CB40009490A4888220BF09BFE882106480BF05C
:100CC4008EFE30460AF0B2FDA5613A462046BDE8E4
:100CD400F8400121FFF740BED4E300005DE30000CB
:100CE4002DE9F04704460F460BF0C6FE051E5DDBFA
:100CF40004F11409EFF3118A202383F31288BFF35C
:100D04006F8F48460AF06EFD804638B93349882211
:100D140033480BF06DFE882130483CE048460AF029
:100D240085FD4FF6FF72E38BA68B934206F0070610
:100D34003FD0022E10D135460133E38348460AF0F2
:100D44005FFD00283BD1254940F2311224480BF0C5
:100D54004FFE40F23111DFE7062E13D8DFE806F02C
:100D6400092C1212090409006FF085054FF00008E0
:100D7400E4E700233B6063687BB9C4E900777EB194
:100D84003546F3E7174916484FF4E4720BF030FE8A
:100D94004FF4E47113480BF022FE1F606760EEE726
:100DA400524602212046FFF7D7FD35462846BDE8C6
:100DB400F0876FF00A05D9E76FF00405D6E78AF3E8
:100DC4001188BFF36F8FB8F1000FEFD000233246C4
:100DD400394620460BF060FEE8E700BFD4E300008C
:100DE4005DE30000AFE30000F8B5054600F114062A
:100DF400EFF31187202383F31288BFF36F8F3046FC
:100E04000AF0F0FC38B92049882220480BF0F0FDA4
:100E140088211D4825E030460AF008FDAC8B04F01B
:100E24000704022C12D0012C0CBF6FF004046FF0E5
:100E3400850430460AF0E4FC08BB134940F2311241
:100E440012480BF0D5FD40F23111E2E7EB8B53B9B8
:100E54000F490E4840F2EF120BF0CAFD40F2EF11B9
:100E64000B480BF0BCFD013B9BB2EB83002BE0D1A4
:100E74003A4621462846FFF76FFD2046F8BD87F322
:100E84001188BFF36F8FF8E7D4E300005DE300003F
:100E9400AFE300002DE9F0410E460546002845D099
:100EA400002943D000F11407EFF31188202383F3C2
:100EB4001288BFF36F8F38460AF094FC38B91D4985
:100EC40088221D480BF094FD88211A4816E0384604
:100ED4000AF0ACFC31462846AC8B0BF096FD78B199
:100EE40004F00704231F022B0CD91449124840F2C2
:100EF4002D220BF07DFD40F22D2110480BF06FFDEB
:100F04006FF0770438460AF07BFC40B9094940F297
:100F1400311209480BF06CFD40F23111D5E788F32A
:100F24001188BFF36F8F2046BDE8F0816FF0150480
:100F3400F9E700BFD4E300005DE30000AFE3000085
:100F440008B54268034602F00302032A816002D016
:100F54002AB1002000E0006800225A6008BD04495C
:100F6400044845220BF044FD452101480BF037FDB0
:100F740001E400005DE30000014B036000207047C2
:100F84003CDD00002DE9F04705460E461746194C96
:100F9400DFF86480DFF86490444525D9184919487E
:100FA4004FF4BB620BF024FD4FF4BB6114480BF00B
:100FB40016FD6268D9F824309A4213D3A3698BB121
:100FC400A9889078C9B2884205D13A463146284664
:100FD400BDE8F04718475279012A03D13A46314611
:100FE400284698472434D7E7E3D36FF08500BDE85B
:100FF400F08700BF4C030020700300204C0D00203C
:1010040027E400005DE300002DE9F041134B144F89
:101014005E6A144BBB421BD91349144840F2BB52BD
:101024000BF0E6FC40F2BB510F480BF0D8FC5C68B7
:10103400B4420BD31D694DB194F802C08488E4B264
:10104400A44503D12B46BDE8F04118472433E1E71A
:10105400EDD36FF08500BDE8F08100BF4C0D00209A
:10106400700300204C03002027E400005DE300002F
:101074000022024B1A605A60704700BF070E00201E
:1010840010F0700F08B5024600F07F0305D0074842
:1010940045210BF03CFD002008BD10F0800F4FF0FF
:1010A400010018BF10339840F6E700BF59E4000070
:1010B40038B505460BF03EFE10F1780F044610D10A
:1010C4002A4657210B480BF022FD2846FFF7D8FF8C
:1010D400094A0024D2F8C43023EA0003C2F8C43019
:1010E40006E00028F1D02A46452104480BF00FFD04
:1010F400204638BD79E400004C0D00209FE4000038
:101104002DE9F04105460E461746104CDFF84080A5
:10111400444516D90F4910484FF4C1620BF068FCDE
:101124004FF4C1610B480BF05AFC63690BB92434CA
:10113400EEE73A463146284698470028F7D1BDE8FD
:10114400F081F2D36FF08500F9E700BF4C03002073
:101154007003002027E400005DE30000430670B53F
:101164001CD0114B114CA3421AD9114911484FF408
:101174007D720BF03DFC4FF47D710D480BF02FFC9C
:101184000022196A1E7F0439D5B2AE4201D8243335
:10119400E9E7013211F832508542F5D1012001E02E
:1011A400EED3002070BD00BF4C030020700300206C
:1011B40027E400005DE30000F7B584880F46E4B23D
:1011C40020468DF80740FFF7C9FF0546B0B114F07B
:1011D4007F0F144E02D096F8BA3003B32246492149
:1011E4007FB111480BF093FC9DF8070002F018FF43
:1011F400F3691BB108200DF107019847284603B095
:10120400F0BD0A480BF083FC9DF8070002F038FF9C
:10121400F369002BF2D009200DF10701EDE71D461B
:10122400ECE700BF4C0D0020C6E40000DEE4000043
:1012340008B509480378C3F341130A3350F823303F
:101244003BB100F1080200F110019847C043C00F00
:1012540008BD1846FCE700BF4C0D002004282DE90A
:10126400F74F04460F46DFF8C49016D0012830D15A
:10127400DFF8BC8098F8B9305BB300F023FE2D4D45
:101284004D4532D92C4940F2C2422C480BF0B0FBF8
:1012940040F2C24128480BF0A2FBFFF7E9FEE7E762
:1012A40002EBC606307901920BF044FD8346307997
:1012B400FFF7E6FED8F8C430BBF1000F23EA0003C1
:1012C400019AC8F8C4300AF1010A12DA002388F836
:1012D400B930184D4D451BD9174940F2EE42174815
:1012E4000BF086FB40F2EE41D4E7EFD24FF0000A58
:1012F4002A6A2B7F5FFA8AF6B342D1D82435BFE736
:10130400EB681BB13A462146284698472435E1E765
:10131400F6D3074B1B6A2BB13946204603B0BDE810
:10132400F04F184703B0BDE8F08F00BF70030020F2
:101334004C0D00204C03002027E400005DE3000076
:1013440073B5044680782A4D8DF8000023796279BC
:1013540043EA0223ADF80230E37803F003038DF887
:101364000430FFF78DFED5F8C430064618420CD081
:10137400A478204600F088FD2046FFF799FE0CF083
:101384009AF810B9962009F0A9FF684602F01EFEEB
:1013940010F1780F9DF8002019D1572115480BF052
:1013A400B6FB9DF8000002F0A7FE10F1780F17D1EC
:1013B40057219DF8002010480BF0A9FB0120D5F817
:1013C400C43085F8B9003343C5F8C43006E00028BA
:1013D400E7D0452109480BF09AFB002002B070BD0C
:1013E4000028EBD045219DF800200548F3E700BF15
:1013F4004C0D0020F8E4000049E5000020E5000061
:101404006EE500002DE9F047A84E0446B3690F4687
:101414001546FBB9237803F01F03012B00F09E80CF
:10142400022B00F0068133BB94F900002A680028DF
:10143400617834DA062912D008292BD0D9B90123CE
:101444005170137096F8C3305B0043F001031370BE
:10145400022328E198470028DCD100200DE06288AF
:10146400100A011F0129844605D9072803D8716A87
:10147400D2B20C781CB96FF01500BDE8F0874E7835
:10148400664503D19A4200F0098101332144F0E713
:101494000B7808E196F8BA301370012303E101399F
:1014A4000829E8D801A353F821F000BF4B15000028
:1014B4007B140000591500007B140000D5140000B3
:1014C4007B1400007B1400007B140000E314000074
:1014D4006088C0B202F02AFD0028BED0CBE7638842
:1014E400756A63BBFFF7C4FD638886F8BA30F36995
:1014F400002BB2D003206E499847AEE76B78042BDB
:1015040010D0052B11D0022B04D16F796388BB4214
:1015140008BF01202B781D442B78002BEED1002826
:10152400A9D0DFE795F80380F4E76388BB42F1D1E3
:10153400B8F1000FEED12846FFF702FFEAE7FF27D4
:101544000020B846E8E76388012B94D1002386F88D
:10155400C33082E76388012B8DD1F8E796F8BA305F
:10156400D5F800C0002B86D0756AA3882A465FFA96
:1015740083FE107800283FF47EAF5178022904D10D
:1015840092F80480F04500F295800244F1E78CF86B
:1015940000208CF8012039605FE7154496E00B2A9F
:1015A4007FF469AF00274FF0FF08BA46C14606E052
:1015B4006B78042B0FD0052B21D02B781D442B786E
:1015C400002BF5D1F36913B1514607209847002F3A
:1015D4007FF443AF4FE795F80280A38895F8039012
:1015E4009845EAD163889945E7D1B8F1070F1DD82A
:1015F40006EB0803AA46012783F8BB90DDE7A3881E
:101604004345DAD16388DBB24B450AD0AF7838461C
:1016140000F03AFC3846FFF74BFDB0FA80F77F093B
:10162400CBE72846FFF78CFE0746C6E7AA46002705
:10163400C3E794F900206378002A19DA002B7FF4B9
:101644001AAFA4882D68E4B22046FFF787FD00286E
:101654003FF411AF630604D096F8BA30002B3FF480
:101664000AAF2946204602F02BFD00236B70EFE6FB
:10167400012B08D0032B7FF4FEAE6388002B7FF48C
:10168400FAAE012103E0618800297FF4F4AE20461C
:10169400FFF792FD00287FF4E0AEECE60228296013
:1016A4007FF4F6AE4B883B60D7E600BF4C0D0020BC
:1016B400060E002094F9000062780028BFF66FAF90
:1016C400002A3FF464AF0A2A7FF4D5AE2A78002AB0
:1016D4003FF4D1AE697804297FF45FAFA9788B42D7
:1016E4007FF45BAF072B8EBF00239B1993F8BB30AD
:1016F4008CF80030D1E600BF2DE9F04705460F46CF
:10170400904699460426DFF830A04B4642463946B7
:10171400284602F01BFD10F10B0F044608D12A469F
:10172400572150460BF0F3F909F0B6FC013EECD119
:101734002046BDE8F08700BF94E5000013B5164CC1
:10174400237DF3B9E26801AB8020A1680192FFF721
:10175400D3FF019AA3681344A360E3689B1AE36070
:101764006BB962B12369E2889A4208DD94F8C82013
:1017740093FBF2F102FB11330BB90123237502B081
:1017840010BD002380201A461946237502B0BDE817
:10179400104002F0DBBC00BF4C0D00207FB50023DD
:1017A4000D4606460193002861D1002939D108224B
:1017B4000B460DEB02010BF0D6FA002803DA802069
:1017C40002F02EFC1EE0344C029AC4E90355226058
:1017D400039ABDF80E30626004F13802A2609DF9EC
:1017E40008202575002A0FDB802B08D945212B48BA
:1017F4000BF08DF9802002F013FC2846E0E71BB1C2
:10180400C4E9033304B070BDFFF712FD0028D6D03D
:10181400E28823699A42D4BFE260E360FFF78EFF57
:10182400F0E71D4C01ABD4E90212002A05DC0246A4
:101834000BF099FA0028E5DAC1E70BF094FA0028D6
:1018440004DA802002F0ECFB3046B9E7019AA36881
:101854001344A360E3689B1AE360002BD2D104F124
:101864003803A360FFF7E4FC0028D7D1A7E780285A
:1018740007D1094BDA68002AD0D11B7D002BCDD1CA
:10188400C0E7074907484FF4C5720BF0B1F84FF4AD
:10189400C57103480BF0A3F84C0D0020C0E500000F
:1018A40027E400005DE30000054B064A58629A6293
:1018B400054A0020DA62054A1A63054A9A617047AC
:1018C4004C0D0020091400000D100000051100004B
:1018D400890F00002DE9F3410446514D4FF0FF33C9
:1018E4004FF0FF324F4808F091F895F8B83063B1E3
:1018F40057214D480BF00BF96FF07704494808F075
:101904003BF9204602B0BDE8F0816B6A63B900F090
:10191400E1F8FFF7C9FF6B6A33B9452143480BF07F
:10192400F6F84FF0FF34E9E741482C62E8616E6A4B
:1019340002F046FD02F0C8FA041EDFDB00F0E4FA10
:10194400041EDBDB7378012B01D1F37933B9452114
:1019540038480BF0DCF86FF01504CFE70026684632
:1019640085F8C830ADF802308DF804608DF8006059
:1019740002F02CFB041EC1DB802768468DF8007042
:1019840002F024FB041EB9DB30462B4902F004FDAF
:10199400041EB3DB3846284902F0FEFC041EADDB0E
:1019A400264CDFF89C8044451DD9264926484FF42F
:1019B400C3620BF01DF84FF4C36122480BF00FF81B
:1019C4000026276A227FF3B29A4201D82434EAE738
:1019D40007EBC30257F83310107902F0DDFC01362F
:1019E4000028EFD09DE7EBD3002002F085FB041E16
:1019F40084DBD5F8C430802043F00103C5F8C4303B
:101A040002F07AFB041EFFF679AFD5F8C430002447
:101A140043F48033C5F8C430012385F8B8306DE74A
:101A24004C0D002060020020DEE5000006E6000008
:101A34006112000030E60000A11700004C030020F2
:101A44007003002027E400005DE3000030B51F4B65
:101A54008BB005AA03F110051446186859680833B9
:101A640003C4AB422246F7D11B7810222370002115
:101A740001A80BF014FE1222002115480BF00FFEF2
:101A8400102101A80BF00DFA00281BDD0828B8BFAF
:101A9400082001AB09381A1800200D4912F8013F3B
:101AA4000AAC04EB131403F00F0328336B4414F84B
:101AB400144C13F8143C013008280C704B7001F1DD
:101AC4000201EBD102480BB030BD00BF6FE600004D
:101AD400CB2300202DE9F04F8F4B87B093F800B053
:101AE400BBF1000F03D08D4807B0BDE8F08F8B4CDD
:101AF40000264FF0011AB0463546B14623783BB96B
:101B0400874B02349C42F3D10123834A1370EAE7E2
:101B14006378052B29D8DFE813F0B2000600FC0037
:101B2400B2002B005800402304A88DF810B0ADF883
:101B340012308DF814B002F01FFA98B1082304A8EB
:101B4400ADF8123002F018FA60B1764940F28F1203
:101B54007548ADF812B00AF04BFF40F28F1171488E
:101B64000AF03DFFBDF81230E37123781C44C5E749
:101B7400E378002BF9D1A37813BB6C4D03E06B68B9
:101B84009C4218D024356A4B9D4208D965494FF4CC
:101B94009B7265480AF02CFF4FF49B71DFE7EED38C
:101BA4002246452163480AF0B2FF634845210AF002
:101BB400AEFF002098E7AB6813B141462046984732
:101BC40008F101085FFA88F8CFE7002D55D14521C7
:101BD4005A480AF09CFFE8E7296AA07801EBC201A1
:101BE4000B79984242D10127E078FBB200F0030060
:101BF4008DF81400207994F805C040EA0C20ADF863
:101C0400120094F90200002826DA4FF0010C07F1C3
:101C140010000CFA00F010EA0A0F24D143F08000FF
:101C24008DF8100004A8CDE90213019202F0A4F982
:101C3400DDE90121039BB0B99DF8102012F0800F5B
:101C4400A2700A714FF001021DBF1033DBB29A403B
:101C5400BA404AEA020A88E70120B84010EA0A0FAB
:101C640001D11846DCE70137102FBDD101322B7F9B
:101C74009A42B1D345213248ABE70022F7E7032E5D
:101C840022D1FFF7E3FE074690B1FEF785FA02463C
:101C940070B1102805D0019057212A480AF037FF67
:101CA400019A102AA8BF10223946A01C0BF0D0FCC0
:101CB4006FF002002378001BE11804EB5303C842C1
:101CC4000AD50136F6B250E7002EF1D1B9F1000F72
:101CD40014D145211C487CE71A78203A5E2A06D99B
:101CE4001049CB2210480AF083FECB2137E701F8D4
:101CF40001BC13F8012901F8022DE0E7A4EB090364
:101D040089F80230C3F3072389F8033089F8048083
:101D1400D7E7A14629E700BFCA230020C402002058
:101D24004C03002080E600005DE300004C0300202B
:101D340070030020B6E60000B5E70000DBE6000013
:101D440021E7000043E7000093E70000094B00216E
:101D54001A4610B51C78844204D15C6814B102EBB5
:101D6400811010BD0131042903F14003F2D1002098
:101D7400F7E700BF180E00202DE9F34150F8283C86
:101D84000446103310F82C6C0AD1036950F8202C47
:101D940098073CD5D2B9590715D5002344F8283CF7
:101DA40054F8283C10330BD054E9077554F8148CBC
:101DB4000BF081FB002856D0214631480BF06BFB19
:101DC40002B0BDE8F08143F004032361304654F8C7
:101DD400241C01ABFFF790FC024638B13346452181
:101DE40028480AF094FE6FF01503D7E7019A54F8D7
:101DF400243C134444F8243C54F8203C9B1A44F8F3
:101E0400203C54F81C3C134444F81C3CC8E73046BE
:101E140054F8241C01AB02F01FFA02460028DDD15D
:101E2400019D54F8243C2B4444F8243C54F8203CB1
:101E34005B1B44F8203C54F81C3C2B4444F81C3CE9
:101E4400002DAAD0304602F0C1FAB5FBF0F303FB33
:101E54001055002DA1D154F8203C002B9DD03046C4
:101E640002F050FA9CE744F8180CA4F1100008F0B2
:101E740061F8002DA4D0424639463046A8479FE772
:101E8400080C0020E8E7000010B5EFF311842023CC
:101E940083F31288BFF36F8FFFF758FF50B1436885
:101EA400103307D16FF08B0300F12C014360044819
:101EB4000BF0F1FA84F31188BFF36F8F10BD00BFEC
:101EC400080C0020F8B5042520270D4CEFF31186EB
:101ED40087F31288BFF36F8F6368103307D16FF0F5
:101EE4008B030848636004F12C010BF0D4FA86F3E9
:101EF4001188BFF36F8F013D04F14004E6D1F8BDB2
:101F0400180E0020080C002070B50025094C0A4E5C
:101F14003146204608F084FA0122A4F1100011464B
:101F240001350BF08BFA042D04F14004F0D10020AC
:101F340070BD00BF440E00207D1D000008B504489C
:101F44000AF040FDBDE8084002480AF03BBD00BF6E
:101F540017E800004CE80000014809F0BDBF00BFCD
:101F64003CDD000038B5044618B90F4B0F485B68D8
:101F740098476168B1F5683F10D0B1F5680F0DD08E
:101F84000B4DA9420AD011F46861206807D00146BC
:101F9400084807F0FDFA00232360656038BD142269
:101FA4000BF07DFBF9E700BF5C0100207AE800003C
:101FB4002C5F5CA91814002008B560B34368B3F51E
:101FC400683F0ED0B3F5680F18D0144A934220D05E
:101FD40000684FF0FF324FF0FF3307F017FD58B1A0
:101FE40015E001220368D3E8EF1F002903D1C3E8F9
:101FF400E02F0028F7D10AD1002008BD0368084A61
:102004001B7803F5807352F82330002BF4D0054875
:10201400F3E70548F1E76FF4E040EEE72C5F5CA9D5
:1020240000000350E98FFFFFEA8FFFFF08B520B3DC
:102034004368B3F5683F09D0B3F5680F13D0114A6C
:1020440093421DD0006807F097FD14E00022036856
:10205400D3E8EF1F012903D1C3E8E02F0028F7D10B
:1020640009D0094808BD00210368084A1B7803F514
:10207400807342F823100020F4E76FF4E040F1E7A6
:102084000348EFE72C5F5CA9E98FFFFF00000350D2
:10209400EA8FFFFF10B5044618B91D4B1D485B6855
:1020A40098476368B3F5683F2FD0B3F5680F2CD019
:1020B400194A934219D1236803BB4FF0FF324FF002
:1020C400FF332146154807F0F1F908B923681BB915
:1020D4000F4B13485B6898471422002120680BF0CB
:1020E400DEFA4FF46863636008E0B3F5683F0DD827
:1020F4003A2B03D040F6BA629342DED120680BF04B
:102104007FF9636843F03A03636010BD054AF3E75F
:102114005C0100207AE800002C5F5CA91814002000
:10212400A0E800003A00003A08B50649402314220A
:1021340005480BF03EF9BDE808400449044809F09D
:102144003DBF00BF180F00201814002044DD00001C
:1021540058DD000037B505460C46C9B18B681448F4
:102164000093D1E9002345210AF0D1FC636945219C
:102174000093D4E903230F480AF0C9FC4521E2691E
:102184000D480AF0C4FC4521A2690C480AF0BFFCC2
:10219400012D06D1EFF3058245210948103A0AF0D2
:1021A400B6FC2146284603B0BDE8304006F0C6BF61
:1021B400CDE8000001E9000035E9000049E900002C
:1021C4007CE9000030BFFFF7FDBF00BF2DE9F041FF
:1021D40005460B4EDFF82C80324606EB0807CC1B75
:1021E400204609490BF034FAA01942460021083C64
:1021F4000BF055FA2C6707F10800BDE8F08100BF29
:10220400000000000400000000DD0000054B5A69D6
:102214009B689A421FBF044A536843F0805353603B
:10222400704700BF9C21002000ED00E010B5244C55
:10223400452124480AF06BFCA36A99013ED5224843
:1022440045210AF064FC1E20A36ADA0104D51F4864
:1022540045210AF05CFC1F20194CA36ADB0204D55B
:102264001B4845210AF053FC0220A36A1C0304D531
:10227400184845210AF04BFC2120114CA36A59034C
:1022840004D5154845210AF042FC2220A36A9A038A
:1022940004D5124845210AF03AFC2320084CA36ACD
:1022A400DB0304D50E4845210AF031FC2420A36A3F
:1022B4006FEA03436FEA1343A36210BD1D20C3E713
:1022C40000ED00E094E90000B1E90000C9E9000074
:1022D400E8E9000017EA00003AEA000064EA0000B6
:1022E40083EA000070B5284C06460D462748452170
:1022F4000AF00DFCA36AD9043BD5254845210AF010
:1023040006FC1720A36A1A0504D5224845210AF0C1
:10231400FEFB18201C4CA36A9B0511D51E484521C1
:102324000AF0F5FBA26BA36A180408D545211B48E3
:102334000AF0EDFB1EB1A36A23F40043A362192043
:10234400114CA36A590504D5154845210AF0DFFB51
:102354001A20A36ADA050ED5124845210AF0D7FBE4
:102364001B20094A936A43F47F43936200232B7032
:1023740070BD1620C6E7A36A9B04F2D50A4845211E
:102384000AF0C5FB1C20ECE700ED00E0B3EA000016
:10239400CEEA0000E4EA0000FCEA00001AEB0000C8
:1023A40034EB000054EB000071EB000070B5324CCC
:1023B40006460D46314845210AF0A9FBA36AD90611
:1023C40048D52F4845210AF0A2FB1120A36A1A0719
:1023D40004D52C4845210AF09AFB1220264CA36A06
:1023E4009B0711D5452128480AF091FB626BA36A2B
:1023F400190608D5452125480AF089FB1EB1A36AB0
:1024040023F08003A36213201B4CA36ADA0704D5CC
:102414001F4845210AF07BFB1420A36A9B0604D5C0
:102424001C4845210AF073FB1520134B9A6AD60603
:1024340002D49A6A94070FD59B6AD9060CD516491B
:1024440016484FF495720AF0D3FA4FF49571124876
:102454000AF0C5FA1020B9E7074B9A6A920642BF00
:102464005A6A22F400525A629A6A42F0FF029A624D
:1024740000232B7070BD00BF00ED00E0A5EB000051
:10248400C0EB0000E4EA0000F8EB000015EC0000EB
:1024940030EC000071EB000054EC00005DE3000040
:1024A400F0B56C4B0446586800258BB0C0F30803A4
:1024B40085F31188BFF36F8F02F07F46B6F17F4F2B
:1024C40007D102F00C06082E0ED1452162480AF00D
:1024D4001EFB624940F2114261480AF089FA40F257
:1024E40011415E480AF07BFA16074CBF0C460125E1
:1024F400002CEED00026DA1E8DF80760092A00F2BF
:102504009880DFE802F0058B8F76969696969693E0
:10251400452154480AF0FBFA8DF807604D4EF36AE2
:102524009A0705D5452150480AF0F1FA002329E01D
:10253400F36A002B02DA45214C48F5E7F36A5B00A5
:1025440063D545214A480AF0E2FA7369A26943F463
:1025540080737361BFF34F8FBFF36F8F736932F86A
:10256400022C23F480737361BFF34F8FBFF36F8F1B
:102574004DF602739A4224D1452122683D480AF05F
:10258400C6FA23689DF80720CAB902AE04F12007F1
:10259400324620686168083403C2BC421646F7D14B
:1025A400099A002D51D0C2F3080121B96FEA5222D1
:1025B4006FEA42220992184602A9FFF7CBFD0BB03D
:1025C400F0BDB36ADBB233B101200DF10701FFF7AF
:1025D400EDFE0346D6E7B36A13F47F4F05D001201E
:1025E4000DF10701FFF77EFEF3E7B36AB3F5803F11
:1025F40002D3FFF71BFEECE7184940F2EA22184821
:102604000AF0F6F940F2EA216BE7144940F2ED22B0
:1026140013480AF0EDF940F2ED2162E700200DF1D4
:102624000701D4E700200DF10701DBE7452112483B
:102634007AE7124910F4F87F114A124808BF0A4693
:10264400103B45210AF063FA70E722F4FF7222F08E
:102654000102AFE700ED00E0B4EC000054EC000030
:102664005DE30000E4EC000000ED000026ED000056
:1026740039ED00005DED00007EED000086EC000009
:102684009BEC0000A7ED0000064B5A6942F01002D3
:102694005A615A6942F480625A615A6922F0080206
:1026A4005A61704700ED00E0EFF30880EFF3098111
:1026B40001B57246FFF7F4FE01BD00BF002080F3B0
:1026C4001488BFF36F8F002080F30A8880F30B888F
:1026D4000F4880F3088805F0B5F800200D4908601C
:1026E400BFF34F8F00F02CF8202080F311880A48A4
:1026F4004FF40061401880F30988EFF3148002213D
:10270400084380F31488BFF36F8F00F0FBF80000D8
:10271400E839002094ED00E0A82C0020002318469E
:102724000649D1F89020C2F30722934200DB704798
:10273400C1F89830C1F8A0000133F6E700ED00E0DD
:1027440010B572B6002484F31388FFF7E7FF23461D
:102754004FF0FF300C4A03F120010133102B42F8F3
:102764002100F8D100234FF0FF30074A03F1600144
:102774000133102B42F82100F8D162B6BFF34F8F1A
:10278400BFF36F8F10BD00BF00E100E0084B9B68F2
:1027940083420BD1EFF3058343B1064B5A6842F0F1
:1027A40080525A605A6A22F400425A6208F000BE0B
:1027B4009C21002000ED00E014498A684FF03000AD
:1027C4001044EFF3098C80E8F01F202080F3128876
:1027D400BFF36F8F0E4F4FF000664A698A603E6008
:1027E400106F0C4C2060506F0023536780F31188E6
:1027F40002F1300090E8F01F8CF3098802F1000028
:1028040004B50AF0D2F9BDE8044070479C210020C9
:1028140004ED00E0381400201EF0040F0CBFEFF3A9
:102824000880EFF30980816911F8021C0229FFD0A6
:1028340001B572460AF0AAF901BD00BF40B20028F2
:1028440007DB01234109034A00F01F00834042F8DB
:102854002130704700E100E040B200280CDB012287
:102864000649430900F01F008240203341F8232029
:10287400BFF34F8FBFF36F8F704700BF00E100E0DD
:10288400054B420953F82220012300F01F0003FAEC
:1028940000F01040704700BF00E100E0013107295B
:1028A40008B508D90D490E486B220AF0A1F86B212E
:1028B4000A480AF094F840B20028ACBF00F1604026
:1028C400084B4FEA4111C9B2ABBF00F5614000F0BB
:1028D4000F0080F80013195408BD00BFBFED0000BD
:1028E4005DE3000014ED00E0044B054A23F07F0390
:1028F4009360BFF34F8FBFF36F8F704700000000EA
:1029040000ED00E008B5FFF7EFFF074AD2F8883082
:1029140023F47003C2F8883006F0FEFC08F08EFF42
:1029240000F046F806F038FD00ED00E042F8203CE7
:10293400009B0B4942F81C3C019B21F0010142F829
:10294400183C029B42F8081C42F8143C4FF0807378
:1029540042F8043C0023203A02654367704700BFF5
:10296400FD08000000B50B4B15469860026F0A4B3A
:102974000E461A60036E83F30B882C4686F309888F
:102984000020064B98472046002100220023044CD7
:10299400204700BF9C21002038140020B7CB000042
:1029A400FD0800001022014B1A61704700ED00E0A1
:1029B400002320210348C2180133452B82F8001359
:1029C400F9D1704700E100E008B5EFF30583064A4A
:1029D400103B02EBC30152F8330049688847BDE855
:1029E4000840FFF713BC00BF84D900001FB5094C91
:1029F400094A23460121094800F00EF900230393F4
:102A0400074B0121E41A01A80193029400F01EF976
:102A140004B010BD000007200000002068DD0000A5
:102A24007003002010B50C7A0B6804F01F0223F029
:102A34001F031A43CB68640923F01F03054943EAC3
:102A4400440343F00103C1F89800C1F89C20C1F885
:102A5400A03010BD00ED00E010B50A4B0446D3F8D9
:102A64009030C3F30723013B984208D9024645211D
:102A740005480AF04CF86FF01504204610BDFFF726
:102A8400D1FFFAE700ED00E0FAED00002DE9F04F88
:102A94008946144606464FF00008514D85B0C84596
:102AA40027DAD6F804A0BAF1000F44D0BAF11F0F08
:102AB40018D91AF01F0F15D1D6F800B01BF01F0F4C
:102AC40010D158460AF0B1F807460AEB0B0001385A
:102AD4000AF0ABF8874210D06FF015073A4645214B
:102AE400404802E0424645213F480AF010F86FF0A2
:102AF4001504204605B0BDE8F08F17F1160FEDD090
:102B0400BC42EBDDC5F89870D5F89C10C5F89870F8
:102B1400D5F8A03021F01F0143F01F0BD6E9003295
:102B24001A44994202F1FF3A1DD1D34507D13146E7
:102B3400F8B20AF083F808F101080C36AFE7314621
:102B4400C5F89870D5F89C3022F01F0203F01F03DB
:102B54001343C5F89C30E0B20AF070F810F1160F78
:102B6400C5D0441CE7E7C5F89870D5F8A020013B10
:102B740023F01F0302F01F021343D3453146E0B292
:102B8400C5F8A030E8D00AF059F810F1160FAED00D
:102B9400C5F89870D5F89C209DF808300BF1FF3BE0
:102BA40062F304038DF80830D5F8A0309DF80820AE
:102BB4005B0863F347128DF80820D6E9003213440A
:102BC400009323F01F035B44A3EB0A03013023F0BB
:102BD4001F036946C0B20393FFF73EFFBEE700BF81
:102BE40000ED00E04DEE000025EE00000522044B50
:102BF400C3F89420BFF34F8FBFF36F8F704700BFAC
:102C040000ED00E0BFF35F8F0022024BC3F8942075
:102C1400704700BF00ED00E010B5094C2278FFF7C3
:102C240035FF207016300AD1064907484FF4BB72AD
:102C340009F0DEFE4FF4BB71024809F0D0FE10BD6E
:102C4400DD23002075EE00005DE300002DE9F74F61
:102C54002E4D8A4606464FF00008AB462C4FD04511
:102C640002DB03B0BDE8F08FD6F80490B9F1000F91
:102C740047D031680846019109F0D7FF019904460D
:102C840009EB0100013809F0D0FF84424FF014022F
:102C9400204B10D002FB08F36FF015024BF8032011
:102CA4001D491E484FF4C37209F0A2FE4FF4C371CC
:102CB400194809F094FE14F1160F2C60F0D019781D
:102CC400A142EDDD02FB08B0C7F89840C7F8984070
:102CD400D7F89C4000F10801007B64F304000871FC
:102CE400D7F8A0000C79400860F347140C71D7F8AA
:102CF4009C1021F01F016960D7F8A01021F01F017A
:102D0400296108F1010814350C36A8E73C140020A9
:102D140000ED00E0DD23002075EE00005DE300001F
:102D24002DE9F0414E494F4CD1F890302568C3F35A
:102D340007239D4286B00AD94B4940F2AD124B4855
:102D440009F056FE40F2AD11474809F048FE002054
:102D5400FFF758FF464BC1F8C03085421AD1454CA5
:102D640001A82570FEF708F9002506464FF0410832
:102D7400414FAE4215D1002023783949D1F8902033
:102D8400C2F30722934265DB0020FFF72FFF06B052
:102D9400BDE8F081616801EB0011FFF743FE0130EB
:102DA400DBE7019A290102EB0513D3F80CC00CEA06
:102DB4000700B0F5001F23D0B0F5800F38D0B0F570
:102DC400801F45D1586852589B68CDE902022122E0
:102DD400013B20F01F010B4423F01F038DF810204A
:102DE4000593207802A9FFF737FE00282DDA1E4943
:102DF40040F2D7121D4809F0FBFD40F2D711A3E7BA
:102E040058689B685258013B20F01F010B4423F083
:102E14001F031CF0010FCDE902028DF81080059309
:102E2400DFD011497B22114809F0E2FD7B218BE7B9
:102E340058689B685258013B20F01F010B44CDE9B0
:102E4400020223F01F030622C8E72378013323700C
:102E540001358EE7C1F89830C1F8A00001338DE741
:102E640000ED00E074DD000075EE00005DE300009D
:102E7400AAFF4400DD2300200000F0FF08B5024B48
:102E84001B689847002008BD50140020034B044AD7
:102E94001860937843F00203937070475014002035
:102EA4002400002008B50649064821F00701C1F1B5
:102EB400005202F5E022FDF775FC002008BD00BFBA
:102EC400C742002054140020054B03EB8000D0F8C7
:102ED400003223F0E04343F04053C0F8003270471F
:102EE40000258450052370B5144D154E2C780134FB
:102EF400B4FBF3F303EB8303E41A0AF045F9114A34
:102F0400137823B156F82430C01A072814D94FF087
:102F14005023D3F8141141B10021C3F81411D3F88C
:102F240014312C700CB9012313702C780AF02CF98D
:102F340046F82400012070BD0020FCE7DF230020B8
:102F440060140020DE230020012208B5104B114933
:102F5400C3F8002502230020C1F8D036FFF7B4FFE0
:102F64001046FFF7B1FFC1F80427C1F80429C1F8DE
:102F7400002B00F0DBF850B1074908484FF40C72FD
:102F840009F036FD4FF40C71034809F028FD08BD23
:102F94000010005000400050B3EE00005DE300005C
:102FA40007B50DF1070004F099FD154B98420AD0BE
:102FB4001449154840F23A2209F01AFD40F23A2128
:102FC400104809F00CFD4FF48062104B1049C3F80F
:102FD400B8254FF40062C3F83C259DF8070004F0BF
:102FE40069FD0C499DF8070004F050FD01209DF88F
:102FF4000730984004F044FD03B05DF804FB00BFC3
:103004000000AD0BB3EE00005DE3000000A0025031
:103014002CA0025028A1025048B1054B054A1B6858
:10302400B3FBF2F35843044B43F0010318477047D2
:103034003001002040420F0000DD0000F8B50021FF
:103044004FF0FF354FF6FF77174C184EDFF860C08E
:10305400000714F8013B5A090CD0012A1CD0154969
:10306400154840F2CA3209F0C3FC40F2CA31114893
:1030740009F0B5FC25FA03F2D207F0D5324602EB8B
:103084008303D3F80022013122F0E04202430429F1
:10309400C3F80022DDD1F8BD03F01F0327FA03F2C1
:1030A400D207DCD56246EAE718EF00000025845019
:1030B40000288450E1EE00005DE300002DE9F041BA
:1030C400064601200D46FFF7B9FF4FF47F03D3F8FE
:1030D4003021D3F83431072A20D1023B032B02D804
:1030E400114AD35CD3B14FF050244FF001080027AC
:1030F4000520C4F81886C4F814760AF055F840463A
:10310400C4F814860AF050F8C4F81476C4F8187693
:1031140030462B46BDE8F041002118474FF05023BC
:103124000022C3F81426F3E714EF00000149024813
:1031340009F0C8BC9CDD000074140020BFF34F8F5D
:103144000549064BCA6802F4E0621343CB60BFF33F
:103154004F8F00BFFDE700BF00ED00E00400FA055B
:103164002DE9F041904690F900200446002A0D46CE
:10317400037803DA03F01F03012B03D06FF015006B
:10318400BDE8F0814378062BF8D187884688FFB2E2
:1031940039461548360A09F0D2FC28B93A4657216F
:1031A400124809F0B4FCE9E7212E04D0222E10D0F5
:1031B4006FF08500E4E70368E1885B685B6813F8F7
:1031C400092F914294BF29602A600020C8F800307A
:1031D400D6E7E38850F80C2C9A4294BF2A602B60FF
:1031E40050F8103CF1E700BFAC1400201CEF0000C5
:1031F4002DE9F0410E4681880546C9B22E4817468E
:1032040009F09DFC044640B92C485721AA8809F0CE
:103214007EFC6FF01200BDE8F08195F90030006883
:10322400002B6A781ADA022A08D0032A09D0012A64
:103234003FD154F8083C0BB11C68DCB96FF0850031
:10324400E9E76B8823B145211D4809F060FCF5E7E7
:103254000123043C3C6033600020DCE70A2AEDD003
:103264000B2A0ED0092A24D154F8083C002BE5D0AF
:103274005C68E2E73B4632462946A446BDE8F04195
:1032840060476A88012A04D945210E4809F03FFCA9
:10329400D4E714F8043C9342DED054F8083CD1B28D
:1032A40004F8041C002BD7D09B68002BD4D098477B
:1032B400D2E745210448E9E7AC1400201CEF0000E4
:1032C40048EF00007EEF000060EF000070B5044698
:1032D4000D4601460B4809F03FFC30B92246BDE8D3
:1032E40070405721084809F012BC022D08D150F84B
:1032F400083C2BB11B691BB1BDE87040006818473E
:1033040070BD00BFAC1400209CEF000070B50646F1
:103314000D460146304809F007FC044630B93246F0
:10332400BDE8704057212D4809F0F1BB0A2D4FD854
:10333400DFE805F0060C2528303A404E4E4E2F00AB
:1033440049212748BDE8704009F0E1BB49212548DF
:1033540009F0DDFB0023012104F8033C04F8023CDE
:1033640014F8043C20688B4204F8041C11D054F86F
:10337400083C73B19B6863B1BDE8704018474921AC
:103384001948DFE74921194809F0C1FB012304F872
:10339400033C70BD4921164809F0B9FB002304F829
:1033A400033C04F8023CF4E74921124809F0AFFB5E
:1033B4000123F6E74921104809F0A9FB14F8023C5F
:1033C400002BE6D049210D4809F0A1FB0023E8E7D2
:1033D40049210B48B6E700BFAC140020C7EF00003A
:1033E400EDEF0000FFEF00001AF0000030F00000E5
:1033F40047F0000060F0000076F000008AF0000062
:103404009CF0000010B50469A3600023C4E9001215
:103414006361064B2061596804F1140211B9C3E9D0
:10342400002210BD0A605A60FBE700BFAC14002004
:1034340070B544680069457B3DB1807B28B9206A3A
:10344400BDE870400079FEF757B95721024809F0EA
:103454005EFB6FF00A0070BDAFF00000F0B5154DD3
:10346400154E164F85B04FF0FF324FF0FF3328460C
:1034740001A906F00DFA024620B14521384609F0AB
:1034840046FBF0E70E4C0AE0EDD2236813B1019A33
:10349400934203D1D4E9013101A898470C34B442D2
:1034A400F2D908490848172209F0A2FA1721054859
:1034B40009F095FA7402002000DD0000D5F0000048
:1034C400E8DC0000EFF000005DE30000F0B5174613
:1034D4001E4685B001909DF82800DDE90C54234672
:1034E4002C432A468DF808008DF80910ADF80A70AF
:1034F40003960AD00AF04EF90B49D1F880400B49E3
:1035040009588C4204BF00221346094801A906F059
:103514000FF9041E06DA5721064809F0F8FA204686
:1035240005B0F0BD0024FAE7080C002008000000F4
:103534007402002017F10000772804D8034B185CAC
:1035440008B100B270474FF0FF30704754F10000EB
:1035540008B54368186809F0ECFE30B90448452101
:1035640009F0D5FA6FF0120008BD0020FCE700BF97
:10357400CCF100007FB503460846DA884968012A81
:1035840004694E6816D0B2F5A57F16D00AB99A68B8
:1035940062601B7953B3D4E900230D7BAA4202D2A3
:1035A4004D7B9D420FD85721114804B0BDE87040AF
:1035B40009F0ADBA9A682260EBE79A68003A18BF3E
:1035C40001222272E5E705FB02338A689A420DD98B
:1035D40036F8132052B1237A4FF0FF354FF0FF3401
:1035E4000121CDE902450091FFF770FF04B070BDE1
:1035F400E8F10000020600F07F0312D5082B05D184
:10360400010700F00F0306D50E48704710F0780F3D
:1036140012D100F00F034C2000EB43100A4B184466
:103624007047082B05D1020700F00F0306D50748A1
:10363400704710F0780FF6D000207047044800EB74
:10364400431070470C160020C01400202C170020D3
:103654002C1600200149024809F01DBFE81400207F
:10366400F00300200146014809F0DDBEB00200204D
:10367400002310B50D49D1E8EF2F012A03D1C1E889
:10368400E03F0028F7D10CBF012018460DD151F8B6
:10369400044C14392046FDF7FDFB10F1780F04D1DA
:1036A4002046BDE81040FDF79FBB10BDE01400208C
:1036B40000220023014806F0C5BB00BFB002002071
:1036C40013B5002201213720FFF7E8F8114800F074
:1036D400F1FF114B98421AD10024104805F0CAFB9F
:1036E4000F4805F08BFC4FF0FF334FF480620D4917
:1036F4000D48009406F006FF0C490B4809F0E1FE62
:103704000B480C4906F08CFE204602B010BD6FF049
:103714000400FAE7793900000000AD0BE2F4000080
:10372400BCDD0000A8280020F003002023F20000E4
:10373400E8140020DD3A000038B5002464F07F006E
:10374400C0B2FFF757FF50B91B4940F27A221B4819
:1037540009F04EF940F27A21174809F040F9013492
:1037640009F0D1FA082CE9D10024154DE0B2FFF795
:1037740041FF40B910494FF42072104809F038F95C
:103784004FF42071E8E7036903B90561013409F0D6
:10379400BAFA082C05F14005E8D10A4809F0B3FA51
:1037A400094BD3F87C2212B9084AC3F87C22084892
:1037B40009F0A9FA002038BD2EF200005DE30000F4
:1037C400501B00200C160020C014002050170020AD
:1037D4002C17002010B5054CFFF76AFF20B1416893
:1037E400204605F0D5FEF7E710BD00BFD00100204C
:1037F40013B500220023184801A905F057FE38B379
:103804004521164809F083F9FFF7E4FF002200235D
:10381400114801A905F04AFE044670B1452110483B
:1038240009F075F90F4910484FF4E37209F0E0F814
:103834004FF4E3710B4809F0D2F804230198406077
:103844000374FFF70FFFFFF705FF204602B010BD1A
:1038540001984060FAE700BFD001002062F2000046
:1038640085F200002EF200005DE30000022802460B
:1038740010B511D80C4B1C5CFFF7BAFF90B10022B5
:1038840004720274FFF7EEFE084B93F824304BB138
:10389400BDE81040FFF7DEBE4521BDE810400448F6
:1038A40009F035B910BD00BFDFF40000C0140020DA
:1038B400A6F200002DE9F041877806463846FFF766
:1038C40099FE3B060546F4781BD54CB1032C4BD02E
:1038D4003B462246BDE8F0414521244809F017B98A
:1038E400FFF786FF034600283ED00122AC7702741E
:1038F400032202739D60FFF7B5FEBDE8F041FFF7B8
:10390400A9BE4CB1012CE3D1FFF772FF034658B3B3
:103914006C7704740473EDE7FFF76AFF20B3B278A1
:10392400134B12F0800F02F0080111D041B1D3F80B
:10393400A836EB6001230374022385600373DAE77E
:10394400142102F00F0201FB0233D3F80836F0E72A
:1039540011B1D3F8A837ECE7142102F00F0201FBF0
:103964000233D3F80837E4E7BDE8F081C6F200007B
:1039740000600350F0B5064689B01422002103A864
:1039840009F08DFE3378013B052B21D8DFE803F0E5
:10399400950314148516032300248DF81430FFF7BF
:1039A40027FF0346A0B100F108020474DDE9050114
:1039B40082E80300184627E00423EDE7B778384689
:1039C400FFF718FE837A054623B1013B022B5ED92B
:1039D40009B0F0BD3B06F4781DD554B1032CF7D0E3
:1039E4003B4622464521364809B0BDE8F04009F07F
:1039F4008EB8FFF7FDFE03460028E9D00122AC771C
:103A04000274032202739D60FFF72CFE09B0BDE827
:103A1400F040FFF71FBE54B1012CE1D1FFF7E8FEDF
:103A240003460028D4D06C7704740473EBE7FFF7E3
:103A3400DFFE04460028CBD00123037402238560F3
:103A44000373B07805F10C0109F09CF9024670B1DA
:103A540045211C4809F05BF81B491C4840F29D3283
:103A640008F0C6FF40F29D31174808F0B8FF184926
:103A7400E868B1F88C32834206D91B1AA1F88C325B
:103A840001F048FA2046BFE7A1F88C22FAE7304655
:103A940009B0BDE8F040FFF70DBF01A801F018FA26
:103AA4009DF80530052B04D19DF8043013F0600F08
:103AB4008ED0084B0124059371E702246FE700BF01
:103AC400C6F20000F7F200002EF200005DE30000F1
:103AD400C01400202C1600202DE9F04380469C4D94
:103AE400DFF8709285B0FFF7E3FD074610B905B023
:103AF400BDE8F08395F825303A7C3BB9002A00F004
:103B0400AF807968934805F043FDECE7042A00F29E
:103B1400C581DFE812F0A500050063017901990170
:103B240018F8043C2BB9BB6845215A7A8A4808F036
:103B3400EEFFBC6854B989494FF44B72884808F0C9
:103B440057FF4FF44B71854808F049FF3B7B032B2B
:103B540042D8DFE803F002486D72A27A42B17F498D
:103B64004FF439727E4808F043FF4FF43971EAE7A5
:103B740066697C4B32607260D3F880143170D3F87C
:103B840084147170D3F88814D3F88C0441EA0021AA
:103B94007180D3F89014D3F8940441EA0021B180E1
:103BA400D3F89814D3F89C3441EA0323F380082310
:103BB400E360306871686C4B03C311462368607A14
:103BC400984796F90030002B09DBF3889AB232B19A
:103BD400A5F88C3201F09EF94846796893E70023F2
:103BE400A5F88C32F8E7637F002BF5D0237F002BF8
:103BF400F2D000264FF0FF324FF0FF335B48667778
:103C0400267709F093F8636901A901936368CDE904
:103C14000236607A00F0C6FD554B0246984203D046
:103C24004521544808F073FF504809F081F8D3E760
:103C340001212368607A9847CEE7A37A6BB9E37FC2
:103C44005BB94A484FF0FF324FF0FF3309F06EF88A
:103C540001F066F9454809F06BF802212368E9E7A9
:103C64003A7A042AB8D8DFE802F0890329A2AE0020
:103C740000F09AFC04460028AED100F013FC0123A6
:103C84003D49D1E8EF2F002A03D1C1E8E03F0028E5
:103C9400F7D1A1D141F8084C41F8104CE869143926
:103CA4006B61FDF71DF8002896DA2C4940F2AA2230
:103CB4002B4808F09DFE40F2AA2144E7002464F05A
:103CC4007F00C0B2FFF796FC40B9244940F231228C
:103CD400234808F08DFE40F2312134E7037A13B112
:103CE400407A01F0D3FA0134082CE8D195F8543124
:103CF4001BB195F8550101F0C9FA0024E0B2FFF7B1
:103D040079FC40B9154940F24322154808F070FE89
:103D140040F2432117E7037A13B1407A01F0B6FA6F
:103D24000134082CEAD195F874321BB195F8750268
:103D340001F0ACFA002000F007FC012385F82530DF
:103D44002B68002B3FF448AF00210220984743E73B
:103D5400C0140020D00100201CF300002EF200004B
:103D64005DE3000000600350C4140020F814002038
:103D74000000AD0B47F30000E0140020002485F898
:103D8400254001F0CBF9FFF773FCA04208DA46495D
:103D940040F2C222454808F02BFE40F2C221D2E68E
:103DA4002B68002B3FF418AF21460420CEE7002BEC
:103DB4003FF412AF00F002FC2B68002B3FF40CAF71
:103DC40000210520C2E72A68002A3FF405AF002B32
:103DD4003FF402AF002106209047FDE608F11004ED
:103DE4004FF0FF334FF0FF32204608F09FFFFFF7FC
:103DF400A3FC204608F09CFF58F8283C002B3FF415
:103E0400EBAE00210120A1E795F874325BB10124E7
:103E140085F8894285F88842FFF7EAFC58B94521BC
:103E2400234808F074FE58F8283C002B3FF4D4AE25
:103E340000210A208AE71F4A047404738260FFF792
:103E440011FCFFF707FCEEE745211B4808F05FFE75
:103E540005F0BCF801F062F900F006FBFFF7BAFCCC
:103E6400FFF76AFC40B1104940F286420F4808F05F
:103E7400BFFD40F2864166E605F0A0F80F4800F069
:103E840019FC0F4B98423FF4A7AE074940F28D420C
:103E9400064808F0ADFD40F28D4154E6452109483D
:103EA40008F035FE98E600BF2EF200005DE3000046
:103EB40072F300002C1700208BF300007939000006
:103EC4000000AD0BA7F3000038B5154D95F824405C
:103ED40024BB05F1380009F093FA022001F0BCFB81
:103EE40022460121E8613620FEF7D8FC05F066F889
:103EF400FFF722FC044610B9012385F82430094B4E
:103F04001B680BB1FFF7A6FB074BD3F80034DB07A4
:103F140002D50020FFF7AAFC204638BD0024FBE7A9
:103F2400C0140020B00200200070035008B50E4BEE
:103F340093F824209AB193F8253083B10B4BD3F82E
:103F44007034DBB283420DD009490A4840F2595219
:103F540008F04EFD40F25951054808F040FD6FF05D
:103F6400120008BD0020FCE7C014002000600350CC
:103F74002EF200005DE3000008B50378027903F037
:103F84000F013AB991B145210C4808F0C0FD4FF03A
:103F9400FF3008BD082902D945210948F5E7012A5F
:103FA40004D11B0708D457210648EEE713F0080094
:103FB400EFD057210448E8E70020EAE7C4F3000003
:103FC400E8F300000CF4000027F4000038B5124BAD
:103FD400044693F82430E3B105782846FFF70AFB3A
:103FE40080B1457223798372638843602078618845
:103FF40010F0080F09D14B1E0B4206D0452107488B
:1040040008F085FD6FF0150038BD00F00DFB0020B1
:10401400FAE76FF01200F7E7C014002049F400003B
:1040240038B5154B054693F824200AB393F8253088
:10403400F3B1FFF7DFFA044610B96FF0150038BD8D
:10404400837A012B0FD007D9023B012B07D900201B
:104054006369E060A361F2E700F068FFF7E72846D0
:1040640000F0E6FEF3E74521044808F050FDE4E7DC
:104074006FF01200E3E700BFC014002076F40000E4
:1040840038B50E4B054693F8242082B193F82530B9
:104094006BB1FFF7AFFA68B115F008040AD12846EE
:1040A40000F0FAFE284601F029F9204638BD6FF0E9
:1040B4001200FBE76FF01500F8E700BFC014002002
:1040C40038B50C4B054693F824200C4662B193F89E
:1040D40025304BB1FFF78EFA48B144B1284600F0C1
:1040E400C1FE2070002038BD6FF01200FBE76FF0B6
:1040F4001500F8E7C014002070B5134E044696F876
:104104002430C3B1FFF776FA0546B8B1230705D4C6
:10411400204600F0C1FE204601F0F0F82B7A83B966
:1041240001232B7296F825300BB9002070BD204670
:1041340001F0ACF8F9E76FF01200F7E76FF0150043
:10414400F4E76FF07700F1E7C01400202DE9F043A5
:10415400DFF8F0801E4698F8243007468946154655
:1041640085B0002B6BD098F82530002B67D0030660
:104174000AD5FFF73FFA044630B1037A53B93A46F9
:104184004521314808F0C3FC6FF01504204605B002
:10419400BDE8F0834FF0FF334FF0FF3208F13800F1
:1041A40008F0C4FDA37F33B108F1380008F0C0FD66
:1041B4006FF00A04EAE7A37AFDB173B301234FF069
:1041C4000008A377384601A9CDE90195CDF80C8004
:1041D40000F0E8FA1D4B024698422CD084F81E8069
:1041E4000EB1C6F800804521194808F090FC6FF024
:1041F4000404184808F09CFDC8E7E27F02B1E577A3
:10420400002BDBD100F098FEB842D7D000F088FE36
:10421400104808F08DFD0024B8E7B8F80A30AB4226
:10422400F0D96268B5FBF2F302FB1353002BE9D11A
:104234000123E377E6E706B135600024D9E76FF0A0
:104244001204A3E7C01400209DF400000000AD0B8D
:10425400C1F40000F81400202DE9F0411D46264B5E
:10426400174693F8242080460E46002A40D093F83F
:104274002530002B3CD010F0800F01D121B91FB1A3
:104284006FF01500BDE8F0814046FFF7B3F904462E
:104294000028F5D0037A2BB942464521174808F087
:1042A40036FCEDE74FF0FF334FF0FF32144808F0CF
:1042B4003DFDE368B8469F4228BF98463EB937B9EA
:1042C40005B12B600E4808F033FD0020DAE74246C2
:1042D4003046A16909F0BCF9A3694344A361E368CA
:1042E400A3EB0803E360002DECD0C5F80080E9E7F8
:1042F4006FF01200C6E700BFC01400209DF4000058
:10430400F814002070B5214D064695F82430002B92
:1043140038D095F82530ABB303060AD4FFF76AF911
:10432400044630B1037A3BB932464521184808F0B7
:10433400EEFB6FF0150070BD4FF0FF334FF0FF320E
:1043440005F1380008F0F2FCE368B3B901266369AB
:104354002677A361637F83B1FFF74AFA30B905F189
:10436400380008F0E5FC6FF00B00E4E706748460A5
:104374000673FFF777F9FFF76DF9064808F0D8FCE4
:104384000020D8E76FF01200D5E700BFC01400206A
:104394009DF40000F814002010B5084B0C4693F867
:1043A40024302BB1FFF726F928B10460002010BD9A
:1043B4006FF01200FBE76FF01500F8E7C01400205F
:1043C400014B1860704700BFC014002008B5074BAC
:1043D40093F8243023B1FFF70DF920B1406808BDEC
:1043E4006FF01200FBE76FF01500F8E7C01400202F
:1043F40000F00F02082A08B50AD90B490B484FF4FC
:10440400D77208F0F5FA4FF4D771074808F0E7FAC5
:10441400074B10F0800F03F1D80118BF0B4618208A
:1044240000FB023008BD00BFECF400005DE30000B7
:10443400901D002008B500F00F03082B0AD9084985
:10444400084840F2C11208F0D3FA40F2C1110448FE
:1044540008F0C5FAC043C0F3C01003EB001008BD58
:10446400ECF400005DE3000008B50A4B1A78012A59
:104474000AD00949094840F2744208F0B9FA40F2F6
:104484007441054808F0ABFA002205491A700A6025
:1044940008BD00BFE4230020ECF400005DE300004D
:1044A400481F002008B51F4A117801290AD01E4967
:1044B40040F27C421D4808F09BFA40F27C411A48C5
:1044C40008F08DFA4FF40060194BC3F80004C3F8E8
:1044D4000015D3F800140905FBD54FF40061C3F8A7
:1044E40000148021C3F81C150121C3F8301540F2D3
:1044F400FF11104B196000230F490B600F490B701B
:104504000F498968012908D007494FF49562074883
:1045140008F06EFA4FF49561D1E70A490B70022353
:10452400137008BDE4230020ECF400005DE30000F8
:1045340000600350441F0020401F0020E02300209F
:10454400A0020020E223002010B5104B1B78022BA0
:104554000AD00F490F4840F2DC4208F049FA40F211
:10456400DC410B4808F03BFA00220B4B0B4C1A7051
:104574000B4A0C4B002808BF13463620C4F80033FE
:10458400FEF75CF90123C4F8043510BDE4230020D0
:10459400ECF400005DE30000E3230020006003501E
:1045A400FDFFDF01FDFFFF01034B1878012894BFD5
:1045B40000200120704700BFE423002010B54FF015
:1045C400FF324FF0FF33154805F016FDEFF311816C
:1045D400202383F31288BFF36F8F114B1B7803F0F2
:1045E400FF0483B10F4BD3F8002412F400720AD1F4
:1045F4000120C3F82C05D3F82C05D3F8000480055A
:1046040002D5C3F82C25002481F31188BFF36F8FE2
:10461400024805F08FFC204610BD00BFA002002018
:10462400E3230020006003504B1E0B4210B500F042
:1046340008030C460CD001071ED11B4940F26952F5
:104644001A4808F0D5F940F26951174808F0C7F93B
:1046540091B9020708D1144940F26B52134808F08B
:10466400C7F940F26B51F0E713B1114BD3F81C3585
:10467400FFF7BEFE848210BDA3B10D4B40F2FF32A2
:10468400D3F81C1540F2FF13802918BF13469C422F
:10469400EED9054940F26D52044808F0A9F940F2F8
:1046A4006D51D2E7402CF3E7ECF400005DE3000029
:1046B40000600350F8B550B92149224840F24D42F8
:1046C40008F096F940F24D411D4808F088F91E4B58
:1046D4001C7894BB1D4A40F2FF1710600122264645
:1046E4001A7064F07F0514F0080FEDB214BF394658
:1046F40040212846FFF798FF2846FFF779FE01344A
:10470400092C867506730661EBD1002440F2FF176D
:10471400254614F0080FE6B214BF3946402130464E
:10472400FFF782FF3046FFF763FE0134092C8575DD
:1047340005730561EDD10648F8BD0648FCE700BFE6
:10474400ECF400005DE30000E4230020481F002097
:104754000000AD0B0500AD0B08B543B200F00F002F
:1047640008280AD90C490D4840F2815208F040F952
:1047740040F28151084808F032F9002B084BB4BFCD
:10478400D3F81025D3F8142501238340134214BF12
:104794000120002008BD00BFECF400005DE3000030
:1047A400006003502DE9F84381460C46FFF742FEB2
:1047B400EFF31188202383F31288BFF36F8F54B96A
:1047C400274940F2BC52274808F012F940F2BC5184
:1047D400234808F004F919F00F0F03D1224B1B787A
:1047E4004B4538D1214B01261B68214FDB433D68E3
:1047F4009BB286402B4333422FD14846FFF7F8FD46
:1048040019F0800F03460FD122686AB102F06042AA
:10481400B2F1005F08D012494FF4BA62114808F0AF
:10482400E7F84FF4BA61D3E701221A7394E807005A
:1048340083E8070000221A619A754FF480020D4B39
:1048440035430D483D60C3F8042188F31188BFF354
:104854006F8FBDE8F8830948F7E70948F5E700BF1B
:10486400ECF400005DE30000E2230020441F00207C
:10487400401F002000E100E00000AD0B0A00AD0B7A
:104884000B00AD0B10F0080F074B06D0D3F8C00493
:1048940010F4803F18BF0020704700F00F0000F5AF
:1048A400947053F820007047006003502DE9F04FD6
:1048B400A04BA14ED3F8542185B0DAB10022C3F83D
:1048C4005421D3F80413890214D58DF80C20D3F89D
:1048D400202503A8ADF80E20D3F8C034002B14BF54
:1048E4004FF001224FF48072336813433360934BCB
:1048F4001B6898478F4BD3F8604134B10022C3F84A
:104904006021D3F86C44C3F86C44D3F828214AB12D
:104914000022C3F828218A4B1878FFF78BFD012366
:1049240083401C43874F97F8008097F9009008F064
:104934000F03082B0AD984494FF49172834808F075
:1049440057F84FF49171804808F049F818F00801BD
:104954007F4D40D1B9F1000F2DDA7E4A52F8230081
:1049640010B342F823101422534303F1A04303F578
:104974005833D3F80836784A03F0010311784B40D2
:104984001370764805F0D6FA4046FFF731FD837D73
:10499400032B38D14046FFF74DFD012303FA00F005
:1049A4002B6823EA00032B604FF001084FF006093F
:1049B400DFF888A15DE06A4A52F823000028F3D0AA
:1049C40042F823101422534303F1A04303F5583350
:1049D400D3F80837CFE7B9F1000F564B09DBD3F80A
:1049E4005021002AE0D00022C3F85021D3F8A83780
:1049F400C1E7D3F82C21002AD6D00022C3F82C21F9
:104A0400D3F8A836B7E7037BE3B94046FFF712FDB6
:104A1400012303FA00F02B68B9F1000F23EA000325
:104A24002B6002DAB8F1880FBED106238DF80C3062
:104A340000238DF80F30414B8DF80E801B6803A8BE
:104A44009847B1E7B8F1000FAED10122394BDA64CF
:104A5400AAE794FAA4F0B0FA80F0326808FA00F3F6
:104A64001A430F28326024EA03042A6849DD1342FA
:104A740056D0002CEDD12F4BD3F800215AB1C3F8F6
:104A84000041384B03A81C702D4B1C700123039369
:104A94002A4B1B689847274BD3F85821002A6ED01D
:104AA4000022C3F85821D3F80044C3F80044E305B6
:104AB40008D501222B4B03A81A70022303931F4B22
:104AC4001B689847A00508D50022264B03A81A7036
:104AD40003230393194B1B68984761054FD5214A5B
:104AE4001378002B4BD0134BD3F82C1500293BD053
:104AF400154940F2F522154807F07AFF40F2F521F6
:104B040021E71340B5D160F07F018DF80C908DF84A
:104B14000E108DF80F30DAF8003003A89847A8E794
:104B2400A0F110018DF80C908DF80E108DF80F8007
:104B3400F1E700BF00600350441F0020481F00201D
:104B4400E2230020E1230020ECF400005DE30000F8
:104B5400401F002008610350E0230020A002002031
:104B640030610350E323002011700122C3F80825AB
:104B74009A6504230393A74B03A81B689847A64B85
:104B8400D3F85C31FBB1A54B9B6813B93B785A064B
:104B940019D00022A04B03A8C3F85C21D3F88034B9
:104BA4009F4A23F07F0313702B6823F001132B60BB
:104BB400336823F4803343F0010333600523039304
:104BC400944B1B6898472A6833681A4200F0108196
:104BD40000220023914805F00FFA002840F00881D4
:104BE4008D4BD3F82C35002B00F091808B4805B009
:104BF400BDE8F04F05F09EB949F0800A5046FFF732
:104C0400F7FB027B0446FAB14268B0F814800168ED
:104C1400904528BF904601F06042B2F1005F1CD17C
:104C24002068626840442060A068A2EB0802C307C1
:104C34004FFA8AF5626040F1A780B8F1000F40F0A6
:104C4400A68000222273A2E0764940F257327648C9
:104C540007F0CEFE40F2573175E6B8F1400F08D99F
:104C640070494FF4C172704807F0C2FE4FF4C1712D
:104C740069E642466D4808F0EBFC6C49D0E72268CF
:104C84006AB102F06042B2F1005F08D065494FF4A6
:104C9400B272654807F0ACFE4FF4B27153E6626835
:104CA400236890429DBF03EB0008121AC4F80080E9
:104CB4004FF000089CBF80466260704519460FD1D2
:104CC400003A18BF01226BB9B8F1000F5AD0554908
:104CD4004FF45A72544807F08BFE4FF45A7132E67F
:104CE4000022F0E7404543D9012202FA09F22BEAF7
:104CF400020202212A600622464BA1751B688DF828
:104D04000C208DF80EA08DF80F1003A89847336877
:104D1400D5F800B001931BEA03093FF467AF19F01B
:104D2400012314BF93FAA3F999FAA9F9B9FA89F9F5
:104D3400B9F10F0F7FF660AFA9F110035FFA83FAA0
:104D44005046FFF755FB027B0446002A3FF47CAF34
:104D54005046FFF797FDB4F814E070458FD93149F8
:104D640040F26312304807F043FE40F26311EAE573
:104D740008D02C4940F279322B4807F039FE40F232
:104D84007931E0E54FFA8AF5002A3FF45AAF012061
:104D9400019B00FA09F923EA09023260226987F8C3
:104DA40000A0424422610AF00F04082C08D91D49CE
:104DB4004FF4A4721C4807F01BFE4FF4A471C2E523
:104DC4001AF0080F144B16D1142202FB0432002DE2
:104DD400B5BF03EB84030A34C2F80016C2F8001707
:104DE400B5BFC2F80486C2F80487586043F82400AB
:104DF40005B0BDE8F08F002DB5BFC3F8A016C3F809
:104E0400A017C3F8A486C3F8A487B4BF58629864F3
:104E1400EEE700BF481F002000600350A0020020FE
:104E2400E2230020ECF400005DE30000501D0020AC
:104E340008B503070AD50849084840F2076207F095
:104E4400D7FD40F20761044807F0C9FD044B40F464
:104E54008070C3F8180508BDECF400005DE30000A1
:104E640000600350030713D400F00F0310F0800F09
:104E7400084A0BBF03F5887303F5847302EB8302BE
:104E840052F8230008BF5068003818BF012070474B
:104E9400002070470060035008B503070AD509498C
:104EA400094840F2296207F0A3FD40F22961054850
:104EB40007F095FD054BC3F80C0540F48070C3F86A
:104EC4000C0508BDECF400005DE300000060035035
:104ED4000023036043600E4BD3F880240270D3F8A0
:104EE40084244270D3F88824D3F88C1442EA012233
:104EF4004280D3F89024D3F8941442EA01228280A9
:104F0400D3F89824D3F89C3442EA0323C38070472F
:104F1400006003500122014BDA64704700600350C3
:104F24000122014B1A657047006003500122014BB6
:104F34005A65704700600350014B1878704700BFF2
:104F4400E223002038B50446EFF31185202383F3D0
:104F54001288BFF36F8F03060AD51249124840F234
:104F6400536207F045FD40F253610E4807F037FDE8
:104F7400FFF760FA01230D4A03FA00F0136823EAED
:104F84000003136014F0080201BF04F00F04084B7F
:104F940004F5947443F8242085F31188BFF36F8FCC
:104FA40038BD00BFECF400005DE30000441F0020A6
:104FB400006003502DE9F04F044685B0EFF31187EC
:104FC400202383F31288BFF36F8FFFF711FA14F0D5
:104FD400800F0546404E2BD12046FFF72BFA4FF0A9
:104FE4000109D6F8008009FA00F030EA08000BD075
:104FF4002046FFF7A7FF0323AB7587F31188BFF3A0
:105004006F8F05B0BDE8F08F28732046FFF712FAC2
:1050140009FA00F028EA000030602046FFF70AFA97
:105024002E4A09FA00F9136823EA09031360E2E738
:10503400230715D4802C2A4B41D004F00F0202F22E
:10504400DA325200C3F80028D3F80428D3F804183D
:10505400D2B242F002020A43C3F80428D3F8043857
:10506400DFF87890D6F800B0D9F800A020466BEAB3
:105074000A0301934FF00108FFF7DCF9019B08FADA
:1050840000F00342B9D02BEA000030602046FFF75D
:10509400D1F900232B730323062208FA00F8AB7519
:1050A4008DF80F300F4B48EA0A00C9F800001B685E
:1050B4008DF80C208DF80E4003A898479DE740F228
:1050C400B472C3F80028D3F80428D3F80418D2B271
:1050D40042F00402BFE700BF401F0020441F00202D
:1050E40000600350481F002038B50446094D4FF0B6
:1050F400FF324FF0FF33284604F07EFF2046FFF7CF
:1051040059FF284604F016FF4FF48002024BC3F8FF
:10511400042138BDA002002000E100E02DE9F041A7
:10512400394D2B7853B9394940F2BA42384807F01F
:105134005FFC40F2BA41354807F051FC4FF0FF33B1
:105144004FF0FF32334804F057FF2B78022B08D07E
:105154002E4940F2FC422E4807F04AFC40F2FC4142
:10516400E9E74FF480022C4B3620C3F88421FDF785
:1051740087FBA0B14FF00108284F294B3C681B68FE
:10518400240C24041C4354BB40F2FF13254E3B6003
:105194003620C6F80445FDF75FFBC6F80043224AF3
:1051A40013788BB100211F4BC3F808110121C3F8F8
:1051B4000026C3F804165960D3F808110029FBD05F
:1051C4000021C3F8081111700022164BC3F8002502
:1051D400104804F0AFFE01232B70BDE8F08194FA6F
:1051E400A4F6B6FA86F630460F2EC6BFA6F1100016
:1051F400C0B240F08000030701D4FFF7DBFE08FAD9
:1052040006F624EA0604BEE7E4230020ECF40000DA
:105214005DE30000A002002000E100E0441F002044
:10522400401F002000600350E023002010B5044616
:105234004FF0FF324FF0FF33114804F0DDFE2046FB
:10524400FFF7B8FE012304F00F029340DB430D4A3D
:1052540014F0800F15BFD2F81015D2F814150B40B6
:105264000B4014BFC2F81035C2F81435044804F0DA
:1052740061FE4FF48002044BC3F8042110BD00BF4B
:10528400A00200200060035000E100E070B5044675
:10529400FFF762FA68B9012504F00F0214F0800FD9
:1052A400144B05FA02F205D0D3F810150A43C3F8DB
:1052B400102570BDD3F814150A43C3F81425631ED2
:1052C400062BF6D8EFF31186202383F31288BFF35D
:1052D4006F8F2046FFF736FE2046FFF7ABF8064AED
:1052E4008540136823EA0503136086F31188BFF32E
:1052F4006F8FDEE700600350401F0020020710B5E7
:1053040004460AD50B490C4840F20F6207F070FBC3
:1053140040F20F61074807F062FB030605D4FFF76C
:10532400A1FD10B12046FFF70DFE044BC3F818454C
:1053340010BD00BFECF400005DE30000006003500A
:1053440037B540230C460A490093411A49110546D2
:105354002346084A084807F02CFD011E05DA2846B2
:10536400234603B0BDE83040184703B030BD00BF4A
:10537400601F002023CE000044D80000C9B20329D6
:1053840008B508D9084909487F2207F031FB7F2175
:10539400054807F024FB0C22036901FB0233D3F810
:1053A400880000F0070008BD44F500005DE300003C
:1053B40070B5C9B2032903690AD91949194840F2D9
:1053C400D11207F015FB40F2D111154807F007FB85
:1053D400EFF31185202484F31288BFF36F8F0C261A
:1053E40006FB0134D4F8884014F0C00408D0A2426B
:1053F40006D085F31188BFF36F8F4FF0FF3070BD77
:10540400012271430B44C3F8882085F31188BFF34C
:105414006F8F43680B445B6898470020EFE700BF39
:1054240044F500005DE3000070B50D4606490446EE
:10543400411A491140220548FFF7BAFF2B4601469D
:105444002046BDE870401847601F002044D8000083
:105454002DE9F8430022012106460520FDF71EFA36
:10546400114802F0CBFB114B984219D102F0D6FB44
:1054740000244FF00C080127DFF8349035694946C1
:1054840005EB441007F01EFB002807DB08FB04555E
:105494000134042CC5F88870F0D10020BDE8F883ED
:1054A4006FF00400FAE700BF755500000000AD0B73
:1054B400C4DD00001FB500220123CDE902236B46A1
:1054C400084ACDF800D0CDF804D007F0A1FC00289C
:1054D40005DB4FF480420023684604F08DFD05B0DF
:1054E4005DF804FB53CE000010B5EFF311842023C4
:1054F40083F31288BFF36F8F074A136823F0020106
:10550400DB07116002D4012002F036FC84F3118819
:10551400BFF36F8F10BD00BF102000200C22124B70
:10552400014602FB0033002030B4D3E92052C3F813
:105534008000EFF31180202484F31288BFF36F8F6F
:10554400D3F8884004F0C00444F00204C3F888404F
:1055540080F31188BFF36F8F1DB12B4630BC034815
:10556400184730BC704700BF601F002044D80000BB
:1055740008B5092821D8DFE800F0051320202020F1
:105584002015110F124BD3F8880010F007001DD11D
:10559400BDE80840FFF7C2BF0220F9E70320F7E7A0
:1055A4000120F5E70B494FF43D720B4807F020FA50
:1055B4004FF43D71074807F012FA06494FF441725F
:1055C400054807F015FA4FF44171F3E708BD00BF31
:1055D400601F002044F500005DE3000010B4EFF309
:1055E4001182202383F31288BFF36F8F1848016858
:1055F40041F002040460C80707D482F31188BFF3A2
:105604006F8F012010BC02F035BB4FF05021D1F850
:105614000C04D1F80C14C907EFD5EFF3118083F310
:105624001288BFF36F8F0B49D1F8883003F0C003A1
:1056340043F00203C1F8883080F31188BFF36F8F01
:1056440082F31188BFF36F8F002010BCFFF766BF91
:1056540010200020601F0020024BC0B203EB40105A
:10566400704700BF601F00202DE9F041012206466B
:105674004249D1E8EF3FC1E8E02F0028F9D19BB9B6
:105684003F4940484B60CB608A60FBF729FB002808
:105694000ADA3D494FF429723C4807F0A9F94FF45E
:1056A4002971394807F09BF976B3731E012B5BD837
:1056B400012E07D14FF05023D3F81C3403F0030319
:1056C400022B21D007F0F7FE0546F8B9304B1B78C2
:1056D400E3B14FF0502302220746C3F808234FF0EA
:1056E4005024DFF8B080D4F81824D4F81834D20346
:1056F40015D503F00303022B01D0012E0FD16DB396
:1057040087F31188BFF36F8FBDE8F081EFF3118742
:10571400202383F31288BFF36F8F0125DFE7C5B120
:10572400384607F066FAD4F81835DBB2012BDAD123
:10573400D4F80421002AD6D00022C4F80421D4F8D5
:1057440004210222C4F818252022C8F88021A3606D
:10575400C9E70021212005F085FDE4E74FF050233F
:105764000222C3F80423CFE7074940F2B6220748D0
:1057740007F03EF940F2B62193E700BF5C1F00201A
:105784004C1F0020801F002044F500005DE3000052
:10579400A424002000E100E008B5074807F0C9FD93
:1057A40038B10648FDF772FB0448FBF787F8002080
:1057B40008BD6FF01200FBE7A4D80000C557000035
:1057C4000A2838B50446074D04D1AB680D21284694
:1057D4005B689847AB6803485B68E1B2984720462A
:1057E40038BD00BFA4D8000010B5036941B91C49F5
:1057F4003F221C4807F0FCF83F21194807F0EFF856
:10580400486830B916494022164807F0F1F840219B
:10581400F3E75868F8B1884219D19C680868A14236
:10582400586000D19860002008602AB15A680A6064
:105834009A68596002B99960002010E0814206D14B
:105844000868206098688142EDD19C60EBE70446CB
:1058540000680028F2D1002AE8D16FF0150010BDCD
:10586400BBF500005DE3000008B503680246590972
:1058740013D0012906D14FF6FF7103F01F03D9405D
:10588400C80711D40A490B4840F2CA3207F0B0F8ED
:1058940040F2CA31064807F0A2F84FF0FF31D94070
:1058A400C907EFD5044800E00448136008BD00BFF1
:1058B400E1EE00005DE300000025845000288450E0
:1058C400F0B5406801F01F04057B87B044EA451435
:1058D4000569002D76D0B2F5001F00F1100506D140
:1058E4002146284607F00CFD002007B0F0BD002734
:1058F400B2F5800F01AE0197776033D1B3F1007F29
:1059040014BF052304238DF804300023CDE9046378
:1059140003938368CB40D90739D4B2F1A07F36D141
:1059240068460094FFF7A0FF009B803350F82330B3
:10593400DB072CD46A462146284602F03FFD244B5F
:1059440098421AD0CDF808D02146284603AA02F07E
:10595400F5FB204B984238D101222146284602F01B
:10596400BBFDC1E7B3F1C06F05D0B3F1007F14BF35
:1059740001230223C7E70323C5E76946284602F04B
:10598400A3FD144B9842DDD06FF00B00ADE76A46DF
:105994002146284602F012FD0E4B06469842D3D10A
:1059A40028469DF8001002F087FDB042CCD00A4989
:1059B4000A4840F2E11207F01BF840F2E1110648F0
:1059C40007F00DF86FF085008FE76FF015008CE796
:1059D4000400AD0B0000AD0BF7F500005DE3000023
:1059E4002DE9F043466840F20635337BD00601F0DA
:1059F4001F0747EA431748BF032302EA050558BFB8
:105A0400C2F3401387B0B5F5837F14468DF8033095
:105A140043D00FD8062D18D007D8B5B1022D3ED0EB
:105A24006FF0150007B0BDE8F083B5F5807FF7D1BE
:105A340001250AE040F20222954232D0B5F5407FBA
:105A440031D0B5F5007FEBD1022522032DD50123FA
:105A540072688B409360336973BB03A80397FFF7A5
:105A640003FF039B00EB830084F48033C3F3004300
:105A7400C4F34044D0F8002244EA43049DF80330C0
:105A840022F4706244EA830422F00F0244EA0523FC
:105A94001343C0F800320020C4E70725D5E70425E6
:105AA400D3E70525D1E70325CFE7630341BF0123EE
:105AB40072688B40D360CEE71036394630460DF11C
:105AC400020202F07BFC14F4403F804616D13946B2
:105AD400304607F013FC244B9845DCD130469DF842
:105AE400021002F0E9FC4045D5D020492048DE22CE
:105AF40006F07EFFDE211D4806F071FF4FF000091D
:105B040001AB3946304603AACDE90439CDE9019900
:105B1400CDF80C9002F012FB134B984280D114F490
:105B2400003315D09DF8033084F48034C4F300446A
:105B34008DF80E3039464B46304603AA8DF80C508A
:105B44008DF80D4002F0B4FB074B9842C3D067E7D1
:105B5400CDE9043339460DF10303304603AA039318
:105B640002F0ECFAF0E700BF0000AD0BF7F500001F
:105B74005DE300004209034670B502D0012A1AD041
:105B840070BD124E326951680029F9D0012503F025
:105B94001F030C689D400029F2D08A682A400ED069
:105BA4004B6853B90A490B48642206F021FF64216B
:105BB400074806F014FF084EE4E7304698471CB146
:105BC400236821461C46E6E72346FAE784D800000A
:105BD400BBF500005DE3000064D8000038B54568FB
:105BE4002B69B3B11035284602F05CFC044680B939
:105BF4000146284602F00CFC084B98420BD1224681
:105C04002846074902F0D4FB224605210D20FCF763
:105C140045FE002038BD6FF00400FBE70000AD0B2B
:105C2400795B000008B500220023D0F8840003F05B
:105C34003DFC021E05DA0448452106F068FF0020F9
:105C440008BD0120FCE700BF3BF60000002330B58F
:105C540085B0CDE90133039390F8ED3004461BBBC6
:105C6400204601A9FFF7DEFF00283ED16FF00B05A7
:105C7400D4F8E40003F020F894F8F1305B0702D57F
:105C84002068FBF7B1F8029911B1E06903F080FCD8
:105C9400019919B1D4F8840003F07AFC042384F840
:105CA400EC30284605B030BD01A907F026F920B92B
:105CB4004521144806F02BFFD8E794F8ED30012B6A
:105CC400CED1029B0022C4F8E830D4F8E40001A944
:105CD40002F06AFE0C4B0246984210D045210B4854
:105CE40006F015FF6FF00405C2E794F8ED30002BC1
:105CF400E7D1D4F888309B08ADF80C30E1E70025F3
:105D0400CFE700BF66F600000000AD0B82F600008E
:105D140037B50446002201212820FCF7BFFD636843
:105D240000215D6B01AA284607F0C1F9002825DB94
:105D3400019B2A681979186801F0CCF900281DDB49
:105D4400042308220E490F4807F042FB04230822CB
:105D54000D490E4807F03CFB00202469FFF77CFC4A
:105D6400206050B90A490B4840F2923206F040FED6
:105D740040F29231064806F032FE002003B030BDF6
:105D84004C2000208C0000202C200020F400002057
:105D9400ACF600005DE30000F0B5056987B013467A
:105DA400CDE9011295F8F120D20706D445212C48FB
:105DB40006F0ADFE6FF0040034E095F8EC20511EBF
:105DC400012904D94521274806F0A1FEF2E72A6AF1
:105DD4009A4201D3032B02D845212348F4E76C6A85
:105DE40005F15006631C1FD04FF4004740F2E73022
:105DF400002124EAE4744FF47A720023C4FB0701FF
:105E0400FAF7A6F902460B46304601A903F090FCC6
:105E1400002807DB95F8EC30022B02D195F8F0301E
:105E240033B9002007B0F0BD4FF0FF321346EBE763
:105E34000026284603A9CDE90366059607F05DF818
:105E440020B94521094806F062FEEAE7284685F8AC
:105E5400F06003A907F064F80028E2D1AAE700BFC4
:105E6400AFF00000D6F60000F5F600002BF70000B6
:105E7400F0B5044688070F4685B04AD5614D95F8BC
:105E8400EC30D5F8E810032B04BF012385F8EC307F
:105E9400002933D06368994202D0E86903F078FBA3
:105EA4000023D5F8E400C5F8E83002F005FF95F8C2
:105EB400F130590702D52868FAF796FF21680029BE
:105EC4003CD16368002B7BD1FB0740F19880002311
:105ED4004C4CCDE90133039394F8ED304BB194F875
:105EE400EE30002B77D0D4F8E83002930123ADF8DC
:105EF4000C3001A9434807F013F880E0D5F8E4001A
:105F040002F0DAFE95F8F1305A0702D52868FAF75C
:105F14006BFF002CD2D13B4C94F8EC30032B06D011
:105F24004521394806F0F3FD042384F8EC30D4F815
:105F3400E40005B0BDE8F04002F09ABE314D95F89A
:105F4400EF6026B1D5F8840003F022FBB9E723897A
:105F540001919B0002930022002301A905F1B800DE
:105F640003F0E6FB002811DA4521284806F0CFFDAE
:105F7400042385F8EC302168D5F8840003F008FB8D
:105F84006368FBB91F4BD3F8E400D2E795F8ED3012
:105F94005BB16368002B97D01A4AD2F8E810994293
:105FA40012D1012382F8EF30ECE795F8EE60002E71
:105FB400EFD0012385F8EF306368002BECD1E1E7E3
:105FC4000026E9E70126E7E71946D06903F0E0FA7D
:105FD400002ED7D178E7204601A906F08EFF0028CD
:105FE40087D194F8EC30032B4FF0010305D1D4F89A
:105FF400E82084F8EE30029279E784F8F03005B0B6
:10600400F0BD00BF3C0000204FF7000076F7000011
:106014002DE9F04F056995B095F8ECC01446BCF134
:10602400010FD0F804B0019105D062464521A8487B
:1060340006F06DFD42E0D2F80490B9F1000F27D1CB
:10604400284606F0A7FF019B013B012B1CD895F8BD
:10605400F1303C2269F3000385F8F130494605F13B
:10606400140007F01CFB019B022B0BD195F8F130B7
:106074003C226FF34103002185F8F13005F17C00E7
:1060840007F00DFB00201BE0019B002BEED0F9E78D
:1060940093680BB1D76857B98E498F4840F2BB1249
:1060A40006F0A6FC40F2BB118A4806F098FC17F0F3
:1060B400030708D04521894806F029FD6FF0150033
:1060C40015B0BDE8F08F0AAE0BF10C0EBEE80F0060
:1060D4000FC6BEE80F000FC69EE80300237886E8CB
:1060E4000300182B9BF82C600CD007D8082B0CD07D
:1060F400102B1AD01A464521794899E7202BF9D15B
:10610400032200E00222029200E00297A27802F049
:106114000708B8F1030F0BD0B8F1040F13D0B8F18E
:10612400000F14D045216F4882E7CDF808C0EDE791
:1061340000214FF00108039112F03801049109D0B5
:106144004521694874E7012188460391F4E7CDF8B5
:106154000C80F1E76278022A009204D0012A04D06C
:106164004521624864E7049A0092E27802F006014D
:106174000629069117D1DBF80420D2F86025002AFD
:1061840017DA0023059395F8F12063F3820285F86A
:10619400F12094F90330E278002B01DB530666D535
:1061A4004521534844E702F0060121B145215148F5
:1061B4003EE7012206929BF838205B00022A4FF04A
:1061C400000A4D4A079308BF00224FF0FF3308929C
:1061D400CDF814A00993494B079A33F82A60079B1A
:1061E400B6FBF3F302FB13632BBB06FB09F1089A1E
:1061F400080502EB5102090BF9F7AAFFB0F5801F5D
:1062040019D84FF48013B3FBF0F3089AB2FBF3F3FD
:10621400B3FBF6F6099AB14594BFA6EB0906A9EBC0
:106224000606964207D25FFA8AF2049202031F46D8
:1062340005922EB109960AF1010ABAF1090FCAD1E1
:106244002E4B049A492103EB82029678049A2C4837
:1062540033F822303A46B7FBF3F306F058FC9BF8C8
:106264003830DDF818C0003B18BF01238BE7019BD1
:10627400013B012B46D9019B002B7FF403AF0FCCCC
:1062840005F17C070FC723688DF848603B60039BCA
:106294008DF83DC08DF83F30029B8DF83E808DF81F
:1062A4004030009B05F190048DF84130059B0AAE07
:1062B40011930FCE0FC40FCE0FC496E8030084E8E9
:1062C400030095F8F13043F0020385F8F130D9E684
:1062D4008FF70000ACF600005DE30000B2F70000A9
:1062E400E7F7000006F800002BF8000052F8000061
:1062F400D2F800007AF800000048E80194E10000B8
:10630400A2F80000A64605F11407BEE80F000FC767
:10631400DEF800308DF83DC03B60039B8DF83E8075
:106324008DF83F30029B8DF848608DF84030009B1B
:1063340005F128078DF84130059B0DF1280E1193C6
:10634400BEE80F000FC7BEE80F000FC79EE80300AA
:1063540087E8030095F8F13043F0010385F8F13044
:10636400019B022B8BD08DE6F7B5022907460D461B
:10637400164604690CD194F8F13003F00303032B9F
:106384001BD04521624806F0C2FB6FF0040068E0B0
:1063940001290BD194F8F13013F0010FF1D0042E40
:1063A40058D8DFE806F0193C3C6050000029E8D1D9
:1063B40094F8F13013F0020FF0E7282204F1900171
:1063C400A01807F074F920B9226AD4F888309A42E8
:1063D400E5D045214F48D6E794F8EC30012BD4D1D1
:1063E400002384F8ED50A4F8EE3084F8F0303D69D1
:1063F4007C6895F8ED302268012B0CBF05F128016B
:1064040005F19001D5F8E40002F0E4F9424B0246AC
:10641400984238D04521414806F079FBB5E794F815
:10642400EC30022BB1D194F8ED30AB4223D1022EE3
:106434004FF0030353D1B5FA85F56D0984F8EC30B8
:1064440084F8EE5050E094F8EC30042B9DD12946AA
:10645400204656E032464521314806F058FB6FF09D
:10646400150003B0F0BD94F8EC30022B3ED194F843
:10647400ED309D423CD0009332462B4645212948BD
:1064840006F045FBEBE7022385F8EC3094F838304E
:106494006268991E4B424B41C2F82C3595F8F13095
:1064A400580716D5204B0022AB60032328682A61C5
:1064B400EB60291DFAF714FC041E15DAD5F8E40084
:1064C40002F0FAFB012322464521184885F8EC30F6
:1064D400A2E72846FFF7BAFB00EAE070C1E784F8B8
:1064E400EC30012384F8EE300020BAE7012B06D00B
:1064F4000123D4F8E40084F8EF3002F0B9FB294614
:10650400386906F047FD012384F8EC30ECE700BF5E
:10651400AFF00000F3F800000000AD0B71F90000CB
:106524001FF9000038F900006FCF000097F9000050
:10653400F7B50369144693F8F1200D46920707D482
:1065440045211A4806F0E3FA6FF0040003B0F0BDE9
:1065540093F8EC2003F1B807042A25D0D3F88C6013
:10656400731C1DD04FF4004C40F2E730002126EAA2
:10657400E6764FF47A720023C6FB0C01F9F7E8FDC6
:1065840002460B466946384603F082F910F1230FA0
:10659400DAD00028DAD1009B2B60019B2360D5E779
:1065A4004FF0FF321346EDE70022FBE7AFF00000A7
:1065B400014806F078BD00BF44D9000003460A46EE
:1065C4002DE9F0411979DB880068134303F03002A8
:1065D400302A0669D0E901470AD12F4940F2E23254
:1065E4002E4806F005FA40F2E2312B4806F0F7F99E
:1065F4002B4A2C4D1A40AA4208D1274940F2E632D0
:10660400264806F0F5F940F2E631EEE703F006021B
:10661400042A08D1204940F2E932204806F0E8F97A
:1066240040F2E931E1E713F4402212D09D0308D48B
:1066340019494FF47B72194806F0DAF94FF47B716B
:10664400D3E7B2F5402F14D0174A9A4301D183F40B
:106654004023012524688D40254223F4801211D162
:106664000D494FF47F720D4806F0C2F94FF47F7163
:10667400BBE709494FF47C72084806F0B9F94FF4B6
:106684007C71B2E73468DB074CBF2C43AC43346005
:106694003B68BDE8F0411847CBF900005DE300001A
:1066A4000200030002000100010010002DE9F34183
:1066B4000369466893F81455002D38D0F46B01A98A
:1066C400206806F090FC2379019C3279DC404FF07D
:1066D400FF33934024EA0304E4B2204602B0BDE849
:1066E400F08101A906F07FFC10B9019B1F4203D081
:1066F40008FA05F32343DCB201353379AB42ECDD10
:10670400F36B53F8350003EBC502436817791B6834
:1067140008FA07F71F42E4D10749084840F23462F7
:1067240006F066F940F23461034806F058F92C4645
:106734004FF00108E1E700BFCBF900005DE3000082
:106744002DE9F0474568EC6C9CB119B34FF4004057
:106754000021EE682F4D0023E6FB00512E4A284607
:10676400F9F7F6FC02460B462046BDE8F04703F075
:10677400BFBF6B6C73B1002914BF4FF0B8664FF400
:1067840000164FF00108DFF8949006F400072B7907
:106794009C4201DBBDE8F087EB6B03EBC40253F8CA
:1067A400340011798368D0F804C0D3F818A00269C2
:1067B400BAF1000F28D0DCF800C008FA01F313EA9C
:1067C4000C0F0AD11649174840F2933206F010F91B
:1067D40040F29331124806F002F99FB11268134255
:1067E4000CBF32464FF0707202EA090302F0B07235
:1067F400D047034658B12246BDE8F04745210A4830
:1068040006F085B93246EFE76FF05703F3E701343A
:10681400BDE700BF3F420F0040420F0040000006AA
:10682400CBF900005DE30000FCF900002DE9F04124
:1068340046684C1C076996F805C01FD00124881CC3
:1068440006BF04FA0CF404F1FF348C4097F8155594
:10685400002D60D0336C18681979036904FA01F2C9
:106864001B685A400123846803FA0CF3A468013BB3
:1068740003FA01F12346BDE8F04118470024E5E797
:10688400D7F81035326C6340EB40D90730D596F811
:10689400543002EBC500002B32D052F83530017968
:1068A4005A6808FA01F1126808FA05FC1142D3F893
:1068B40010E00CEA040C0AD11849194840F28D6220
:1068C40006F096F840F28D61144806F088F8DEF878
:1068D4000020114205D0BCF1000F05D09A6812695E
:1068E40004E0BCF1000FF9D09A68D26818469047CA
:1068F40001357379AB42C3DCC7F81045BDE8F081BC
:1069040024FA05F3DB074CBF4FF4D0114FF4803168
:10691400FFF754FEECE74FF00108EAE7CBF900007B
:106924005DE300002DE9F84F064600254468076939
:106934006379AB4225DC00252379AB424CDCE06C67
:1069440010B1216D03F044FE2179E06B06F057FB92
:1069540087F8140594F854302BB16179206C06F053
:106964004EFB87F81505304600F060FB8146D0B930
:106974007268516CB9B9D26CAAB9304606F093FB6F
:1069840011E0D4F8408058F8350008EBC50906F04A
:10699400D0FC58B958F8353045211A68304806F00B
:1069A400B6F86FF012094846BDE8F88F94F85430F1
:1069B4006BB14FF4B0114846FFF700FE814648B171
:1069C4004B462A464521274806F0A1F8EBE74FF449
:1069D4008031F0E70135ABE7D4F83CA04FEAC50BB2
:1069E4005AF835000AEBC50806F0A3FC10B95AF8AA
:1069F4003530D1E74FF480314046FFF7DFFD814663
:106A04000028DDD1616C41B30C23012203FB051185
:106A1400A06C98F8043002FA03F350B912491348F1
:106A24004FF4DB6205F0E4FF4FF4DB610E4805F040
:106A3400D6FFC1E901035AF80B008368DB694BB147
:106A440001229847B0F1000907DA4521084806F009
:106A54005EF8A8E76FF05709F7E701356CE700BF68
:106A64002BFA000040FA0000CBF900005DE30000BF
:106A740065FA000037B5012442688C40126814425C
:106A84000AD10D490D4840F2346205F0B1FF40F2DD
:106A94003461094805F0A3FF0569836801A95B68AF
:106AA400984730B92A68019B5340234214BF012000
:106AB400002003B030BD00BFCBF900005DE300004F
:106AC4002DE9F74F4FF0000846680190F3680093F2
:106AD40003F118077368434505DC337D002B40F050
:106AE400D780002414E00C2505FB08F5D6F808B07F
:106AF4005BF805000BEB050406F01BFC60B95BF8C2
:106B0400053045211A686C4806F001F86FF012044C
:106B1400204603B0BDE8F08FB4F806C05BF805006A
:106B240021794CF480320CF03004302CD0F810E091
:106B3400D0E9013B0AD1614940F2E232604805F0F4
:106B440057FF40F2E2315D4805F049FF5D4CDFF844
:106B540078910CEA040444F480344C4508D1574934
:106B640040F2E632564805F043FF40F2E631EAE7E8
:106B74000CF00604042C08D1504940F2E932504884
:106B840005F036FF40F2E931DDE701241B688C4053
:106B94001C4208D149494FF47F72494805F028FF47
:106BA4004FF47F71CFE7DEF800301CF0010F14BF03
:106BB4002343A343CEF80030DBF800309847044663
:106BC40030B1424645210346404805F0A0FF9FE707
:106BD400019B384647F8183C316903F0F9FC337DD2
:106BE400002B51D14FF00109D6F808B0384A0BEB0D
:106BF400050A9AF80430A7F1140109FA03F347E9E6
:106C040004235BF805008368DB6963B14A4698474F
:106C1400041E0BDA45212F4805F079FF234642462E
:106C240045212D48D1E76FF05704F3E79AF8041093
:106C34005BF80500FFF71EFF07F8080C5BF805007A
:106C44009AF80410D0E901539C69D4B12B6809FA6D
:106C540001F21A4208D1194940F29332184805F05A
:106C6400C7FE40F293316EE74FF0C0634FF0A0725D
:106C7400A047041E08DA22464521184805F047FFBC
:106C8400CCE76FF05704F6E708F10108503721E725
:106C94004FF4004440F2E730002135684FF47A7233
:106CA4000023E5FB0401F9F753FA024600980B466A
:106CB400183003F01DFD14E72BFA0000CBF9000097
:106CC4005DE30000020003000200010040FA00003E
:106CD40037D0000065FA0000FCF90000A3FA0000B8
:106CE4000346F0B553F8186D0546726885B0D1684F
:106CF40092685C1A154B24115C430C236343D71828
:106D0400D0583979FFF7B6FE031E07DA224645212B
:106D14000F4805B0BDE8F04005F0F9BE15F9082CA0
:106D24009A4210D04FF0FF304FF0FF3105F8083C85
:106D34003A89CDE902010121003B18BF0123304605
:106D44000091FCF7C3FB05B0F0BD00BFCDCCCCCCAB
:106D5400CBFA00002DE9F04F044643688FB0D3F816
:106D640000A003690A936FF00101204606F07BF945
:106D74002046DAF80830012198472046DAF8043032
:106D8400984710B1204606F08EF90A994FF0FF3269
:106D94004FF0FF3301F17C0003F02EF9DAF80830EC
:106DA400002120469847D4F804B00CA8594606F0B0
:106DB4005EF9DDE90C23CDE9082306F0E5F90026A8
:106DC40067680B903D6804967B799E425CDB4FF0CC
:106DD400FF31204606F047F997F820302BB163685D
:106DE4005D6B58790023834268DB656827696B6BA8
:106DF400059306F0C9F997F87830069047F8230010
:106E0400059B03F1FF3C00236A79934264DB00266F
:106E14006B799E42C0F284801E2297F87830013349
:106E2400B3FBF2F102FB113387F87830049B002B9B
:106E340000F0E48061680CA806F019F9DDE90C2380
:106E4400CDE9082306F0A0F90B9B6268C01A002361
:106E54005579D9B28D4200F2DC800022DBE90213BD
:106E6400002A18BF0B46704AA0FB0202C00B40EA7E
:106E74004240181AB0F57A7F40F2D380984228BF76
:106E8400184604F02BFA98E77B6A0BB19B5D9BB123
:106E94002046314606F0E7F8F86906F046FA6B68D2
:106EA400204698477B6A0BB19B5D18407B6B9855D5
:106EB400049B1843C3B20493013685E7EE5C0133A7
:106EC400002E90D01A4682428DDAA95C31404F1EC2
:106ED4000F42ABD10132F6E7296B1CF8012FC95CD4
:106EE4008A420CD000264A4029798E4209DBE96A9D
:106EF400C85C0243CA549CF800102A6BD154013375
:106F040082E722FA06F0C00708D503FB016197F86F
:106F140078E0A86B01F0FF0100F801E00136E3E737
:106F2400EB6A9B5D0793002B65D1013670E7012264
:106F3400059802FA08F110F806900798CAB20142BF
:106F440053D006FB0383A86B03F0FF03C35C0698CE
:106F540057F8233012EA0909A0EB03033248A3FBD4
:106F640000304FEAD33343EA404C6B69A86918BF39
:106F74001846844539D3E86A835D23EA01038355BF
:106F8400AB6A995D02EA010081452ED04A409A55C8
:106F94004FF0FF324FF0FF33CDE902230022334696
:106FA400032100922046FCF791FA4FF0FF324FF094
:106FB400FF33CDE9022300224346032100922046F9
:106FC4000122FCF783FA4FF0FF324FF0FF33CDE993
:106FD40002230122B9F10003009218BF01234FF4E8
:106FE400A57201212046FCF771FA08F101082B79FA
:106FF40098459CDB99E74FF00008F8E7DDE90823A2
:107004000CA806F0F3FADDE90C2313437FF41AAF5E
:10701400A9E6D16AC95C013300293FF41AAF012201
:107024001CE74FF47A702CE740420F00F0B5054698
:1070340089B006690122002106F17C0006F0FEF900
:1070440006F1900700240022002306F58871CDE99B
:10705400062338464FF48062CDE90344CDE9014468
:10706400054B009503F0A2FB2968384606F029FA7F
:10707400204609B0F0BD00BF596D000008B5036893
:107084000246590913D0012906D14FF6FF7103F0C6
:107094001F03D940C80711D40A490B4840F2CA3229
:1070A40005F0A6FC40F2CA31064805F098FC4FF002
:1070B400FF31D940C907EFD5044800E00448136004
:1070C40008BD00BFE1EE00005DE300000025845030
:1070D400002884502DE9F04F1546824640F2FF19EE
:1070E400DFF8B0B185B000EB8108D04503D10020B2
:1070F40005B0BDE8F08FDAF80030C3F3C3210829E6
:10710400C3F3080400F2C080634A1B0E4C4508BF59
:107114004FF0FF34575C222B00F2B980DFE803F014
:1071240012191F37222837B7B7B7B73A676A6D7095
:107134007376797CB7B77F94979AB7B7B79DA5A8AC
:10714400ABAEB100C5F80C45621C72D10AF1040A59
:10715400CBE7C5F81445601CF8D0002672E0C5F8EA
:107164000845F1E7631CC5F80845EFD0002604E0A4
:10717400C5F80C45661CE9D0012603A80394FFF763
:107184007DFF0121039B01FA03F3C3600BE0C5F803
:107194001045E0E7C5F80845002FDCD1611CD5D0C7
:1071A400002606273146DAF80030039403F4004041
:1071B400002818BF002103A818BF012601930091DD
:1071C400FFF75CFF039C019B00EB8400D0F80042B6
:1071D400C3F3412C00993B0243EA8C030B4304EABA
:1071E4000B04234343EA4603C0F80032AEE7C5F874
:1071F4000C45D1E7C5F86445BCE7C5F86445AAE782
:10720400C5F86845B6E7C5F86845A4E7C5F86C4510
:10721400A1E7C5F87045ADE7C5F86045AAE7C5F82C
:107224006045621CDAF8003090D0C3F30043002BB1
:10723400A2D0012603A80394FFF720FF039B06FABC
:1072440003F383603146AEE7C5F86445E9E7C5F862
:107254006845E6E7C5F86C45E3E7C5F82445631CD3
:107264003FF474AF012600219DE7C5F828456BE77C
:10727400C5F83045F3E7C5F83445F0E7C5F83845B7
:10728400EDE7C5F83C455FE76FF0150030E76FF0B8
:1072940085002DE7F0F0FCFF0FFB00002DE9F04125
:1072A40004460D46476806F006F94FF0200888B9F1
:1072B400264B1B7873B16426606805F025FFF0B98E
:1072C400012005F071FF013EF6D10021212003F0D9
:1072D400C9FFF0E7EFF31186314688F31288BFF354
:1072E4006F8F606805F010FFA8B986F31188BFF3AB
:1072F4006F8FEFE786F31188BFF36F8FE5E7EFF346
:107304001186314688F31288BFF36F8F606805F0E9
:10731400FBFE0028EED0FB6900201D706368FA694B
:107324001B68C3F844250122C3F84825C3F820018B
:10733400D3F82041C3F85801D3F858019A6081F377
:107344001188BFF36F8FBDE8F08100BFA424002033
:10735400F8B50546002201210820FBF79FFA082012
:10736400FBF76CFA6C680121E06805F0FEFE6B68BF
:1073740019682369C1F82435A27D637D207D1343F8
:10738400228B02431343C1F86C356E68D6E900437F
:1073940013F0010349D02F6907F1080000F09EFBA8
:1073A4002F4B984206D02F48452105F0B0FB6FF0D3
:1073B4000400F8BD387A04F10C0204F5907105F06C
:1073C400F5FE387A012707FA00F000F059FB08238C
:1073D400C4F80035F369C4F844350023C4F84835CB
:1073E400A760D4F85831002BFBD00026C4F8006500
:1073F4006B683146D86805F0B8FE6D683146E868B8
:107404002C6805F0B2FE0823C4F800352A7A52B974
:107414002B6AC4F834350123C4F83835C4F8102174
:10742400D4F8102123600020C3E70822C4F8002503
:10743400F269C4F84425C4F848350123A360D4F89C
:107444002031002BFBD00023C4F82031D4F82031A4
:107454000123E3604FF48073C4F80433C1E700BF31
:107464000000AD0B18FB000070B40E4922F07F46FB
:10747400D1E90034D01AC31844F10004C1E900343E
:10748400A6F50013B3F5400F09D2074B1B681A0A7F
:107494001B069C19054B42F10005C3E9004570BC6D
:1074A40004F02CBBF80A0020D4200020000B00209C
:1074B4000D4B1868010A0006BFF35F8F0B4BD3F81E
:1074C4000435181841F10001B3F5801F0AD2084BA6
:1074D400D3E90023904271EB030303D210F18070CF
:1074E40041F10001704700BFD4200020005001503A
:1074F400000B00202DE9F7432E4BD3F8042390070B
:107504000BD5D3F8042142B10022C3F804212A4A3E
:10751400D3F80431136801331360264AD2F80433D4
:10752400D90326D5254BD3E8EF1F21F00100C3E88A
:10753400E40F002CF7D1CB0702D4D2F84031C3B109
:1075440000251C4CC4F84051D4F84031FFF7B0FF7B
:10755400EFF31182202383F31288BFF36F8F184B4C
:10756400D3E90267B042B94106D282F31188BFF36E
:107574006F8F03B0BDE8F0834FF0FF38D3E90010FC
:107584004FF0FF391D60C3E902894FF48033C4F81A
:107594004833C4F84051D4F8403182F31188BFF322
:1075A4006F8F0029E5D0009032463B462846884735
:1075B400DFE700BF00500150D4200020CC20002081
:1075C400E80A00202DE9F84F04460D46434FD7E85A
:1075D400EF8F28F00103C7E8E23F002AF7D14FF408
:1075E40080393F4EC6F80893BFF35F8FBFF36F8FA8
:1075F400FFF75EFFA04271EB050308F0010840D2DB
:10760400384B201A65EB0101984271F1000148D210
:10761400354BD3E902239D4208BF94423AD04FF040
:10762400000C24F07F40834603216FF0020EC6F85D
:107634004893C6F840C1D6F84031DFF8B0A02BF02B
:107644007F43C6F84035C6F84493D6F80425AEEB1C
:1076540002035B4423F07F4353451BD9D6F84031E2
:107664005BB1D6F80425131A23F07F43B3F5000F5A
:1076740010D9C6F840C1D6F8403101EB020B0131F4
:10768400DDE71B4BD3E8EF1F41F00101C3E8E21F24
:10769400002AF7D1144B174AC3E902451A600022A5
:1076A4005A60B8F1000F16D0D7E8EF3F43F001035A
:1076B400C7E8E23F002AF7D14FF48032084BC3F801
:1076C40004230B4BD3E8AF3FDB0742BF4FF4001258
:1076D400094BC3F80021BDE8F88F00BFD02000207B
:1076E4000050015001008000E80A0020FDFF7F00E7
:1076F400CC2000206D74000000E100E070B54FF074
:10770400FF3000254FF0FF31164C174B0226C4F80A
:107714000833C4F84833154BC4F80855C3E90201CB
:107724004FF480334FF40012C4F80433104B01219A
:10773400C4F804631520C3F880212A46FBF7AEF889
:107744001520FBF77BF801230A4AA360002123607C
:1077540009481360FFF736FF3046FDF785FF2846DA
:1077640070BD00BF0050015003000F00E80A002064
:1077740000E100E0D0200020FFFF7F00431C10B593
:107784000F4C05D08442A8BF0446012CB8BF012485
:10779400FFF78EFE0B4AD2E90031C01AB0F5000F94
:1077A400074A0AD22044904228BF1046BDE8104040
:1077B400C01841F10001FFF705BF1046F6E700BF0E
:1077C400FFFF7F00F80A002008B5FFF771FE024BA7
:1077D4001B68C01A08BD00BFF80A0020012310B5B9
:1077E400074C15206360FBF737F84FF40012054B84
:1077F400C4F80833C4F84833034BC3F8802110BDE0
:107804000050015003000F0000E100E0034845214F
:1078140008B505F07CF90020FBF790FC56FB00004E
:107824004FF47F03D3F83021D3F83431072A05D13C
:10783400023B032B02D8024AD05C704700207047F9
:1078440080FB000008B5FFF7EBFF58B1644BD3F899
:10785400202A3AB90D21C3F8201A0121C3F81C19B2
:10786400C3F81C290022D30003F57F03D3F80013C7
:10787400013107D0D3F800130132D3F80433202A9E
:107884000B60F0D1FFF7CCFF002840F0A080FFF799
:10789400C7FF40B1534B544AC3F830254FF050232F
:1078A4000122C3F858254FF47F03D3F83021D3F8CD
:1078B4003431072A09D1023B032B06D84B4AD35C47
:1078C4001BB100224A4BC3F84C25FFF7A9FF50B166
:1078D4004FF05023D3F80024D10742BF0022C3F84D
:1078E4001421C3F818214FF47F03D3F83021D3F8BF
:1078F4003431072A09D14FF05023D3F80024D2079A
:1079040044BF6FF00102C3F80024FFF789FF18B1E8
:107914006522334BC3F80C274FF47F03D3F830218F
:10792400D3F83431072A16D1314BD3F82034002B45
:1079340011DA4FF050230322C3F8182501229A606C
:10794400D3F80421002AFBD00022C3F80421012229
:10795400DA60C3F818254FF47F03D3F83021D3F845
:107964003431072A23D1023B032B02D8214AD35CAA
:10797400EBB17E221A4B1B49C3F80C27C3F83C29F0
:107984007F231D4AC2F818310023C1F8043EC1F810
:10799400083E01F54821C1F81031C2F82431C2F87B
:1079A4002C3102F5FF1202F58052C2F8A032134ABC
:1079B400D2F88C3043F44063C2F88C30104A114B37
:1079C4001168C3F84415D269C3F84C2508BD2922AF
:1079D400034BC3F80C270322C3F83C2757E700BF27
:1079E40000400050009003504400EFBE7CFB0000B8
:1079F4000020035078FB00000020005000ED00E060
:107A04000080FF000060005030B50468ACB1B4FAE7
:107A140084F30122C3F11F03DBB29A4024EA020279
:107A2400D0E8EF5FA54204D1C0E8EC2FBCF1000F11
:107A3400F6D1EAD102480B7030BD0248FCE700BF22
:107A44000000AD0B0200AD0B10B50368CB40DB07A3
:107A540010D401238B40026843EA0201D0E8EF4FBF
:107A6400944204D1C0E8EC1FBCF1000FF6D1F2D16E
:107A7400014810BD0148FCE70000AD0B0400AD0B4C
:107A8400014BC3F8040570470070015008B541B9B3
:107A940006490748482204F0ABFF4821034804F094
:107AA4009EFF40F00040C1F8800008BDB7FB000015
:107AB4005DE3000008B541B9064907484E2204F0C9
:107AC40097FF4E21034804F08AFF40F00040C1F8BC
:107AD400800008BDB7FB00005DE3000001460148DB
:107AE40000F0B4B9340100200328F7B5064635D8B0
:107AF4004FF050213C4B3D4A33F81000925DC1F8E1
:107B040008030A4400250121394B116033F816306B
:107B14008E4203F150231D601B688DF8071001D1BC
:107B24000DF1070542F210744FF05027022E4AD08F
:107B3400032E1ED0012E2FD0D7F8183403F480332F
:107B4400002D49D0D7F8182402F003022A701BB183
:107B54009DF8070001282AD003B0F0BD2549264826
:107B64004FF4867204F044FF4FF48671214804F008
:107B740036FFD7F85434DB03EED5002DE8D10120CD
:107B840005F012FB013CF4D1E6E7002BE4D0012020
:107B940005F00AFB013CDFD0D7F80C3403F4803342
:107BA400002DF2D0D7F80C2402F00102CEE705F044
:107BB400FBFA013CBAD1CFE7002BCDD0012005F070
:107BC400F3FA013CC8D0D7F85C3403F48033002DB9
:107BD400F2D0D7F85C24E7E7002BBDD0012005F0F4
:107BE400E3FA013CA4D1B7E7C0E1000031FC000096
:107BF400B8E10000F4FB00005DE30000044B1A79D7
:107C040022B9012218601A7102487047024870476D
:107C1400D82000200000AD0B0C00AD0B08B5114BB3
:107C24001A7952B9104911484FF4B67204F0E0FEC3
:107C34004FF4B6710C4804F0D2FE1B6833B1052032
:107C4400FAF71EFE10B90520FAF7F8FD4FF050229E
:107C54000123C2F81835C2F81435C2F88035044A35
:107C6400137008BDD8200020F4FB00005DE3000081
:107C7400A224002038B53D4C237953B93C4940F245
:107C8400C1123C4804F0B4FE40F2C111384804F07B
:107C9400A6FE03284FD8DFE800F018575C0218222C
:107CA4004FF490734FF48071002003F15023186057
:107CB4001D68012502F1502215602268002A4ED069
:107CC4004FF05023C3F804132AE04FF05023D3F8A5
:107CD4001814D3F81824C90312D502F00303022B95
:107CE40005D0012B02D00020FFF7FEFE01234FF048
:107CF40050220221C2F8183508224FF48273D3E7C8
:107D0400D3F81424D207F1D5D3F81C2402F00302CB
:107D1400013A012AE7D822681AB10222C3F80423DF
:107D240038BDD3F80421002AFBD00022C3F8042173
:107D3400D3F80431F4E70E4940F21D220D4804F053
:107D440057FE40F21D21A1E700224FF48073012168
:107D5400AAE720224FF492734FF40071A4E71A6843
:107D6400002AFCD018601B68DAE700BFD820002086
:107D7400F4FB00005DE3000008B5094B1B7953B91F
:107D84000849094840F2372204F032FE40F2372114
:107D9400044804F024FEBDE80840FFF7A5BE00BF78
:107DA400D8200020F4FB00005DE30000F8B54FF09C
:107DB400502301250026D3F80443214F04B9F8BD0C
:107DC400B4FA84F0C0F11F00820002F5807292B20E
:107DD40002F1502205FA00F311689BB224EA03046D
:107DE4000029EBD0166012684FF05022022BC2F823
:107DF400083313D00CD8012B1ED0124912484FF46B
:107E04006F7204F0F5FD4FF46F710E4804F0E7FD56
:107E1400B3F5807F10D0B3F5007FEDE7D2F81814E6
:107E2400D2F8181401F00301012905D1C2F818355C
:107E3400C2F804339160C1E73B68C0B29847BDE71C
:107E4400D8200020F4FB00005DE300000079024B21
:107E540003EB0010FFF7D8BD3C010020034A43099F
:107E6400D35C00F01F001844C0B27047A8FC0000A7
:107E740008B502680146104605F0A3F950B90F4948
:107E840040F2CA320E4804F0B3FD40F2CA310B4846
:107E940004F0A5FD02F01F0352090B600AD0012A69
:107EA4000AD0064940F2D332054804F0A1FD40F25D
:107EB400D331ECE7034808BD0348FCE7E1EE0000DA
:107EC4005DE300000025845000288450072808B58D
:107ED4000AD90749074840F2D13204F089FD40F23B
:107EE400D131034804F07BFD800000F5807008BDAB
:107EF40035FC00005DE3000070B50546FFF7AEFFFA
:107F04000C4C083034F810300E46DA0508D5C3F3AB
:107F1400432304EBC302284654F83330526898478D
:107F2400A3682BB131462846E268BDE87040184783
:107F340070BD00BFE020002008B5FFF78FFF034BA2
:107F4400083033F81000400B08BD00BFE0200020CB
:107F540008B5FFF783FF034B083033F81000C0F374
:107F6400400008BDE020002008B5FFF777FF044B70
:107F7400083033F8100010F01C0018BF012008BDB1
:107F8400E020002008B5FFF769FF034B083033F801
:107F94001000C0F3401008BDE0200020034611F09B
:107FA400010010B5CCB20BD1A207C4F340000DD52B
:107FB400074A106A58601062003818BF012005E0B3
:107FC40004490A6A1A600A62002AEDD010BD00BF93
:107FD400002884500025845010B5FFF73FFF184A4D
:107FE400083032F81030D9051DD5C3F3432123F4EA
:107FF400F85322F81030002002F10E0434F8023F46
:1080040013F4807F03D0C3F3432399420BD0013090
:108014003028F3D100230B4842F83130FFF714FD28
:10802400094B984200D110BD0849094840F2EB12AF
:1080340004F0DEFC40F2EB11044804F0D0FC00BF75
:10804400E0200020582100200000AD0B6AFC000055
:108054005DE300002DE9F8430024074625464FF070
:108064000108A146CEB2B4420DD1124BD3F87C2103
:1080740032B10022C3F87C21D3F87C3145F00045AD
:108084002846BDE8F8832046FFF720FFA0F580725C
:10809400920808FA02F2174209D000F1A04303F54E
:1080A4005043196819B1C3F800901B681543013493
:1080B400E4B2D8E700D00050F7B506460846FFF70B
:1080C400CDFE1A4F00F1080537F815300C46DB07D2
:1080D4002AD5304605F0EEF82046FFF753FF58B195
:1080E4002046FFF729FF0022316800B201EB80032C
:1080F400C3F81025C3F810252046FFF76DFF0023B1
:1081040001A827F815300194FFF7B2FE019B00EB9C
:108114008300D0F80022064B134043F00203C0F85A
:108124000032044803B0F0BD0348FBE7E020002020
:10813400F0F0FCFF0000AD0B0400AD0B2DE9F043A3
:108144001646804685B00846FFF788FE37680D4618
:108154000446E7B1084605F0A2F808BB3B46CDE962
:1081640000008DF80E008DF80F000DF10F020DF1D7
:108174000E01284605F037F8494A04F1080132F89F
:10818400113023F0020343F0010322F81130736825
:108194007BB328461F785968FFF7DAFE10B1E9B1BE
:1081A400404829E03E4A04F1080032F8103023F038
:1081B4002003DB04DB0C22F8103079B1032FEFD855
:1081C4007168D1F804E0D8F800109EF800C001EB03
:1081D4008C01A7B9C1F81075C1F81075304A04F1C3
:1081E400080132F8113023F01C0343EA870322F814
:1081F4001130B3685BBB2C4805B0BDE8F083D1F8FF
:1082040010E543EA4C332EF0030EC1F810E5D8F81C
:10821400001043F0200301EB8C0EDEF8101522F859
:10822400103021F44F3121F44071CEF81015290299
:10823400DEF8108501F47C5141EA074141EA080166
:10824400CEF8101502EB4C01A1F87C50C6E7284685
:10825400D3E90067FFF7C0FE002ECCD0104DD5E95E
:108264000023964203D19F4201D1002209E00F4826
:108274000DF10F01FFF7C8FB0B4B9842BCD19DF8E1
:108284000F2005EBC20308345F6035F8143045F85D
:10829400326043EA422343F4807325F81430AAE79A
:1082A400E02000200400AD0B0000AD0B582100209D
:1082B4002DE9FF410C468046204611461D46FFF736
:1082C400CDFD064621B32046FFF742FE18B92046ED
:1082D400FFF758FE10BB2046FFF746FE10B14B785F
:1082E400012B1BD001238DF80F3000234A1CCDE94C
:1082F400001320468B1C0DF10F0104F074FF294A72
:1083040006F1080132F8113043F0030322F811306A
:10831400002D44D02046FFF71BFE18B9224804B0B4
:10832400BDE8F081002295F800C0D8F800301D4F58
:1083340003EB8C03C3F81025C3F8102506F10802DB
:1083440037F812104FEA8C0E21F02001C904C90C31
:1083540027F812106E7816B3D8F80000AD78704480
:10836400D0F81035360423F4991323F4F853C0F8E5
:108374001035230203F47C5306F440362D05D0F85F
:1083840010E5334305F480152B4341EA4C3143EAAD
:108394000E0341F02001C0F8103527F812100348ED
:1083A400BDE700BFE02000200400AD0B0000AD0BD2
:1083B400014BC3E902127047E020002010B51446B7
:1083C40052B90E490E4840F24D3204F011FB40F20E
:1083D4004D310A4804F003FB0846FFF7D3FD50B1C2
:1083E4000846FFF73BFD074B083033F810300648CA
:1083F4005B0B237010BD0548FCE700BF6AFC00005E
:108404005DE30000E02000200000AD0B0400AD0B94
:10841400F8B51E4B026805469A420AD01C491D480D
:108424004FF4587204F0E4FA4FF45871184804F009
:10843400D6FA194E96F88C402CBB2746602221466A
:1084440006F1100005F02BF92D68E0B2FFF73EFDB0
:10845400A0F580739B081F2B08BF2F5004F1010463
:1084640008BF2B58082CF0D1002345F30730C5F87A
:108474007C31D5F87C31FAF7E1F90123074886F815
:108484008C30B367F8BD0648FCE700BF00D000504D
:108494006AFC00005DE30000E02000200000AD0B5A
:1084A4000C00AD0B034B93F88C00003818BF01206F
:1084B400704700BFE02000200079024B03EB8000EE
:1084C400FFF7C2BA4C0100200079024B03EB800095
:1084D400FFF79ABA4C0100202DE9F34105460846FE
:1084E4000C461646FFF740FD50B9324940F253425C
:1084F400314804F07DFA40F253412E4804F06FFAFB
:108504000846FFF73FFD2F6800B30846FFF720FD3C
:108514008046D8B90846FFF70FFD0446FFF7D6FC9E
:1085240047F800803B582B6822B203EB8203D3F850
:10853400102542F00102C3F8102526B101232A6850
:10854400A340C2F8043302B0BDE8F081D7F8043385
:10855400002BA4BF4FF00043C7F8043346B91549B4
:1085640040F26D42144804F043FA40F26D41C4E70E
:108574002046FFF773FC114B083033F81030C3F377
:108584008203042B11D0052B11D001A80194FFF70D
:108594006FFC019B0169D94001F0010102312046C1
:1085A40002B0BDE8F04104F06BBE0321F7E70221FD
:1085B400F5E700BF6AFC00005DE30000E020002056
:1085C4002DE9F04F634B0821D3F8040387B0C0B200
:1085D40040F00040FFF73EFD051E2BDA0023032187
:1085E40004A8CDE90433FFF7D9FC4FF000094FF09C
:1085F400010BDFF864A10DF110081AF8013B57498B
:10860400DA088A5C03F0070322FA03F3DA071CD4BE
:1086140008F10408B9F1000F14D000214FF0004014
:10862400FFF718FD032104A8FFF7B8FC0028DCD1EC
:1086340025F000450124474E494F002D75D107B060
:10864400BDE8F08F4FF00109D7E7464B4B44009348
:10865400D8F800100029DBD091FAA1F1B1FA81F128
:10866400009B1C7841EA44142046FFF7F7FB3C4B7F
:10867400083033F81070C80818F8002001F007011A
:108684000BFA01F122EA0102BB0808F8002003A852
:1086940001930394FFF7ECFB039A019B803250F89B
:1086A4002220C7F382065B073746C2F3014221D575
:1086B40039462046D6B2FFF71FFC03A80394FFF700
:1086C400D7FB039B803350F82330C3F301439E420E
:1086D40007D10021204604F0D3FD3146204604F0A2
:1086E400CFFD03A80394FFF7C3FB039B0BFA03F32B
:1086F4000362ADE7022A0CD10321204604F0C0FD39
:1087040006F00503012BECD139462046FFF7F4FBB4
:10871400E7E702212046019204F0B2FD032EF3D0D4
:10872400019A032ADDD1022EEDE795FAA5F3B3FAF7
:1087340083F304FA03F225EA020503F5A27256F85C
:10874400221007EB4303B3F87C00C1F30141FFF7A8
:10875400D3FB72E700D00050B8FC000048E00000F2
:10876400E0200020B8FC0000430910B50CD0012B18
:108774001CD01349134840F2CA3204F039F940F2CC
:10878400CA310F4804F02BF94FF0FF33C340DC0724
:10879400EFD50D4B03EB8003D3F800420B4841EABD
:1087A400420120400143C3F8001210BD4FF6FF738D
:1087B40000F01F00C340DB07DBD5054BEAE700BF31
:1087C400E1EE00005DE3000000258450F0F0FCFFC2
:1087D400002884502DE9F04F054616460C4689B012
:1087E40041B96B49E0226B4804F002F9E021684882
:1087F40004F0F5F832B96649E122664804F0F8F865
:10880400E121F4E70379644F4FEA431807EB43137C
:108814001B79002B40F0B98091F820300A7E497D05
:10882400002976D094F823302068002B00F0A38030
:10883400237E94F817900193637E94F816A0029314
:10884400236894F815B003936368E2690493A368FA
:1088540094F820000593E36894F821C006932369F3
:1088640094F822E007932B6894F82410C3F804B515
:10887400C3F824A5C3F82095DDF80490C3F81C952B
:10888400DDF80890C3F82895C3F81805002A78D1B4
:10889400C3F810254CEA0E22C3F82C2571B9039AAB
:1088A400C3F86425049AC3F86825059AC3F86025BB
:1088B400069AC3F87025079AC3F86C2594F82330F8
:1088C40094F8242047F8086007EB08099B0143EA61
:1088D400C21399F8052002F03F02134389F80530CA
:1088E40000232868C0F80431D0F80421C0F81431FA
:1088F400D0F81421C0F80831D0F8083140F307301B
:10890400F9F79CFF0123254889F8043009B0BDE834
:10891400F08F012A03D1012B0BD12148F6E7022A5B
:1089240023D1082B05D840F2551222FA03F3D807B5
:10893400F3D494F82330002B7FF47AAF206804F04A
:10894400E9FC606804F0E6FCA068411C01D004F076
:10895400E1FCE068421C01D004F0DCFC2069431C0B
:108964003FF466AF04F0CEFC62E7032AE1D1012BA9
:10897400D3D9032BD0E704F0C5FC606804F0C2FC33
:10898400E2E7C3F81425012282E70648BEE700BFE8
:10899400BAFC00005DE30000702100200000AD0B74
:1089A4000400AD0B0C00AD0B70B5044651B956492B
:1089B40040F25F12554804F01BF840F25F11524830
:1089C40004F00DF80A6852B94B68C3B94E494FF424
:1089D400B0724E4804F00CF84FF4B071EFE702F0B7
:1089E4006043B3F1005F01D1900708D046494FF4CA
:1089F400B172464803F0FCFF4FF4B171DFE74868F9
:108A040078B100F06043B3F1005F01D1830708D06F
:108A14003D4940F265123D4803F0EAFF40F265111A
:108A2400CDE70B8943B9384940F26912374803F05E
:108A3400DFFF40F26911C2E72579354B6E0103EB84
:108A440045152D79012D5AD122B102F06045B5F1B9
:108A5400005F56D120B100F06040B0F1005F50D10A
:108A6400003A18BF01223344587903F1080562F330
:108A7400000058714A680126101E18BF01205A7957
:108A840022F01E0242EA40025A7107C985E8070033
:108A94000022C3E905222168C1F800650221197189
:108AA4002168C1F80421D1F804112168C1F8142106
:108AB4005D79D1F8142105FA06F22D0102F00202C3
:108AC40005F0200521682A4342F00402C1F804237A
:108AD4002268D9681B8AC2F85035C2F838050038B4
:108AE40018BF0120C2F80805C2F84015003918BFA4
:108AF4000121C2F80C15236806481E6070BD0648A3
:108B0400FCE70648FAE700BFBAFC00005DE300009A
:108B1400702100200000AD0B0500AD0B0A00AD0B69
:108B2400F8B54D4A03795D0102EB43131B79022B1F
:108B34000AD04A4940F2BD12494803F059FF40F2B5
:108B4400BD11464803F04BFF41B944494FF4DF726D
:108B5400434803F04DFF4FF4DF71F2E70B687BB13C
:108B640003F06044B4F1005F01D19C0708D03B4995
:108B740040F2BF123A4803F03BFF40F2BF11E0E776
:108B84004C687CB104F06046B6F1005F01D1A707E0
:108B940008D032494FF4E172314803F029FF4FF411
:108BA400E171CEE70F8947B92C494FF4E3722C48A1
:108BB40003F01EFF4FF4E371C3E756197679F60606
:108BC40045D523B103F06046B6F1005F41D184B9C5
:108BD4005619767916F0020F13D1F6071AD5CBB9C8
:108BE4001E4940F2E5121E4803F002FF40F2E5116F
:108BF400A7E704F06046B6F1005F2AD156197679EA
:108C0400EBE7164940F2E112154803F0F1FE40F299
:108C1400E11196E70068C0F85075C0F83835003B9C
:108C240018BF0123C0F80835C0F84045003C18BF00
:108C340001245319C0F80C4503F1080407C984E85A
:108C440007005A7907486FF304125A71F8BD0648B1
:108C5400FCE70648FAE700BF70210020BAFC0000D8
:108C64005DE300000000AD0B0500AD0B0A00AD0B89
:108C740008B50E4B027903EB42131A7952B90C4929
:108C84000C484FF4FF7203F0B3FE4FF4FF71084831
:108C940003F0A5FE5A796FF304125A712222036875
:108CA400C3F80823012203685A6008BD702100201C
:108CB400BAFC00005DE300002DE9F843224E05797B
:108CC40004466F0106EB45152B7953B91F4920481B
:108CD40040F2311203F08CFE40F231111B4803F0D4
:108CE4007EFEFFF7C5FF206840F30730F9F7B4FDB7
:108CF40000222368C3F800256B7959061FD4236822
:108D0400D3F86405D3F86895D3F86085D3F8705523
:108D1400D3F86C4504F0FAFA484604F0F7FAB8F1CF
:108D2400FF3F02D0404604F0F1FA6A1C02D0284604
:108D340004F0ECFA631C02D0204604F0E7FA0023A6
:108D44003E443371BDE8F88370210020BAFC000072
:108D54005DE30000F0B5444A85B0D2F814312BB17C
:108D64000023C2F81431D2F814312023D2F80411AC
:108D740031B10021C2F80411D2F8042143F00203F6
:108D8400394AD2F8081131B10021C2F80811D2F8D9
:108D9400082143F0040313F0200F344C0AD0627905
:108DA40042F0080202F012011229627104BF42F07B
:108DB400200262719E070AD5627942F0040202F031
:108DC40011011129627104BF42F0200262715D0732
:108DD40016D500210422244B254DC3F80823C3F8DB
:108DE4000015284655F8143C9847012302212371A5
:108DF40055F8143CA5F10C0005B0BDE8F040184747
:108E0400637903F00F020F2A08D0D80701D4190799
:108E140004D46279920724D45B0722D56379276846
:108E240013F0200603F0F30508D025F0300545F0D3
:108E34001005012100203B466571DDE70C4B0DF167
:108E4400040C45F0100593E8070065718CE80700F1
:108E540013E90700C4E9026683E8070001216046BC
:108E6400B84705B0F0BD00BF00800250702100205B
:108E74008421002010B540B91B491C48752203F019
:108E8400B7FD7521184803F0AAFD194C23784BBB94
:108E94000378184AC3F34003C2F8003B037803F095
:108EA4000103C2F804370378DB0710D54FF47F03BE
:108EB400D3F83011D3F83431072908D1023B032BFE
:108EC40005D80D49CB5C13B10123C2F8283705201E
:108ED400F9F7D6FC10B90520F9F7B0FC01230748CF
:108EE400237010BD0648FCE7F5FC00005DE30000BC
:108EF400A32400200040005032FD00000000AD0B10
:108F04000C00AD0B4FF0502310B5D3F804436107A8
:108F140016D5D3F808219AB10022C3F80821D3F852
:108F24000831224B1B6853B921494FF4BA722148C6
:108F340003F05EFD4FF4BA711D4803F050FD9847ED
:108F4400A20616D54FF05023D3F814218AB100207D
:108F5400C3F81401D3F81431174B1B6843B91449EF
:108F640040F27D12134803F043FD40F27D11E3E724
:108F74009847630619D54FF05023D3F81821A2B1AE
:108F84000022C3F81821D3F818310B4B1B6843B9DE
:108F940007494FF4C272074803F02AFD4FF4C27127
:108FA400CAE70120BDE81040184710BD94210020F5
:108FB400F5FC00005DE30000902100200722024B35
:108FC400C3F80423704700BF007003500722024B0C
:108FD400C3F80823704700BF00700350072208B588
:108FE400044B3720C3F80823F9F736FC0022024B60
:108FF4001A6008BD007003509821002010B5044683
:1090040040B910493122104803F0F2FC31210D48D7
:1090140003F0E5FC036833B90A4932220A4803F035
:10902400E7FC3221F3E7FFF7D9FF2268074B37202B
:109034001A600022064BC3F80821BDE81040F9F776
:10904400FDBB00BF36FD00005DE300009821002059
:109054000070035010B5114CD4F800312BB100202E
:109064000F4BC4F800011B689847D4F8043133B19E
:109074000023C4F804310A4B01201B689847074BAE
:10908400D3F8082142B10022C3F80821044B02207E
:10909400BDE810401B68184710BD00BF00700350A6
:1090A4009821002008B5084A084B93420AD9084978
:1090B4000848192203F09CFC1921054803F08FFC91
:1090C4002033F2E7FCD308BD84D9000044D8000063
:1090D40074FD00005DE3000070B50446C0B1037880
:1090E40013B3124D124EB5421BD91249124828220D
:1090F40003F07EFC28210F4803F071FC2968A1428B
:1091040008D1284604F015F9002814BF2C46002481
:10911400204670BD2046F7F735F80028F1D02035F9
:10912400E1E7EBD30024F3E71C46F1E744D8000061
:1091340084D9000074FD00005DE30000F7B5044627
:109144000D46EFF31187202383F31288BFF36F8F4B
:109154001F4A0428966898BF1E4B127C94BF53F88C
:1091640020301D4B0092452102461C4803F0CFFCE1
:109174003DB1EB69C3F308031BB14521184803F063
:10918400C6FC36B1304604F09FF9034608B10278B4
:1091940002B9144B32464521134803F0B8FC294662
:1091A4002046FEF733FB042C08D1104910488722CF
:1091B40003F01EFC87210D4803F011FC87F311888E
:1091C400BFF36F8F304603B0BDE8F040F9F7DEBA65
:1091D4009C2100204CE0000097FD0000ADFD000044
:1091E400DAFD0000A5FD000000FE00001DFE0000E9
:1091F4005DE3000038B50A4B53F82040013053F8C2
:109204002050A54200D838BD606830B1037FDB0729
:1092140001D404F099F80834F3E723689847FAE78F
:1092240060E00000012270B5344B032086B01A7050
:10923400FFF7E0FFF9F7B4FEF8F780FE0420FFF72C
:10924400D9FF2F4C2F4DAC42264624D92E49422219
:109254002E4803F0CDFB42212B4803F0C0FB54F809
:109264000C3C059354F8103C049354F8143C0393B9
:1092740054F8183C029354F81C3C019354F8203CD5
:10928400009354E90A2354E90C0101F037FA54F825
:10929400303C5E65D7E7AE4204F13004DFD301F021
:1092A40035FE174C1A4EAC421BD917496622174893
:1092B40003F09EFB6621CFE7D4E90A23B3F1FF3F15
:1092C40008BFB2F1FF3F05D052EA0301206803D181
:1092D40002F022F83034E6E73146183002F0F8FAAA
:1092E400F8E7E9D301F060FEF7F70EF9094A137BBA
:1092F40023F00103137306B070BD00BFA424002043
:10930400B0DB0000E0DB000089FE00005DE300004C
:1093140031D50000880B002008B50348034A00211A
:10932400121A04F028F808BD70030020A8240020B5
:109334000023012270B586B0CDE904230F220193E6
:10934400CDE9023214234FF4A0720E4D0E4E03FBEE
:1093540000550E4906EBC016044602FB00110C4BE7
:109364003046009501F0CAF9737B2C7423F0040392
:109374007373084B013403EBC423EE606B6006B0D7
:1093840070BD00BF9C210020080B0020A8340020E1
:10939400B9960000A82C0020BFB50020FFF72AFFD3
:1093A4002A4B03F5006282F3088883F30A880024B9
:1093B400E023274D274F85F82230EC772C766C7606
:1093C400AC7685F820406B6A43F4E0236B6285F841
:1093D4002340F9F759F9F9F7E5FA4FF0FF33AB6297
:1093E400EB62F9F79DFCF9F701FB1B4801F01CFA4D
:1093F400FFF758FEF9F7A8FD0120FFF7FBFE022056
:10940400164DFFF7F7FE01F03FFE154B15495D6160
:10941400154B4FF48062059301232846CDE903439D
:10942400CDE901443B46009401F068F906466A7BA5
:10943400284622F004026A7301F048FB2046FFF735
:1094440077FF3A4631462846F9F78CFAA82C0020D3
:1094540000ED00E029920000A80C0020880B0020F9
:109464009C210020E8350020A3E20000002038B54C
:109474000A4C0B4DAC420FD90A490B48942203F015
:10948400B7FA9421074803F0AAFA204603F077FFBD
:10949400002802DB2034EDE7F7D338BDD0010020EB
:1094A40010020020ADFE00005DE300002DE9F7434B
:1094B40005460E4691461C4600F10807EFF3118855
:1094C400202383F31288BFF36F8F384602F08AF9A2
:1094D40038B92B4988222B4803F08AFA8821284876
:1094E40022E0384602F0A2F92B69FBB133601C6814
:1094F400EB692C610133EB6114B96A6993421BD0A7
:10950400EB68E41A09D4D5E905235A43A24204D9E5
:10951400B4FBF3F203FB124474B11B491948E9226A
:1095240003F066FAE921184803F059FA59EA0402EB
:109534000FD16FF00B043360384602F061F9C8B9FB
:109544000F4940F231120F4803F052FA40F2311140
:10955400C5E7CDE900942A464146384601F062FB4E
:10956400044618B9094B9B681B693360204603B055
:10957400BDE8F08388F31188BFF36F8FF6E700BF6F
:10958400D4E300005DE30000ADFE00009C21002058
:109594002DE9F843C3680546CB1A0E461ED4D0E91C
:1095A40005125143994219D9B3FBF2F102FB11336D
:1095B400A3B900F10808EFF31189202484F3128879
:1095C400BFF36F8F404602F00DF990B935498822F8
:1095D400354803F00DFA8821324808E0334932480F
:1095E40040F2111203F004FA40F211112F4803F073
:1095F400F6F9404602F01AF92F69002F39D1EFF33A
:10960400118384F31288BFF36F8F83F31188BFF340
:109614006F8F3BB92649B022234803F0E9F9B02102
:109624002348E4E72C68A54223D014B3A36833B9D4
:109634001F4999221C4803F0DBF99921F0E7D4E98A
:10964400003213605A60637BC4E9007723F002039D
:109654006373A76004F1180002F004FA2046A767B8
:10966400266101F033FA49464046BDE8F84301F06B
:1096740001BC2B6940463360EB692E61013BEB6111
:1096840002F0BEF840B9074940F23112064803F02F
:10969400AFF940F231119FE789F31188BFF36F8F5F
:1096A400BDE8F883D4E300005DE30000ADFE0000F4
:1096B400D2FE000008B50C4B9B6893F90E30002BCA
:1096C40009DB2024EFF3118384F31288BFF36F8F37
:1096D40003F076FAF6E7054905481C2203F088F9F9
:1096E4001C21024803F07BF99C210020FDFE0000B0
:1096F4005DE3000008B5836843B90B490B48992220
:1097040003F076F99921084803F069F9D0E90032A9
:1097140013605A600023427BC0E9003322F0020246
:109724004273836008BD00BFD2FE00005DE3000009
:109734002DE9F3470446894617461D46EFF3058392
:1097440053B152EA050307D04C4982224C4803F036
:109754004FF98221494814E004F10806EFF3118817
:109764004FF0200A8AF31288BFF36F8F304602F05D
:1097740039F840B943498822414803F039F988212E
:10978400404803F02CF9304602F050F8626A23692D
:109794009A425BD2EFF311838AF31288BFF36F8F7F
:1097A40083F31188BFF36F8F3BB937493448B02234
:1097B40003F01EF9B0213448E3E72568AC4219D020
:1097C400C5B12846FFF796FF05F1180002F04AF9E3
:1097D400E26800244946286903F03AFF2846AC674A
:1097E40001F074F94146304601F044FB204602B0D2
:1097F400BDE8F087206A6369984202D3A36998425E
:1098040006D31E499A221E4803F0F2F89A21A1E7D2
:10981400E268494603F01CFF236AE2681344A26924
:109824002362934204BF63692362636A0133636200
:109834000024304601F0E4FFD8B9124940F2311255
:109844000F4803F0D5F840F2311199E757EA0503C0
:109854000CD00E4B22469B684146C3F8109030460C
:10986400CDE9007501F0DEF90446BFE76FF022048C
:10987400DFE788F31188BFF36F8FB7E71EFF00009F
:109884005DE30000D4E30000D2FE00009C21002030
:109894002DE9F7430446884617461D46EFF3058332
:1098A40053B152EA050307D05349DE22534803F06B
:1098B4009FF8DE21504813E004F10806EFF3118904
:1098C400202383F31288BFF36F8F304601F08AFFA1
:1098D40040B94B498822494803F08AF8882148480E
:1098E40003F07DF8304601F0A1FF636A002B5CD0E1
:1098F400E2684046E16903F0ABFEE369E2681344C1
:10990400A269E361934204BF6369E361636A013B53
:109914006362EFF31183202282F31288BFF36F8F07
:1099240083F31188BFF36F8F3BB936493348B022B4
:1099340003F05EF8B0213348D2E72568AC4244D046
:10994400002D43D02846FFF7D5FE05F1180002F09C
:1099540089F8206A6369984202D3A369984206D3BE
:109964002549F822254803F043F8F821A2E729699C
:10997400E26803F06DFE236AE26828461344A26994
:109984002362934204BF63692362636A013363629F
:109994000024AC6701F09AF84946304601F06AFAAF
:1099A4002546284603B0BDE8F08357EA05031AD0DC
:1099B400154B22469B684946C3F810803046CDE9D2
:1099C400007501F02FF90546EBE70025304601F05C
:1099D40017FF58B90A4940F23112084803F008F851
:1099E40040F231117BE76FF02205EFE789F311882C
:1099F400BFF36F8FD5E700BF1EFF00005DE30000DB
:109A0400D4E30000D2FE00009C2100202DE9F341A4
:109A1400044617461E46EFF3058545B151495248A1
:109A24006F2202F0E5FF6F214E4802F0D8FFEFF3FA
:109A34001188202383F31288BFF36F8F4B4801F002
:109A4400D1FE38B94A498822474802F0D1FF88211B
:109A54004748EAE7454801F0E9FEE368454A9BB117
:109A6400A0689168884224D057EA060329D13F4868
:109A740001F0C6FEA0B188F31188BFF36F8F6FF0B9
:109A84000F0002B0BDE8F081916891F90E10013326
:109A9400E360936835482161A36001F0B1FE50B9D9
:109AA400334940F23112304802F0A2FF40F2311142
:109AB400CEE72169EBE788F31188BFF36F8F0020AD
:109AC400DFE791F90E1090F90E306FF07E029942A3
:109AD400A8BF19469142B8BF11468B4202DD03F07C
:109AE40087FC054622464146CDE900761F4801F031
:109AF40099F80028E3D0EFF31186202383F312882A
:109B0400BFF36F8F194801F06DFE00289AD01748F3
:109B140001F08CFEA068C0B1236821699C420AD080
:109B24004BB193F90E309942A8BF19466FF07E03EA
:109B34009942B8BF194603F05BFC30B131460B487B
:109B440001F098F96FF00A009BE7002DF6D1074861
:109B540001F056FE0028A3D086F31188BFF36F8F5F
:109B6400F0E700BF40FF00005DE30000BC210020DF
:109B7400D4E300009C210020F8B50546EFF30583EB
:109B840043B14949D722494802F032FFD721464818
:109B940002F025FF8368002B7FD0454A92689342E8
:109BA4007ED1C36833B94049EF22404802F020FF18
:109BB400EF21ECE7012B03D0013BC3600020F8BD8B
:109BC400EFF31187202484F31288BFF36F8F394891
:109BD40001F008FE38B938498822344802F008FFF9
:109BE40088213548D4E7334801F020FE2969A86864
:109BF40003F0FEFBEFF3118384F31288BFF36F8F3E
:109C040083F31188BFF36F8F3BB92C49B0222748E7
:109C140002F0EEFEB0212948BAE72C68AC420FD11D
:109C240000232448C5E9023301F0EAFD80BB224940
:109C340040F231121D4802F0DBFE40F23111D0E750
:109C4400002CEDD0A36833B91C499922174802F0BF
:109C5400CFFE9921DFE70026D4E9003213605A6071
:109C6400637BC4E9006623F002036373A66004F116
:109C7400180001F0F7FEAC6094F90E3020462B6119
:109C8400A66700F023FF39460A4801F0F3F895E788
:109C940087F31188BFF36F8F90E76FF015008EE79D
:109CA4004FF0FF308BE700BF40FF00005DE3000092
:109CB4009C210020BC210020D4E30000D2FE00003F
:109CC40008B5836843B90B490B48992202F090FE0A
:109CD4009921084802F083FED0E9003213605A60EB
:109CE4000023427BC0E9003322F002024273836006
:109CF40008BD00BFD2FE00005DE300002DE9F0477F
:109D040004460D4691469A469DF8206000F10807E6
:109D1400EFF31188202383F31288BFF36F8F384643
:109D240001F060FD38B944498822444802F060FEDD
:109D34008821414817E0384601F078FD06B165688E
:109D4400EFF31183202282F31288BFF36F8F83F322
:109D54001188BFF36F8F43B939493848B02202F0F4
:109D640047FEB021364802F03AFE234653F80C6F02
:109D74009E4215D0A6B100243046FFF7A1FF06F19C
:109D8400180001F06FFE3046B467C6F8109000F07A
:109D94009DFE4146384601F06DF82046BDE8F08747
:109DA400BAF1000F14D0082001F0DCFF00283AD0EB
:109DB4000122C0F804900260016801F003015DB95A
:109DC40022680A430260626820606AB960600BE03E
:109DD4004846C9F800A0EFE72A68032A18D80160AA
:109DE400616879B9C4E900000024384601F008FD2F
:109DF400E0B9114940F23112104802F0F9FD40F285
:109E0400311196E70A6802F0030202430A60DDE7B3
:109E140022F003020A4302602A6802F0030240EAC5
:109E240002032B60E0E76FF00B04DEE788F3118890
:109E3400BFF36F8FB1E700BFD4E300005DE3000020
:109E4400D2FE00002DE9F743054690461F4600F177
:109E54000806EFF31189202383F31288BFF36F8F71
:109E6400304601F0BFFC40B920498822204802F066
:109E7400BFFD88211D4802F0B2FD304601F0D6FC3A
:109E84002C68D4B123686A6823F003039442204603
:109E94004FF001012B6008BF6B6003F0B8FA044671
:109EA400304601F0ADFCC0B9104940F231121048FF
:109EB40002F09EFD40F23111DCE758EA0703EFD0CF
:109EC40049463046CDE9008705F10C0200F0AAFEB0
:109ED40038B9084B9B681C6903E089F31188BFF308
:109EE4006F8F204603B0BDE8F08300BFD4E30000C9
:109EF4005DE300009C21002008B5836843B90B4949
:109F04000B48992202F074FD9921084802F067FD7C
:109F1400D0E9003213605A600023427BC0E9003369
:109F240022F002024273836008BD00BFD2FE00002B
:109F34005DE3000070B50446EFF31186202585F338
:109F44001288BFF36F8F284801F04CFC38B92749B9
:109F54008822274802F04CFD8821244814E0224836
:109F640001F064FCEFF3118385F31288BFF36F8F64
:109F740083F31188BFF36F8F43B91E491C48B02285
:109F840002F036FDB0211B4802F029FD2568AC42E1
:109F940012D08DB12846FFF7AFFF05F1180001F08C
:109FA40061FD00232846AB6700F090FD3146BDE813
:109FB40070400D4800F05EBFD4E902329A4218BFE7
:109FC40001330948A36001F01BFC40B9074940F282
:109FD4003112074802F00CFD40F23111BDE786F35F
:109FE4001188BFF36F8F70BDC0210020D4E300003F
:109FF4005DE30000D2FE0000F7B5044616461D4698
:10A00400EFF305835BB152EA050308D026492748DC
:10A01400882202F0EDFC8821234802F0E0FCEFF3F3
:10A024001187202383F31288BFF36F8F204801F038
:10A03400D9FB38B91F4988221C4802F0D9FC882171
:10A044001C48EAE71A4801F0F1FBA368ABB1013BF5
:10A054001748A36001F0D4FB40B9164940F231120D
:10A06400124802F0C5FC40F23111E9E787F3118888
:10A07400BFF36F8F002003B0F0BD56EA05030BD188
:10A084000B4801F0BDFB0028E7D087F31188BFF32C
:10A094006F8F6FF00F00EEE722463946CDE9006579
:10A0A400034800F0BFFDE6E762FF00005DE3000047
:10A0B400C0210020D4E3000007B5074B4FF48062B1
:10A0C400009306494FF0FF33054800F01BFA0020C7
:10A0D40003B05DF804FB00BF78E00000E83900201D
:10A0E400080C00202DE9F0430446714E714F85B0F1
:10A0F400EFF31188202383F31288BFF36F8F304668
:10A1040001F070FB40B96C4988226C4802F070FC85
:10A114008821694802F063FC304601F087FBD4F8DB
:10A124008450F5B9022104F19C0003F093F900284E
:10A134003BD004F1940500220121284601F032FAB3
:10A144000028F8D100234FF0FF3202934FF0FF3381
:10A154004146CDE90023304604F18C0201F06EFA49
:10A16400C6E7D4F888202B68954208BFC4F8883025
:10A17400C4F88430D4F89C30304643F00203C4F869
:10A184009C30EB68D5F8049023F0040343F00103FA
:10A19400EB6001F035FBD0B9474940F23112474832
:10A1A40002F026FC40F23111B3E7D4F89C30DD060E
:10A1B400C8D5C4F89C003E4801F022FB0028EBD02F
:10A1C40088F31188BFF36F8F05B0BDE8F08388F37F
:10A1D4001188BFF36F8FB9F1000F09D1384937489F
:10A1E40040F2AB2202F004FC40F2AB21344891E788
:10A1F4002846C847EFF31188202383F31288BFF35E
:10A204006F8F304601F0EEFA00283FF47CAF304601
:10A2140001F00CFBEB68D90623F0010231D4EA60AB
:10A22400EB689A0716D5386823F00203EB6088B10F
:10A234000021036870B14268954230D1036841BB84
:10A244007A683B60824200D17B60002340F8083B7F
:10A25400FFF770FED4F89C30304623F00203C4F8B4
:10A264009C30C3F3002501F0CBFA002894D088F386
:10A274001188BFF36F8F002D7FF43AAF00F00CFF0D
:10A2840036E723F01103EB6005F11000FFF752FEEF
:10A29400C6E70B607B68834208BF7960D5E723B1CA
:10A2A4001A68014618461346C4E71A46F9E700BF80
:10A2B400CC210020C4210020D4E300005DE3000091
:10A2C4008BFF0000F8B5C36804469A070F46C3F332
:10A2D40040063AD45B0726D40B680BB983680B603D
:10A2E400E368DD0722D5A36853B9294929484FF407
:10A2F400AA7202F07DFB4FF4AA71254802F06FFBAD
:10A3040002263B603D68002D3ED0234B9A68D5F869
:10A3140080309A420CD0D5F89C30D807C3F3800221
:10A3240016D46FF0120600233B6027E00126E9E70C
:10A3340003F0C1F8D5F89C300028EED1D907C3F357
:10A34400C002EED552B15B0708D46FF00F06EAE7FE
:10A35400002AFAD1C3F3C003002BF6D100232360F3
:10A36400D5F8883063B9C5E92144284603F08CF850
:10A37400E36843F00403E3603B68A3603046F8BD40
:10A384001C60C5F88840F0E76FF01506CBE700BF06
:10A394008BFF00005DE300009C21002073B50446A0
:10A3A400EFF31185202383F31288BFF36F8F1948CD
:10A3B40001F018FA40B918498822184802F018FB2D
:10A3C4008821154802F00BFB124801F02FFA0023F4
:10A3D4000321201F0193A4F1100603F03BF828B1D8
:10A3E400A369304601A90193FFF76CFF094801F006
:10A3F40007FA40B9084940F23112084802F0F8FA65
:10A4040040F23111DDE785F31188BFF36F8F02B09D
:10A4140070BD00BFCC210020D4E300005DE3000048
:10A4240038B50D46044640B90B4999220B4802F051
:10A43400DFFA9921084802F0D2FA31B906499A2282
:10A44400064802F0D5FA9A21F4E71022002103F01D
:10A4540026F9656038BD00BF8BFF00005DE3000096
:10A4640037B50C46019051B922494FF4BD722248C8
:10A4740002F0BEFA4FF4BD711E4802F0B0FA4B6808
:10A4840043B91C4940F27B121B4802F0B1FA40F276
:10A494007B11F1E7EFF31185202383F31288BFF3D7
:10A4A4006F8F164801F09EF938B915498822124871
:10A4B40002F09EFA88211248DFE7104801F0B6F94D
:10A4C400204601A9FFF7FEFE04460C4801F098F966
:10A4D40040B90B4940F23112074802F089FA40F2C0
:10A4E4003111E8E785F31188BFF36F8F204603B07D
:10A4F40030BD00BF8BFF00005DE30000CC210020D5
:10A50400D4E30000F0B589B004460E9D50B92D493E
:10A5140040F2F1222C4802F06BFA40F2F121294872
:10A5240002F05DFA41B9274940F2F222264802F0CE
:10A534005FFA40F2F221F2E7D0F89C0010F001003B
:10A5440008D0204940F2F3221F4802F051FA40F2A9
:10A55400F321E4E7C4E9210004F18C00C4E92300F9
:10A5640004F19400C4E9250055B32879002840F289
:10A57400011008BF0120C4F89C0000204FF0FF36F2
:10A584004FF0FF37CDE90330CDE90100CDE906678F
:10A5940020460E4B009400F009F955B1296811B119
:10A5A400204602F08EFF6B791BB1237B43F001033D
:10A5B4002373204600F0B0FEC4F8804009B0F0BD1B
:10A5C4000120D8E78BFF00005DE30000E9A0000054
:10A5D40038B50D46044650B90E4940F292320E4841
:10A5E40002F006FA40F292310A4802F0F8F941B951
:10A5F400084940F29332084802F0FAF940F29331E4
:10A60400F2E73022002103F04AF84FF480736560CA
:10A61400E36038BD8BFF00005DE30000F7B50C4636
:10A6240016461D46019050B92C494FF486622C48B9
:10A6340002F0DEF94FF48661284802F0D0F941B9FE
:10A64400264940F23142264802F0D2F940F2314123
:10A65400F2E7EFF31187202383F31288BFF36F8FA0
:10A66400204801F0BFF838B91F4988221C4802F07D
:10A67400BFF988211C48E0E71A4801F0D7F82046C2
:10A6840002F0F3FE55EA060311D1204601A9FFF7B3
:10A6940019FE0446134801F0B3F8B8B9124940F260
:10A6A40031120F4802F0A4F940F23111E2E7E368F5
:10A6B40004F1100043F00803E360019B3246A362F7
:10A6C4000A492B4601F004F90124E3E787F31188D2
:10A6D400BFF36F8F204603B0F0BD00BF8BFF0000B7
:10A6E4005DE30000CC210020D4E30000A1A300001E
:10A6F40001460148FFF792BF080C00202DE9F04302
:10A7040085B098460F9B04460F2B0E4637D123493C
:10A71400884538D104F15801C4E91611109900276D
:10A7240021730421073222F0070506EB0509617342
:10A73400A37349462046C4E90677A760E773F7F791
:10A7440045FD0E9B073020F00700A066C4E918659C
:10A7540002930D9BA9EB000901930C9B4A460093BD
:10A76400314643462046F8F7E1F80D4B67659B6890
:10A7740003B1DB6E4846E36605B0BDE8F08303F140
:10A7840010011E29C6D90749074840F2052202F0E4
:10A794002FF940F20521034802F021F9B99600008F
:10A7A4009C210020ACFF00005DE30000F0B587B001
:10A7B4000446DDE91276EFF3058555B117491848CB
:10A7C40040F2922202F014F940F29221134802F06E
:10A7D40006F90595109D04950F9D03950E9D029510
:10A7E4000D9D01950C9D0095FFF788FFB6F1FF3F85
:10A7F40008BFB7F1FF3F05D056EA070305D120464D
:10A8040000F08AFD204607B0F0BD3A46334604F115
:10A814001800044901F05CF8F4E700BFACFF000045
:10A824005DE3000031D5000040F201138381002371
:10A83400C0E91833C366014B986070479C2100201F
:10A844006FF00A01084A93689967084958674B688A
:10A8540043F080534B60002383F31188BFF36F8F61
:10A864009368986F704700BF9C21002000ED00E0C2
:10A8740038B590F90D200146002A437B10DA03F025
:10A884007F034373184B984208D11849184856223D
:10A8940002F0AEF85621154802F0A1F802F016FEB7
:10A8A400144D2A4652F8184FAB68944200D004B9AC
:10A8B400EC688B4210D03BB90F490D48D52202F009
:10A8C40097F8D5210C48E7E75A7BD20604D1DA89F8
:10A8D4007F2A01D9A2692AB1A34202D0204600F0FE
:10A8E40007FF23466B6138BD080B0020CFFF000033
:10A8F4005DE300009C210020F1FF000008B583689F
:10A9040043B909490948992202F072F89921064885
:10A9140002F065F802F0DAFD437B23F0020343738F
:10A924000023836008BD00BFD2FE00005DE3000089
:10A9340070B590F90D20437B002A4BDBD90649D131
:10A9440063F07F034373254B984208D1244925487B
:10A954004F2202F04DF84F21214802F040F8224CDA
:10A96400224652F8183FE169934207D1C0E9002119
:10A974000860E06111E09942F8D01B68002BF5D023
:10A9840090F90E5093F90E60B542F4D0AE42F2DD68
:10A994005968C0E9003108605860A569954200D043
:10A9A40005B9E568A3683BB910490E48D52202F001
:10A9B4001FF8D5210D48D0E75A7BD20604D1DA8995
:10A9C4007F2A01D9AA6932B1AB4202D0284600F0ED
:10A9D4008FFE656170BD6361FCE700BF080B00205A
:10A9E400CFFF00005DE300009C210020F1FF000088
:10A9F40070B590F90D200146002A437B2E4C0FDAE6
:10AA040003F07F03A042437308D12C4956222C48FB
:10AA140001F0EEFF5621294801F0E1FF02F056FD56
:10AA24004B7BA14263F07F034B7306D123494F2232
:10AA3400234801F0DDFF4F21EDE7224C224652F876
:10AA4400183FE069934207D1C1E900200160E16148
:10AA540011E09842F8D01B68002BF5D091F90E5004
:10AA640093F90E60B542F4D0AE42F2DD5868C1E904
:10AA7400003001605960A569A368954200D005B90A
:10AA8400E5688B4210D03BB90F490D48D52201F03F
:10AA9400AFFFD5210C48BFE75A7BD20604D1DA892F
:10AAA4007F2A01D9AA692AB1AB4202D0284600F014
:10AAB4001FFE2B46636170BD080B0020CFFF000012
:10AAC4005DE300009C210020F1FF000038B504463E
:10AAD400EFF31185202383F31288BFF36F8F12489D
:10AAE40000F080FE40B911498822114801F080FF2E
:10AAF40088210E4801F073FF0B4800F097FE2046B2
:10AB0400FFF716FF084800F07BFE40B9074940F202
:10AB14003112074801F06CFF40F23111E9E785F387
:10AB24001188BFF36F8F38BDD0210020D4E300001B
:10AB34005DE3000038B50446EFF31185202383F369
:10AB44001288BFF36F8F134800F04CFE40B91249CE
:10AB54008822124801F04CFF88210F4801F03FFF82
:10AB64000C4800F063FEA36813B12046FFF7C6FE4D
:10AB7400084800F045FE40B9074940F23112074841
:10AB840001F036FF40F23111E7E785F31188BFF396
:10AB94006F8F38BDD0210020D4E300005DE30000B6
:10ABA40038B50446EFF31185202383F31288BFF3ED
:10ABB4006F8F194800F016FE40B9184988221848CA
:10ABC40001F016FF8821154801F009FF124800F032
:10ABD4002DFE637B13F0280F0BD1A36813B120461D
:10ABE400FFF78CFE637B204623F004036373FFF7B7
:10ABF4009FFE094800F004FE40B9084940F23112B2
:10AC0400074801F0F5FE40F23111DCE785F31188C5
:10AC1400BFF36F8F38BD00BFD0210020D4E3000004
:10AC24005DE300002DE9F047DFF8B0A02C4F164695
:10AC3400DDE90898DAF808202A4BB84204460D46A4
:10AC44001A600AD12849294840F2722201F0D0FE44
:10AC540040F27221244801F0C2FEEFF31183202355
:10AC640083F31288BFF36F8F384600F0BBFD38B909
:10AC74001F4988221D4801F0BBFE88211C48EAE7D1
:10AC8400384600F0D3FDDAF808703146384602F051
:10AC940025FCB8F1FF3F08BFB9F1FF3F06D04A4693
:10ACA4004346144907F1180000F012FE204600F054
:10ACB400A7FD40B90E4940F26B120C4801F098FE12
:10ACC40040F26B11DAE7064800F09AFD0028F1D053
:10ACD4002846BDE8F047FFF7B3BD00BF9C21002024
:10ACE400D0210020D4210020CFFF00005DE300002C
:10ACF400D4E3000031D500002DE9F04104460D46AF
:10AD0400EFF31187202383F31288BFF36F8F524828
:10AD140000F068FD38B951498822514801F068FEB5
:10AD240088214E4817E04C4800F080FD637B03F017
:10AD34001F02002A0CBF0126002657D103F07F030F
:10AD44006373484B9C4208D147494548562201F059
:10AD54004FFE5621444801F042FEDFF810812046A0
:10AD640002F0B4FB4246637B6DB263F07F03A573CC
:10AD7400637352F8183F934235D1D8F81C10C4E9D4
:10AD840000210C60C8F81C400FE09942F7D01B6802
:10AD9400002BF4D093F90E008542F6D0A842F4DDDE
:10ADA4005968C4E900310C605C60D8F818409442DA
:10ADB40000D00CB9D8F80C40D8F808309C4202D026
:10ADC400204600F095FCC8F81440234800F018FD14
:10ADD400002839D1214940F23112214801F008FEFE
:10ADE40040F231119DE7D8F81C10D1E79B0729D513
:10ADF400A16839B91E491A48992201F0F9FD99212F
:10AE04001B48A8E720466DB202F060FBA5730B68EF
:10AE1400994209D14B68C4E900131C604C60D4E723
:10AE24004A689342F6D01B68002BF3D093F90E20A6
:10AE34009542F5D0AA42F3DD5A68C4E900321460A1
:10AE44005C60C2E7A573C0E787F31188BFF36F8F17
:10AE54003046BDE8F08100BFD0210020D4E30000DB
:10AE64005DE30000080B0020CFFF00009C210020C0
:10AE7400D2FE000038B503460C46D1B9EFF3058580
:10AE8400BDB9154A51699268914212D000F0B8FCDC
:10AE940050B9124940F26B12114801F0A9FD40F279
:10AEA4006B110E4801F09BFD2846BDE83840FFF7C2
:10AEB400C7BC184600F0A4FC40B9084940F231125E
:10AEC400074801F095FD40F23111EAE784F3118857
:10AED400BFF36F8F38BD00BF9C210020D4E3000076
:10AEE4005DE30000034648B9EFF3058232B9064A30
:10AEF40051699268914201D0FFF7A2BC83F3118893
:10AF0400BFF36F8F704700BF9C21002010B5EFF393
:10AF14001184202383F31288BFF36F8F1D4800F040
:10AF240061FC38B91C4988221C4801F061FD882164
:10AF340019480CE0174800F079FCEFF3058343B19E
:10AF440017498F22154801F053FD8F21144801F051
:10AF540046FD144B9A68D37B012B06D110499022ED
:10AF64000E4801F045FD9021F0E7013BD3730948F9
:10AF740000F046FC40B9084940F23112074801F09C
:10AF840037FD40F23111D3E784F31188BFF36F8F9B
:10AF940010BD00BFD0210020D4E300005DE3000019
:10AFA400D2FE00009C21002070B5EFF3118620230F
:10AFB40083F31288BFF36F8F2E4800F013FC38B967
:10AFC4002D4988222D4801F013FD88212A480FE0DD
:10AFD4002B4D284800F02AFCAB68DA7B52B929498A
:10AFE40040F20D32254801F003FD40F20D312548B1
:10AFF40001F0F5FCEFF3058141B1224940F20E3234
:10B004001E4801F0F5FC40F20E31F0E70132DA732C
:10B014002A4652F8184F944200D004B9EC685A7B7F
:10B02400D20604D1DA897F2A01D9A2692AB1A342BE
:10B0340002D0204600F05CFB23460E486B6100F012
:10B04400DFFB40B90C4940F231120C4801F0D0FC4E
:10B0540040F23111BAE786F31188BFF36F8FEFF333
:10B064001180202383F31288BFF36F8FBDE87040F3
:10B07400FFF738BFD0210020D4E300005DE30000D7
:10B084009C210020CFFF0000024B03F11802C3E90A
:10B09400062270479C21002070B5EFF3058353B15D
:10B0A4003249334840F2244201F0A2FC40F22441E8
:10B0B4002E4801F094FCEFF31186202383F31288C9
:10B0C400BFF36F8F2B4800F08DFB38B92A498822D3
:10B0D400274801F08DFC88212748EAE7274C2548BA
:10B0E40000F0A4FBA168E0690B68814214BF1A4612
:10B0F400002249680B605960A368E1692AB9204AB3
:10B10400C3E900210B60E3610CE093F90E0092F9AE
:10B114000E50A84220D085421EDD5168C3E90021AB
:10B124000B605360A569164B9D4200D005B9E568D4
:10B13400A3689D4202D0284600F0DAFA0D48656102
:10B1440000F05EFB60B90C4940F26B12084801F054
:10B154004FFC40F26B11BFE78A42D0D01268CDE7B2
:10B164003046BDE87040FFF76BBB00BFCFFF000067
:10B174005DE30000D0210020D4E300009C210020E6
:10B18400B42100202DE9F04106460C46EFF3058773
:10B1940057B12D492D4840F23C4201F029FC40F2C0
:10B1A4003C41294801F01BFC50EA010304D1FFF79C
:10B1B40073FF0020BDE8F081EFF31188202383F3AF
:10B1C4001288BFF36F8F224800F00CFB38B9214975
:10B1D40088221E4801F00CFC88211E48E2E71E4D1F
:10B1E4001B4800F023FBA8681C4B1860FFF740FBCA
:10B1F400A868234632461A49183000F069FBAA6849
:10B204000446537B124843F00403537300F0F8FAE6
:10B2140040B9104940F26B120C4801F0E9FB40F2CE
:10B224006B11DAE74046FFF70BFBAB68D3E90A235F
:10B23400B3F1004F08BFBA42BBD102F0AFF9201AF4
:10B2440020EAE070B6E700BFCFFF00005DE3000036
:10B25400D0210020D4E300009C210020D421002030
:10B2640031D5000070B504460E46EFF3058555B19F
:10B274001849194840F2664201F0BAFB40F26641AF
:10B28400144801F0ACFBFFF77DFFB6F1FF3F08BFA8
:10B29400B4F1FF3F0246204616D047F6FF704FF444
:10B2A4007A7403462946C2FB0431B3F5004F71F1A9
:10B2B40000020AD36FF400429A4243F6FF728A41B5
:10B2C40005D3D80B40EA414070BD2846FCE76FF037
:10B2D4000040F9E7CFFF00005DE3000038B500242B
:10B2E4000B494FF400458C462146C0FB05C10023A1
:10B2F4006046084AF4F72CFFC117FFF743FF47F6EF
:10B30400FF73044AC0FB0234DB0B43EA444038BDFC
:10B314003F420F0040420F0038B50446EFF3118559
:10B32400202383F31288BFF36F8F1B4800F05AFA6F
:10B3340040B91A4988221A4801F05AFB8821174853
:10B3440001F04DFB144800F071FA637B5B0710D5E4
:10B3540004F1180000F086FB637B204623F004030D
:10B364006373FFF7E5FA2946BDE838400A48FFF75A
:10B3740081BD094800F044FA40B9084940F231124D
:10B38400074801F035FB40F23111D8E785F3118805
:10B39400BFF36F8F38BD00BFD0210020D4E300007D
:10B3A4005DE30000014B9868704700BF9C210020BA
:10B3B4002DE9F8430446077BEFF31185202383F33B
:10B3C4001288BFF36F8F6F4800F00CFA40B96E49D2
:10B3D40088226E4801F00CFB88216B4801F0FFFACB
:10B3E400684800F023FA637B190712D5654800F01A
:10B3F40007FA40B9644940F23112644801F0F8FA9E
:10B4040040F23111E9E785F31188BFF36F8FBDE88E
:10B41400F883D90943F008027AD16273A36813B19F
:10B424002046FFF76BFA04F1180000F01BFBA66D31
:10B4340004F15808B04511D04FF0000976B13046F8
:10B44400FFF75CFA06F1180000F00CFB3046C6F872
:10B454007890FFF76DFAA66DB045EFD1DFF8308133
:10B46400D8F808309C4267D1EFF30589B9F1000997
:10B4740018BF4FF00109D8F81860464A964200D028
:10B484000EB9D8F80C60B34202D0304600F030F95F
:10B49400C8F81460B9F1000F02D03F48FFF7C4F9AF
:10B4A400D8F808309C4256D1EFF30586002E52D1CD
:10B4B400237BDA071FD5334800F0A2F9002899D07E
:10B4C40085F31188BFF36F8F86F31188BFF36F8FF5
:10B4D4000423184602DFEFF31185202383F3128837
:10B4E400BFF36F8F274800F07DF900283FF46FAF5A
:10B4F400244800F09BF9234800F082F9F8B9224966
:10B5040040F26B12214801F073FA40F26B1164E7C8
:10B5140003F07F0343F008036373204B9C4207D17D
:10B524001F495622194801F063FA56211C4855E771
:10B53400204601F0CBFF71E74FF000099BE7284656
:10B54400FFF77EF916494FF4DD72104801F050FA06
:10B554004FF4DD71EAE70B4800F052F900283FF49C
:10B5640049AF85F31188BFF36F8FFB077FF54FAFAA
:10B574000B4940F23D52054801F03AFA40F23D5180
:10B58400D4E700BFD0210020D4E300005DE3000035
:10B594009C210020B4210020A80C0020080B0020CE
:10B5A400CFFF00002DE9F843064688461746EFF31F
:10B5B4001189202383F31288BFF36F8F1C4800F096
:10B5C40011F9054640B91B4988221B4801F010FABD
:10B5D4008821184801F003FA154800F027F9346867
:10B5E400A6421AD0DCB12046C4F878802761FFF760
:10B5F40085F904F1180000F035FA2046FFF798F9B0
:10B604000B4800F0FDF860B90A4940F231120A48CB
:10B6140001F0EEF940F23111DBE70025F0E72546B1
:10B62400EEE789F31188BFF36F8F2846BDE8F883EE
:10B63400D0210020D4E300005DE30000D3B5DDE9B0
:10B644000667089CCDE90067FFF7ECFA1CB1034BD1
:10B654009B681B69236002B0D0BD00BF9C21002001
:10B6640008B568B10E4B98420AD303F11802904210
:10B6740006D21822C01AB0FBF2F302FB130343B143
:10B6840008490948382201F0B3F93821054801F086
:10B69400A6F90122054BC0105843054B1A5408BDA6
:10B6A400280D00201D0001005DE30000ABAAAAAA3A
:10B6B400A5240020C3897F2B12D80A4B1B6863B1D1
:10B6C400094B90F90E201B689A4209DB437BDB0689
:10B6D40006D1064BC31A18BF012303F001007047BB
:10B6E4000023FAE750010020D8210020080B002095
:10B6F40070B50E4B0E4C1E7C054606EB460304EB60
:10B70400C304204600F0AEF900220A4B28469A559D
:10B71400FFF7D0FF48B1084B2046BDE870401A68D7
:10B724000649013AD31700F0D3B870BD9C2100201C
:10B73400280D0020A52400205001002065B600003B
:10B7440038B5EFF31185202383F31288BFF36F8F8D
:10B754001E4800F047F840B91D4988221D4801F0F1
:10B7640047F988211A4801F03AF9184800F05EF8C0
:10B77400194B1A4A9C681068A0420ED1FFF7B8FF13
:10B78400124800F03DF8E0B9114940F23112114875
:10B7940001F02EF940F23111E4E700211B7C116025
:10B7A4000F4AD35C002BEBD02046FFF783FF002821
:10B7B400E6D0637BDB0602D12046FFF719F9204669
:10B7C400DCE785F31188BFF36F8F38BDD0210020EB
:10B7D400D4E300005DE300009C210020D42100207C
:10B7E400A5240020006838B1044B00F003001B7C42
:10B7F400C01A18BF01207047012070479C21002007
:10B80400002302680360EFF30581074B19B19968BF
:10B81400497BC90706D4197C98680843831A58429F
:10B8240058417047012070479C210020024B1A7C2C
:10B834009B681343036070479C210020074808B5A8
:10B84400074A0849121A01F098FDBDE80840064865
:10B85400064A0749121A01F090BD00BF00000020FB
:10B8640070030020C0000100000000200000002040
:10B87400C0000100024B1868984208BF00207047BE
:10B8840054010020034B1B680BB9FBF79DBF00203C
:10B89400704700BFDC21002030B570B10B4B5B68F2
:10B8A40098420AD0036843B1D3E90421D0E904459E
:10B8B400121941EB0501C3E90421D0E900321360F8
:10B8C4005A600023C0E9003330BD00BF540100209A
:10B8D400B3F1FF3F08BFB2F1FF3F2DE9F74F044634
:10B8E40090469B4615461F4600F0AA80D0F800906B
:10B8F400B9F1000F08D054495448722201F078F885
:10B904007221514801F06BF88160EFF311830193C8
:10B91400202383F31288BFF36F8F4D48FFF762FF34
:10B92400824638B94B498822484801F061F8882199
:10B934004848E7E74648FFF779FFB8F1FF3F7BF156
:10B94400FF33454A1FDBFFF79DFF064601354BF1E8
:10B95400000B414A2D184BEBE073D2E90017C4E900
:10B9640004536D1843EB0707FFF784FF0346DFF822
:10B97400ECE0DEF80490F3B9C4E900E9C9F800404A
:10B98400CEF8044029E06FF00103D2E900125B1AFB
:10B994004FF0FF3161EB0202B3EB080362EB0B02E1
:10B9A400012B72F10001BCBF01234A464FF0000A8B
:10B9B400C4E90432D8E7D3E9041CD4E904208A4258
:10B9C40070EB0C0B29DA891A5A686CEB0000C3E996
:10B9D4000410C4E9003214605C60FFF74BFF84423A
:10B9E4000ED11F4B1B685BB9BAF1000F02D1FFF7F0
:10B9F40049FF0646304601F0BAFD0021FBF7BEFEC2
:10BA04001348FFF7FDFE88B9124940F231120F487E
:10BA140000F0EEFF40F231118AE7521A60EB0C009D
:10BA24009945C4E90420A7D01B68A4E7019B83F3CC
:10BA34001188BFF36F8F2846394603B0BDE8F08FF5
:10BA440000252F46F7E700BF450001005DE3000035
:10BA5400E0210020D4E30000400D00205401002028
:10BA6400DC21002070B50446EFF31186202383F314
:10BA74001288BFF36F8F1E48FFF7B4FE40B91D490B
:10BA840088221D4800F0B4FF88211A4800F0A7FF5F
:10BA94001748FFF7CBFE23680BB3FFF7EBFE054611
:10BAA4002046FFF7F9FE00224FF00043A542C4E907
:10BAB400042306D1FFF7E6FE01F059FD0021FBF750
:10BAC4005DFE00240A48FFF79BFE58B9094940F27D
:10BAD4003112094800F08CFF40F23111D5E76FF0C4
:10BAE4001504EFE786F31188BFF36F8F204670BD0E
:10BAF400E0210020D4E300005DE300002DE9F047DD
:10BB04000446EFF31188202383F31288BFF36F8F69
:10BB14003E48FFF767FE40B93D4988223D4800F0A2
:10BB240067FF88213A4800F05AFFDFF8EC90374865
:10BB3400FFF77CFEC9F80040FFF79CFE0026044690
:10BB44000027DFF8D8A0D9F80030DAE900C0D91707
:10BB540054B1D4E90452AB4271EB020E1FDAED1A70
:10BB640062EB0102C4E90452002413EB0C0340EB22
:10BB740001012046CAE90031C9F8004001F0F7FC90
:10BB84002146FBF7FBFD2148FFF73AFEB0B188F3ED
:10BB94001188BFF36F8FBDE8F047FFF7D1BD15EBF8
:10BBA4000C0340EBE570CAE90030C4E904672046A1
:10BBB400FFF772FE1548FFF723FE40B9144940F21F
:10BBC4003112144800F014FF40F23111AAE788F34F
:10BBD4001188BFF36F8F2046A3689847EFF311884D
:10BBE400202383F31288BFF36F8F0848FFF7FAFD11
:10BBF400002891D00548FFF719FED9F800305B1BE7
:10BC0400C9F80030FFF736FE04469CE7E021002027
:10BC1400D4E300005DE30000DC210020400D00209F
:10BC240070B5EFF31186202383F31288BFF36F8F6F
:10BC34001548FFF7D7FD40B914498822144800F08D
:10BC4400D7FE8821114800F0CAFE0F48FFF7EEFD29
:10BC5400FFF718FE0F4AD2E90045041945EBE075D9
:10BC64000948FFF7CDFD40B9084940F231120848B0
:10BC740000F0BEFE40F23111E4E786F31188BFF311
:10BC84006F8F2046294670BDE0210020D4E30000D8
:10BC94005DE30000400D00202DE9F84F05460C46F9
:10BCA400924601F008FC002850D12A4B9B68DE6EB6
:10BCB400002E4BD06F1E3D4207D02749172227483C
:10BCC40000F096FE1721244817E004343ED245F0D4
:10BCD400040B06F11408EFF31189202383F312886F
:10BCE400BFF36F8F4046FFF77DFD40B91C498822A2
:10BCF4001A4800F07DFE8821194800F070FE404685
:10BD0400FFF794FD224659463046D0470446404644
:10BD1400FFF776FD40B9124940F231120F4800F0A6
:10BD240067FE40F23111E7E789F31188BFF36F8FA3
:10BD340064B1204640F8046B4DB1384207D006493F
:10BD44003422064800F054FE3421BCE70020BDE84C
:10BD5400F88F00BF9C210020690001005DE3000012
:10BD6400D4E300000146024A0020FFF795BF00BF5C
:10BD7400BFC9000038B50B4C0B4DAC420FD90B4971
:10BD84000B481A2200F034FE1A21084800F027FE5E
:10BD94002046D4E9011201F051FC1834EDE7F7D341
:10BDA400002038BD10020020100200208D00010088
:10BDB4005DE30000F8B504460E4600F11405EFF308
:10BDC4001187202383F31288BFF36F8F2846FFF770
:10BDD40009FD40B916498822164800F009FE882159
:10BDE400134800F0FCFD2846FFF720FD20463146AD
:10BDF400F4F79EFC04F10C0001F0A6FB28B13946CF
:10BE04002846BDE8F840FFF735B82846FFF7F8FCA8
:10BE140040B9074940F23112064800F0E9FD40F20A
:10BE24003111DDE787F31188BFF36F8FF8BD00BFD1
:10BE3400D4E300005DE3000010B50A4C23681BB195
:10BE440001232360002010BD00F0F4F80028F7D08F
:10BE54000138072803D8044B53F8200010BD0348C9
:10BE640010BD00BFE421002080E00000FE8FFFFF32
:10BE7400BFF34F8F0549064BCA6802F4E0621343CF
:10BE8400CB60BFF34F8F00BFFDE700BF00ED00E0C4
:10BE94000400FA0530B44FF0FE3200250B4B0C4C75
:10BEA4000C494968C3F80024C3F80424C3F80824DF
:10BEB400C3F80C24C3F81024C3F81424C3F81824BA
:10BEC400C3F81C24C4F8005530BC08470050845003
:10BED400004084505C010020024BD0E90012C3E909
:10BEE400001270475C01002010B5044650B163682D
:10BEF40013F0685F05D0064A934202D000236260C3
:10BF0400236010BD034B04485B689847EFE700BF0C
:10BF14002C5F5CA95C010020A0E00000C8B143686C
:10BF24000D4A934213D013F0685F0ED0012350E8FA
:10BF3400002F194640E8001C9CF0000FF7D1012A9D
:10BF4400F5D0BFF35F8F0020704704487047044862
:10BF540070476FF4E04070472C5F5CA9E98FFFFFE6
:10BF6400EA8FFFFF034680B1426809498A420AD03A
:10BF740012F0685F05D0BFF35F8F002210461A608D
:10BF8400704704487047044870476FF4E0407047B6
:10BF94002C5F5CA9E98FFFFFEA8FFFFF10B5044611
:10BFA40020B10023034A2360626010BD0248FFF7FA
:10BFB40071FFF6E73A00003AC8E0000070B5194C8A
:10BFC400D0F804C00668C4F804C0D0F808C0C0683B
:10BFD400C4F808C0E06026600868134B134D18606D
:10BFE4004868D5F818215860886812F0685F98602E
:10BFF400C8680969D860196112D000230C4A05F594
:10C004008A70C5F81431C5F8B831C5F81821C5F8D7
:10C01400BC21B047236805F5DC70BDE870401847C3
:10C0240070BD00BF7801002064010020FC210020C5
:10C034002C5F5CA908B500F011F830B900F010F8D5
:10C0440038B9054AC2F80C0A08BD00F037F80320D5
:10C0540008BD042008BD00BF005084500020704774
:10C0640010B5114800F048F800B110BD0F4800F0B9
:10C0740043F80028F9D10E4C204600F03DF8002882
:10C08400F3D10C4B0C481C6000F036F80146002834
:10C09400EBD100F02DF8044608B1204610BD00F0A5
:10C0A4003FF82046FAE700BFB8010020B4010020A1
:10C0B400B0010020A8010020AC01002008B5084808
:10C0C40000F024F8074800F021F8074800F01EF8B3
:10C0D400064800F01BF8BDE8084000F00BB800BFAC
:10C0E400B8010020B4010020B0010020AC01002000
:10C0F40000207047704700BF08B5034B02681B68F7
:10C1040010689847002008BD7801002008B5034B4B
:10C1140002685B6810689847002008BD7801002019
:10C1240070B5094C094D2069AB68984718B1084BA4
:10C1340008485B6898470021074AEB68116020694A
:10C14400BDE87040184700BF64010020780100205A
:10C154005C010020ECE00000F82100202DE9F04F04
:10C1640043688DB015468046029383789A0740F160
:10C174000D8100240E78002E00F00A81252E0BD0AC
:10C184004B1C0393013441463046029B98470028D8
:10C19400C0F2F6800399EDE74E788B1C252E0393AD
:10C1A400F0D00027B946BB46BBF11F0F38D8A6F123
:10C1B4002003102B0AD8DFE803F02A090930090903
:10C1C400092109090928092D09091F00A6F13003CD
:10C1D400092B33D92A2E37D11BF0400F55F8043BD5
:10C1E40040F08280002BA7BF4BF0200B9946C3F18F
:10C1F40000094BF0280B01E04BF0010B039B13F8F3
:10C20400016B0393002ECFD130E04BF0020B4BF0C7
:10C21400040BF3E74BF0080BF0E74BF0100BEDE7E2
:10C22400BBF17F0F19D8A6F13003092BD2D81BF02C
:10C23400400F03D00A2101FB0737DFE70A214BF047
:10C24400200B01FB0939D9E72E2E06D11BF0400F34
:10C2540040F09E804BF0400BD0E76C2E31D02BD8B1
:10C26400682E36D06A2E3CD04C2E3AD0002F46F0A1
:10C274002003B8BF2BF04002A3F16501BCBF002727
:10C284001FFA82FB022901D9612B2FD10735072719
:10C29400DFF8ACA225F0070508351BF0080F66D0BF
:10C2A4000AEB070B56465E4563D1A4EB0A0AA9EBD9
:10C2B400070906EB0A026FE1742E9FD07A2E9DD0F7
:10C2C400D4E71BF0800F18BF4BF4007B4BF0800BBE
:10C2D40094E71BF4807F18BF4BF4007B4BF4807B06
:10C2E4008CE74BF4207B89E71F4687E7A6F16301BF
:10C2F400122900F2F080DFE811F013004F00EE0085
:10C30400EE00EE00EE004F00EE00EE00EE00EE0058
:10C31400EE00FE00E900EE00EE001B00EE00AF00B0
:10C3240055F8043B01270DF1180A8DF81830B4E7CD
:10C3340055F804AB834BBAF1000F08BF9A461BF0C3
:10C34400400F504614BF39464FF0FF3101F0BFF99A
:10C354000746A2E741462020029B984700280FDBAE
:10C36400013EB742F6D34C44B146A41B98E74E466F
:10C37400F7E7414616F8010B029B9847002892DA2A
:10C3840098F8023043F0040388F802304FF0FF3489
:10C3940020460DB0BDE8F08F1BF0800F34D01BF4A5
:10C3A400007F2CD0073525F00705AA4669685AF89E
:10C3B400080B2BF010050029ADB237DA404245F4E2
:10C3C400806561EB41010DF1180B0A235A4601F017
:10C3D4008AF9A0EB0B0301936B0662D5019B25F050
:10C3E40001019F4289B240F3A180002E00F09980A0
:10C3F40015F0100240F09C80BB460D4623E0AA468F
:10C404005AF8040BC117D4E7AA461BF4807F5AF8E4
:10C41400041B01D10846F5E71BF4007F19BF48B29D
:10C4240041F3C01108B241F3C031C2E750EA01033D
:10C43400C9D11BF0400FC6D0002FC4D12BF011027C
:10C44400BB46019795B240F2064115EA01021CBFB2
:10C454000BF1010B00222CE02BF010020A231FFA2F
:10C4640082FB1BF0800C49D01BF4007115BF07350B
:10C47400AA4625F007055AF8040B1EBFAA466968A8
:10C484005AF8080B50EA010545D12BF016051BF0AC
:10C49400400FADB242D0002F40D12BF017020197CC
:10C4A40095B215F0100248D0019B002E42D103F141
:10C4B400010B29075AD4EB0706D5D9456FDDA9EB43
:10C4C4000B030199CB465F185B4649E04BF0100B18
:10C4D40010237826C5E7782B04D1C6F1780343F0FE
:10C4E4001003BEE741462520029B98470028FFF62B
:10C4F40047AF023447E608230026B2E7AA461BF4F6
:10C5040080715AF8040BBDD01BF400711ABFC0B27D
:10C51400614680B2B6E72BF0060295B20DF1180B16
:10C5240054E725F01105BB46ADB28CE70D46B8E7DC
:10C534003B460D4603F1020BBBE7DDF804B082E78E
:10C54400B6000100AF000100CDE9043241462020CD
:10C55400029B98470028FFF613AF049B059A01330A
:10C564009945F1DCA4EB0B019B46CC180AB3414678
:10C574003020029B98470028FFF602AF8EB90134A1
:10C584002744391B019B994224DC1D4655BB019A63
:10C59400A9EB0B09554622441446914433E0019F0C
:10C5A40092E7023441463046029B98470028E7DA76
:10C5B400E6E640F206410D42E2D015F0020F04F126
:10C5C4000104414614BF2B20202015F4806F18BFAE
:10C5D4002D20E9E741463020029B0134984700288A
:10C5E400CFDACDE606AB013D4146585D029B984744
:10C5F4000028CBDAC4E641462020029B0134984748
:10C604000028FFF6BDAEA9EB0403002BF3DCC1E563
:10C614007047436818697047836800EBC101B3F53C
:10C62400004F2CBF51F8220031F81200704700EB84
:10C63400C1018068B0F5004F2CBF41F8223021F8C9
:10C6440012307047012208B5FFF7E6FFD04008BD5D
:10C65400836800EBC101B3F5004F08D34B681AB1EE
:10C6640043F001034B60704723F00103FAE74B8862
:10C674001AB143F001034B80704723F00103FAE73A
:10C6840053000122FFF7D3BF8368B3F5004F34BFD3
:10C6940004230823C91A081AC0087047B0F5004FCC
:10C6A40034BF042308230731C818C00870470A465A
:10C6B40008B50121FFF7F2FF0132121AB2FA82F033
:10C6C400C0F11F0008BD2DE9F041174603220E46B4
:10C6D4000446FFF7A1FF8642054607F104080AD184
:10C6E4000122E368BA4023EA0203E360002344F82A
:10C6F4002830BDE8F081314602222046FFF78CFF46
:10C7040006462B4601460322204644F82850FFF7EC
:10C714008EFF334629462046BDE8F0410222FFF74A
:10C7240086BF70B50D4686680446FFF78BFFB6F5E5
:10C73400004F014601D3012809D03046FFF7B7FF67
:10C74400294602462046BDE87040FFF7BCBF70BDD5
:10C754002DE9F047054680688846FFF7A8FF05EBFA
:10C76400800ADAF810900646B9F1000F1BD00327AF
:10C77400DAF8104028462146FFF764FF404507D306
:10C78400324621462846FFF79EFF2046BDE8F08743
:10C79400032221462846FFF73FFF013FCAF8100055
:10C7A40001D08145E4D14FF0FF34EB680136B44049
:10C7B4001C40EAD094FAA4F2B2FA82F2131D55F89E
:10C7C4002340DEE72DE9F04114460E460546FFF707
:10C7D40039FFA4EB0608371B074442463146284676
:10C7E400FFF74EFF3A4621462846FFF749FF4346E6
:10C7F400002221462846FFF71AFF21462846FFF764
:10C8040021FF3B46211800222846BDE8F041FFF7EE
:10C814000EBF2DE9F041164604460F46FFF712FFFE
:10C82400314605462046FFF70DFF05442A463946A2
:10C834002046FFF725FF31462046FFF703FF2B462E
:10C84400311800222046BDE8F041FFF7F0BE2DE983
:10C85400F0410D4686680446FFF7F4FEB6F5004F36
:10C86400014601D3012832D03046FFF720FF04EB04
:10C8740080010E6996B90122E36882401343E360A4
:10C8840002220D612B4629462046FFF7D0FE0322E3
:10C8940029462046BDE8F041FFF7C9BE02223146D1
:10C8A4002046FFF7B9FE0746034629462046FFF710
:10C8B400BEFE0322334629462046FFF7B8FE39461A
:10C8C4002B462046FFF7B3FE02223146E1E7BDE8DE
:10C8D400F081F8B50C460546FFF7B4FE2618012290
:10C8E40031462846FFF798FEC3070CD43146284644
:10C8F400FFF717FF21462846FFF7A4FE214622181A
:10C904002846FFF786FF002221462846FFF784FECB
:10C91400271A012239462846FFF77EFE10EA02064E
:10C9240013D139462846FFF7FCFE214632462846F5
:10C93400FFF772FE2246211A2846FFF76AFF2146B6
:10C9440032462846FFF768FE241A21462846BDE8E9
:10C95400F840FFF77CBF70B5066809B9002070BDC8
:10C96400B068B0EBD10FF9D9FFF798FE0146054640
:10C974003046FFF7EDFE04460028EFD0014630466E
:10C98400FFF760FEA84209D92544214630462A46CD
:10C99400FFF718FF29463046FFF759FF30460122BA
:10C9A4002146FFF755FEB368B3F5004F34BF0423A7
:10C9B400082303EBC4031844D1E71146FFF7CBBFA8
:10C9C400002070470FB407B504A951F8040B019176
:10C9D400F3F77AFF03B05DF804EB04B0704700236B
:10C9E40083F31188BFF36F8F0423184602DF704767
:10C9F4000FB407B504A951F8040B0191F3F764FFD0
:10CA040003B05DF804EB04B07047002203680BB96F
:10CA1400184670478B4210D10B6842B942680360D4
:10CA2400914200D14360002301200B6070471360E2
:10CA34004368994208BF4260F5E71A461B68E6E777
:10CA4400838B13F0070305D10368002B0CBF002070
:10CA540003207047022B05D1C08BB0FA80F0400947
:10CA640080007047012B05D10368002B0CBF002008
:10CA7400052070470020704710B50C4600B111B96D
:10CA84006FF0150010BD081D00F02FF80028F9D133
:10CA9400A368032BF6D9F3E72DE9F0410D460746C9
:10CAA4001946281D90461E46F4F74AFA044638B142
:10CAB4003346424629463846A446BDE8F04160471D
:10CAC400BDE8F08138B50C46054658B151B10B6844
:10CAD40043B14B6833B12022002100F0E0FD002077
:10CAE4002C6138BD6FF01500FBE7034658B142686E
:10CAF40002F00302012A03D0032A04D1026812B10E
:10CB04000020986070476FF01500704770470FB4AD
:10CB140007B504A951F8040B0191F3F7D5FE03B04E
:10CB24005DF804EB04B07047006838B150F8043C79
:10CB340004385B688B4201D04068F6E770470068B0
:10CB440048B150F8043C04385B685B689B788B42BE
:10CB540001D04068F4E7704730B5006888B150F8F8
:10CB6400043C04385B681A6A1D7F0023043ADCB273
:10CB7400A54201D84068F1E7013312F833408C42F2
:10CB8400F5D130BD002008B5F3F7D0FE01460068AA
:10CB9400F5F7E0BA08B5F5F715FBBDE80840F5F779
:10CBA40035BB00210120F5F7D5BA036E83F30B885A
:10CBB400704761B662B680F31188BFF36F8F704718
:10CBC40008B572B6002383F31188BFF36F8FF6F7AD
:10CBD40089F950B1BFF34F8F30BF00BF00BF00BF12
:10CBE40000BF00BF00BF00BF00BF62B6BFF36F8FBE
:10CBF40008BD10B5044672B6002383F31188BFF351
:10CC04006F8FF6F76FF950B1BFF34F8F20BF00BF9E
:10CC140000BF00BF00BF00BF00BF00BF00BF84F360
:10CC24001188BFF36F8F62B610BD40E800F313F4B0
:10CC3400803FD8B208BF6FF01500704730B50C685C
:10CC44004B6885B00A894D890094013B24F01F0488
:10CC5400234402F01F0242EA451223F01F036946EF
:10CC64008DF808200393F5F7F7FE05B030BD08B53D
:10CC7400F6F704F9002008BD4FF05023012270B5E7
:10CC84000C460546C3F814260020F6F7D7F92846C3
:10CC94002346BDE87040002118478170704700208A
:10CCA4007047036942685B68526800201374C3F3D9
:10CCB40007235374704761281BD010D836281AD024
:10CCC40007D81D2819D0A0F12A0148424841400044
:10CCD4007047A0F1380250425041800070477D28CF
:10CCE4000DD07E280DD0A0F1640358425841800134
:10CCF400704710207047202070470120704708209B
:10CD040070478020704710B503690446C0E90533B5
:10CD14000023C360837F13B1407AF8F7E5F9012358
:10CD2400237700236377E377A37710BDFCF76EBE08
:10CD3400FCF722BF38B50446F6F75CFC054660B143
:10CD4400037A6BB120460024F8F770FA2846AC77D2
:10CD5400FFF7D9FF20462C7238BD6FF01500FBE7B2
:10CD64006FF07700F8E770B504460E461546F7F7FE
:10CD740073FA30B906B925B12046BDE87040F7F71B
:10CD8400C1BA70BD10B50C46F7F732FBEFF311834F
:10CD9400202282F31288BFF36F8F02692260027B24
:10CDA4002AB9807D83F31188BFF36F8F10BD0420EF
:10CDB400F8E7F8B5069F0469C9B2EFF31186202598
:10CDC40085F31288BFF36F8F0C2569430C44D4F8A4
:10CDD400885005F0070CBCF1010F0CD1C4F8887021
:10CDE40086F31188BFF36F8FC4E9202343685B582F
:10CDF40098470020F8BD05F0C005AF4286F31188BE
:10CE0400BFF36F8F0CBF6FF077004FF0FF30F1E787
:10CE140013B580240094FFF7CCFF02B010BD006965
:10CE2400CBB200EB4310002110470320FAF722BFD6
:10CE34000220FAF71FBF0020FAF71CBF0320FAF7FD
:10CE44009BBF0220FAF798BF0020FAF795BF10465F
:10CE5400FDF770B88022F8F7ABBA436800205B682E
:10CE64001B690B607047436802EA01005B6821EAB2
:10CE7400020198600020D9607047436800205B6815
:10CE840099607047436800205B68D96070474368C5
:10CE94005A68536821EA03000B4090600020D36075
:10CEA4007047082913B528BF08214FF47F020C46A8
:10CEB400D2F80432D2F808221BBA12BA00920A46F7
:10CEC4006946019300F0C4FB204602B010BD01295D
:10CED400036907D193F8F10010F001000CD003F1BD
:10CEE4001400704739B993F8F10010F0020003D030
:10CEF40003F17C0070470020704713B50C460022F4
:10CF0400002369465030FCF7C3FC20B9009B6360E2
:10CF1400019B9B082381B0FA80F0400902B010BD48
:10CF240070B590F8ED300446012B0E4613D0F8F797
:10CF340079FE054640B90423D4F8E40084F8EC30C3
:10CF4400FBF796FE284670BD94F8ED301BB9D4F873
:10CF540088309B08338173683146D4F8E400C4F800
:10CF6400E830FBF7DDFD0125ECE791F8E83010B57A
:10CF7400012B0C4609D1D1F8E000FBF79DFE54F8D3
:10CF8400040CBDE81040F3F72FBF081FBDE81040A4
:10CF9400F8F75CBE4B1E012B73B504460D461ED834
:10CFA40000F150060022002369463046FCF770FC6D
:10CFB40080B1022D15D104F1B80500220023694681
:10CFC4002846FCF765FC60B90099D4F88400FCF7A6
:10CFD400DFFAF2E70099E069FCF7DAFAE2E7002900
:10CFE400E9D002B070BD38B50C46056983685B684A
:10CFF400984718B923682A685340236038BD03460C
:10D00400012270B58A4201DB012070BD9E6805686B
:10D014001C46AE420BD1DE89C588AE4207D1257BC2
:10D02400047908331444A54201D10132EAE700200F
:10D03400EBE770B540F2E7300C464FF4004551F889
:10D04400043C00215B684FF47A721E680023E6FBFF
:10D054000501F3F77DF802460B4604F11400BDE820
:10D064007040FDF745BB43681B681B68184770B5E3
:10D074000D6904463DB94FF0FF324FF0FF3300F025
:10D0840091FA204670BD4FF4004640F2E73000218B
:10D094004FF47A720023E5FB0601F3F759F80246D0
:10D0A4000B462046EBE700697C30FCF743BF30B504
:10D0B40043681360057A446804EBC504A34202D3B1
:10D0C4006FF0010030BD5C798C4201D00833F0E789
:10D0D4000020F7E743681B68D3F88004C3F8800492
:10D0E400704742681368D3F8100150B10020126AE7
:10D0F40012780A70C3F81001D3F8102101221A60C3
:10D1040070474FF0FF30704702680346D2F8580169
:10D1140040B95B68DB0706D4D2F82001003818BF99
:10D12400012070470120704743681B68D3F804232B
:10D13400D20517D5D3F82021A2B1EFF31182202113
:10D1440081F31288BFF36F8FD3F8201131B100211E
:10D15400C3F82011D3F820110121D96082F311887A
:10D16400BFF36F8FD3F85831704713B501AA044643
:10D17400FFF79DFF002805DB019B226819791868D9
:10D18400F9F7A8FF02B010BD08B5FAF791F908BD88
:10D19400FEF752BE08B5F4F7DFFEF4F7C5FFBDE8AD
:10D1A4000840FEF749BE004700F0BFB838B5044652
:10D1B4001546FAF76BFC29462046BDE83840FAF7D5
:10D1C40079BC43090AD0012B0BD14FF6FF7300F051
:10D1D4001F0023FA00F000F0010070474FF0FF3306
:10D1E400F5E7002070472DE9F3411746DDE90858BB
:10D1F400019001A80C461E46FAF73AFE019B391E1F
:10D2040018BF012100EB8300231E18BF0123002E49
:10D2140043EA410314BF0C210021002D43EA01031A
:10D2240014BF4FF470610021B8F1000F43EA010309
:10D2340014BF4FF440310021D0F800220B4322EAFE
:10D24400030304B124780FB13F787F001C430EB16F
:10D254003678B6003C438DB1297809023443B8F1DD
:10D26400000F03D098F800804FEA0848214341EAB0
:10D274000801C0F8001202B0BDE8F0812946EDE7CC
:10D284001FB50DF10F03019300238DF80F101A46FB
:10D2940019460093FFF7A7FF05B05DF804FB08B536
:10D2A4000146FAF755FE10B10846FAF76BFE00F096
:10D2B400010008BD38B5054608460C46FAF762FE7B
:10D2C400B0B10846FAF744FE90B90846FAF734FEBE
:10D2D40001232A688340C2F808332A6803B202EBA8
:10D2E4008303D3F8102522F00302C3F8102538BDB8
:10D2F4002046BDE838400021FFF7C2BFFAF7DCBE84
:10D30400FFF7D8BF00221146FBF72EBA01220021F5
:10D31400FBF72ABA01221146FBF726BA08B5FBF738
:10D32400F1FDBDE80840FAF741BD08B1F5F774BE58
:10D33400704740B1C368587810F001001EBF1878D8
:10D34400B0FA80F04009704710B54369044633B918
:10D354000020E268537843F00103537010BD9847EE
:10D364000028F5D00028B8BF4042FF28A8BFFF20FE
:10D37400E3681870EDE700F092B900F069B98169CB
:10D38400C36843EA010212F003020FD10261426949
:10D39400013A01FB0233C2689A4201D90020704766
:10D3A40002691A60826903619B1AF4E76FF0150041
:10D3B400704710B5C0E905320023C160C3618360C2
:10D3C4000446FFF7DCFF0028A8BFC4E9004410BDF1
:10D3D400C0E9032303FB02120023C0E90621C0E9CC
:10D3E400000041610162436280F828308360704725
:10D3F40090F90E308B4201D0FDF77EBC00207047BF
:10D4040003460020C3E90033C3E90200704710B5A6
:10D41400044630B10268930703D0446809B100F0B0
:10D4240006F9204610BD012307B5009300230A46E0
:10D434001946FCF763FC03B05DF804FB3AB18A4279
:10D4440005D3C0E90212C0E90000002070476FF064
:10D4540015007047012302688B4022EA030303602E
:10D4640022FA01F000F00100704710B503210446D0
:10D474000C30FFF7EFFF30B104F11000FEF7F2FAC1
:10D48400B0FA80F0400910BD20B100228C30114662
:10D49400FEF788B8704710B5FCF7E2FF041E08DDFC
:10D4A400EFF31180202383F31288BFF36F8FFDF70E
:10D4B40019FD204610BDEFF30580003818BF012088
:10D4C40070476FF05700704700207047D0E9003272
:10D4D40013605A600023C0E90033704738B504462E
:10D4E4000D46FDF7C5F9637B43F002036373E5B1B1
:10D4F400A5602B689D4209D16B68C4E900531C6088
:10D504006C6012E06A689A42F6D01B68002BF3D074
:10D5140094F90E2093F90E108A42F3D09142F1DD72
:10D524005A68C4E9003214605C6038BD01211838BF
:10D53400FDF736BB10B50446FDF7FCFA04F11800FC
:10D54400BDE81040FEF78EBA38B5054604680020E1
:10D55400AC4200D138BD002CFCD02046FFF7EAFFD6
:10D564002046FDF7B3FA2C680120A542F1E708B57F
:10D574000246FEF77FF970B1D0E904319B1A61EBE2
:10D58400E272B3F1004F72F1000104DA002AACBF79
:10D594001846002008BD6FF00040FBE708B5FEF711
:10D5A4003FFB08BDB3F1FF3F08BFB2F1FF3F70B5C9
:10D5B40004461D46164613D01A4315D06FF00102D7
:10D5C4004FF0FF33921B63EB0501002904DAFEF7E9
:10D5D40027FB821941EB0501C4E90021204670BDF7
:10D5E4004FF0FF321146F7E70022FBE7B3F1FF3FAC
:10D5F40008BFB2F1FF3FF8B5074616461C4610D0E7
:10D6040054EA020311D0FEF70BFBB0420A46A141D3
:10D6140003460AD2F31A64EB0204C7E9003438461D
:10D62400F8BD4FF0FF331C46F7E70023FBE720B1BA
:10D63400011F50F8040CFEF7BDBB704710B400F195
:10D644000C04C0E903440024446110BCF3F7AAB8F5
:10D654000A44431E914200D1704710B511F8014BA2
:10D66400914203F8014FF9D110BD884210B501EB86
:10D67400020402D98442234607D8431EA14208D09B
:10D6840011F8012B03F8012FF8E7024401468A42FE
:10D6940000D110BD13F8014D02F8014DF7E7024423
:10D6A4000346934200D1704703F8011BF9E701399F
:10D6B400024410B5904201D1002005E0037811F82E
:10D6C400014FA34201D0181B10BD0130F2E70246FE
:10D6D400014410B58A42134603D01C780132002C51
:10D6E400F8D1181A10BDF0B5C3F13707044603F09A
:10D6F4001F031046FFB2082BE6B232D0102B3DD0E8
:10D704006508A40845EAC17544EA81748A082D199C
:10D7140042EB5102290941EA02716D1842EB1212DF
:10D72400290A41EA02616D1842EB1222290C41EAEE
:10D7340002416D1842EB1242AD1842F10002EC08AE
:10D7440044EA4274D10804EB8402A6EB4205EDB22C
:10D75400092D0CD90134A5F10A0541F10001EDB2FE
:10D7640012E0E40806F0070544EA4174C9083035BC
:10D7740054EA010200F8015BBDD1F0BD240906F0B2
:10D784000F0544EA01740909092D84BFED19EDB2AE
:10D79400EDE70000014800687047000038140020DD
:08D7A400E429FF7F01000000F1
:10D7AC000000000044D8000071940000000000004C
:10D7BC0079BD0000000000000000000084D80000CB
:10D7CC000000000064D8000095D1000000000000AB
:10D7DC0000000000A4D800009D57000000000000CD
:10D7EC000177000000000000A92E000000000000DE
:10D7FC0000000000C4D8000099D100000000000017
:10D80C00BDA000000000000000000000E4D80000F3
:10D81C00C5360000000000000000000064D90000C4
:10D82C000000000044D900000000000024D90000D2
:08D83C000000000004D9000007
:10D8440081F50000D0DD000018DC0000C2010020DA
:10D85400601F00205554000000000000000000007C
:10D8640023F6000000DE0000E0DB0000C40100201D
:10D8740014200020E15B0000000000000000000014
:10D884002FF6000018DE0000E0DB0000C6010020D7
:10D8940020200020E15B00000000000000000000E8
:10D8A4003CFB0000FCDF000034DC0000CE01002063
:10D8B400C02000205573000000000000000000009C
:10D8C400C8E100004C030020A8DD0000BE010020D8
:10D8D40094140020A3CC000000000000000000000D
:10D8E400B8F9000030DE000004DC0000C8010020AC
:10D8F4003C000020155D0000000000000000000056
:10D9040021E3000008DD000030DD0000BC01002040
:10D914000000000075050000000000000000000089
:10D924001CF20000ACDD000000000000C00100207B
:10D93400B414002055350000000000000000000071
:10D9440086FA000090DE000000000000CA010020FA
:10D95400900400202969000000000000000000007D
:10D96400ECFA0000B4DF000000000000CC0100204D
:10D97400A0240020C56A0000000000000000000090
:10D9840000000000A7CB000000000000A7CB0000AF
:10D9940000000000A7CB000000000000A7CB00009F
:10D9A40000000000A7CB000021D30000ABD1000091
:10D9B40000000000A7CB000000000000A7CB00007F
:10D9C400A4D800002DD1000000000000A7CB000067
:10D9D40000000000A7CB000000000000A7CB00005F
:10D9E40000000000A7CB0000C5850000ABD10000FB
:10D9F40000000000A7CB000000000000A7CB00003F
:10DA040000000000A7CB000000000000A7CB00002E
:10DA140000000000A7CB000000000000A7CB00001E
:10DA240000000000A7CB000000000000F974000013
:10DA340000000000A7CB000000000000A7CB0000FE
:10DA440000000000A7CB000000000000A7CB0000EE
:10DA540000000000A7CB000000000000A7CB0000DE
:10DA640000000000A7CB000000000000A7CB0000CE
:10DA740000000000A7CB000000000000A7CB0000BE
:10DA840000000000A7CB000000000000A7CB0000AE
:10DA940000000000A7CB000000000000A7CB00009E
:10DAA40000000000A7CB000000000000A7CB00008E
:10DAB40000000000A7CB000000000000A7CB00007E
:10DAC400598D0000ABD1000000000000A7CB00007E
:10DAD40000000000A7CB000000000000A7CB00005E
:10DAE40000000000A7CB000000000000A7CB00004E
:10DAF40000000000A7CB000000000000A7CB00003E
:10DB040000000000A7CB000000000000A7CB00002D
:10DB140000000000A7CB000000000000A7CB00001D
:10DB240000000000A7CB000000000000A7CB00000D
:10DB3400B1480000ABD1000059900000ABD1000007
:10DB440000000000A7CB000000000000A7CB0000ED
:10DB540000000000A7CB000000000000A7CB0000DD
:10DB640000000000A7CB000000000000A7CB0000CD
:10DB740000000000A7CB000000000000A7CB0000BD
:10DB840000000000A7CB000000000000A7CB0000AD
:10DB940000000000A7CB000000000000A7CB00009D
:08DBA40000000000A7CB000007
:10DBB00070030020A824002000040000613400004D
:10DBC0000000000000000000000000000E00000047
:10DBD000000000004EF10000000000000000000006
:10DBE000E55900005FCE00006BCE00007FCE000044
:10DBF00089CE000093CE0000C5580000ED5700000C
:04DC00000000000020
:10DC040015600000D3CE0000356500009D5D000066
:04DC14006D6300003C
:10DC1800B954000059CE000015CE000000000000E5
:0CDC28008153000000000000000000001C
:0CDC3400E7D00000A1720000D9D0000071
:10DC400075E3000003000000ADF5000003000000D4
:10DC50006CFB000003000000F4FA00000300000069
:10DC6000C2F90000030000004EF1000003000000B4
:10DC70008DFA000003000000FEFA0000030000001F
:10DC800016F2000003000000A3E200000400000000
:10DC9000F6ED00000300000034F500000300000072
:10DCA000AAFE000003000000DDEE000003000000FB
:10DCB00046FB000003000000D9E70000030000005D
:10DCC00064E6000003000000CDF000000300000047
:10DCD000E3F40000030000000AE800000300000075
:08DCE0002AE30000040000002B
:10DCE80000000000490400000000000044D90000C2
:08DCF8007935000024D9000079
:10DD00000338FDD870470000E4D80000CC000000C4
:10DD1000F0010020050000000400000035E30000D1
:10DD20001E0000000A0000002C010000000E080088
:10DD3000010600000000000017C6000000000000FF
:10DD400089CB00001C000020140000200C000020E3
:10DD5000000000000400002099200000691F00005E
:10DD6000BD1F000031200000000000200000000066
:10DD700006000100020000007CDD00000000000041
:10DD8000A4EE000006000000E0FF0F0000000020ED
:10DD9000ACEE000021000000E0FF0620C1300000D2
:10DDA0007DCC0000000000000000000044D900000D
:10DDB0000CE1000044000000061100007138000072
:10DDC00000000000455300002D540000000000003A
:10DDD000E1550000ED5400008CF500003BCE000042
:10DDE0004DCE000092F5000035CE000047CE000079
:10DDF00098F500002FCE000041CE0000A2F50000F3
:10DE0000FFFF000000288450000000000100000017
:10DE100000D0005000000000FFFFFFFF00258450ED
:10DE2000000000000000000000D0005000000000D2
:10DE3000755E00000080025000000000FFFFFFFF41
:10DE4000FFFFFFFFFFFFFFFFFFFFFFFFFFFFFFFFE2
:10DE50000700000001010000000000200000000198
:10DE6000010000006CDE0000010000000080025094
:10DE700078DE00000100000080DE000004000000E9
:10DE80002F00000D2C00000F2D0000122E0000119D
:10DE9000A8DF0000071100008813000088130000AD
:10DEA0006400000010270000204E00003200000037
:10DEB00001000000000000008F2400207E240020CC
:10DEC0006D2400205C240020E523002070DF00008A
:10DED000E8DE00006C200020B565000000000000B6
:10DEE000000000000000000064D8000006000100EF
:10DEF00064D800000700010084D800001900010068
:10DF000084D800001600010084D800001A00010027
:10DF100084D800001800010084D80000140001001B
:10DF200064D800000800010084D800000600010049
:10DF300064D800000000010064D800000100010066
:10DF400084D800000500010084D80000040001000E
:10DF500064D800000B00010084D800001F000100FD
:10DF600084D800001E00010064D800000A000100EF
:10DF700064D800000400110064D8000005001100FE
:10DF800084D800001700110084D800000700110099
:10DF900084D800001300110084D80000070011008D
:10DFA00084D800000E00110031680000B166000046
:10DFB000456700001E00000004000000CCDF0000E8
:10DFC000A8090020E56C00000000000084D80000D3
:10DFD000170011000B00000084D800001800110089
:10DFE0000200000084D800000800110003000000B7
:10DFF00084D80000090011000400000000800050D7
:10E00000010000000000000020E000000000D60138
:10E010000000000000000000A1240020A024002037
:10E02000008000502CE000000100000034E00000FF
:10E030000400000014000000130000021606000196
:10E040001506000308000000030000003FFE00006A
:10E050004DFE000061FE000070FE00007CFE00002E
:10E06000ACD70000ACD70000ECD70000F4D700001C
:10E0700044D8000044D8000082FF000000010000E6
:10E08000FF8FFFFFFF8FFFFFFE8FFFFFFE8FFFFF62
:10E09000FD8FFFFFFC8FFFFFFC8FFFFFFB8FFFFF5C
:10E0A0006D757465785F667265652063616C6C651B
:10E0B000642077697468204E554C4C207061726101
:10E0C0006D6574657200000043616E277420696E8F
:10E0D000697469616C697A65206D757465782C2046
:10E0E000776173204E554C4C0D0A0000436F756CE0
:10E0F00064206E6F74206C6F636B20706F77657235
:10E100002073617665206D75746578000000B70036
:10E11000B800B900BA0000000000000000000000D4
:10E12000A500A400A3007100000000000000010091
:10E130003B003C003D003E0000003F00400041002D
:10E1400042004300440057005800D20046007700C8
:10E150002900020003000400050006000700080073
:10E1600009000A000B000C000D000E006E00660096
:10E1700068000F00100011001200130014001500B9
:10E1800016001700180019001A001B002B006F0062
:10E190006B006D0020000000300001004000020014
:10E1A0006000030080000400C000050000010600BC
:10E1B0008001070000020800040100012401200181
:10E1C00002000100000200014849445F300045524E
:10E1D000524F523A2043616E6E6F742066696E64CE
:10E1E00020484944206465766963650A00455252B7
:10E1F0004F523A204661696C656420746F20696EE5
:10E20000697469616C697A652055534220484944B4
:10E210002028657272202564290A004552524F5207
:10E220003A204661696C656420746F20656E616296
:10E230006C65205553422028657272202564290A96
:10E2400000327832204B657970616420484944205F
:10E250006170706C69636174696F6E20726561646E
:10E26000792E0A0005010906A101050719E029E731
:10E270001500250175019508810275089501810336
:10E280007501950505081901290591027503950188
:10E290009103750895061500256505071900296580
:10E2A0008100C06D61696E0025633A2049325320B8
:10E2B000636F6E666967757265206661696C656417
:10E2C00020282564290A0025633A2025733A20690D
:10E2D0006E76616C696420636F6C6F7572206D611E
:10E2E0007070696E670A0025633A20545820736C79
:10E2F000616220616C6C6F63206661696C6564208B
:10E30000282564290A0025633A206932735F7772F1
:10E31000697465206661696C656420282564290A32
:10E32000007773323831324030007773323831320F
:10E330005F693273000201030004574553545F5470
:10E340004F504449522F7A65706879722F6C696218
:10E350002F686561702F686561702E6300415353AB
:10E36000455254494F4E204641494C204020257388
:10E370003A25640A0063627072696E74665F706148
:10E38000636B616765004661696C656420746F202A
:10E390007265626F6F743A207370696E6E696E6732
:10E3A00020656E646C6573736C792E2E2E0A00578F
:10E3B0004553545F544F504449522F7A65706879E1
:10E3C000722F6C69622F7574696C732F6F6E6F6634
:10E3D000662E6300574553545F544F504449522FA3
:10E3E0007A65706879722F696E636C7564652F7ACF
:10E3F00065706879722F7370696E6C6F636B2E68CD
:10E4000000574553545F544F504449522F7A65701A
:10E410006879722F6C69622F7574696C732F6E6FD7
:10E42000746966792E6300574553545F544F5044C6
:10E4300049522F7A65706879722F73756273797398
:10E440002F7573622F6465766963652F7573625FDC
:10E450006465766963652E630025633A20456E64C2
:10E46000706F696E7420307825303278206973209F
:10E47000696E76616C69640A0025633A20456E64B2
:10E48000706F696E742030782530327820616C723C
:10E49000656164792064697361626C65640A002552
:10E4A000633A204661696C656420746F2064697307
:10E4B00061626C6520656E64706F696E742030787F
:10E4C000253032780A0025633A205365742068614C
:10E4D0006C74206570203078253032780A0025630E
:10E4E0003A20436C6561722068616C74206570200D
:10E4F0003078253032780A0025633A20456E647002
:10E500006F696E742030782530327820616C7265C6
:10E5100061647920636F6E666967757265640A006D
:10E5200025633A204661696C656420746F20636FCF
:10E530006E66696775726520656E64706F696E746A
:10E54000203078253032780A0025633A20456E6401
:10E55000706F696E742030782530327820616C726B
:10E560006561647920656E61626C65640A0025638B
:10E570003A204661696C656420746F20656E616243
:10E580006C6520656E64706F696E7420307825301C
:10E5900032780A0025633A204661696C656420740C
:10E5A0006F20777269746520656E64706F696E7430
:10E5B00020627566666572203078253032780A00F0
:10E5C00025633A20526571756573742062756666BD
:10E5D000657220746F6F20736D616C6C0A00256327
:10E5E0003A205553422064657669636520737570DF
:10E5F000706F727420616C726561647920656E6100
:10E60000626C65640A0025633A204661696C656442
:10E6100020746F20636F6E6669677572652055534D
:10E62000422064657669636520737461636B0A00D8
:10E6300025633A204572726F6E656F75732064654D
:10E64000766963652064657363726970746F7220A4
:10E650006F7220624D61785061636B657453697AA3
:10E6600065300A007573625F6465766963650030C2
:10E670003132333435363738394142434445460028
:10E68000574553545F544F504449522F7A65706830
:10E6900079722F7375627379732F7573622F646546
:10E6A000766963652F7573625F6465736372697001
:10E6B000746F722E630025633A205468657265207A
:10E6C0006973206E6F207573625F6366675F646154
:10E6D000746120666F722025700A0025633A205508
:10E6E0006E696E697469616C697A656420757362BC
:10E6F0005F6366675F6461746120706F696E7465E3
:10E70000722C20636F727275707465642064657614
:10E710006963652064657363726970746F723F0A20
:10E720000025633A204661696C656420746F207629
:10E73000616C696461746520656E64706F696E7484
:10E74000730A0025633A20746865206E657720534C
:10E750004E2064657363726970746F7220646F65B4
:10E76000736E277420686176652074686520736114
:10E770006D65206C656E67746820617320434F4E31
:10E780004649475F5553425F4445564943455F53A9
:10E790004E0A0025633A20496E636F6D706C657494
:10E7A000652064657669636520646573637269706A
:10E7B000746F720A0025633A204661696C656420B3
:10E7C000746F2066697875702055534220646573B4
:10E7D00063726970746F720A007573625F64657347
:10E7E00063726970746F720025633A205472616EAF
:10E7F00073666572206572726F722025642C2065C5
:10E8000070203078253032780A007573625F747238
:10E81000616E73666572002A2A2A20426F6F7469DE
:10E820006E67206E524620436F6E6E656374205390
:10E83000444B2076332E312E302D366336653562CB
:10E84000333234393665202A2A2A0A002A2A2A2015
:10E850005573696E67205A6570687972204F53202E
:10E8600076342E312E39392D313631323638336403
:10E8700034303130202A2A2A0A006D757465785F99
:10E88000696E69742063616C6C6564207769746873
:10E89000204E554C4C20706172616D65746572003C
:10E8A000436F756C64206E6F7420616C6C6F636174
:10E8B0007465206D75746578206265666F72652079
:10E8C000696E697469616C697A696E670025633A7B
:10E8D0002072302F61313A2020307825303878206E
:10E8E0002072312F61323A2020307825303878205C
:10E8F0002072322F61333A20203078253038780A60
:10E900000025633A2072332F61343A202030782575
:10E91000303878207231322F69703A2020307825D3
:10E92000303878207231342F6C723A2020307825BC
:10E930003038780A0025633A2020787073723A20C4
:10E94000203078253038780A0025633A20466175F2
:10E950006C74696E6720696E737472756374696F25
:10E960006E206164647265737320287231352F7074
:10E9700063293A203078253038780A0025633A2018
:10E98000556E68616E646C6564204952516E3A2020
:10E9900025640A0025633A202A2A2A2A2A20555368
:10E9A000414745204641554C54202A2A2A2A2A0A02
:10E9B0000025633A2020204469766973696F6E20D0
:10E9C0006279207A65726F0A0025633A202020550B
:10E9D0006E616C69676E6564206D656D6F7279201C
:10E9E0006163636573730A0025633A2020205374C2
:10E9F00061636B206F766572666C6F772028636F3A
:10EA00006E746578742061726561206E6F74207613
:10EA1000616C6964290A0025633A2020204E6F202A
:10EA2000636F70726F636573736F7220696E737456
:10EA300072756374696F6E730A0025633A20202033
:10EA4000496C6C6567616C206C6F6164206F662037
:10EA50004558435F52455455524E20696E746F209D
:10EA600050430A0025633A202020496C6C65676199
:10EA70006C20757365206F6620746865204550535F
:10EA8000520A0025633A202020417474656D707429
:10EA900020746F206578656375746520756E646594
:10EAA00066696E656420696E737472756374696FEC
:10EAB0006E0A0025633A202A2A2A2A2A2042555320
:10EAC000204641554C54202A2A2A2A2A0A00256326
:10EAD0003A202020537461636B696E6720657272FF
:10EAE0006F720A0025633A202020556E73746163AB
:10EAF0006B696E67206572726F720A0025633A2037
:10EB000020205072656369736520646174612062BE
:10EB10007573206572726F720A0025633A20202097
:10EB20004246415220416464726573733A203078E2
:10EB300025780A0025633A202020496D70726563AC
:10EB400069736520646174612062757320657272F7
:10EB50006F720A0025633A202020496E7374727523
:10EB60006374696F6E20627573206572726F720ACA
:10EB70000025633A202020466C6F6174696E672D12
:10EB8000706F696E74206C617A792073746174653A
:10EB900020707265736572766174696F6E2065723C
:10EBA000726F720A0025633A202A2A2A2A2A204DE7
:10EBB0005055204641554C54202A2A2A2A2A0A0018
:10EBC00025633A202020537461636B696E6720656A
:10EBD00072726F722028636F6E7465787420617230
:10EBE0006561206D69676874206265206E6F7420AE
:10EBF00076616C6964290A0025633A20202044610B
:10EC00007461204163636573732056696F6C61742E
:10EC1000696F6E0A0025633A2020204D4D4641520F
:10EC200020416464726573733A20307825780A0055
:10EC300025633A202020496E737472756374696F7E
:10EC40006E204163636573732056696F6C617469EC
:10EC50006F6E0A00574553545F544F504449522F2A
:10EC60007A65706879722F617263682F61726D2F97
:10EC7000636F72652F636F727465785F6D2F666165
:10EC8000756C742E630052657365727665642045F9
:10EC90007863657074696F6E2028005370757269AF
:10ECA0006F757320696E746572727570742028496F
:10ECB0005251200025633A20535053454C20696E31
:10ECC00020746872656164206D6F646520646F658F
:10ECD00073206E6F7420696E64696361746520507F
:10ECE00053500A0025633A202A2A2A2A2A2048411A
:10ECF0005244204641554C54202A2A2A2A2A0A00E6
:10ED000025633A202020427573206661756C74205B
:10ED10006F6E20766563746F72207461626C65201B
:10ED2000726561640A0025633A202020446562759B
:10ED300067206576656E740A0025633A20202046B8
:10ED400061756C7420657363616C6174696F6E20AA
:10ED5000287365652062656C6F77290A0025633A20
:10ED600020415243485F45584345505420776974C9
:10ED70006820726561736F6E2025780A0A0025632A
:10ED80003A202A2A2A2A2A204465627567206D6F54
:10ED90006E69746F7220657863657074696F6E2038
:10EDA0002A2A2A2A2A0A0025633A202A2A2A2A2AD3
:10EDB00020257320256429202A2A2A2A2A0A005776
:10EDC0004553545F544F504449522F7A65706879C7
:10EDD000722F617263682F61726D2F636F72652F7E
:10EDE000636F727465785F6D2F6972715F6D616EAC
:10EDF0006167652E63006D70750025633A2046617A
:10EE0000696C656420746F20616C6C6F63617465FC
:10EE1000206E6577204D505520726567696F6E20B2
:10EE200025750A0A0025633A205061727469746975
:10EE30006F6E2025753A2073616E6974792063685E
:10EE400065636B206661696C65642E0A0025633A10
:10EE500020496E76616C696420756E6465726C79A8
:10EE6000696E6720726567696F6E20696E64657888
:10EE70002025750A00574553545F544F504449525A
:10EE80002F7A65706879722F617263682F61726D75
:10EE90002F636F72652F6D70752F61726D5F6D706E
:10EEA000752E6300464C4153485F30005352414D2C
:10EEB0005F3000574553545F544F504449522F7AA6
:10EEC00065706879722F736F632F6E6F72646963F8
:10EED0002F6E726635332F736F632E6300736F630B
:10EEE00000574553545F544F504449522F6D6F643F
:10EEF000756C65732F68616C2F6E6F726469632F18
:10EF00006E7266782F68616C2F6E72665F677069CB
:10EF10006F2E68000000000121200B0A25633A20B3
:10EF20004465766963652064617461206E6F742046
:10EF3000666F756E6420666F7220696E74657266A6
:10EF40006163652025750A0025633A207756616C58
:10EF500075652073686F756C6420626520300A00E7
:10EF600025633A20556E68616E646C656420726535
:10EF70007175657374203078253032780A00256306
:10EF80003A20556E737570706F727465642070727C
:10EF90006F746F636F6C3A2025750A0025633A2001
:10EFA0004465766963652064617461206E6F7420C6
:10EFB000666F756E6420666F7220656E64706F692F
:10EFC0006E742025750A0025633A204465766963CE
:10EFD000652064617461206E6F7420666F756E6465
:10EFE00020666F72206366672025700A0025633AE9
:10EFF00020446576696365206572726F720A002528
:10F00000633A204465766963652072657365742090
:10F0100064657465637465640A0025633A20446519
:10F020007669636520636F6E6E65637465640A005C
:10F0300025633A2044657669636520636F6E66696F
:10F0400067757265640A0025633A204465766963D2
:10F050006520646973636F6E6E65637465640A002E
:10F0600025633A204465766963652073757370651E
:10F070006E6465640A0025633A20446576696365B9
:10F0800020726573756D65640A0025633A206672A7
:10F090006F6D2073757370656E640A0025633A2086
:10F0A000556E6B6E6F776E206576656E740A0025FF
:10F0B000633A20446576696365206973206E6F74D6
:10F0C00020636F6E666967757265640A00757362A6
:10F0D0005F6869640025633A206B5F6D7367715FD9
:10F0E000676574206572726F723A2025640A005752
:10F0F0004553545F544F504449522F7A6570687994
:10F10000722F7375627379732F696E7075742F69BE
:10F110006E7075742E630025633A204576656E74B3
:10F120002064726F707065642C2071756575652040
:10F1300066756C6C2C206E6F7420626C6F636B69EB
:10F140006E6720696E2073797377712E0A00696E7D
:10F150007075740000291E1F2021222324252627D4
:10F160002D2E2A2B141A0815171C180C12132F30C9
:10F170002800041607090A0B0D0E0F333435003131
:10F180001D1B06190511103637380055002C393A69
:10F190003B3C3D3E3F4041424353475F6061565CCC
:10F1A0005D5E57595A5B6200000000444500000054
:10F1B000000000005800544600004A524B504F4D8A
:10F1C000514E494C000000000000004825633A20E1
:10F1D000696E70757420646576696365206E6F74FE
:10F1E0002072656164790A0025633A206B65796D48
:10F1F0006170206576656E74206F7574206F66206F
:10F2000072616E67653A20726F773D257520636F76
:10F210006C3D25750A00696E7075745F6B65796D5C
:10F22000617000757362645F776F726B7100574530
:10F2300053545F544F504449522F7A657068797225
:10F240002F647269766572732F7573622F646576A9
:10F250006963652F7573625F64635F6E7266782E93
:10F26000630025633A2055534244206576656E74E9
:10F2700020616C6C6F636174696F6E206661696C8C
:10F280006564210A0025633A20555342442065767F
:10F29000656E74206D656D6F727920636F72727523
:10F2A000707465640A0025633A20556E6B6E6F7743
:10F2B0006E2055534220706F776572206576656EBB
:10F2C000742025640A0025633A20556E65787065C0
:10F2D00063746564206576656E7420286E72667846
:10F2E0005F75736264293A2025642C206570203094
:10F2F00078253032780A0025633A205F65705F73A5
:10F3000074617475735F676574206661696C6564A8
:10F310002120436F64653A2025640A0025633A2062
:10F320006E6F742061747461636865642C2045504D
:10F3300020307825303278206576656E74206472CE
:10F340006F707065640A0025633A206E524620553E
:10F35000534244207472616E7366657220657272E6
:10F360006F7220284F5554293A2030782530327852
:10F370000A0025633A204661696C656420746F2039
:10F38000616C6C6F63206576740A0025633A2055C2
:10F39000534244206576656E7420717565756520ED
:10F3A00066756C6C210A0025633A20556E6B6E6F92
:10F3B000776E2055534244206576656E743A202559
:10F3C00068640A0025633A20696E76616C6964207E
:10F3D000656E64706F696E7420636F6E66696775C1
:10F3E000726174696F6E0A0025633A20696E7661F6
:10F3F0006C696420656E64706F696E7420696E64F8
:10F4000065782F616464726573730A0025633A201E
:10F41000696E76616C696420656E64706F696E7484
:10F4200020747970650A0025633A2069736F20653E
:10F430006E64706F696E742063616E206F6E6C799C
:10F440002062652069736F0A0025633A20455020C9
:10F450006D6178207061636B65742073697A6520D3
:10F460006D757374206265206120706F77657220FE
:10F470006F6620320A0025633A205354414C4C20D9
:10F48000756E737570706F72746564206F6E20494D
:10F49000534F20656E64706F696E740A0025633A7D
:10F4A00020456E64706F696E742030782530327834
:10F4B000206973206E6F7420656E61626C65640AEA
:10F4C0000025633A206E52462055534244207772FD
:10F4D000697465206572726F723A2025640A0001B2
:10F4E0000002037573625F6E72667800574553546D
:10F4F0005F544F504449522F7A65706879722F6477
:10F500007269766572732F7573622F636F6D6D6F9D
:10F510006E2F6E72665F757362645F636F6D6D6F81
:10F520006E2F6E72665F757362645F636F6D6D6F71
:10F530006E2E63006E72665F757362645F636F6DDB
:10F540006D6F6E00574553545F544F504449522FCE
:10F550007A65706879722F647269766572732F6349
:10F560006C6F636B5F636F6E74726F6C2F636C6F25
:10F57000636B5F636F6E74726F6C5F6E72662E6327
:10F5800000636C6F636B4035303030006866636CCD
:10F590006B006C66636C6B006866636C6B31393250
:10F5A0006D006866636C6B617564696F00636C6F96
:10F5B000636B5F636F6E74726F6C00574553545F7B
:10F5C000544F504449522F7A65706879722F696E92
:10F5D000636C7564652F7A65706879722F647269DF
:10F5E000766572732F6770696F2F6770696F5F75CB
:10F5F00074696C732E6800574553545F544F5044E0
:10F6000049522F7A65706879722F647269766572D3
:10F61000732F6770696F2F6770696F5F6E7266789E
:10F620002E63006770696F403834323830300067BD
:10F6300070696F403834323530300025633A2046E7
:10F6400061696C656420746F20616C6C6F636174B8
:10F6500065206E6578742052582062756666657202
:10F660003A2025640A0025633A204E6F2054582022
:10F6700062756666657220617661696C61626C654F
:10F680000A0025633A204661696C656420746F2026
:10F69000737461727420493253207472616E7366A0
:10F6A00065723A203078253038780A00574553542F
:10F6B0005F544F504449522F7A65706879722F64B5
:10F6C0007269766572732F6932732F6932735F6E58
:10F6D0007266782E630025633A2043616E6E6F7404
:10F6E00020777269746520696E2073746174653A5D
:10F6F0002025640A0025633A2054686973206465F4
:10F70000766963652063616E206F6E6C7920777215
:10F7100069746520626C6F636B7320757020746F01
:10F720002025752062797465730A0025633A2043A9
:10F73000616E6E6F742072656163717569726520A8
:10F74000717565756564206275666665720A002567
:10F75000633A204E65787420627566666572732020
:10F760006E6F7420737570706C696564206F6E20A5
:10F7700074696D650A0025633A204E6F20726F6FC1
:10F780006D20696E2052582071756575650A0025D7
:10F79000633A2043616E6E6F7420636F6E666967B3
:10F7A00075726520696E2073746174653A202564F2
:10F7B0000A0025633A20546869732064657669639A
:10F7C000652063616E207472616E73666572206F6E
:10F7D0006E6C792066756C6C2033322D62697420F2
:10F7E000776F7264730A0025633A20556E737570E3
:10F7F000706F7274656420776F72642073697A65C4
:10F800003A2025750A0025633A20556E737570708D
:10F810006F72746564206461746120666F726D61DB
:10F82000743A203078253032780A0025633A205522
:10F830006E737570706F7274656420737472656135
:10F840006D20666F726D61743A20307825303278A1
:10F850000A0025633A20556E737570706F72746577
:10F8600064206E756D626572206F66206368616EDC
:10F870006E656C733A2025750A0025633A20556E33
:10F88000737570706F72746564206F7065726174E7
:10F89000696F6E206D6F64653A203078253032785C
:10F8A0000A0025633A20493253204D434B206672AB
:10F8B000657175656E63793A2025752C20616374D6
:10F8C00075616C2050434D20726174653A20257536
:10F8D0000A0025633A20556E737570706F727465F7
:10F8E00064206F7074696F6E733A203078253032FF
:10F8F000780A0025633A20545820616E64205258DB
:10F9000020636F6E66696775726174696F6E7320CC
:10F9100061726520646966666572656E740A0025A9
:10F92000633A20496E76616C696420747269676716
:10F9300065723A2025640A0025633A20496E617099
:10F9400070726F707269617465207472696767653F
:10F9500072202825642F2564292C20616374697620
:10F96000652073747265616D2873293A2025640AD5
:10F970000025633A204661696C656420746F2069D4
:10F980006E697469616C697A65204932533A203036
:10F9900078253038780A0025633A204661696C651D
:10F9A0006420746F207265717565737420636C6F69
:10F9B000636B3A2025640A00693273403238303074
:10F9C00030006932735F6E72667800574553545F3A
:10F9D000544F504449522F7A65706879722F696E7E
:10F9E000636C7564652F7A65706879722F647269CB
:10F9F000766572732F6770696F2E680025633A20F1
:10FA000050696E20256420696E7465727275707419
:10FA100020636F6E66696775726174696F6E2066C8
:10FA200061696C65643A2025640A0025633A2025E3
:10FA300073206973206E6F742072656164790A00A7
:10FA400025633A2050696E20256420636F6E6669D5
:10FA50006775726174696F6E206661696C65643A7E
:10FA60002025640A0025633A20436F756C64206E7C
:10FA70006F7420736574206770696F2063616C6CAC
:10FA80006261636B0A006B657970616400696E7016
:10FA900075745F6770696F5F6B62645F6D617472CC
:10FAA00069780025633A20696E74657272757074A6
:10FAB00020636F6E66696775726174696F6E206628
:10FAC00061696C65643A2025640A0025633A206BFD
:10FAD00065795F696E6465782025642067657420A8
:10FAE0006661696C65643A2025640A006275747405
:10FAF0006F6E73006770696F5F6B65797300696E15
:10FB00007075745F6B62645F6D6174726978000018
:10FB1000010203040506070B25633A204661696C60
:10FB2000656420746F20616C6C6F63617465205034
:10FB30005049204368616E6E656C0A00756172748D
:10FB4000403830303000756172745F6E7266785F75
:10FB500075617274650025633A205265736574742B
:10FB6000696E672073797374656D0A0066617461EC
:10FB70006C5F6572726F720000000001010100008D
:10FB800001000000574553545F544F504449522FD1
:10FB90006D6F64756C65732F68616C2F6E6F726426
:10FBA00069632F6E7266782F68616C2F6E72665F64
:10FBB000647070692E6800574553545F544F504429
:10FBC00049522F6D6F64756C65732F68616C2F6E71
:10FBD0006F726469632F6E7266782F68656C7065EA
:10FBE00072732F6E7266785F677070695F64707091
:10FBF000692E6300574553545F544F504449522F68
:10FC00006D6F64756C65732F68616C2F6E6F7264B5
:10FC100069632F6E7266782F647269766572732FCE
:10FC20007372632F6E7266785F636C6F636B2E63A3
:10FC3000000C04241C574553545F544F5044495200
:10FC40002F6D6F64756C65732F68616C2F6E6F72AA
:10FC50006469632F6E7266782F68616C2F6E7266AE
:10FC60005F6770696F74652E6800574553545F5421
:10FC70004F504449522F6D6F64756C65732F6861E6
:10FC80006C2F6E6F726469632F6E7266782F647268
:10FC900069766572732F7372632F6E7266785F6711
:10FCA00070696F74652E6300002030303030303062
:10FCB00030303030303030300001574553545F54CD
:10FCC0004F504449522F6D6F64756C65732F686196
:10FCD0006C2F6E6F726469632F6E7266782F647218
:10FCE00069766572732F7372632F6E7266785F69BF
:10FCF00032732E6300574553545F544F504449525A
:10FD00002F6D6F64756C65732F68616C2F6E6F72E9
:10FD10006469632F6E7266782F6472697665727398
:10FD20002F7372632F6E7266785F706F7765722EB5
:10FD3000630001000000574553545F544F5044493D
:10FD4000522F6D6F64756C65732F68616C2F6E6FC9
:10FD5000726469632F6E7266782F64726976657259
:10FD6000732F7372632F6E7266785F75736272653C
:10FD7000672E6300574553545F544F504449522FE8
:10FD80007A65706879722F6B65726E656C2F646529
:10FD9000766963652E6300556E6B6E6F776E2065B6
:10FDA00072726F7200756E6B6E6F776E0025633ABC
:10FDB000203E3E3E205A455048595220464154412B
:10FDC0004C204552524F522025643A202573206F13
:10FDD0006E204350552025640A0025633A20466171
:10FDE000756C7420647572696E6720696E746572D3
:10FDF000727570742068616E646C696E670A0A00BF
:10FE000025633A2043757272656E7420746872655A
:10FE100061643A20257020282573290A005745532C
:10FE2000545F544F504449522F7A65706879722F4D
:10FE30006B65726E656C2F666174616C2E63004336
:10FE4000505520657863657074696F6E00556E68F3
:10FE5000616E646C656420696E746572727570742D
:10FE600000537461636B206F766572666C6F770008
:10FE70004B65726E656C206F6F7073004B65726EB0
:10FE8000656C2070616E696300574553545F544F31
:10FE9000504449522F7A65706879722F6B65726E83
:10FEA000656C2F696E69742E63006F73005745533C
:10FEB000545F544F504449522F7A65706879722FBD
:10FEC0006B65726E656C2F6D656D5F736C61622E14
:10FED0006300574553545F544F504449522F7A653D
:10FEE000706879722F6B65726E656C2F696E636CCA
:10FEF0007564652F6B73636865642E68005745539E
:10FF0000545F544F504449522F7A65706879722F6C
:10FF10006B65726E656C2F69646C652E6300574566
:10FF200053545F544F504449522F7A657068797228
:10FF30002F6B65726E656C2F6D73675F712E63003A
:10FF4000574553545F544F504449522F7A65706857
:10FF500079722F6B65726E656C2F6D757465782E76
:10FF60006300574553545F544F504449522F7A65AC
:10FF7000706879722F6B65726E656C2F73656D2E6C
:10FF80006300737973776F726B7100574553545FD9
:10FF9000544F504449522F7A65706879722F6B65BF
:10FFA000726E656C2F776F726B2E630057455354DA
:10FFB0005F544F504449522F7A65706879722F6BA5
:10FFC00065726E656C2F7468726561642E6300578C
:10FFD0004553545F544F504449522F7A65706879A5
:10FFE000722F6B65726E656C2F73636865642E6328
:10FFF00000574553545F544F504449522F7A65700F
:020000021000EC
:100000006879722F6B65726E656C2F696E636C75A3
:1000100064652F6B7468726561642E680057455380
:10002000545F544F504449522F7A65706879722F4B
:100030006B65726E656C2F74696D65736C6963694D
:100040006E672E6300574553545F544F50444952D6
:100050002F7A65706879722F6B65726E656C2F747C
:10006000696D656F75742E6300574553545F544F27
:10007000504449522F7A65706879722F6B65726EA1
:10008000656C2F6D656D706F6F6C2E6300574553F7
:10009000545F544F504449522F7A65706879722FDB
:1000A0006B65726E656C2F6B686561702E630028DE
:1000B0006E756C6C29002A666C6F61742A000000F2
:1000C000C5C90000240200203A00000038020020C8
:1000D0003A000000100200203A0000004C0200200C
:1000E0003A0000000000000073CC00000000000097
:1000F00000000000D132000080000000000000007D
:1001000000000000000000000000000000000000EF
:1001100000000000000000000000000000000000DF
:1001200000000000000000000000000000000000CF
:1001300000000000000000000000000000000000BF
:1001400000000000000000000000000000000000AF
:10015000000000000000000000000000000000009F
:10016000000000000000000000000000000000008F
:10017000000000000000000000000000000000007F
:10018000000000000000000000000000000000006F
:10019000000000000000000000000000000000005F
:1001A000000000000000000000000000000000004F
:1001B000000000000000000000000000000000003F
:1001C000000000000000000000000000000000002F
:1001D000000000000000000000000000000000001F
:1001E00034DE0000000000000100000000000000FC
:1001F0000090D0030070015000000000FFFFFFFFDF
:100200003F000000FFFFFFFF3F000000FF00000075
:100210009002000054010020540100200000000062
:1002200075BE0000A0010020980100209001002070
:100230000000000088010020A1BF0000EDBE00000A
:1002400021BF000069BF0000E82100203A00003A09
:10025000EC2100203A00003AF02100203A00003A58
:10026000F42100203A00003AB0010020740100207F
:0C0270006C0100206801002064010020E7
:10027C000000000000000000000000000000000072
:04028C00000000006E
:10029000D0010020D00100200000000040400020DC
:1002A000000000002000000014000000000000001A
:1002B000F0010020F001002000000000E83D0020D7
:1002C0000000000002000000CC0000000000000060
:1002D00010020020100200200000000000000000BA
:1002E0000E00000024020020240200200000000074
:1002F000000000000E00000038020020380200203C
:1003000000000000000000000E0000004C02002071
:100310004C02002000000000000000000E00000061
:1003200060020020600200200000000000000000C9
:040330000E000000BB
:100334007402002074020020000000000C00000081
:1003440010000000803F002040400020803F00203B
:0C035400803F00200000000000000000BE
:10036000A0020020A0020020010000000100000007
:10037000000000000000000000000000BC0200209F
:04038000BC0200209B
:100384001201000200000040E22F040001040102F7
:10039400030109020000000100E032090400000129
:1003A400030100000921110100012200000705805A
:1003B40003100009040309040E035A657068797276
:1003C4000000000000001E03327832204B65797073
:1003D400616420484944000000000000000000005F
:1003E40000000000220330313233343536373839D7
:1003F4004142434445460000000000000000000064
:080404000000000000000000F0
:10040C0000000000DF0200209FCC00001133000030
:10041C00F531000000000000653100000100000013
:04042C003400002078
:0404300015E015E0DE
:04000003000026C112
:00000001FF
