:10000000C841002009330000AFBD0000F5320000F8
:10001000F5320000F5320000F5320000F532000044
:100020000000000000000000000000006534000037
:10003000F53200000000000005340000F532000039
:10004000F5350000F5350000F5350000F535000008
:10005000F5350000F5350000F5350000F5350000F8
:10006000F5350000F5350000F5350000F5350000E8
:10007000F5350000F5350000F5350000F5350000D8
:10008000F5350000F5350000F5350000F5350000C8
:10009000F5350000F5350000F5350000F5350000B8
:1000A000F5350000F5350000F5350000F5350000A8
:1000B000F5350000F5350000F5350000F535000098
:1000C000F5350000F5350000F5350000F535000088
:1000D000F5350000F5350000F5350000F535000078
:1000E000F5350000F5350000F5350000F535000068
:1000F000F5350000F5350000F5350000F535000058
:10010000F5350000F5350000F5350000F535000047
:10011000F5350000F5350000F5350000F535000037
:10012000F5350000F5350000F5350000F535000027
:10013000F5350000F5350000F5350000F535000017
:10014000F5350000F5350000F5350000F535000007
:10015000F535000053B94AB9002908BF00281CBF73
:100160004FF0FF314FF0FF3000F00CB8ADF1080C4C
:100170006DE904CE00F01AF8DDF804E0DDE90223B1
:1001800004B07047704700BF10F8012B11F8013B15
:10019000012A28BF9A42F7D0D01A7047034613F8B5
:1001A000012B002AFBD1181A013870472DE9F047BE
:1001B00086468C460846089E154674461946002B0E
:1001C00040F0C1808542B2FA82F245D94AB1C2F10B
:1001D000200300FA02FC954094402EFA03F343EA10
:1001E0000C0C4FEA154EA8B2230CBCFBFEF80EFB1C
:1001F00018CC08FB00F943EA0C43994528D9EB18C1
:1002000008F1FF3704D2994502D9A8F102072B441F
:10021000A3EB0903A4B2B3FBFEFC0EFB1C330CFBE7
:1002200000F044EA0344A04214D92C190CF1FF3326
:1002300004D2A04202D9ACF102032C44241A43EAAE
:1002400007401EB1D440002334607360BDE8F087DE
:100250004746DDE76346F1E792BB431B01214FEAC6
:10026000154EAFB2200CB3FBFEFC0EFB1C330CFB97
:1002700007F840EA0343984561D9EB180CF1FF30C9
:1002800004D2984502D9ACF102002B44A3EB080339
:10029000A4B2B3FBFEFC0EFB1C330CFB07F744EAD5
:1002A0000344A7424DD92C190CF1FF3304D2A742C5
:1002B00002D9ACF102032C44E41B43EA0040C0E73E
:1002C000C2F120039540944020FA03F12EFA03F383
:1002D0004FEA154E9040AFB20343B1FBFEFC0EFB5C
:1002E0001C10190C0CFB07F841EA0041884522D983
:1002F00069180CF1FF3004D2884502D9ACF1020034
:100300002944A1EB08019BB2B1FBFEFC0EFB1C11C2
:100310000CFB07F743EA01439F420ED9EB180CF19F
:10032000FF3104D29F4202D9ACF102012B44DB1B06
:1003300041EA004193E76046E3E76146F7E760463C
:10034000A4E76346B8E7834206D916B900210846F8
:100350007CE7C6E900E0F9E7B3FA83F78FB9834297
:1003600001D3724508D8BEEB020460EB0303012001
:100370009C461EB9002169E73846FAE7C6E9004CF9
:10038000F8E7C7F1200CBB400EFA07F522FA0CF48F
:100390002EFA0CF1BA401C4320FA0CF3B8404FEA95
:1003A000144901431FFA84FEB3FBF9F809FB183026
:1003B0000B0C08FB0EFA43EA00439A4540D9E318B8
:1003C00008F1FF3004D29A4502D9A8F10200234473
:1003D000A3EB0A0389B2B3FBF9F809FB183308FB56
:1003E0000EFE41EA03418E452CD9611808F1FF3316
:1003F00004D28E4502D9A8F10203214443EA004009
:10040000A1EB0E01A0FB02984145CE46434602D324
:1004100006D14D4504D20138B9EB020E68EB040356
:10042000002EA7D0B5EB0E0261EB030101FA0CFC24
:1004300022FA07F3F9404CEA0303C6E9003199E7D1
:100440004046C5E74346D9E72DE9F041C5888768AE
:1004500028460BF049FD0446284603F043FE031EE0
:100460002DDA002C67D0354B012F1A7858D1224352
:100470001A70334B186800285DD0304B314A1B7816
:100480003149137000230C68304D02F8013FA3423C
:100490002CBF0021E95C0133062B02F8011FF6D1C5
:1004A00000230822274903F09BFD0346002842D081
:1004B000BDE8F0410221264A26480BF070BB224DD0
:1004C000224E8CB11D4A012F117825D12143117084
:1004D000002228681D49DCB2824224D1062AC8D0F5
:1004E000511C2960B354C4E7012FF1D000202C68BF
:1004F000164ADBB2A042BCD012F8017B411C9F42DD
:1005000017D1671E3A1A8C4238BF0022304431445A
:100510000CF024FD2F60ACE721EA04011170E5E73F
:1005200022EA0402A4E711F8017BA742A1D001321C
:10053000D2E70846DEE7BDE8F08100BFBC28002016
:1005400048120020C32800204C120020BD280020A3
:10055000BEDB000098D5000098B500AF294808F030
:10056000DBFB294C206028B928480AF0C5FE002092
:10057000BD4698BD00233F22254903F01BFD20689E
:100580000BF0A8FC08B12348EFE701F0D3FF08B156
:100590002148EAE7214C20460CF025F9034698B99A
:1005A00021686C4688B06A461D48C2E905014FF4CF
:1005B000007191831B4942F8101F4FF4E2511A4811
:1005C00001F0B2F8A546D2E718480CF00CF9B0B12A
:1005D000174C20460CF007F950B12269A168136846
:1005E000204643F0805313600B68124A1C21984741
:1005F0004FF0FF314FF0FF300CF07DFBF8E70E4875
:10060000B3E700BFD3DB000048120020D9DB0000B5
:100610004EDC0000EFDB000004DC000008D200002C
:1006200017DC00000300000198D5000048D200004C
:1006300088D1000001000A0038DC0000F0B587B066
:1006400000AF4568064612220021B81D0CF0A0FC40
:10065000EA69224BB3FBF2F31022BB60AB683A713C
:10066000FB606B6802223B614FF47A737A717B61A5
:100670002868836801211B683A1D9847041E06DB21
:100680000023297BDAB291420BD8002405E0012136
:100690002346134A13480BF082FA20461C37BD4606
:1006A000F0BD6A69D25C0133042AEBD96C4688B08C
:1006B0006A4633680C49C2E905134FF4007393830B
:1006C0000A4B42F8103F00234FF4E251054801F075
:1006D0002BF8A5466FF01504DFE700BF40420F007E
:1006E00092DC0000F0D50000ACDC0000030000014B
:1006F0002DE9F347456800230C461646A8684FF4D9
:10070000A02201A995F8247095F8259095F82680E7
:1007100008F0E2FC031EC7F100070ADA0121404A93
:1007200040480BF03CFA6FF00B04204602B0BDE8E5
:10073000F0872146019806EB860640F8047B2644A4
:10074000B1424CD10023298B9AB2914249D82868F2
:100750006A6883680199DB689847041E45DA019945
:10076000A8680CF096F8012123462F4A2D480BF07B
:1007700016FADAE76B699B5C042B29D8DFE803F0F3
:100780002403202226000A784FF0080C4FF0800E38
:10079000002312EA0E0F0CBFC246CA46BCF1010C80
:1007A0004AEA03134FEA5E0EF3D187EA334340F877
:1007B000043B01342B7BE2B29342DBD80531BFE727
:1007C0004A78E1E78A78DFE7CA78DDE70A79DBE78C
:1007D0000199A8680CF05DF86FF01504A5E70024F6
:1007E000E8E740F823700133ADE72868836800220A
:1007F00001211B699847041E97DB28688368022241
:1008000001211B699847041E8FDBD5E907206B681F
:100810009B0802FB030009F001FB002485E700BFF1
:10082000C7DC0000F0D50000E1DC00002DE9F04F4E
:1008300091B0009302F004030293C2F3C2030133A8
:10084000840705460E46DDF868800392059340F064
:10085000BB81041D30B1072909D86FF01B0011B00E
:10086000BDE8F08F01F007063444C6F10806009B8E
:100870004FF000094FF0040A591E4FF0FF334F4666
:100880000193CB465346CDF810900DB1009A2260EB
:100890000598002800F3E8809848009A824203D324
:1008A00097488242C0F0E080039AA4EB050E9207BD
:1008B0004FEA9E0000F103810F2F00F2B180002D5E
:1008C00000F0058107F140020DEB020C019A0CF8D3
:1008D000200C0CF8102C049801300490E7E07A28E2
:1008E0005DD84B280ED8472859D829282DD8252837
:1008F00052D054D820287AD02338D0F1000B4BEBBB
:10090000000B74E04C382E2849D8DFE800F070481E
:10091000484848484848484848484B484848484854
:1009200048484859484B4B595959704B6D48704885
:10093000184B184848827F4B48484B487F0000209E
:100940004FF0000B4FF0040A38E001222A38C0B201
:1009500002FA00F010EA0E0F49D110F0625C2FD1BC
:1009600010EA020B43D06046013C5444B4FBFAF455
:100970000AFB04F4002D61D0A3EB050CA444B4459C
:100980003FF66BAF002868D1042B47D158F8043BE1
:100990002360042304342AE0019A013A01924FF0C3
:1009A000000B24E011F8010C6C2834D1002011F860
:1009B000023C83466C2BC5D14FF0080A5346D3E75F
:1009C00008F1070828F00708073424F00704F8E8BE
:1009D00002AB35B106982044B0423FF63EAFC4E9C1
:1009E00000AB4FF0000B08344FF0080A534611F8E3
:1009F000010F002878D0BBF1000F7FF470AF2528DD
:100A0000F5D14FF0010B019B013301934FF0040A24
:100A1000ECE7584694E700208346A5E7082B02D070
:100A20006FF015001BE708F1070828F00708F8E841
:100A30000223C4E9002308230834D8E768B9042B4B
:100A400002D108F10408A4E7082BE9D108F107084E
:100A500028F0070808F10808EDE7059A013A059221
:100A600058F8042B009210E7039A900720D54FF016
:100A7000010CA4EB050E4FEA9E00BEF5007FCFD21D
:100A80000F2FCDD8F5B107F140020DEB020E019A00
:100A9000C0B20EF8200C0EF8102CBCF1000F3FF481
:100AA0001AAF60F07F000EF8200C09F10109013740
:100AB000C5F108024FF6DA7E0434069297E74FF04C
:100AC000000CDAE7BCF1000F01D00136EFE7029825
:100AD00002360028EBD10098CDE90631FFF75EFB26
:100AE000DDE906310644E2E7631BB3F5806F97D278
:100AF00045B9A6F10804E018B1E600BFA8D000008F
:100B0000A0F10000029A9B0828602B709DF810301D
:100B1000C2B1EB7085F80290B9F1000F05D0002248
:100B200008A8C5F1010C97420ED14FF0000AC5F19B
:100B300001030DF1200801930DF1300B574512D13F
:100B4000601B8CE66B70E5E710F8013B190608D5D1
:100B50000CEB040EB64503F07F033FF67EAE04F8BF
:100B6000013B0132DFE7B9F1000F03D098F9002013
:100B7000002A17DB029BD3B11AF80B2004F8012BD3
:100B80000022019B18191044B0423FF666AE98F857
:100B90000000009904F8010B204603920CF0D1F9F3
:100BA000039A14440AF1010A08F10108C6E798F80B
:100BB000002055F822300093029B009845F822301F
:100BC000FFF7ECFA421CDCE76FF00D0047E600BFD0
:100BD0002DE9F04F97B000AFD7F880B03B62CBF370
:100BE000C0030446894690F802A0FA62BB6141B98D
:100BF000457800780AEB800020444D4517D8A0EBDB
:100C00000409E378FB61BAF1000F02D01BF0010F79
:100C100016D1FB6953BBFB6A1BB1494620463A6AB1
:100C200098474D4628465C37BD46BDE8F08F461CC8
:100C30003046FFF7B3FA0130304409F10109DCE72F
:100C4000626823787A62FA6A9900796104EB830119
:100C5000002A40F001810E464FF000084D4601EB9E
:100C60000A094E454CD101EB0A0610E01BF0020FB9
:100C7000D1D023789A007A61626804EB83017A62AA
:100C8000FA6A002A77D14D46904601EB0A061BF01E
:100C9000050F0CBF02230123FB62FB6906EB430A2D
:100CA0000BF00203BB625645BCD016F8021B16F8C7
:100CB000013C54F82390994B994502D3984B9945A0
:100CC00036D3BB69002B40D0786A0AF0EEFA0028D0
:100CD0003BD0E9468AB06A46924B53617B6AC2E9CF
:100CE00006314FF4007313848F4B42F8103F0023FA
:100CF0004FF412518D4800F017FD023DCD46D2E76A
:100D000016F8013BF96254F82300FFF747FAD7F8C9
:100D10008430F96A01304BB1D7F8883098453EBF2E
:100D2000D7F8843023F8180008F10108054498E743
:100D3000BB6923B1786A0AF0B8FA0028C9D11BF060
:100D4000010F05D1FB6AED1AADE7BB6A002BAAD0F3
:100D50004846FFF723FAD7F8843053B1D7F88830E4
:100D600098453FBFD7F88420431C22F8183008F17B
:100D70000108054497E7BAF1000F73D01BF0040691
:100D800073D0D046002607F1480052463B61B96255
:100D90000CF0D7F8B96A3B6901EB0A02BA62FA694A
:100DA000F9695200FA60BA6A02EB41023A610BF04B
:100DB0000202BA603A69B96A8A4258D162781BF075
:100DC000020F18BF00217A6208BF4FEA5801B2181B
:100DD0001BF0010FD2B240F09F801BF0040F14BF34
:100DE00040460020BB616270A070E17020463A6A04
:100DF0007969FB6A9847051EFFF614AFBB69414647
:100E000023707B6A3A6A6370FB6984F802A0E3701E
:100E100007F14800FB6A9847B0F10008C0F2BA80B9
:100E20007B69A9EB0A01C91AFB683A6AC91AD7E9B2
:100E30000A0398470028C0F2AF804FF0000BA84487
:100E400008EB000507F1380AB34571D300213A6A6F
:100E50000846FB6A9847E5E656464FF0000807F15A
:100E6000380092E75646D04696E7B04694E7BA6A0D
:100E700012F8021B12F8015CBA6254F82500274AE6
:100E8000904202D3264A90421ED3BA6932B1786AA0
:100E90007B600AF00AFA7B6800288BD1BA6802BB33
:100EA00008F1280207F1300C08F10100944407F121
:100EB000580208F1020852FA80F00CF8101C5FFA90
:100EC00088F800F8105C75E7BA693AB1786A7B6017
:100ED0000AF0EBF97B6800287FF46CAF1BF0010F80
:100EE00009D006F1280207F13000711C161806F827
:100EF000205CCEB25EE71BF0040F3FF45BAF08F15D
:100F0000280207F1300008F1010102EB000808F89F
:100F1000105C5FFA81F84DE7002063E7A8D000007D
:100F2000A0F1000010DD00000400000140D5000029
:100F30001BF80A3054F8239087F83730D7F88430FC
:100F40002BB3D7F888309B4521D2D7F8843033F8BB
:100F50001B8001213A6AFB6A07F137009847002895
:100F60001ADB0544B8F1000F06D14846FFF716F921
:100F700000F101081FFA88F8414648463A6AFB6AC0
:100F80009847002808DB05440BF1010B5CE74FF0A4
:100F90000008DEE7454645E6054643E6014B186096
:100FA000704700BF0000002080B505460E4617467A
:100FB000984608F075FF03460CF06CF80446DFF81D
:100FC0001890424649F8003039463046A84754F850
:100FD000090002F001FA00BF080000002DE9F04707
:100FE000058B04462807904611D4022905F0070511
:100FF00040F0CC8020460AF013FC78B10138218BF8
:10100000042811D8DFE800F0C2106D859500012991
:101010000CBF45F0100545F02005258388F31188A5
:10102000BFF36F8FBDE8F08701F0070AAA4500F013
:10103000A5800027B9463E46A368002B00F0BC807F
:1010400041F00801218388F31188BFF36F8FA168F5
:10105000002900F0BA800D68002900F0B680334600
:1010600052462046D1F80480C047002D76D02B6828
:1010700029461D46F0E701F007035A1F012A1BD835
:10108000002221F00701062B276889B2C4E900225B
:1010900009D13B4603E0628B013262831B68002B5F
:1010A000F9D141F00201204621830AF0B9FB002862
:1010B0007AD041F0200176E0042B0AD121F007011B
:1010C00089B2204621830AF0ABFB10B141F0200128
:1010D0002183218B01F0070AAA454FD00027B9468A
:1010E000AAE7236921F0070141F00601062DD3F894
:1010F000009021832DD1B9F1000F3FD041F00801BC
:10110000218388F31188BFF36F8F20463949C84780
:1011100029E021F00701236941F0040189B2042D7F
:10112000D3F804902183E6D000274FF0040A3E460E
:1011300082E721F00701236941F0050189B2052DFD
:10114000D3F808902183D6D000274FF0050A3E46F9
:1011500072E700274FF0060A3E466DE72B4687E709
:10116000B9F1000FD1D1EFF31188202383F3128856
:10117000BFF36F8F238B23F008032383258BEA06AD
:101180002ED525F01003238305F007056669218B12
:10119000002EBFF670AF00232768C4E9003321F0AA
:1011A000070141F001012183218B4FF0000901F07B
:1011B000070AAA457FF440AF002F9CD041F00801F8
:1011C000218388F31188BFF36F8F002FC8D03D684B
:1011D00039463346524620460AF04EFB2F46F4E786
:1011E000AB067FF51BAF25F02003238305F0070531
:1011F00000E700BFA5B800002DE9F0470446074608
:101200004FF00109DFF8508014B93846BDE8F08787
:1012100094FAA4F5B5FA85F509FA05F32E0108EB61
:1012200005156FEA030A24EA03042B7B002BEBD09D
:1012300058F806301B694BB94644736804222846A7
:10124000196807EA0A070AF032FCDDE728469847E2
:101250000028D9D1F0E700BFF8D5000030B5002252
:1012600089B00F490F480BF019FE0022002300241B
:10127000CDE906230E230C4DCDE903344FF4407223
:101280002846CDE90144094B0949009408F02AFB9E
:10129000084928460BF07EFC204609B030BD00BF4F
:1012A000B912000038080020B0030020CD1500005E
:1012B00088290020C4DD0000014808F0EFB800BF15
:1012C000E40200202DE9F047804621480F460AF04D
:1012D000D2FB0646002833D000252846BDE8F0871B
:1012E000237B83B12368DB680BB120469847636892
:1012F00083F8069023681B69D3B9636804222046EB
:1013000019680AF0D4FB013610345445E8D3B8F11B
:10131000000FE2D0002DDFD02846FFF76DFF054615
:10132000002FF7D000214FF4A4700BF0E4FCF1E79C
:10133000204698470028E0D009FA06F31D43E2E76B
:1013400005464FF00109034CDFF80CA0DDE700BFB4
:1013500060120020F8D5000008D60000014B53F8B9
:101360002000704770D6000008B5034608462BB130
:10137000044A136000F06EFC002008BD6FF01500F9
:10138000FBE700BF0400002010B5044C237813B91C
:10139000034808F083F80123237010BDCB280020F8
:1013A000E402002010B5044609480AF064FB3CB191
:1013B000084BD3E8EF1F0139C3E8E21F002AF8D138
:1013C00005480BF077FDBDE81040044808F066B80A
:1013D000581200205C12002038080020E40200208F
:1013E00000200146034BD3E8EF0FC3E8E21F002AB9
:1013F000F9D170475812002070B5FFF7F1FF05468C
:10140000074C084EB44200D370BD63685B792BB1C2
:1014100023685B6813B12946204698471034F1E7EA
:10142000F8D5000008D6000010B5044C0449204649
:101430000AF074F8034B1C6010BD00BFD4010020FB
:101440005CD600005012002000230D4A10B5137026
:101450000C4A4FF4004113600B4A0C481360FFF72D
:1014600083FFFFF7E1FF0A4B0A4918468B4200D37E
:1014700010BD1A1A5C681211013222711033F5E79F
:10148000CC280020581200205C12002073BA000003
:10149000F8D5000008D600000146002200230148CC
:1014A0000AF05DB8D401002001480AF0F6B800BF88
:1014B000D4010020024B014618680AF042B900BF6F
:1014C0005012002001480AF077B900BFD401002073
:1014D00070B5274B1878002849D0FFF7E5FF05467F
:1014E000002841D1234B244C1B68002B19DD0BF045
:1014F0008EFC4FF47A72A0FB020302FB0131C30B96
:1015000043EA4143D4E900209B1A40F2E9324FEA12
:10151000D13161EB0001934271F1000101D3FFF77A
:101520006BFFD4E9003213F57A7342F10002C4E98B
:101530000032BDE87040FFF7C5BF63685B7923B137
:101540002368294620461B6898471034B442F4D3D8
:101550002846FFF7AFFF094BD3E8EF1F0139C3E877
:10156000E21F002ABED0F7E7054C064EEEE770BD3D
:10157000CB28002058120020300800205C120020E8
:10158000F8D5000008D6000070B50D4D297861B976
:101590000120FFF797FE0B4C0B4EB44206D3FFF72A
:1015A00097FF0028FBD101232B7070BD63685B7926
:1015B0001BB1236820469B6898471034EDE700BFB5
:1015C000CC280020F8D5000008D6000000212DE925
:1015D000F0470846FFF776FE044658B340F26768C6
:1015E0004FF000090BF056FD1B4B1C4A1B581360B3
:1015F00033B11B4B1B68092B02DD1A4807F04EFF65
:101600000025194FDFF85CA044B12046FFF7F4FD38
:10161000044618B94FF0FF384FF0FF39FFF758FF75
:10162000064628B9B5B942464B46504607F06AFF10
:101630003546E9E74FF0FF384FF0FF39D2E72B6826
:101640009B691BB100222846114698471035BD42C0
:10165000F5D3E8E7054DFAE7080000005412002032
:101660005C120020E402002008D60000F8D500003B
:1016700013B518480AF0FFF9174B1B7873B1EFF355
:101680001184202383F31288BFF36F8FFFF720FFAD
:1016900084F31188BFF36F8F02B010BD0F4B1B682E
:1016A000002BF9D050B9002200230D48CDE90023CA
:1016B0004FF40042002308F0EFFEEDE70928EBD1DC
:1016C00007480BF0F7FB074802B0BDE8104007F0F1
:1016D000E5BE00BF5C120020CC2800205412002080
:1016E00038080020E402002010B5064B04461B68B1
:1016F00098472146A060044809F0B0FFBDE81040BB
:10170000FFF7B6BF04000020D4010020044A054BB7
:101710009B1AB1EBD30F34BF52F831000020704751
:1017200040D50000F8D500002DE9F04F8FB0C1F38F
:101730004A2804AF0D469146B8607B600C0DB8F1A5
:10174000000F63D000264FF0040B4FF00A0A07F198
:101750001403C7F80C80C7E907667E620193CDF8D1
:1017600008B0CDF800A007F11C0332464846F968DE
:10177000FFF72EFAB0F5006F03461CD36C468AB013
:10178000D9F8041004AB26481A46C3E9050140F213
:10179000FF71D9614FF400711984224B42F8103F58
:1017A0004FF4125133462048FFF7BEFFA5462C37B1
:1017B000BD46BDE8F08FC0F30A0804F117001844D5
:1017C00020F0070080083B60FFF766FE68F35325B2
:1017D000044690B13B6800F11001C7E9083607F1F3
:1017E0001403F961CDE900A3CDF808B048460F4ACB
:1017F000F96807F11C03FFF7EBF968F353252A4654
:1018000020467B68B9680AF071F9D0E704F1170047
:1018100020F007008008FFF73FFE0446EDE700BF19
:10182000D9DD00000400000180D50000C1BA00002D
:101830002DE9F04F87B00446DDE9105ADDE9127951
:10184000934698460391BFB13B4652461021002073
:10185000CDF80090CDF81490FEF7E8FFB0F5006FDA
:1018600006460AD340F2FF730221174A174807B011
:10187000BDE8F04F0AF093B93E4605F11700304439
:1018800020F007008008FFF707FE04F007040BF0C4
:10189000070BE40044EA8B1444EA462444EA055466
:1018A000054640B13FB13B4652463146CDF8009027
:1018B0001030FEF7BBFF434622462846039907B087
:1018C000BDE8F04F0AF012B918DE000080D5000024
:1018D000406820B1034BC01A40F3CF0070474FF06F
:1018E000FF30704740D500000EB403B503AB53F88A
:1018F000042B01460448019302F09CF802B05DF805
:1019000004EB03B0704700BF01BC0000CA0605D459
:101910008B064CBF02490349FFF7E6BF704700BF83
:1019200051DE000050DE00002DE9F04F89B09B46EB
:10193000149B9DF84CA00693159B04460593169B9B
:101940000D469046179E0493BAF1000F00F09D805B
:1019500006F4807307930AF0A8F806F0020902461D
:1019600000283ED020469149FFF7BEFF0746B9F157
:10197000000F08D016F0440F35D12A4620468C4976
:10198000FFF7B2FF074406F0010353B1894B20462D
:1019900053F82A20884B8949002A08BF1A46FFF7C6
:1019A000A3FF06F48073002B49D006F00803002B38
:1019B00063D1B8F1000F66D0424620468049FFF758
:1019C00093FF0546069B3D44002B6DD1049B002BE5
:1019D00073D1F30700F1E48031462046FFF796FF0C
:1019E000D8E00746C3E7774B18680028CAD0764B83
:1019F0004FF47A791B684FF03C0CB5FBF3F5B5FB5F
:101A0000F0F14FF4616300FB115509FB05F5B1FBE3
:101A1000F3F2B5FBF0FE03FB121100FB1E55B1FB08
:101A2000FCF309FB05F5B5FBF0F50CFB13112046A3
:101A30000091CDE901E56549FFF756FFA2E706F001
:101A40000803EBB1624B204653F82A206149FFF7A7
:101A50004BFF0546B8F1000F05D0424620465849D5
:101A6000FFF742FF0544BBF1000FABD05A462046BA
:101A70005949FFF739FF0544A4E74FF0000BE1E7B0
:101A800006F00805E6E745469CE7BBF1010F069B1B
:101A900006D1002B64D1049B002B7BD000250CE0E9
:101AA000002BF8D04D485CE04D48069B22464D493E
:101AB00009F0CAFB049B002B68D0DFF82C81DFF80B
:101AC0002C91049F3146102F204628BF10274FF03D
:101AD000000BFFF71BFF5D4545DC059B4946204693
:101AE0001A78FFF701FF4FF0010B1BF0070F03D12E
:101AF00041462046FFF7F8FE5F453BD9059B494626
:101B0000204613F80B20FFF7EFFE0BF1010BBBF1A2
:101B1000100FEAD14FF0000B20463549FFF7E4FEE5
:101B20005A46059B20469A5CA2F120015F2928BFF6
:101B30002E223049FFF7D8FE0BF1010BBBF1100F3D
:101B40001DD01BF0070F03D141462046FFF7CCFE06
:101B50005F455A46E5D841462046FFF7C5FEEBE70C
:101B60001F485546A1E741462046FFF7BDFE0BF151
:101B7000010BB0E720462049FFF7B6FEC5E7059BFD
:101B80003B440593049BDB1B04939AD1BAF1000FED
:101B90007FF41FAF204609B0BDE8F04F0AF023B82C
:101BA0002046054A0549FFF79FFE15E758DE00006D
:101BB0005CDE000080D6000053DE000081DE000005
:101BC00084DE0000681200206412002065DE000040
:101BD00094D6000088DE00008EDE00002FBC0000DE
:101BE00001BC0000353A00009BDE000093DE0000DF
:101BF0009DDE00009FDE000099DE000042F20F73C0
:101C000073B58B4228BF0B4605680446052168461C
:101C10000D4A08F04DFE0646636828460B225B68B5
:101C20000A4909F0D2FF63683246694628465B6874
:101C300009F0CBFF63681B2228465B68044909F062
:101C4000C4FF02B070BD00BF37EF0000BEDE000071
:101C5000A2DE000000210123064A904206D8064A6F
:101C600001B901231360054B18607047012140083A
:101C70005B00F2E740420F0064120020681200206F
:101C8000F8B50D460446064F4618B44201D1284621
:101C9000F8BD14F8011BBB6801485B689847F4E77E
:101CA000A8D10000014B036000207047DCD6000083
:101CB000F0B40D4B0D4E5F6A0D4BB34203D36FF082
:101CC0008500F0BC70475C68BC420AD31D6945B111
:101CD00094F802C08488E4B2A44502D12B46F0BC3B
:101CE00018472433E9E700BF90120020B00300201A
:101CF0008C0300202DE9F04705460E461746134C8D
:101D0000DFF84C80DFF84C90444503D36FF085003A
:101D1000BDE8F0876268D9F824309A4213D3A369EA
:101D20008BB1A9889078C9B2884205D13A4631462C
:101D30002846BDE8F04718475279012A03D13A46B0
:101D40003146284698472434DEE700BF8C03002044
:101D5000B0030020901200202DE9F04105460E4608
:101D600017460A4CDFF82880444502D36FF08500FF
:101D700009E063690BB92434F6E73A463146284650
:101D800098470028F7D1BDE8F08100BF8C03002000
:101D9000B00300200022024B1A605A60704700BF57
:101DA0004B13002070B50B4B0B4CA34201D300200A
:101DB00070BD0022196A1E7F0439D5B2AE4201D827
:101DC0002433F2E7013211F832508542F5D1012077
:101DD000EEE700BF8C030020B003002073B58488B9
:101DE0000D46E4B263068DF8074007D02046FFF7A2
:101DF000D9FFB0B1144B93F8BA0090B12346124EFC
:101E00008DB10321114A124809F08DFF9DF807009A
:101E100002F04AFEF3691BB108200DF10701984753
:101E2000012002B070BD03210A4A094809F07BFF76
:101E30009DF8070002F06AFEF369002BF0D009203C
:101E40000DF10701EBE700BF9012002004DF000056
:101E5000D0D5000017DF000008B501210346034A72
:101E6000034809F060FF002008BD00BF2CDF000020
:101E7000D0D5000038B505460AF083F810F1780F88
:101E8000044611D12B4602210C4A0D4809F04BFFA4
:101E9000284609F04AFF0B4A0024D2F8C43023EA4E
:101EA0000003C2F8C43007E00028F1D02B4601211E
:101EB000054A034809F037FF204638BD47DF0000D8
:101EC000D0D500009012002068DF000008B5094856
:101ED0000378C3F341130A3350F823303BB100F1C8
:101EE000080200F110019847C043C00F08BD184612
:101EF000FCE700BF9012002004282DE9F74F0446AC
:101F00000F46DFF8989015D001282FD1DFF8908088
:101F100098F8B93053B300F0EFFD224D4D4522D271
:101F20004FF0000A2A6A2B7F5FFA8AF6B34204D880
:101F30002435F3E7FFF72EFFE8E702EBC60630791A
:101F400001920AF01EF88346307909F0EEFED8F8C7
:101F5000C430BBF1000F23EA0003019AC8F8C43073
:101F60000AF1010ADFDA002388F8B9300D4D4D453A
:101F700008D30B4B1B6A6BB13946204603B0BDE852
:101F8000F04F1847EB681BB13A4621462846984760
:101F90002435ECE703B0BDE8F08F00BFB0030020AC
:101FA000901200208C03002073B5044680782B4DDE
:101FB0008DF800002379627943EA0223ADF80230FC
:101FC000E37803F003038DF8043009F0AEFED5F892
:101FD000C430064618420CD0A478204600F06EFDAE
:101FE0002046FFF747FF0AF0CFFD10B9962007F013
:101FF00015FF684602F02AFD10F1780F9DF80030B9
:102000001BD10221164A174809F08DFE9DF80000E9
:1020100002F0B8FD10F1780F19D102219DF80030BF
:10202000114A104809F07FFE0120D5F8C43085F828
:10203000B9003343C5F8C43007E00028E6D00B4AA6
:102040000848012109F06FFE002002B070BD002891
:10205000EAD09DF80030064AF2E700BF9012002057
:102060008ADF0000D0D50000D1DF0000ADDF000026
:10207000F1DF00002DE9F047A84E0446B3690F4692
:102080001546FBB9237803F01F03012B00F09E8057
:10209000022B00F0068133BB94F900002A68002867
:1020A000617834DA062912D008292BD0D9B9012356
:1020B0005170137096F8C3305B0043F00103137046
:1020C000022328E198470028DCD100200DE0628837
:1020D000100A011F0129844605D9072803D8716A0F
:1020E000D2B20C781CB96FF01500BDE8F0874E78BD
:1020F000664503D19A4200F0098101332144F0E79B
:102100000B7808E196F8BA301370012303E1013926
:102110000829E8D801A353F821F000BFB721000037
:10212000E7200000C5210000E72000004121000059
:10213000E7200000E7200000E72000004F2100001A
:102140006088C0B202F044FC0028BED0CBE76388B0
:10215000756A63BBFFF71EFE638886F8BA30F369C1
:10216000002BB2D003206E499847AEE76B78042B62
:1021700010D0052B11D0022B04D16F796388BB429C
:1021800008BF01202B781D442B78002BEED10028AE
:10219000A9D0DFE795F80380F4E76388BB42F1D16B
:1021A000B8F1000FEED12846FFF7FEFEEAE7FF2761
:1021B0000020B846E8E76388012B94D1002386F815
:1021C000C33082E76388012B8DD1F8E796F8BA30E7
:1021D000D5F800C0002B86D0756AA3882A465FFA1E
:1021E00083FE107800283FF47EAF5178022904D195
:1021F00092F80480F04500F295800244F1E78CF8F3
:1022000000208CF8012039605FE7154496E00B2A26
:102210007FF469AF00274FF0FF08BA46C14606E0D9
:102220006B78042B0FD0052B21D02B781D442B78F5
:10223000002BF5D1F36913B1514607209847002FC1
:102240007FF443AF4FE795F80280A38895F8039099
:102250009845EAD163889945E7D1B8F1070F1DD8B1
:1022600006EB0803AA46012783F8BB90DDE7A388A5
:102270004345DAD16388DBB24B450AD0AF783846A4
:1022800000F01CFC3846FFF7F5FDB0FA80F77F0937
:10229000CBE72846FFF788FE0746C6E7AA46002791
:1022A000C3E794F900206378002A19DA002B7FF441
:1022B0001AAFA3882D68DCB25B060AD02046FFF770
:1022C00071FD00283FF40FAF96F8BA30002B3FF4B1
:1022D0000AAF2946204602F039FC00236B70EFE676
:1022E000012B08D0032B7FF4FEAE6388002B7FF414
:1022F000FAAE012103E0618800297FF4F4AE2046A4
:10230000FFF76CFD00287FF4E0AEECE602282960C0
:102310007FF4F6AE4B883B60D7E600BF90120020FA
:102320004A13002094F9000062780028BFF66FAFCE
:10233000002A3FF464AF0A2A7FF4D5AE2A78002A37
:102340003FF4D1AE697804297FF45FAFA9788B425E
:102350007FF45BAF072B8EBF00239B1993F8BB3034
:102360008CF80030D1E600BF2DE9F84F05460F4646
:10237000904699460426DFF834B0DFF834A04B4687
:1023800042463946284602F027FC10F10B0F04465E
:1023900009D12B465A460221504609F0C4FC07F0E9
:1023A000BDFC013EEBD12046BDE8F88F12E00000F5
:1023B000D0D5000013B5164C237DF3B9E26801AB0C
:1023C0008020A1680192FFF7CFFF019AA368134410
:1023D000A360E3689B1AE3606BB962B12369E2888A
:1023E0009A4208DD94F8C82093FBF2F102FB113306
:1023F0000BB90123237502B010BD002380201A46BB
:102400001946237502B0BDE8104002F0E5BB00BFDD
:10241000901200207FB500230D4606460193002848
:1024200062D100293AD108220B460DEB020109F0D6
:10243000C1FD002804DA802002F036FB04B070BD34
:102440002E4C029AC4E903552260039ABDF80E305F
:10245000626004F13802A2609DF908202575002A07
:102460000FDB802B09D90121254A264809F08EFB74
:10247000802002F019FB2846DEE713B1C4E90333DC
:10248000DCE7FFF723FD0028D5D0E28823699A42D4
:10249000D4BFE260E360FFF78DFFCFE7174C01ABDD
:1024A000D4E90212002A05DC024609F083FD002867
:1024B000C4DAC0E709F07EFD002804DA802002F0CB
:1024C000F3FA3046B8E7019AA3681344A360E368BF
:1024D0009B1AE360002BB1D104F13803A360FFF72E
:1024E000F5FC0028D7D1A6E78028A7D1034BDA68EE
:1024F000002AD0D11B7D002BCDD19FE79012002068
:1025000039E00000D0D50000054B064A58629A62B7
:10251000054A0020DA62054A1A63054A9A61704743
:102520009012002075200000B11C0000591D000011
:10253000F51C00002DE9F34104464C4D4FF0FF33EC
:102540004FF0FF324A4806F0AFFE95F8B8306BB155
:102550000221484A484809F019FB6FF077044448C3
:1025600006F01AFF204602B0BDE8F0816B6A6BB935
:1025700000F0D4F8FFF7C8FF6B6A3BB901213F4A6E
:102580003D4809F003FB4FF0FF34E8E73C482C627C
:10259000E8616E6A02F062FC02F0E8F9041EDEDB1C
:1025A00000F0CCFA041EDADB7378012B01D1F37949
:1025B0003BB90121334A304809F0E8FA6FF01504BD
:1025C000CDE70026684685F8C830ADF802308DF8B2
:1025D00004608DF8006002F039FA041EBFDB80272A
:1025E00068468DF8007002F031FA041EB7DB304601
:1025F000254902F01FFC041EB1DB3846224902F0D7
:1026000019FC041EABDB214CDFF8848044451AD34F
:10261000002002F0B7FA041EA1DBD5F8C4308020F8
:1026200043F00103C5F8C43002F0ACFA041E96DB97
:10263000D5F8C430002443F48033C5F8C4300123F6
:1026400085F8B8308BE70026276A227FF3B29A42DA
:1026500001D82434DAE707EBC30257F833101079B6
:1026600002F0E8FB01360028EFD08CE79012002042
:102670009802002052E00000D0D5000075E0000074
:10268000F91E00009AE00000152400008C030020D1
:10269000B003002030B51F4B8BB005AA03F1100525
:1026A000144618685968083303C4AB422246F7D170
:1026B0001B7810222370002101A80AF069FC122265
:1026C000002115480AF064FC102101A809F077FDEB
:1026D00000281BDD0828B8BF082001AB09381A18EC
:1026E00000200D4912F8013F0AAC04EB131403F06B
:1026F0000F0328336B4414F8144C13F8143C0130C6
:1027000008280C704B7001F10201EBD102480BB0AC
:1027100030BD00BFD4E00000CF2800202DE9F04FED
:1027200087B0894B00AF93F800A0BAF1000F04D036
:1027300086481C37BD46BDE8F08F844C00264FF01C
:1027400001193546B046FE6023783BB9804B023410
:102750009C42F3D101237C4A1370E9E76378052B8F
:102760001DD8DFE813F0AD000600EE00AD001F003D
:102770005000402387F810A07B8287F814A007F14F
:10278000100002F037F940B1082307F110007B82F6
:1027900002F030F908B1A7F812A07B8AE371237820
:1027A0001C44D1E7E378002BF9D1A37813B3FB687D
:1027B0000133DBB2FB60F2E76B689C421CD024352E
:1027C000644B9D42F8D36D4688B06A46624BC2E9BD
:1027D0000534032342F8103F00234FF4C2515F48F1
:1027E000FEF7A2FFAD465D4801215D4A09F0CEF932
:1027F00000209EE75B4DE3E7AB68002BD7D0204677
:10280000F9689847D3E7002D58D1574A012153481A
:1028100009F0BCF9E7E72B6AA07803EBC2010B795A
:10282000984245D14FF0010BE0785FFA8BF300F04E
:1028300003003875207994F805C040EA0C207882AE
:1028400094F90200002826DA4FF0010C0BF1100079
:102850000CFA00F010EA090F25D143F0800038741B
:1028600007F11000C7E90031BA6002F0C3F8D7E9F8
:1028700001123B68B8B93A7C12F0800FA2700A715D
:102880004FF001021DBF1033DBB29A4002FA0BF287
:1028900049EA020983E7012000FA0BF010EA090F68
:1028A00001D11846DBE70BF1010BBBF1100FBBD1D7
:1028B00001322B7F9A42AED32C4AA7E70022F8E7D9
:1028C000032E24D1FFF7E6FE8346A0B1FDF766FC98
:1028D000034680B1102806D0B8600221244A1F4860
:1028E00009F054F9BB68102BA8BF102359461A46AB
:1028F000A01C0AF026FB6FF002012378091BE218E6
:1029000004EB5303D14209D50136F6B247E7002E56
:10291000F1D1B8F1000F08D1164A77E702F801ACFF
:1029200013F8010902F8020DECE7A4EB080388F89C
:102930000230C3F3072388F80330FB6888F80430BB
:10294000E2E7A0462BE700BFCE28002004030020CA
:102950008C030020B0030020E5E00000C8D5000093
:10296000CBE100008C03002005E1000046E10000FF
:1029700063E10000AEE10000094B00211A4610B5EA
:102980001C78844204D15C6814B102EB811010BD44
:102990000131042903F14003F2D10020F7E700BF21
:1029A0005C1300202DE9FF4150F8283C0446103309
:1029B00010F82C6C0AD1036950F8202C98073DD5EB
:1029C000D2B9590715D5002344F8283C54F8283CBF
:1029D00010330BD054E9077554F8148C0AF0D4F86E
:1029E000002857D0214632480AF0B2F804B0BDE8BA
:1029F000F08143F00403236103AB304654F8241CF8
:102A0000FFF7B2FC034640B101212A4A2A4800964A
:102A100009F0CFF86FF01503D6E7039A54F8243C79
:102A2000134444F8243C54F8203C9B1A44F8203CBE
:102A300054F81C3C134444F81C3CC7E703AB304635
:102A400054F8241C02F052F903460028DCD1039DFF
:102A500054F8243C2B4444F8243C54F8203C5B1BA1
:102A600044F8203C54F81C3C2B4444F81C3C002DFA
:102A7000A9D0304602F0F8F9B5FBF0F303FB10558E
:102A8000002DA0D154F8203C002B9CD0304602F001
:102A900083F99BE744F8180CA4F1100006F0FEFC43
:102AA000002DA3D0424639463046A8479EE700BFD6
:102AB00008110020F9E10000E8D5000010B5EFF39F
:102AC0001184202383F31288BFF36F8FFFF754FF25
:102AD00050B14368103307D16FF08B0300F12C0124
:102AE000436004480AF034F884F31188BFF36F8F11
:102AF00010BD00BF08110020F8B5042520270D4C9B
:102B0000EFF3118687F31288BFF36F8F636810337A
:102B100007D16FF08B030848636004F12C010AF0C1
:102B200017F886F31188BFF36F8F013D04F140045D
:102B3000E6D1F8BD5C1300200811002070B5002517
:102B4000094C0A4E3146204609F0E6FF0122A4F165
:102B500010001146013509F094FF042D04F14004E2
:102B6000F0D1002070BD00BF88130020A52900000F
:102B700008B5044808F0C0FBBDE80840024808F06A
:102B8000BBBB00BF23E2000058E20000014807F091
:102B90004DBD00BFDCD6000038B5044618B90F4B58
:102BA0000F485B6898476168B1F5683F10D0B1F590
:102BB000680F0DD00B4DA9420AD011F4686120684E
:102BC00007D00146084809F064FE002323606560D1
:102BD00038BD14220AF0DCF9F9E700BF60010020DB
:102BE00086E200002C5F5CA95C19002008B560B388
:102BF0004368B3F5683F0ED0B3F5680F18D0144A98
:102C0000934220D000684FF0FF324FF0FF3306F0C0
:102C10004BFB58B115E001220368D3E8EF1F0029F0
:102C200003D1C3E8E02F0028F7D10AD1002008BD66
:102C30000368084A1B7803F5807352F82330002B91
:102C4000F4D00548F3E70548F1E76FF4E040EEE71C
:102C50002C5F5CA900000350E98FFFFFEA8FFFFFA4
:102C600008B520B34368B3F5683F09D0B3F5680FE2
:102C700013D0114A93421DD0006806F08DFB14E07A
:102C800000220368D3E8EF1F012903D1C3E8E02F36
:102C90000028F7D109D0094808BD00210368084A77
:102CA0001B7803F5807342F823100020F4E76FF4DB
:102CB000E040F1E70348EFE72C5F5CA9E98FFFFFF5
:102CC00000000350EA8FFFFF10B5044618B91D4BF2
:102CD0001D485B6898476368B3F5683F2FD0B3F52C
:102CE000680F2CD0194A934219D1236803BB4FF0C7
:102CF000FF324FF0FF332146154806F0EDF908B9D1
:102D000023681BB90F4B13485B68984714220021B6
:102D100020680AF03DF94FF46863636008E0B3F59A
:102D2000683F0DD83A2B03D040F6BA629342DED109
:102D3000206809F014FE636843F03A03636010BD35
:102D4000054AF3E76001002086E200002C5F5CA9E1
:102D50005C190020ACE200003A00003A08B50649D0
:102D600040231422054809F086FDBDE808400449C7
:102D7000044807F0CDBC00BF5C1400205C190020A3
:102D8000E4D60000F8D600002DE9F04706460C46D0
:102D900000AF002936D0D1E90012E9468AB06D466D
:102DA000A3684FF0050AA8461F48C5E90723C5E9EF
:102DB000050148F810AF002342464FF421511B484B
:102DC000FEF7B2FCD4E90312CD466369AD4618485C
:102DD000C5E90723C5E90501C5F810A0002342464F
:102DE0004FF421511148FEF79FFCCD46E3690121C4
:102DF000104A0E4808F0D3FEA36901210E4A0B4881
:102E000008F0CDFE012E07D1EFF305830B4A3146C2
:102E10000648103B08F0C3FE2146304605F0B0FFDF
:102E2000BD46BDE8F08700BFD9E20000B0D5000084
:102E300008E3000037E3000046E3000074E300000D
:102E400030BFFFF7FDBF00BF2DE9F04105460B4E37
:102E5000DFF82C80324606EB0807CC1B20460949D8
:102E60000AF06FF8A01942460021083C0AF090F8D9
:102E70002C6707F10800BDE8F08100BF00000000EA
:102E80000400000020D60000054B5A699B689A4256
:102E90001FBF044A536843F080535360704700BF1C
:102EA000B026002000ED00E070B52A4C06460D4625
:102EB00029482A4908F082FFA36ADB0647D526483D
:102EC000274908F07BFF1120A36A1C0704D522487C
:102ED000244908F073FF12201E4CA36A990712D5EB
:102EE00021491D4808F06AFF636BA26A120609D5E2
:102EF00001211E4A184808F052FE1EB1A36A23F0B1
:102F00008003A3621320134CA36ADE0704D5124882
:102F1000174908F053FF1420A36A9C0604D50E48F5
:102F2000144908F04BFF15200A4B9A6AD10658BF86
:102F30009A6A9A6A920642BF5A6A22F400525A6208
:102F40009A6A42F0FF029A6200232B7070BD102033
:102F5000BAE700BF00ED00E0B0D5000087E3000055
:102F60009DE30000D0E30000E3E30000FBE300008A
:102F700011E4000030E4000010B5244C2449254839
:102F800008F01CFFA36A99013ED52248224908F0A7
:102F900015FF1E20A36ADA0104D51E481F4908F058
:102FA0000DFF1F20194CA36ADB0204D519481C49E8
:102FB00008F004FF0220A36A1C0304D51548194930
:102FC00008F0FCFE2120114CA36A590304D51148D6
:102FD000154908F0F3FE2220A36A9A0304D50D4890
:102FE000124908F0EBFE2320084CA36ADB0304D54A
:102FF00008480F4908F0E2FE2420A36A6FEA034361
:103000006FEA1343A36210BD1D20C3E700ED00E08B
:103010005FE40000B0D5000077E400008AE400001F
:10302000A4E40000CEE40000ECE4000011E50000A0
:103030002BE5000070B5294C06460D462848294965
:1030400008F0BCFEA36AD9043CD52548264908F0FF
:10305000B5FE1720A36A1A0504D52148234908F0B4
:10306000ADFE18201D4CA36A9B0512D51C482049B3
:1030700008F0A4FEA36BA26A100409D501211D4A21
:10308000174808F08CFD1EB1A36A23F40043A36225
:103090001920124CA36A590504D51148164908F0A5
:1030A0008DFE1A20A36ADA050ED50D48134908F0E3
:1030B00085FE1B20094A936A43F47F4393620023F1
:1030C0002B7070BD1620C5E7A36A9B04F2D5044897
:1030D0000B4908F073FE1C20ECE700BF00ED00E098
:1030E000B0D5000056E500006CE50000D0E300001C
:1030F0007DE5000096E50000ABE50000C6E50000B8
:1031000030E400002DE9F0418AB0654B0446D3F865
:103110000480002600AFC8F3080586F31188BFF3CA
:103120006F8F02F07F43B3F17F4F07D102F00C03A2
:10313000082B12D15B495C4808F040FE002634465B
:103140000023FB71EB1E092B00F28980DFE803F0FE
:103150000A7F827B87878787878510074CBF0C464D
:103160000126EDE75149504808F028FE00234C4D58
:10317000FB71EB6A9A0705D54D494B4808F01EFED6
:10318000002331E0EB6A002B01DA4A49F5E7EB6AEC
:103190005B00F5D54849444808F010FE6B69A26908
:1031A00043F480736B61BFF34F8FBFF36F8F6B6915
:1031B00032F8022C23F480736B61BFF34F8FBFF39F
:1031C0006F8F4DF602739A4207D0AB6ADBB26BB3D6
:1031D0000120F91DFFF768FE37E023680121374A17
:1031E000314808F0DCFC2368FA79DAB907F1080500
:1031F00004F1200C2A4620686168083403C2644543
:103200001546F7D17A6A002E45D0C2F3080121B9DC
:103210006FEA52226FEA42227A62184607F10801E9
:10322000FFF7B2FD2837BD46BDE8F081AB6A13F465
:103230007F4F04D00120F91DFFF7FCFE05E0AB6ACB
:10324000B3F5803F9CD3FFF797FE0346CCE7002001
:10325000F91DBFE70020F91DEEE719498DE7194A6E
:1032600018F4F87FE8468AB0174B18BF13466A4631
:103270001649103DC2E905134FF400731384144B33
:10328000D56142F8103F00234FF411510648FEF774
:103290004BFAC54674E722F4FF7222F00102BBE745
:1032A00000ED00E00CE60000B0D5000037E60000BD
:1032B0004EE600006FE600007DE600009CE60000A0
:1032C000B8E60000F3E50000DEE50000DCE6000003
:1032D00004000001064B5A6942F010025A615A6913
:1032E00042F480625A615A6922F008025A617047BA
:1032F00000ED00E0EFF30880EFF3098101B57246BD
:10330000FFF700FF01BD00BF002080F31488BFF36A
:103310006F8F002080F30A8880F30B880F4880F3BA
:10332000088804F047FB00200D490860BFF34F8F69
:1033300000F02CF8202080F311880A484FF4006137
:10334000401880F30988EFF314800221084380F3CA
:103350001488BFF36F8F00F0EBF80000C841002025
:1033600094ED00E088340020002318460649D1F887
:103370009020C2F30722934200DB7047C1F89830D7
:10338000C1F8A0000133F6E700ED00E010B572B619
:10339000002484F31388FFF7E7FF23464FF0FF3044
:1033A0000C4A03F120010133102B42F82100F8D11F
:1033B00000234FF0FF30074A03F160010133102B67
:1033C00042F82100F8D162B6BFF34F8FBFF36F8F81
:1033D00010BD00BF00E100E0084B9B6883420BD1A9
:1033E000EFF3058343B1064B5A6842F080525A60AE
:1033F0005A6A22F400425A6206F058BDB0260020F4
:1034000000ED00E014498A684FF030001044EFF3FB
:10341000098C80E8F01F202080F31288BFF36F8FA3
:103420000E4F4FF000664A698A603E60106F0C4C88
:103430002060506F0023536780F3118802F1300041
:1034400090E8F01F8CF3098802F1000004B508F041
:10345000BDFCBDE804407047B026002004ED00E04C
:10346000781900201EF0040F0CBFEFF30880EFF373
:103470000980816911F8021C0229FFD001B572464A
:1034800008F091FC01BD00BF40B2002807DB01231A
:103490004109034A00F01F00834042F82130704781
:1034A00000E100E040B200280CDB0122064943099C
:1034B00000F01F008240203341F82320BFF34F8FDC
:1034C000BFF36F8F704700BF00E100E0054B42097A
:1034D00053F82220012300F01F0003FA00F01040EF
:1034E000704700BF00E100E040B2002801F1010197
:1034F000ACBF00F16040064B4FEA4111C9B2ABBF0F
:1035000000F5614000F00F0080F800131954704777
:1035100014ED00E0044B054A23F07F039360BFF3F2
:103520004F8FBFF36F8F70470000000000ED00E089
:1035300008B5FFF7EFFF074AD2F8883023F470038D
:10354000C2F8883005F00AFD06F0E4FD00F046F808
:1035500005F044FD00ED00E042F8203C009B0B49E3
:1035600042F81C3C019B21F0010142F8183C029BEF
:1035700042F8081C42F8143C4FF0807342F8043CB7
:103580000023203A02654367704700BFA90F00007F
:1035900000B50B4B15469860026F0A4B0E461A6039
:1035A000036E83F30B882C4686F309880020064BB4
:1035B00098472046002100220023044C204700BFEA
:1035C000B026002078190020D5BD0000A90F00000A
:1035D0001022014B1A61704700ED00E0002320210A
:1035E0000348C2180133452B82F80013F9D1704704
:1035F00000E100E008B5EFF30583064A103B02EB5B
:10360000C30152F8330049688847BDE80840FFF716
:103610003BBC00BF88D200001FB5094C094A2346B5
:103620000121094800F012F900230393074B0121FF
:10363000E41A01A80193029400F012F904B010BD3D
:10364000000007200000002008D70000B003002081
:1036500010B50C7A0B6804F01F0223F01F031A4305
:10366000CB68640923F01F03054943EA440343F090
:103670000103C1F89800C1F89C20C1F8A03010BD2A
:1036800000ED00E010B50A4BD3F89030C3F30723E8
:10369000013B984208D901210346064A064808F032
:1036A0007EFA6FF0150010BDFFF7D2FFFBE700BFF9
:1036B00000ED00E0F3E60000A0D500002DE9F04F9A
:1036C0008946144606464FF00008514D85B0C8455E
:1036D00027DAD6F804A0BAF1000F44D0BAF11F0FD0
:1036E00017D91AF01F0F14D1D6F800B01BF01F0F16
:1036F0000FD1584608F0AAFB07460AEB0B00013829
:1037000008F0A4FB874210D06FF01507414A3B46F2
:1037100001E04346404A0121404808F040FA6FF07A
:103720001504204605B0BDE8F08F17F1160FEDD057
:10373000BC42EBDDC5F89870D5F89C10C5F89870C0
:10374000D5F8A03021F01F0143F01F0BD6E900325D
:103750001A44994202F1FF3A1DD1D34507D13146AF
:10376000F8B208F07CFB08F101080C36AFE73146EF
:10377000C5F89870D5F89C3022F01F0203F01F03A3
:103780001343C5F89C30E0B208F069FB10F1160F46
:10379000C5D0441CE7E7C5F89870D5F8A020013BD8
:1037A00023F01F0302F01F021343D3453146E0B25A
:1037B000C5F8A030E8D008F052FB10F1160FAED0DB
:1037C000C5F89870D5F89C209DF808300BF1FF3BA8
:1037D00062F304038DF80830D5F8A0309DF8082076
:1037E0005B0863F347128DF80820D6E900321344D2
:1037F000009323F01F035B44A3EB0A03013023F083
:103800001F036946C0B20393FFF73CFFBEE700BF4A
:1038100000ED00E03CE7000019E70000A0D5000043
:103820000522044BC3F89420BFF34F8FBFF36F8F73
:10383000704700BF00ED00E0BFF35F8F0022024B36
:10384000C3F89420704700BF00ED00E010B5034CB2
:103850002278FFF733FF207010BD00BFE128002061
:103860002DE9F74F294D8A4606464FF00008AB4632
:10387000274FD0451BDAD6F80490B9F1000F3FD09E
:1038800031680846019108F0E1FA0199044609EB14
:103890000100013808F0DAFA84424FF014021D4B9F
:1038A00008D002FB08F36FF015024BF8032003B0B9
:1038B000BDE8F08F14F1160F2C60F8D01978A142F2
:1038C000F5DD02FB08B0C7F89840C7F89840D7F874
:1038D0009C4000F10801007B64F304000871D7F8F4
:1038E000A0000C79400860F347140C71D7F89C10C5
:1038F00021F01F016960D7F8A01021F01F01296194
:1039000008F1010814350C36B3E700BF7C1900201C
:1039100000ED00E0E1280020F0B54149414CD1F82C
:1039200090302568C3F307239D4287B075D80020E7
:10393000FFF782FF3C4BC1F8C030854216D13B4CAB
:1039400001A82570FEF7AEF900250646384FAE42B5
:1039500013D1002023783249D1F89020C2F30722F6
:10396000934254DBFFF75CFF00202FE0616801EB1E
:103970000011FFF76DFE0130DFE70199280101EB2F
:103980000513DA683A40B2F5001F21D0B2F5800F76
:103990002BD0B2F5801F38D15A689B680958013B7B
:1039A00022F01F0003440120844623F01F0340EA55
:1039B0004C10CDE902218DF8100002A92078059362
:1039C000FFF760FE00281DDA6FF0150007B0F0BDAC
:1039D0005A689B680958013B22F01F0003444FF0CE
:1039E000020C012023F01F03E1E75A689B68095885
:1039F000013B22F01F0003444FF0000C062023F08F
:103A00001F03D4E723780133237001359FE7C1F802
:103A10009830C1F8A00001339EE74FF0FF30D5E7A2
:103A200000ED00E014D70000AAFF4400E1280020C8
:103A30000000F0FFF0B587B007460E46144600219F
:103A4000102268461D4609F0A3FA02238DF80230C1
:103A5000054B2A4621466846CDE90476019306F0D7
:103A600053FF07B0F0BD00BF91BE000008B5024B88
:103A70001B689847002008BD90190020034B044A9A
:103A80001860937843F002039370704790190020F8
:103A90003000002008B50649064821F00701C1F1B1
:103AA000005202F5E02207F077FB002008BD00BFBE
:103AB000A74A002094190020054B03EB8000D0F8A2
:103AC000003223F0E04343F04053C0F80032704727
:103AD00000258450052370B5144D154E2C78013403
:103AE000B4FBF3F303EB8303E41A08F0BFFD114AC0
:103AF000137823B156F82430C01A072814D94FF090
:103B00005023D3F8141141B10021C3F81411D3F894
:103B100014312C700CB9012313702C7808F0A6FD19
:103B200046F82400012070BD0020FCE7E3280020B7
:103B3000A0190020E2280020012208B50B4B0C49F7
:103B4000C3F8002502230020C1F8D036FFF7B4FFE8
:103B50001046FFF7B1FFC1F80427C1F80429C1F8E6
:103B6000002BBDE8084000F0A5B800BF00100050D1
:103B70000040005007B50DF1070004F03FF80F4B6F
:103B8000984218D14FF480620D4B0E49C3F8B82506
:103B90004FF40062C3F83C259DF8070008F07DFD56
:103BA0009DF80700084908F073FD01209DF80730D3
:103BB000984004F01DF803B05DF804FB0000AD0B65
:103BC00000A002502CA0025028A1025048B1054B81
:103BD000054A1B68B3FBF2F35843044B43F001035F
:103BE000184770473401002040420F0020D60000E3
:103BF000002170B5104C114D114E000714F8013B17
:103C000003F01F025B090FD0012B0FD1334603EBEA
:103C10008203D3F80022013122F0E042024304295A
:103C2000C3F80022EAD170BD2B46F0E700238032B2
:103C300053F82230FFDE00BF76E7000000258450F5
:103C4000002884502DE9F041064601200D46FFF77B
:103C5000CFFF4FF47F03D3F83021D3F83431072A54
:103C600020D1023B032B02D8114AD35CD3B14FF0D1
:103C700050244FF0010800270520C4F81886C4F826
:103C8000147608F003FD4046C4F8148608F0FEFCE4
:103C9000C4F81476C4F8187630462B46BDE8F041D7
:103CA000002118474FF050230022C3F81426F3E7F1
:103CB00072E700000149024807F001BE3CD700004E
:103CC000B419002003460221014A024807F067BFE9
:103CD0007AE70000D8D5000070B504460D460146CD
:103CE0000A4808F049F820B92046BDE87040FFF7BF
:103CF000E9BF022D08D150F8083C2BB11B691BB15C
:103D0000BDE870400068184770BD00BFE81900208A
:103D100080B500AF88B06A46064BC2E90530032380
:103D200042F8103F00234FF4C4510348FDF7FCFC58
:103D3000BD4680BDA0E70000D8D5000070B506469E
:103D40000D460146314807F0FFFF044620B93046D2
:103D5000BDE87040FFF7DCBF0A2D55D8DFE805F05D
:103D6000060D2729323D445454543100284A03217A
:103D7000BDE87040274808F0ABB803212548264A23
:103D800008F0A6F80023012104F8033C04F8023CE3
:103D900014F8043C20688B4204F8041C11D054F839
:103DA000083C73B19B6863B1BDE8704018471B4A7B
:103DB000DDE703211A4A174808F08AF8012304F8BE
:103DC000033C70BD0321174A124808F081F8002314
:103DD00004F8033C04F8023CF3E70321124A0D48BF
:103DE00008F076F80123F5E70321104A094808F0A6
:103DF0006FF814F8023C002BE3D003210C4A05486D
:103E000008F066F80023E5E70A4AB0E7E819002061
:103E1000C1E70000D8D50000CEE70000E4E70000CD
:103E2000F5E7000007E800001BE800002CE80000B0
:103E30003BE8000048E800002DE9F041904690F989
:103E400000200446002A0D46037803DB6FF01500BE
:103E5000BDE8F08103F01F03012BF7D14378062B57
:103E6000F4D187884688FFB239461548360A07F0EC
:103E700076FF30B902213B46124A134807F08FFE05
:103E8000E4E7212E04D0222E10D06FF08500DFE76A
:103E90000368E1885B685B6813F8092F914294BF5F
:103EA00029602A600020C8F80030D1E7E38850F884
:103EB0000C2C9A4294BF2A602B6050F8103CF1E71A
:103EC000E819002056E80000D8D500002DE9F0419F
:103ED0000F4681880546C9B23048904607F03FFF3B
:103EE000044648B9AB882E4802212E4A07F057FEF7
:103EF0006FF01200BDE8F08195F900300068002BEA
:103F00006E781CDA022E08D0032E09D0012E42D181
:103F100054F8083C0BB11C68ECB96FF08500E9E778
:103F20006B882BB10121204A1D4807F0D1FFF4E72F
:103F30000123043CC8F800403B600020DAE70A2E69
:103F4000EBD00B2E0ED0092E25D154F8083C002BB7
:103F5000E3D05C68E0E743463A462946A446BDE81C
:103F6000F04160476B88012B05D9104A01210C48AC
:103F700007F015FED1E714F8042C9A42DDD0D9B22F
:103F800054F8083C04F8041C002BD6D09B68002B86
:103F9000D3D09847D1E7064A3346E7E7E81900202F
:103FA000D8D5000056E800007DE80000A9E8000030
:103FB00090E8000010B50469A3600023C4E9001272
:103FC0006361064B2061596804F1140211B9C3E919
:103FD000002210BD0A605A60FBE700BFE81900200C
:103FE00070B544680069457B3DB1807B28B9206A83
:103FF000BDE870400079FEF7B7B90221034A0448D2
:1040000007F066FF6FF00A0070BD00BFC2E8000055
:10401000D8D50000F0B5114D114E124F85B04FF0BC
:10402000FF334FF0FF32284601A905F0DBF80346C5
:1040300090B101213A460C4807F0B1FDEFE7236843
:1040400013B1019A934203D1D4E9013101A89847F1
:104050000C34B442F3D3E2E7044CFAE7AC0200209C
:1040600020D60000E3E8000060D5000008D600007C
:10407000F0B517461E4685B001909DF82800DDE991
:104080000C5423462C432A468DF808008DF809105D
:10409000ADF80A7003960AD008F0FCFF0C49D1F87D
:1040A00080400C4909588C4204BF002213460A483C
:1040B00001A905F03FF8041E07DA0221074A084863
:1040C00007F064FD204605B0F0BD0024FAE700BF0C
:1040D0000811002008000000AC020020F8E80000F1
:1040E00060D50000772804D8034B185C08B100B2F3
:1040F00070474FF0FF30704730E9000008B50121EC
:10410000034A044807F042FD6FF0120008BD00BFEB
:10411000A8E9000078D500007FB503460846DA8894
:104120004968012A04694E6817D0B2F5A57F17D0F7
:104130000AB99A6862601B796BB1D4E900320D7BD1
:10414000AB4202D24D7B954210D802210092124818
:10415000124A07F02EFD04B070BD9A682260EAE7AB
:104160009A68003A18BF01222272E4E705FB032295
:104170008B689342EFD936F81220002AEBD0237ACD
:104180004FF0FF354FF0FF340121CDE9024500919A
:10419000FFF76EFFDFE700BF78D50000BFE9000042
:1041A000020600F07F0312D5082B05D1010700F0AD
:1041B0000F0306D50E48704710F0780F12D100F0AB
:1041C0000F034C2000EB43100A4B18447047082B98
:1041D00005D1020700F00F0306D50748704710F01D
:1041E000780FF6D000207047044800EB431070476A
:1041F000481B0020FC190020681C0020681B0020C0
:104200000149024808F0A4BC241A0020F00800204C
:104210000146014808F02ABCF402002000220023D5
:10422000014805F009B900BFF402002013B50022CF
:1042300001213720FFF758F9114800F0CFFE114B4C
:1042400098421AD10024104804F098FC0F4804F05A
:1042500027FD4FF0FF334FF480620D490D48009465
:1042600005F08EFA0C490B4808F094FC0B480C49F9
:1042700008F052FC204602B010BD6FF00400FAE7CF
:10428000214800000000AD0B26EC00005CD70000C8
:1042900088300020F0080020F5E90000241A0020F2
:1042A00019440000002310B50B49D1E8EF2F012A73
:1042B00003D1C1E8E03F0028F7D10CD151F8044CFC
:1042C0001439204607F089FB783004D12046BDE838
:1042D000104007F05EBB10BD1C1A002038B500244A
:1042E00064F07F00C0B2FFF75BFF013407F030FEDF
:1042F000082CF5D100240E4DE0B2FFF751FF036901
:1043000003B90561013407F023FE082C05F14005CF
:10431000F2D1084807F01CFE074BD3F87C2212B9F3
:10432000064AC3F87C22064807F012FE002038BD7A
:104330008C200020481B0020FC1900208C1C002031
:10434000681C002010B5054CFFF768FF20B14168DC
:10435000204608F09EFAF7E710BD00BF10020020CB
:1043600007B500230022144801A904F0B5FEE8B106
:104370000121124A124807F0FEFDFFF7E3FF002279
:1043800000230D4801A904F0A7FE30B101210D4A18
:104390000B4807F0F0FD00200AE00423019840607C
:1043A0000374FFF735FFFFF72BFFF4E70198406038
:1043B00003B05DF804FB00BF1002002000EA00001B
:1043C000E0D500001EEA000003460121014A024830
:1043D00007F0E5BB3AEA0000E0D50000022810B57E
:1043E00011D80B4A145CFFF7BBFF80B100220472A6
:1043F0000274FFF70DFF074B93F824303BB1BDE883
:104400001040FFF7FDBEBDE81040FFF7DDBF10BD57
:1044100023EC0000FC1900202DE9F0438046A04C5D
:10442000DFF8809285B0FFF7F9FE074610B905B0B6
:10443000BDE8F08394F825203B7C3AB9002B00F0CE
:104440009B807968974808F024FAECE7042B00F287
:104450007181DFE813F0910005000F0139015A0165
:1044600018F8043C33B9BB685B7A01218E4A8F4847
:1044700007F095FB3B7BBD68032B38D8DFE803F0E2
:10448000023E646900226E69894B32607260D3F823
:1044900080143170D3F884147170D3F88814D3F871
:1044A0008C0441EA00217180D3F89014D3F894046D
:1044B00041EA0021B180D3F89814D3F89C3441EA42
:1044C0000323F3800823EB6030687168794B03C3E2
:1044D00011462B68687A984796F90030002B09DB63
:1044E000F3889AB232B1A4F88C3201F0C3F848468E
:1044F0007968A8E70023A4F88C32F8E76B7F002BDB
:10450000F5D02B7F002BF2D000264FF0FF324FF07A
:10451000FF3369486E772E7707F02FFD6B6901A98D
:1045200001936B68CDE90236687A00F0ADFD634A0D
:104530000346904204D00121614A5C4807F02FFBFA
:104540005D4807F01CFDD2E701212B68687A984787
:10455000CDE7AB7A6BB9EB7F5BB957484FF0FF32D1
:104560004FF0FF3307F009FD01F08AF8524807F0D9
:1045700006FD02212B68E9E73B7A042BB7D8DFE878
:1045800003F055031F636F0000F0E8FC05460028A8
:10459000ADD100F095FC01234A49D1E8EF2F002A64
:1045A00003D1C1E8E03F0028F7D1A0D141F8085C71
:1045B00041F8105CE0691439636107F093F996E7FC
:1045C000002565F07F00C0B2FFF7EAFD037A13B162
:1045D000407A01F0B7F90135082DF2D194F8543141
:1045E0001BB194F8550101F0ADF90025E8B2FFF7D1
:1045F000D7FD037A13B1407A01F0A4F90135082DF3
:10460000F4D194F874321BB194F8750201F09AF960
:10461000002000F087FC012384F825302368002B5C
:104620003FF465AF00210220984760E7002584F839
:10463000255001F0EFF8FFF735FE2368002B3FF41B
:1046400056AF29460420EFE7002A3FF450AF00F0B0
:104650008FFC2368002B3FF44AAF00210520E3E7DD
:104660002368002B3FF443AF002A3FF440AF002102
:104670000620D9E708F110054FF0FF334FF0FF3265
:10468000284607F07AFCFFF729FE284607F077FC5A
:1046900058F8283C002B3FF42AAF00210120C3E743
:1046A000FC1900201002002055EA0000E0D50000AF
:1046B00000600350001A0020341A00200000AD0BE7
:1046C0007BEA00001C1A002094F8743263B10125C3
:1046D00084F8895284F88852FFF742FE60B929466F
:1046E000174A184807F047FC58F8283C002B3FF4BD
:1046F000FEAE00210A2097E7134A05740573826015
:10470000FFF786FDFFF77CFDEEE701210F4A0D481C
:1047100007F031FC04F0ACFA01F07CF800F0C6FBC5
:10472000FFF710FEFFF7DAFD04F09AFA084800F0F0
:1047300055FCDCE60121074A024807F030FAD6E6CC
:10474000A1EA0000E0D50000681C0020B5EA0000E6
:1047500021480000CCEA0000F7B5877806463846C5
:10476000FFF71EFD3B060546F4781DD554B1032C1A
:1047700006D001212346274A2748009707F019FA57
:1047800003B0F0BDFFF7ECFD03460028F8D001228E
:10479000AC770274032202739D60FFF739FD03B00A
:1047A000BDE8F040FFF72CBD54B1012CE1D1FFF77B
:1047B000D7FD03460028E3D06C7704740473EBE75D
:1047C000FFF7CEFD0028DBD0B278144B12F0800F3B
:1047D00002F0080111D041B1D3F8A836EB600123F3
:1047E0000374022385600373D7E7142102F00F02DC
:1047F00001FB0233D3F80836F0E711B1D3F8A8373C
:10480000ECE7142102F00F0201FB0233D3F8083762
:10481000E4E700BFE4EA0000E0D5000000600350D8
:104820001422F0B506468BB000210DEB020008F013
:10483000AFFB3378013B052B21D8DFE803F08B0376
:1048400014147B16032300248DF81C30FFF788FD19
:104850000346A0B100F108020474DDE9070182E813
:104860000300184626E00423EDE7B7783846FFF743
:1048700097FC837A054623B1013B022B54D90BB038
:10488000F0BD3B06F4781CD54CB1032CF7D00121C8
:104890002346314A3148009707F08BF9EFE7FFF7DD
:1048A0005FFD03460028EAD00122AC7702740322A0
:1048B00002739D60FFF7ACFC0BB0BDE8F040FFF762
:1048C0009FBC54B1012CE2D1FFF74AFD03460028FA
:1048D000D5D06C7704740473EBE7FFF741FD044611
:1048E0000028CCD002230127037307748560B078B9
:1048F00005F10C0107F07AFB034620B1184A39464E
:10490000164807F04CF9174AE968B2F88C328B4226
:1049100006D95B1AA2F88C3200F0ACFE2046C9E73B
:104920000023A2F88C32F9E730460BB0BDE8F04026
:10493000FFF712BF03A800F07BFE9DF80D30052B9A
:1049400004D19DF80C3013F0600F98D0064B012471
:1049500007937BE7022479E7E4EA0000E0D5000052
:1049600010EB0000FC190020681B002038B5154D25
:1049700095F8244024BB05F1380007F0F0FF022031
:1049800001F044F922460121E8613620FEF7ACFD32
:1049900004F066F9FFF7A2FC044610B9012385F87C
:1049A0002430094B1B680BB1FFF72AFC074BD3F8E7
:1049B0000034DB0702D50020FFF710FD204638BD8C
:1049C0000024FBE7FC190020F402002000700350D3
:1049D000074B93F824203AB193F82530002B14BFED
:1049E00000206FF0120070476FF01200704700BF98
:1049F000FC19002008B50378027903F00F0142B9D1
:104A000091B10D4A01210D4807F0B5FA4FF0FF3082
:104A100008BD082901D90A4AF4E7012A04D11B0775
:104A200007D4084A0221EEE713F00800F0D0064A46
:104A3000F8E70020ECE700BF30EB0000E0D5000015
:104A40004FEB00006EEB000084EB000038B5134B19
:104A5000044693F82430EBB105782846FFF7A0FB15
:104A600088B14572237983726388436020786188B6
:104A700010F0080F0AD14B1E0B4207D00121084A43
:104A8000084807F078FA6FF0150038BD07F0A9FA6A
:104A90000020FAE76FF01200F7E700BFFC190020D2
:104AA000A1EB0000E0D5000038B5154B054693F8A2
:104AB00024200AB393F82530F3B1FFF771FB0446C5
:104AC00010B96FF0150038BD817A01290FD007D9D0
:104AD0000239012907D900206369E060A361F2E788
:104AE00000F0D4FDF7E7284600F076FDF3E7054A2D
:104AF000054807F040FAE4E76FF01200E3E700BF73
:104B0000FC190020C9EB0000E0D5000038B50E4BC1
:104B1000054693F8242082B193F825306BB1FFF756
:104B20003FFB68B115F008040AD1284600F076FD75
:104B3000284600F03FFF204638BD6FF01200FBE72B
:104B40006FF01500F8E700BFFC19002038B50C4BDA
:104B5000054693F824200C4662B193F825304BB1FA
:104B6000FFF71EFB48B144B1284600F03DFD207020
:104B7000002038BD6FF01200FBE76FF01500F8E77A
:104B8000FC19002070B5134E044696F82430C3B1CA
:104B9000FFF706FB0546B8B1230705D4204600F011
:104BA0003DFD204600F006FF2B7A83B901232B72CE
:104BB00096F825300BB9002070BD204600F0C2FEEB
:104BC000F9E76FF01200F7E76FF01500F4E76FF008
:104BD0007700F1E7FC1900202DE9F043DFF8F480BD
:104BE0001E4698F8243007468946154685B0002BA6
:104BF0006DD098F82530002B69D003060BD5FFF750
:104C0000CFFA044638B1037A5BB901213B46324AF8
:104C1000324806F0C4FF6FF01504204605B0BDE829
:104C2000F0834FF0FF334FF0FF3208F1380007F008
:104C3000A4F9A37F33B108F1380007F0A0F96FF0B1
:104C40000A04EAE7A37A05B37BB301234FF0000817
:104C5000A377384601A9CDE90195CDF80C8000F085
:104C600013FA1F4A034690422DD084F81E800EB1DD
:104C7000C6F8008001211B4A184806F090FF6FF02B
:104C80000404194807F07BF9C7E7E27F02B1E57732
:104C9000002BDAD100F000FD8742D6D000F0F0FC06
:104CA000114807F06CF90024B7E7B8F80A309D42C4
:104CB000F0D26268B5FBF2F302FB1353002BE9D18B
:104CC0000123E377E6E706B135600024D9E76FF00A
:104CD0001204A2E7FC190020EBEB0000E0D5000075
:104CE0000000AD0B0AEC0000341A00202DE9F04161
:104CF0001D46254B174693F8242080460E46002A71
:104D00003FD093F82530002B3BD010F0800F0ED110
:104D100001B967B94046FFF743FA044638B1037A50
:104D200043B901214346194A194806F038FF6FF08C
:104D3000150013E04FF0FF334FF0FF32154807F036
:104D40001CF9E368B8469F4228BF984646B93FB968
:104D500005B12B600F4807F012F90020BDE8F08183
:104D600042463046A16908F0ECF8A3694344A361C8
:104D7000E368A3EB0803E360002DEBD0C5F80080E7
:104D8000E8E76FF01200E9E7FC190020EBEB000008
:104D9000E0D50000341A002070B5224D064695F883
:104DA0002430002B3AD095F82530002B36D003065E
:104DB0000BD4FFF7F5F9044638B1037A43B9012162
:104DC0003346194A194806F0EAFE6FF0150070BD27
:104DD0004FF0FF334FF0FF3205F1380007F0CDF808
:104DE000E368B3B9012663692677A361637F83B162
:104DF000FFF7B6FA30B905F1380007F0C0F86FF0E8
:104E00000B00E4E7067484600673FFF701FAFFF70E
:104E1000F7F9074807F0B3F80020D8E76FF0120061
:104E2000D5E700BFFC190020EBEB0000E0D5000047
:104E3000341A002010B5084B0C4693F824302BB1DF
:104E4000FFF7AEF928B10460002010BD6FF012002A
:104E5000FBE76FF01500F8E7FC190020014B186024
:104E6000704700BFFC19002008B5074B93F82430A9
:104E700023B1FFF795F920B1406808BD6FF012002B
:104E8000FBE76FF01500F8E7FC190020064B10F067
:104E9000800FA3F1D80208BF1346182200F00F00BC
:104EA00002FB0030704700BFA42300200023024A09
:104EB0001360024A1370704784240020E828002001
:104EC0004FF40062114BC3F800240122C3F80025FF
:104ED000D3F800241205FBD54FF40062C3F8002478
:104EE0008022C3F81C250122C3F8302540F2FF12AE
:104EF000074B1A600023074A1360074A1370074ADA
:104F000013700222064B1A70704700BF00600350F6
:104F1000802400207C240020E4280020E6280020B3
:104F2000E82800200022094B10B51A70084A094BE6
:104F3000094C002808BF13463620C4F80033FEF79A
:104F4000A3FA0123C4F8043510BD00BFE7280020F0
:104F5000FDFFDF01FDFFFF0100600350034B1878E8
:104F6000012894BF00200120704700BFE8280020DE
:104F700010B54FF0FF324FF0FF33154804F0C2FA7E
:104F8000EFF31181202383F31288BFF36F8F114B4E
:104F90001B7803F0FF0483B10F4BD3F8002412F405
:104FA00000720AD10120C3F82C05D3F82C05D3F8E0
:104FB0000004800502D5C3F82C25002481F3118854
:104FC000BFF36F8F024804F069FA204610BD00BF9E
:104FD000D4020020E728002000600350F8B51C4BE5
:104FE0001C7894BB1B4A40F2FF1710600122264632
:104FF0001A7064F07F0514F0080FEDB214BF394643
:105000004021284606F0EDFF2846FFF73FFF013418
:10501000092C867506730661EBD1002440F2FF1758
:10502000254614F0080FE6B214BF39464021304639
:1050300006F0D7FF3046FFF729FF0134092C8575AC
:1050400005730561EDD10448F8BD0448FCE700BFD5
:10505000E8280020842400200000AD0B0500AD0BE3
:10506000084B10F0800F14BFD3F81025D3F8142587
:10507000012300F00F018B40134214BF01200020D8
:10508000704700BF0060035002462DE9F843EFF37C
:105090001187202383F31288BFF36F8F030703D197
:1050A000194B1B7883422AD1184B10461C684FF0CD
:1050B0000109E44306F08DFF154EA4B2356809FAE4
:1050C00000F82C4314EA08041BD11046FFF7DEFE5B
:1050D000034680F80C9007C983E807004FF480026C
:1050E0001C619C750B4B45EA08050B483560C3F8FD
:1050F000042187F31188BFF36F8FBDE8F883074859
:10510000F7E70748F5E700BFE628002080240020E5
:105110007C24002000E100E00000AD0B0A00AD0B94
:105120000B00AD0B10F0080F074B06D0D3F8C004EE
:1051300010F4803F18BF0020704700F00F0000F50A
:10514000947053F820007047006003502DE9F04F31
:10515000AB4BAC4FD3F8542185B0DAB10022C3F881
:105160005421D3F80413890214D58DF80C20D3F8F8
:10517000202503A8ADF80E20D3F8C034002B14BFAF
:105180004FF001224FF480723B6813433B609E4B0B
:105190001B6898479A4BD3F8604134B10022C3F89A
:1051A0006021D3F86C44C3F86C44D3F828214AB189
:1051B0000022C3F82821954B187806F00AFF012336
:1051C00083401C43DFF84882924E98F8005098F9CB
:1051D000009015F0080141D1B9F1000F05F00F035F
:1051E0002CDA8D4A52F8230010B342F8231014220F
:1051F000534303F1A04303F55833D3F80836874AE5
:1052000003F0010311784B401370854804F046F910
:105210002846FFF73BFE837D032B37D1284606F057
:10522000D8FE012303FA00F0336823EA0003336059
:1052300001254FF00609DFF8D0A15DE0794A52F868
:1052400023000028F4D042F823101422534303F122
:10525000A04303F55833D3F80837D0E7B9F1000F6E
:10526000674B09DBD3F85021002AE1D00022C3F8B4
:105270005021D3F8A837C2E7D3F82C21002AD7D081
:105280000022C3F82C21D3F8A836B8E7037BDBB99A
:10529000284606F09EFE012303FA00F03368B9F1B8
:1052A000000F23EA0003336001DA882DC0D1062302
:1052B0008DF80C3000238DF80F30534B8DF80E50C5
:1052C0001B6803A89847B3E7002DB1D101224C4BCE
:1052D000DA64ADE794FAA4F0B0FA80F03A6805FA1F
:1052E00000F31A430F283A6024EA0304326840F3BB
:1052F0009D80134200F0AA80002CEBD1404BD3F8E4
:1053000000215AB1C3F80041474B03A81C703F4B22
:105310001C70012303933C4B1B689847384BD3F810
:105320005821002A2ED00022C3F85821D3F8004477
:10533000C3F80044E30508D501223B4B03A81A70CB
:1053400002230393304B1B689847A50508D500221C
:10535000354B03A81A70032303932B4B1B68984704
:1053600060050FD5304B1A7862B100221A70012205
:10537000234B03A8C3F808259A6504230393224B03
:105380001B6898471E4BD3F85C3103B3244B9B68D2
:105390001BB998F80030590619D00022184B03A801
:1053A000C3F85C21D3F88034184A23F07F031370CC
:1053B000336823F0011333603B6823F4803343F0F8
:1053C00001033B60052303930F4B1B68984732682A
:1053D0003B681A4200F0938000220023104804F03A
:1053E00091F8002840F08B80054BD3F82C35002B2A
:1053F00000F0A8800A4805B0BDE8F04F04F04EB8B0
:10540000006003508024002084240020E62800202F
:10541000E52800207C24002008610350E4280020B7
:10542000D402002030610350E728002013407FF4AD
:1054300063AF60F07F018DF80C908DF80E108DF841
:105440000F30DAF8003003A8984755E7A0F11001B3
:105450008DF80C908DF80E108DF80F50F1E749F093
:1054600080052846FFF712FD4368B0F814B00168C4
:105470009B4528BF9B4601F06043B3F1005F0446A3
:1054800004D05A46514807F05CFD504922686368D1
:105490005A442260A268A3EB0B03D20768B2636090
:1054A00005D5BBF1000F04D10023237301E0002BCD
:1054B000FAD0012202FA09F92AEA09033B602369BA
:1054C00015F0080F5B44236188F80050404B6FD102
:1054D00000284FF0140005F00F0500FB0530B5BFA4
:1054E00003EB85030A35C0F80016C0F80017B5BFF6
:1054F000C0F804B6C0F804B75A6043F8252005B0D8
:10550000BDE8F08F61464FF0000B70454AD1003A7C
:1055100018BF0122BCF1000F46D0584544D90122E2
:1055200002FA09F223EA02033360062302218DF80E
:105530000C30284BA1751B688DF80E508DF80F109C
:1055400003A898473368D7F800A013EA0A093FF484
:1055500051AF19F0012214BF92FAA2F999FAA9F9F0
:10556000B9FA89F9B9F10F0F01937FF678AFA9F174
:105570001005EDB22846FFF789FC04462846FFF7E0
:10558000D1FD6268B4F814E09042D4F800C0019BE9
:10559000B8D800EB0C0B121AC4F800B06146834671
:1055A0006260B2E70022B5E768B2002A81D17BE7EA
:1055B0000028B5BFC3F8A016C3F8A017C3F8A4B657
:1055C000C3F8A4B7B4BF5A629A6498E78C2200204B
:1055D0000060035084240020024B40F48070C3F824
:1055E0001805704700600350030713D400F00F0341
:1055F00010F0800F084A0BBF03F5887303F584731E
:1056000002EB830252F8230008BF5068003818BF2D
:10561000012070470020704700600350034BC3F81F
:105620000C0540F48070C3F80C057047006003500F
:105630000023036043600E4BD3F880240270D3F83C
:1056400084244270D3F88824D3F88C1442EA0122CF
:105650004280D3F89024D3F8941442EA0122828045
:10566000D3F89824D3F89C3442EA0323C3807047CC
:10567000006003500122014BDA6470470060035060
:105680000122014B1A657047006003500122014B53
:105690005A65704700600350014B1878704700BF8F
:1056A000E6280020024610B5EFF31184202383F38F
:1056B0001288BFF36F8F06F08CFC01230A4903FAAE
:1056C00000F00B6823EA00030B6012F0080101BF31
:1056D00002F00F02054B02F5947243F8221084F396
:1056E0001188BFF36F8F10BD80240020006003502D
:1056F000F7B50146EFF31185202383F31288BFF33A
:105700006F8FFFF7C3FB0646084606F062FC0122D6
:1057100011F0800F02FA00F22D4818D1036832EA26
:1057200003040AD00846FFF7BDFF0323B37585F3D2
:105730001188BFF36F8F03B0F0BD264923EA02033F
:1057400003600B68347323EA02030B60EDE70B0779
:1057500015D48029204B2FD001F00F0404F2DA3445
:105760006400C3F80048D3F80448D3F80478E4B2DE
:1057700044F002043C43C3F80448D3F80438154FFE
:1057800004683B6864EA030C1CEA020FCFD01343A1
:105790003B6000233373032324EA02040622B3751B
:1057A0008DF807300D4B04601B688DF804208DF8D0
:1057B000061001A89847BAE740F2B474C3F800484D
:1057C000D3F80448D3F80478E4B244F00404D1E7F1
:1057D0007C240020802400200060035084240020CA
:1057E00038B50446094D4FF0FF324FF0FF332846DD
:1057F00003F088FE2046FFF77BFF284603F04EFEAD
:105800004FF48002024BC3F8042138BDD4020020BB
:1058100000E100E0F8B54FF0FF324FF0FF332A48C7
:1058200003F070FE4FF48002284B3620C3F8842129
:10583000FDF74CFE98B10127254E264B34681B68B6
:10584000240C24041C4354BB40F2FF13224D33604C
:105850003620C5F80445FDF725FEC5F800431F4A6C
:1058600013788BB100211C4BC3F808110121C3F838
:105870000026C3F804165960D3F808110029FBD09C
:105880000021C3F8081111700022134BC3F8002542
:105890000D4803F003FE0122114B1A70F8BD94FA73
:1058A000A4F5B5FA85F528460F2DC6BFA5F1100061
:1058B000C0B240F08000030701D4FFF719FF07FAD8
:1058C00005F524EA0504BEE7D402002000E100E06B
:1058D000802400207C24002000600350E428002065
:1058E000E828002010B504464FF0FF324FF0FF3398
:1058F000114803F007FE2046FFF7FAFE012304F0EB
:105900000F029340DB430D4A14F0800F15BFD2F80D
:105910001015D2F814150B400B4014BFC2F8103507
:10592000C2F81435044803F0B9FD4FF48002044B6B
:10593000C3F8042110BD00BFD40200200060035052
:1059400000E100E070B50446FFF78AFB68B9012565
:1059500004F00F0214F0800F144B05FA02F205D088
:10596000D3F810150A43C3F8102570BDD3F81415E9
:105970000A43C3F81425631E062BF6D8EFF31186ED
:10598000202383F31288BFF36F8F2046FFF78AFE30
:10599000204606F01EFB064A8540136823EA0503ED
:1059A000136086F31188BFF36F8FDEE7006003504A
:1059B0007C240020030610B5044605D4FFF714FE2E
:1059C00010B12046FFF76EFE014BC3F8184510BD1D
:1059D00000600350084B70B5C31A0D4607499B1071
:1059E000044659434022064806F01FFB2B46014659
:1059F0002046BDE8704018479C240020B76DDBB6F8
:105A000048D10000402373B50B4C0093041B0B4698
:105A10000D460A49A41061430646094A094806F0A2
:105A20002FFB011E05DA30462B4602B0BDE8704060
:105A3000184702B070BD00BF9C240020B76DDBB6D4
:105A4000E9C0000048D1000010B5EFF31184202315
:105A500083F31288BFF36F8F074A136823F00201A4
:105A6000DB07116002D4012006F023FE84F31188C5
:105A7000BFF36F8F10BD00BF3C2500202DE9F84318
:105A80000022012106460520FDF72EFD114802F0F7
:105A900035F9114B984219D102F040F900244FF02A
:105AA0001C090C27DFF834803569414609FB045096
:105AB00005F005FF002807DB012307FB04551C4404
:105AC000042CAB67F0D10020BDE8F8836FF0040030
:105AD000FAE700BFD95B00000000AD0B64D70000FF
:105AE0001FB500220123CDE902236B46084ACDF8F9
:105AF00000D0CDF804D006F0F0FA002805DB4FF412
:105B000080420023684603F0FDFC05B05DF804FB0D
:105B10001FC100000C22104B014602FB0033002085
:105B200030B4D3E91C521867EFF31180202484F3BA
:105B30001288BFF36F8F9C6F04F0C00444F002041E
:105B40009C6780F31188BFF36F8F1DB12B4630BC6B
:105B50000248184730BC70479C24002048D1000000
:105B600010B4EFF31182202383F31288BFF36F8FF9
:105B70001748016841F002040460C80707D482F3A3
:105B80001188BFF36F8F012010BC02F0E3B84FF013
:105B90005021D1F80C04D1F80C14C907EFD5EFF35C
:105BA000118083F31288BFF36F8F0A498B6F03F064
:105BB000C00343F002038B6780F31188BFF36F8F3C
:105BC00082F31188BFF36F8F002010BCFFF7A2BFD4
:105BD0003C2500209C240020092813D8DFE800F091
:105BE00005101212121212120E0C074B986F10F0C1
:105BF000070007D1FFF78EBF0220FBE70320F9E77C
:105C00000120F7E7704700BF9C240020C3B21C208E
:105C1000014A03FB002070479C2400202DE9F0413D
:105C2000012207463649D1E8EF3FC1E8E02F0028BE
:105C3000F9D133B9334934484B60CB608A6005F001
:105C400051FE7B1E012B2BD8012F07D14FF0502383
:105C5000D3F81C3403F00303022B21D006F094FF89
:105C60000546F8B9294B1B78E3B14FF050230222C7
:105C70000646C3F808234FF05024DFF89480D4F888
:105C80001824D4F81834D20315D503F00303022BDB
:105C900001D0012F0FD16DB386F31188BFF36F8F41
:105CA000BDE8F081EFF31186202383F31288BFF360
:105CB0006F8F0125DFE7C5B1304606F0ABF8D4F8A9
:105CC0001835DBB2012BDAD1D4F80421002AD6D062
:105CD0000022C4F80421D4F804210222C4F81825B3
:105CE0002022C8F88021A360C9E70021212007F005
:105CF00002F8E4E74FF050230222C3F80423CFE771
:105D00009824002088240020B82400208629002020
:105D100000E100E008B5074806F065FD38B1064827
:105D2000FDF7ACFE0448FBF739F9002008BD6FF021
:105D30001200FBE7A8D100003D5D00000A2838B53D
:105D40000446074D04D1AB680D2128465B6898478F
:105D5000AB6803485B68E1B29847204638BD00BF96
:105D6000A8D10000F0B51646426801F01F04107B70
:105D700087B044EA40141069002871D0B6F5001FBE
:105D800002F1100506D12146284606F012FD00203A
:105D900007B0F0BD0027B6F5800F01A80197476056
:105DA00039D1B3F1007F14BF052304238DF80430EB
:105DB0000023CDE90403039393680DF1030723FA4D
:105DC00001F111F001013DD1B6F1A07F3AD104F00B
:105DD0001F03620903F1800328D0012A46D1254A16
:105DE00052F82330DB072DD43A462146284602F0EC
:105DF000BBFA214B98421BD002972146284603AAA2
:105E000002F06AF91D4B98422DD101222146284605
:105E100002F002FBBBE7B3F1C06F05D0B3F1007F26
:105E200014BF01230223C1E70323BFE7144AD7E7C6
:105E30003946284602F0E8FA104B9842DCD06FF061
:105E40000B00A5E73A462146284602F08DFA0B4B97
:105E50009842D2D128469DF8031002F0CDFACCE743
:105E60006FF0850094E76FF0150091E751F823304B
:105E7000FFDE00BF002884500400AD0B0000AD0B16
:105E8000002584504209034670B502D0012A17D07C
:105E900070BD0D4E326951680029F9D0012503F01B
:105EA0001F030C689D400029F2D08A682A4002D066
:105EB00030464B6898472CB1236821461C46F2E7D0
:105EC000024EE7E72346F8E788D1000068D10000DA
:105ED00038B545682B69B3B11035284602F082FA0F
:105EE000044680B90146284602F058FA084B984209
:105EF0000BD122462846074902F030FA22460521F6
:105F00000D20FDF7F1FA002038BD6FF00400FBE72B
:105F10000000AD0B855E00002DE9F04340F2063530
:105F20004668D00648BF0320337B02EA050558BF08
:105F3000C2F3401087B001F01F07B5F5837F144608
:105F400047EA43178DF8030043D00FD8062D18D029
:105F500007D8B5B1022D3ED06FF0150007B0BDE8EF
:105F6000F083B5F5807FF7D101250AE040F20222E7
:105F7000954232D0B5F5407F31D0B5F5007FEBD1F9
:105F8000022522032DD5012372688B40936032696C
:105F900082BB07F01F037F092AD0012F77D13E4A29
:105FA00002EB830284F48033D2F80012C3F300437F
:105FB000C4F3404444EA430421F4706144EA800499
:105FC00021F00F0144EA05230B43C2F80032002000
:105FD000C4E70725D5E70425D3E70525D1E7032541
:105FE000CFE7630341BF012372688B40D360CEE7E4
:105FF0002A4AD5E71036394630460DF1020202F042
:10600000B3F914F4403F80460CD13946304606F0CF
:10601000CEFB234B9845DAD130469DF8021002F0B2
:10602000EBF9D4E74FF0000901AB3946304603AA3B
:10603000CDE90439CDE90199CDF80C9002F04CF886
:10604000174B984288D114F4003315D09DF80330D3
:1060500084F48034C4F300448DF80E3039464B4646
:10606000304603AA8DF80C508DF80D4002F0F4F87C
:106070000B4B9842CDD06FE7CDE9043339460DF193
:106080000303304603AA039302F026F8F0E78033B7
:1060900052F82330FFDE00BF0028845000258450D2
:1060A0000000AD0B08B500220023D0F8800003F0FB
:1060B00013F8021E05DA0448044906F0BFF8002070
:1060C00008BD0120FCE700BF58D5000092EC00009D
:1060D000002330B585B0CDE90133039390F8E53066
:1060E00004461BBB204601A9FFF7DCFF00283ED178
:1060F0006FF00B05D4F8DC0002F072FC94F8E93084
:106100005B0702D5206805F044FC029911B1E069F3
:1061100006F0BFFB019919B1D4F8800006F0B9FB75
:10612000042384F8E430284605B030BD01A906F008
:1061300072F820B91449154806F0AAF8D8E794F87F
:10614000E530012BCED1029B0022C4F8E030D4F818
:10615000DC0001A902F07CFB0D4B0246984210D0F6
:106160000C490A4806F06AF86FF00405C2E794F893
:10617000E530002BE7D1D4F884309B08ADF80C3023
:10618000E1E70025CFE700BFB8EC000058D50000DC
:106190000000AD0BCFEC000037B504460022012112
:1061A0002820FDF7A1F9636800215D6B01AA28464C
:1061B00006F0E3F9002819DB019B2A6819791868B1
:1061C00001F012F8002811DB0423082208490948CD
:1061D00006F0AEFB042308220749084806F0A8FB96
:1061E00000202469FFF712FD2060002003B030BDBD
:1061F000782500209800002058250020FC00002071
:10620000F0B5056987B01346CDE9011295F8E9208C
:10621000D20706D42C492D4806F03AF86FF0040056
:1062200030E095F8E420511E012904D92849274877
:1062300006F004F8F2E72A6A9A4201D3032B01D848
:106240002449F4E76C6A05F15006631C1CD04FF436
:10625000004740F2E730002124EAE4744FF47A72F8
:106260000023C4FB0701F9F775FF02460B463046D1
:1062700001A902F05FFF002804DB95F8E430022B4F
:1062800006D0002007B0F0BD4FF0FF321346EEE716
:1062900095F8E830002BF4D00026284603A9CDE974
:1062A0000366059605F0B7FF20B90B49074805F0CE
:1062B000EFFFE6E7284685F8E86003A905F0C3FF8D
:1062C0000028DED1AAE700BFC2E8000058D50000D0
:1062D000F4EC00000EED00003FED0000F0B50446C8
:1062E00088070F4685B04AD5614D95F8E430D5F85A
:1062F000E010032B04BF012385F8E430002933D0DC
:106300006368994202D0E86906F0C3FA0023D5F821
:10631000DC00C5F8E03002F063FB95F8E93059077E
:1063200002D5286805F035FB216800293CD1636857
:10633000002B7BD1FB0740F1988000234C4CCDE92A
:106340000133039394F8E5304BB194F8E630002B19
:1063500077D0D4F8E03002930123ADF80C3001A9D6
:10636000434805F070FF80E0D5F8DC0002F038FB10
:1063700095F8E9305A0702D5286805F00AFB002C89
:10638000D2D13B4C94F8E430032B06D039493A483B
:1063900005F07EFF042384F8E430D4F8DC0005B077
:1063A000BDE8F04002F00ABB314D95F8E76026B138
:1063B000D5F8800006F06DFAB9E7238901919B00BA
:1063C00002930022002301A905F1B40002F0B2FEFD
:1063D000002811DA2949284805F05AFF042385F8D6
:1063E000E4302168D5F8800006F053FA6368FBB901
:1063F0001F4BD3F8DC00D2E795F8E5305BB163685A
:10640000002B97D01A4AD2F8E010994212D10123FA
:1064100082F8E730ECE795F8E660002EEFD0012334
:1064200085F8E7306368002BECD1E1E70026E9E767
:106430000126E7E71946D06906F02BFA002ED7D1DE
:1064400078E7204601A905F0E6FE002887D194F8F8
:10645000E430032B4FF0010305D1D4F8E02084F899
:10646000E630029279E784F8E83005B0F0BD00BF6D
:10647000480000205EED000058D5000080ED0000CF
:106480002DE9F04F056997B095F8E4E01446BEF1A8
:10649000010FD0F804B0039105D072469D499E4883
:1064A00005F0CCFE34E0D2F80490B9F1000F27D10A
:1064B000284605F006FF039B013B012B1CD895F8ED
:1064C000E9303C2269F3000385F8E930494605F1DB
:1064D000140006F05DFD039B022B0BD195F8E9300B
:1064E0003C226FF34103002185F8E93005F1780083
:1064F00006F04EFD00200DE0039B002BEED0F9E7E7
:10650000D36813F0030808D08449834805F0C0FE1F
:106510006FF0150017B0BDE8F08F0CAE0BF10C0753
:106520000FCF0FC60FCF0FC697E80300237886E87A
:106530000300182B9BF82C600BD006D8082B0BD02F
:10654000102B15D01A467649A9E7202BFAD1032241
:1065500000E00222049201E0CDF81080A27802F05F
:106560000707032F07D0042F0ED08FB16D4996E790
:10657000CDF810E0F2E700210127059112F0380173
:10658000069107D068498AE701210F460591F5E792
:106590000597F3E76278022A029203D0012A03D01A
:1065A00062497CE7069A0292E27802F00601062927
:1065B000089116D1DBF80420D2F86025002A15DAFC
:1065C0000023079395F8E92063F3820285F8E92018
:1065D00094F90330E278002B01DB530666D5544969
:1065E0005DE702F0060119B1524958E7012208920D
:1065F0009BF838205B00022A4FF0000A4E4A0993AC
:1066000008BF00224FF0FF330A92CDF81CA00B9375
:106610004A4B099A33F82A60099BB6FBF3F302FB55
:1066200013632BBB06FB09F10A9A080502EB510222
:10663000090BF9F78FFDB0F5801F19D84FF48013BF
:10664000B3FBF0F30A9AB2FBF3F3B3FBF6F60B9A43
:10665000B14594BFA6EB0906A9EB0606964207D200
:106660005FFA8AF206920203984607922EB10B96C1
:106670000AF1010ABAF1090FCAD1304B069A03EBAD
:1066800082029678069A33F82230B8FBF3F303219E
:1066900000932B4A4346204805F08BFA9BF838308C
:1066A000DDF820E0003B18BF01238BE7039B013B93
:1066B000012B47D9039B002B7FF41CAF0FCC05F1B6
:1066C000780CACE80F0023688DF85060CCF80030EF
:1066D000059B8DF845E08DF84730049B8DF846709A
:1066E0008DF84830029B05F18C048DF84930079BEA
:1066F0000CAE13930FCE0FC40FCE0FC496E8030059
:1067000084E8030095F8E93043F0020385F8E930A6
:10671000F0E600BF94ED000058D50000B2ED000097
:10672000E2ED0000FCED00001CEE00003EEE00007B
:10673000AFEE000061EE00000048E8018ADB0000D7
:1067400084EE0000A04605F1140CB8E80F00ACE898
:106750000F00D8F800308DF845E0CCF80030059BEC
:106760008DF846708DF84730049B8DF850608DF899
:106770004830029B05F1280C8DF84930079B0DF13C
:1067800030081393B8E80F00ACE80F00B8E80F002A
:10679000ACE80F0098E803008CE8030095F8E930B6
:1067A00043F0010385F8E930039B022B86D0A1E674
:1067B0002DE9F041022980460D461646046900AFD6
:1067C0000CD194F8E93003F00303032B1BD0694983
:1067D000694805F05DFD6FF0040069E001290BD107
:1067E00094F8E93013F0010FF1D0042E59D8DFE806
:1067F00006F0183D3D6251000029E8D194F8E930D7
:1068000013F0020FF0E7282204F18C01A01806F023
:10681000C7FB20B9226AD4F884309A42E5D05749A0
:10682000D6E794F8E430012BD5D1002384F8E55065
:10683000A4F8E63084F8E830D8F81050D8F80440CE
:1068400095F8E5302268012B0CBF05F1280105F110
:106850008C01D5F8DC0001F029FF494B0246984233
:1068600044D04849444805F0E9FCB4E794F8E430E2
:10687000022BB0D194F8E5309D4224D1022E4FF086
:1068800003035ED1B5FA85F56D0984F8E43084F828
:10689000E6505BE094F8E430042B9CD12946204676
:1068A00062E032463849344805F0C8FC6FF0150004
:1068B000BD46BDE8F08194F8E430022B48D194F84D
:1068C000E5309D4246D06C468AB06A46C2E907531D
:1068D00005232E49C2E9051642F8103F00234FF464
:1068E00021512548FAF720FFA546DFE7022385F866
:1068F000E43094F838306268991E4B424B41C2F83C
:106900002C3595F8E930580715D5214B0022AB609E
:10691000032328682A61EB60291D04F0E3FF041EAD
:1069200014DAD5F8DC0002F05BF80123224619499D
:1069300085F8E43096E72846FFF7CAFB00EAE070E6
:10694000B6E784F8E430012384F8E6300020AFE7AE
:10695000012B06D00123D4F8DC0084F8E73002F0E4
:106960002DF82946D8F8100005F0ABFC012384F877
:10697000E430EBE7C2E8000058D50000CBEE0000A1
:106980000000AD0B3AEF0000F2EE000006EF000051
:1069900099C200005BEF0000F7B50369144693F855
:1069A000E9200D46920707D41A491B4805F070FCF0
:1069B0006FF0040003B0F0BD93F8E42003F1B407D6
:1069C000042A25D0D3F88860731C1DD04FF4004CE6
:1069D00040F2E730002126EAE6764FF47A7200238F
:1069E000C6FB0C01F9F7B6FB02460B466946384672
:1069F00002F0F8FB10F1230FDAD00028DAD1009B67
:106A00002B60019B2360D5E74FF0FF321346EDE783
:106A10000022FBE7C2E8000058D50000014805F05D
:106A2000A8BD00BF48D200002DE9F3474568EC6CD3
:106A3000ACB1002947D04FF400400021EE68274D4B
:106A40000023E6FB0051264A2846F9F783FB02465D
:106A50000B46204602B0BDE8F04702F0FFBE6B6C6B
:106A60008BB3002914BF4FF0B8664FF400164FF0F7
:106A70000108DFF8709006F400072B799C4222DAB7
:106A8000EB6B03EBC40253F834001179836802699D
:106A9000D3F818A0BAF1000F1AD0BFB1126808FAE3
:106AA00001F313420CBF32464FF0707202EA090341
:106AB00002F0B072D04770B10121009023460A4A1B
:106AC0000A4805F076F802B0BDE8F0873246EDE7F7
:106AD0006FF05700F0E70134CFE700BF3F420F00EF
:106AE00040420F00400000068AEF000068D5000019
:106AF0002DE9F04F85B006464FF000094568D0F803
:106B0000108002AF6B794B4526DC4FF0000A2A79E2
:106B100052455EDCE86C10B1296D06F029F8297940
:106B2000E86B05F058FC88F8140595F854302BB143
:106B30006979286C05F04FFC88F81505304600F09F
:106B400019FB044640BB73685A6C2ABBDB6C1BBB49
:106B5000304605F00EFD1FE02C6C54F8390004EBB4
:106B6000C90A05F040FE0346D8B954F839206C46EE
:106B700088B0116802AA3C48C2E905014FF40071CF
:106B800091833A4942F8101F4FF4E2513848FAF71E
:106B9000CBFDA5466FF0120420460C37BD46BDE87C
:106BA000F08F95F8543073B14FF4B011504605F0A2
:106BB000B1FB044650B14B46009001212D4A2C48B0
:106BC00004F0F7FFE8E74FF48031EFE709F101093E
:106BD00098E7D5F83CB04FEACA035BF83A007B600F
:106BE0000BEBCA0905F0FFFD80B95BF83A306C4643
:106BF00088B01B6802AA1C49C2E905134FF4007350
:106C000093831A4B42F8103F0346BDE74FF480319F
:106C1000484605F07FFB044610B153460090CCE790
:106C2000696CE9B10C2303FB0A11012399F80440B4
:106C3000A86C03FA04F4C1E901047B685BF8030063
:106C40008268D4694CB10122A047041E08DA0121F0
:106C5000094A074804F09AFF9EE76FF05704F6E7E9
:106C60000AF1010A53E700BF28DC0000030000011D
:106C700068D50000B4EF0000D4EF00000346F0B583
:106C800053F8186D0546726885B0D16892685C1A31
:106C9000154B24115C430C236343D718D058397922
:106CA00005F019FC031E08DA012100930F4A234660
:106CB0000F4804F07EFF05B0F0BD15F9082C9A428C
:106CC000F9D04FF0FF304FF0FF3105F8083C3A891A
:106CD000CDE902010121003B18BF0123304600919C
:106CE000FDF7C6F9E7E700BFCDCCCCCC0DF0000036
:106CF00050D500002DE9F04F85B04FF000094668EF
:106D000002AFF568786018353D6073684B4505DC67
:106D1000337D002B40F09F80002423E00C2303FBF5
:106D200009F8D6F808A05AF808000AEB080405F09C
:106D30005AFD0346D8B95AF808206C4688B0116845
:106D400002AA4E48C2E905014FF4007191834C49F3
:106D500042F8101F4FF4E2514A48FAF7E5FCA54605
:106D60006FF0120420460C37BD46BDE8F08FE38873
:106D70005AF80800217943F480324FF0010C04697D
:106D800013F0010F23680CFA01FCD0F808E014BFDF
:106D90004CEA030323EA0C032360DEF80030984733
:106DA000044638B14B46384A00900121354804F07A
:106DB00000FFD7E77B68284645F8183C316905F0A5
:106DC000D7FE337D002B42D10123D6F808A0A5F1D0
:106DD00014010AEB080B9BF8042003FA02F22B4B78
:106DE00045E904325AF808008268D46964B1012286
:106DF000A047041E0BDA0121254A224804F0C6FEF2
:106E0000244A4B460094D0E76FF05704F3E79BF811
:106E100004105AF8080005F05EFB05F8080C5AF853
:106E200008009BF8041083689C696CB14FF0C06344
:106E30004FF0A072A047041E09DA01212346164A2A
:106E4000104804F0ACFEDBE76FF05704F5E709F1FA
:106E50000109503559E74FF4004440F2E730002172
:106E600035684FF47A720023E5FB0401F9F772F9F3
:106E700002460B46386802F0F1FC4DE728DC0000C2
:106E80000300000150D50000B4EF0000FFC4000073
:106E9000D4EF00008AEF000091EF00002DE9F04FE1
:106EA000044643688FB0D3F800A003690A936FF0DB
:106EB0000101204605F03DFB2046DAF808300121AB
:106EC00098472046DAF80430984710B1204605F07C
:106ED00050FB0A994FF0FF324FF0FF3301F17C0075
:106EE00002F010FBDAF80830002120469847D4F869
:106EF00004B00CA8594605F020FBDDE90C23CDE9D0
:106F0000082305F0B3FB002667680B903D680496E4
:106F10007B799E425CDB4FF0FF31204605F009FB98
:106F200097F820302BB163685D6B5879002383425A
:106F300068DB656827696B6B059305F097FB97F82D
:106F40007830069047F82300059B03F1FF3C0023AF
:106F50006A79934264DB00266B799E42C0F284809A
:106F60001E2297F878300133B3FBF2F102FB1133A4
:106F700087F87830049B002B00F0E48061680CA84F
:106F800005F0DBFADDE90C23CDE9082305F06EFB03
:106F90000B9B6268C01A00235579D9B28D4200F26A
:106FA000DC800022DBE90213002A18BF0B46704A7E
:106FB000A0FB0202C00B40EA4240181AB0F57A7FEB
:106FC00040F2D380984228BF184602F027FF98E786
:106FD0007B6A0BB19B5D9BB12046314605F0A9FA57
:106FE000F86905F0FBFB6B68204698477B6A0BB19C
:106FF0009B5D18407B6B9855049B1843C3B2049368
:10700000013685E7EE5C0133002E90D01A468242AD
:107010008DDAA95C31404F1E0F42ABD10132F6E749
:10702000296B1CF8012FC95C8A420CD000264A400B
:1070300029798E4209DBE96AC85C0243CA549CF88C
:1070400000102A6BD154013382E722FA06F0C00700
:1070500008D503FB016197F878E0A86B01F0FF0108
:1070600000F801E00136E3E7EB6A9B5D0793002B34
:1070700065D1013670E70122059802FA08F110F88F
:1070800006900798CAB2014253D006FB0383A86B4F
:1070900003F0FF03C35C069857F8233012EA09098E
:1070A000A0EB03033248A3FB00304FEAD33343EA9B
:1070B000404C6B69A86918BF1846844539D3E86A03
:1070C000835D23EA01038355AB6A995D02EA0100FF
:1070D00081452ED04A409A554FF0FF324FF0FF3392
:1070E000CDE9022300223346032100922046FCF71B
:1070F000BFFF4FF0FF324FF0FF33CDE902230022F4
:1071000043460321009220460122FCF7B1FF4FF0D5
:10711000FF324FF0FF33CDE902230122B9F1000322
:10712000009218BF01234FF4A57201212046FCF7FD
:107130009FFF08F101082B7998459CDB99E74FF0F8
:107140000008F8E7DDE908230CA805F086FEDDE974
:107150000C2313437FF41AAFA9E6D16AC95C01334B
:1071600000293FF41AAF01221CE74FF47A702CE794
:1071700040420F00F0B5054689B0066901220021A2
:1071800006F17C0005F07DFC06F19007002400224A
:10719000002306F58871CDE9062338464FF4806256
:1071A000CDE90344CDE90144054B009502F09AFB7B
:1071B0002968384605F0EEFC204609B0F0BD00BF56
:1071C0009D6E0000036803F01F025B09026004D09B
:1071D000012B034818BF002070470248704700BFCA
:1071E00000288450002584502DE9F04F1546834631
:1071F00040F2FF18DFF8B491DFF8B4A185B000EBDE
:107200008101594503D1002005B0BDE8F08FDBF8BE
:107210000030C3F3C322082AC3F3080400F2C0807D
:107220001B0E444508BF4FF0FF3419F80270222BA3
:1072300000F2B980DFE803F012191F37222837B7B0
:10724000B7B7B73A676A6D707376797CB7B77F94D2
:10725000979AB7B7B79DA5A8ABAEB100C5F80C45D6
:10726000601C72D10BF1040BCBE7C5F81445661C0A
:10727000F8D0002672E0C5F80845F1E7621CC5F8B1
:107280000845EFD0002604E0C5F80C45631CE9D0A2
:10729000012603A80394FFF795FF0122039B02FA3E
:1072A00003F3C3600BE0C5F81045E0E7C5F80845F7
:1072B000002FDCD1601CD5D0002606273246DBF833
:1072C0000030039403F40040002818BF002203A8F4
:1072D00018BF012601930092FFF774FF039C019BE6
:1072E00000EB8400D0F80042C3F3412C009A3B022B
:1072F00043EA8C03134304EA0A04234343EA4603A4
:10730000C0F80032AEE7C5F80C45D1E7C5F86445D2
:10731000BCE7C5F86445AAE7C5F86845B6E7C5F80F
:107320006845A4E7C5F86C45A1E7C5F87045ADE729
:10733000C5F86045AAE7C5F86045621CDBF8003077
:1073400090D0C3F30043002BA2D0012603A80394DE
:10735000FFF738FF039B06FA03F383603246AEE77C
:10736000C5F86445E9E7C5F86845E6E7C5F86C4542
:10737000E3E7C5F82445631C3FF474AF01260022FF
:107380009DE7C5F828456BE7C5F83045F3E7C5F834
:107390003445F0E7C5F83845EDE7C5F83C455FE70B
:1073A0006FF0150030E76FF085002DE74CF000001E
:1073B000F0F0FCFF2DE9F04104460D46476805F06A
:1073C000E3FB4FF0200888B9264B1B7873B1642685
:1073D000606805F0FFF8F0B9012005F057F9013EAB
:1073E000F6D10021212005F086FCF0E7EFF31186AD
:1073F000314688F31288BFF36F8F606805F0EAF8B2
:10740000A8B986F31188BFF36F8FEFE786F3118871
:10741000BFF36F8FE5E7EFF31186314688F31288EB
:10742000BFF36F8F606805F0D5F80028EED0FB69D8
:1074300000201D706368FA691B68C3F844250122A7
:10744000C3F84825C3F82001D3F82041C3F85801F8
:10745000D3F858019A6081F31188BFF36F8FBDE8AC
:10746000F08100BF86290020F8B5054600220121E1
:107470000820FCF739F80820FCF706F86C680121B1
:10748000E06805F0D8F86B6819682369C1F82435FD
:10749000A27D637D207D1343228B02431343C1F8F9
:1074A0006C356E68D6E9004313F001034AD02F69AA
:1074B00007F1080000F0A2FB2F4B984207D02F489D
:1074C00001212F4A04F062FB6FF00400F8BD387A06
:1074D00004F10C0204F5907105F0E4F8387A012704
:1074E00007FA00F000F084FB0823C4F80035F369C4
:1074F000C4F844350023C4F84835A760D4F858319F
:10750000002BFBD00026C4F800656B683146D868B4
:1075100005F091F86D683146E8682C6805F08BF845
:107520000823C4F800352A7A52B92B6AC4F83435D6
:107530000123C4F83835C4F81021D4F81021236091
:107540000020C3E70822C4F80025F269C4F84425E6
:10755000C4F848350123A360D4F82031002BFBD0B8
:107560000023C4F82031D4F820310123E3604FF424
:107570008073C4F80433C1E70000AD0BC0D5000030
:1075800055F000000123834070B5DC430B4AD2E87C
:10759000EF1F01EA0405C2E8E65F002EF7D14FF4C1
:1075A000803282400648C0F80823BFF35F8FBFF3E4
:1075B0006F8F0B4214BF0120002070BDE425002016
:1075C0000050015070B40E4922F07F46D1E90034DA
:1075D000D01AC31844F10004C1E90034A6F5001321
:1075E000B3F5400F09D2074B1B681A0A1B069C19FA
:1075F000054B42F10005C3E9004570BC02F066BED0
:10760000F80F0020E825002000100020D9B1012348
:107610000D4A8340D2E8EFCF4CEA030CC2E8E1CF39
:107620000029F7D14FF48033084A8340C2F804336D
:10763000074BD3E8AF3FC340DB0742BF4FF4001214
:10764000044BC3F800217047E4250020005001508E
:10765000E025002000E100E00D4B1868010A00065B
:10766000BFF35F8F0B4BD3F80435181841F10001BD
:10767000B3F5801F0AD2084BD3E90023904271EB87
:10768000030303D210F1807041F10001704700BF85
:10769000E825002000500150001000202DE9F04F97
:1076A00085B016461F4604469DF840A0FFF76AFFC6
:1076B0000190FFF7D1FFB04271EB070352D23B4B71
:1076C000301A67EB0101984271F100014DD2384B3D
:1076D00003EB0413D3E902239F4208BF964258D01C
:1076E0004FF48038334908FA04F8204626F07F4BDF
:1076F000C1F8488304F0AEFF4FF00309584604F187
:107700005005AD00ADB205F1502504F5A87305F59F
:1077100080350293029A20F07F4341F82230C1F86D
:107720004483D1F80435244AC01A033820F07F403E
:1077300090422ED9286868B1D1F80435A3EB0B002C
:1077400020F07F40B0F5000F039322D9204604F0CB
:1077500081FF039BBAF1000F07D109EB030009F188
:107760000109D7E7BAF1000F09D06FF015052046DF
:107770000199FFF74BFF284605B0BDE8F08F0123C4
:107780000E4AA340D2E8EF0F1843C2E8E10F0029E8
:10779000F8D107490E982301C8500F9B01EB041242
:1077A0000025C2E902675360E1E700BF01008000E5
:1077B000E80F002000500150FDFF7F00E025002071
:1077C0007FB500254FF0FF304FF0FF31194C1A4BB9
:1077D0000226C4F80833C4F84833184BC4F80855D7
:1077E000C3E902014FF480334FF40012C4F80433AC
:1077F000134B0121C4F804631520C3F880212A46E5
:10780000FBF772FE1520FBF73FFE01230D4AA36034
:10781000236013600C4B0D4A009328460023CDE9EA
:107820000155FFF73BFF3046FEF7F8F9284604B054
:1078300070BD00BF0050015003000F00E80F002092
:1078400000E100E0E4250020C5750000FFFF7F0097
:107850002DE9F7432E4BD3F8042390070BD5D3F82B
:10786000042142B10022C3F804212A4AD3F804318A
:10787000136801331360264AD2F80433D90326D59E
:10788000254BD3E8EF1F21F00100C3E8E40F002CE3
:10789000F7D1CB0702D4D2F84031C3B100251C4C3C
:1078A000C4F84051D4F84031FFF7D6FEEFF311820F
:1078B000202383F31288BFF36F8F184BD3E902673D
:1078C000B042B94106D282F31188BFF36F8F03B083
:1078D000BDE8F0834FF0FF38D3E900104FF0FF39D7
:1078E0001D60C3E902894FF48033C4F84833C4F8FB
:1078F0004051D4F8403182F31188BFF36F8F0029D3
:10790000E5D0009032463B4628468847DFE700BF77
:1079100000500150E8250020E0250020E80F00205D
:1079200030B5431C124C85B005D08442A8BF044634
:10793000012CB8BF0124FFF78FFE0E4B0C4DD3E98D
:107940000013401AB0F5000F0FD22218AA4228BF28
:107950002A46002052180849CDE90100009143F160
:107960000003FFF79BFE05B030BD2A46F1E700BFDC
:10797000FFFF7F00F80F0020C575000008B5FFF776
:107980006BFE024B1B68C01A08BD00BFF80F002039
:107990004FF47F03D3F83021D3F83431072A05D1CF
:1079A000023B032B02D8024AD05C7047002070478C
:1079B00096F0000008B5FFF7EBFF58B1644BD3F821
:1079C000202A3AB90D21C3F8201A0121C3F81C1945
:1079D000C3F81C290022D30003F57F03D3F800135A
:1079E000013107D0D3F800130132D3F80433202A31
:1079F0000B60F0D1FFF7CCFF002840F0A080FFF72C
:107A0000C7FF40B1534B544AC3F830254FF05023C1
:107A10000122C3F858254FF47F03D3F83021D3F85F
:107A20003431072A09D1023B032B06D84B4AD35CD9
:107A30001BB100224A4BC3F84C25FFF7A9FF50B1F8
:107A40004FF05023D3F80024D10742BF0022C3F8DF
:107A50001421C3F818214FF47F03D3F83021D3F851
:107A60003431072A09D14FF05023D3F80024D2072C
:107A700044BF6FF00102C3F80024FFF789FF18B17B
:107A80006522334BC3F80C274FF47F03D3F8302122
:107A9000D3F83431072A16D1314BD3F82034002BD8
:107AA00011DA4FF050230322C3F8182501229A60FF
:107AB000D3F80421002AFBD00022C3F804210122BC
:107AC000DA60C3F818254FF47F03D3F83021D3F8D8
:107AD0003431072A23D1023B032B02D8214AD35C3D
:107AE000EBB17E221A4B1B49C3F80C27C3F83C2983
:107AF0007F231D4AC2F818310023C1F8043EC1F8A3
:107B0000083E01F54821C1F81031C2F82431C2F80D
:107B10002C3102F5FF1202F58052C2F8A032134A4E
:107B2000D2F88C3043F44063C2F88C30104A114BC9
:107B30001168C3F84415D269C3F84C2508BD292241
:107B4000034BC3F80C270322C3F83C2757E700BFB9
:107B500000400050009003504400EFBE92F000003F
:107B6000002003508EF000000020005000ED00E0E7
:107B70000080FF000060005030B50468ACB1B4FA7A
:107B800084F30122C3F11F03DBB29A4024EA02020C
:107B9000D0E8EF5FA54204D1C0E8EC2FBCF1000FA4
:107BA000F6D1EAD102480B7030BD0248FCE700BFB5
:107BB0000000AD0B0200AD0B10B50368CB40DB0736
:107BC00010D401238B40026843EA0201D0E8EF4F52
:107BD000944204D1C0E8EC1FBCF1000FF6D1F2D101
:107BE000014810BD0148FCE70000AD0B0400AD0BDF
:107BF000014BC3F80405704700700150014601486D
:107C000000F048B9380100200328F7B506462ED801
:107C10004FF05021364B374A33F81000925DC1F8CF
:107C2000080300250A44012142F210744FF0502746
:107C3000314B116033F816308E4203F150231D6032
:107C40001B688DF8071008BF0DF10705022E32D012
:107C5000032E40D0012E1CD0D7F8183403F4803303
:107C60003DB923B1012004F011FD013CF0D103B076
:107C7000F0BDD7F8182402F003022A70002BF6D0CA
:107C80009DF807000128F2D104F000FD013CDDD190
:107C9000EDE7D7F80C3403F480333DB9002BE6D080
:107CA000012004F0F3FC013CF3D1E0E7D7F80C2409
:107CB00002F00102E1E7D7F85C3403F480333DB908
:107CC000002BD4D0012004F0E1FC013CF3D1CEE73D
:107CD000D7F85C24ECE7D7F85434DB03C7D5002D84
:107CE000CED1012004F0D2FC013CF4D1BFE700BFAB
:107CF000B6DB00009AF00000AEDB0000044B1A79FE
:107D000022B9012218601A71024870470248704770
:107D1000EC2500200000AD0B0C00AD0B08B50B4BA3
:107D20001B6833B10520FBF7D1FB10B90520FBF729
:107D3000ABFB4FF050220123C2F81835C2F81435BE
:107D4000C2F88035024A137008BD00BFEC25002040
:107D50008429002010B5032845D8DFE800F0180278
:107D6000554F00224FF480730121002003F150236E
:107D700018601C68012402F150221460284A12681D
:107D8000002A47D04FF05023C3F804132BE04FF0E4
:107D90005023D3F81814D3F81824C90312D502F0CD
:107DA0000303022B05D0012B02D00020FFF72CFF8C
:107DB00001234FF050220221C2F8183508224FF457
:107DC0008273D2E7D3F81424D207F1D5D3F81C2458
:107DD00002F00302013A012AE7D8114A12681AB1E7
:107DE0000222C3F8042310BDD3F80421002AFBD0DB
:107DF0000022C3F80421D3F80431F4E718224FF429
:107E000090734FF48071B0E720224FF492734FF4D7
:107E10000071AAE71A68002AFCD018601B68E2E724
:107E2000EC250020F8B54FF0502301250026D3F8AB
:107E30000443174F04B9F8BDB4FA84F0C0F11F0031
:107E4000830003F580739BB203F1502305FA00F21F
:107E5000196892B224EA02040029EBD01E601B6864
:107E60004FF05023022AC3F808230DD1D3F8181479
:107E7000D3F8181401F00301012905D1C3F818251E
:107E8000C3F804239960D5E73B68C0B29847D1E7AF
:107E9000EC2500200079024B03EB0010FFF76CBECD
:107EA00040010020036803F01F025B09026004D058
:107EB000012B034818BF002070470248704700BFDD
:107EC0000028845000258450034A4309D35C00F005
:107ED0001F001844C0B270479EF0000070B5054600
:107EE000FFF7F2FF0C4C083034F810300E46DA057C
:107EF00008D5C3F3432304EBC302284654F83330B8
:107F000052689847A3682BB131462846E268BDE81D
:107F10007040184770BD00BFF425002008B5FFF77A
:107F2000D3FF034B083033F81000400B08BD00BFEF
:107F3000F425002008B5FFF7C7FF034B083033F8DE
:107F40001000C0F3400008BDF425002008B5FFF77D
:107F5000BBFF034B083033F81000C0F3401008BDDE
:107F6000F4250020034611F0010010B5CCB20BD16E
:107F7000A207C4F340000DD5074A106A586010628A
:107F8000003818BF012005E004490A6A1A600A6235
:107F9000002AEDD010BD00BF002884500025845079
:107FA00010B5FFF791FF124A083032F81030D905AA
:107FB0001CD5C3F3432123F4F85322F810300020DA
:107FC00002F10E0434F8023F13F4807F03D0C3F3B0
:107FD000432399420AD001303028F3D1002342F8DC
:107FE00031300448BDE81040FFF7E6BD10BD00BFCA
:107FF000F42500206C260020F0B504460020012561
:10800000064601F1A05101F55151104A89008A42FA
:108010000BD10F4BD3F87C2132B10022C3F87C2165
:10802000D3F87C3140F00040F0BD02F13043A3F5BD
:1080300051439B0805FA03F31C4204D0176817B19B
:108040001660176818430432E1E700BF00D1005002
:1080500000D00050F7B506460846FFF735FF1A4F27
:1080600000F1080537F815300C46DB072AD53046F5
:1080700004F079FB2046FFF769FF58B12046FFF76F
:108080004DFF0022316800B201EB8003C3F81025D8
:10809000C3F810252046FFF783FF002301A827F827
:1080A00015300194FFF7FEFE019B00EB8300D0F832
:1080B0000022064B134043F00203C0F8003204488C
:1080C00003B0F0BD0348FBE7F4250020F0F0FCFF0F
:1080D0000000AD0B0400AD0B2DE9F04316468046C1
:1080E00085B00846FFF7F0FE0C463168054609B337
:1080F0002046FFF71FFF18B12046FFF727FF10BBF0
:1081000000230DF10F02CDE900338DF80E308DF80C
:108110000F3020460B460DF10E0104F0CCFA4A4A0E
:1081200005F1080132F8113023F0020343F0010396
:1081300022F8113073687BB320461F785968FFF727
:10814000F9FE10B1E9B1414829E03F4A05F10800C4
:1081500032F8103023F02003DB04DB0C22F810305F
:1081600079B1032FEFD87168D1F804E0D8F8001086
:108170009EF800C001EB8C01A7B9C1F81075C1F8D9
:108180001075314A05F1080132F8113023F01C0353
:1081900043EA870322F81130B3685BBB2C4805B073
:1081A000BDE8F083D1F810E543EA4C332EF0030E1E
:1081B000C1F810E5D8F8001043F0200301EB8C0E55
:1081C000DEF8101522F8103021F44F3121F44071FF
:1081D000CEF810152102DEF8108501F47C5141EA39
:1081E000074141EA0801CEF8101502EB4C01A1F855
:1081F0007C40C6E72046D3E90067FFF7D1FE002E9A
:10820000CCD0114CD4E90023964203D19F4201D136
:10821000002209E00F480DF10F01FFF7ADFC0C4BF8
:108220009842BCD19DF80F2004EBC20308355F6073
:1082300034F8153044F8326043EA422343F4807343
:1082400024F81530AAE700BFF42500200400AD0B88
:108250000000AD0B6C2600202DE9F0430C46804653
:1082600085B0204611461D46FFF72EFE064629B36F
:108270002046FFF75FFE18B92046FFF767FE18BBE0
:10828000334F06F1080937F8193013F01C0F02D0EC
:108290004B78012B18D001238DF80F3000234A1C96
:1082A000CDE9001320468B1C0DF10F0104F003FAF9
:1082B00037F8193043F0030327F81930002D44D064
:1082C0002046FFF737FE18B9224805B0BDE8F08315
:1082D000002295F800C0D8F800301D4F03EB8C0346
:1082E000C3F81025C3F8102506F1080237F812105C
:1082F0004FEA8C0E21F02001C904C90C27F8121096
:108300006E7816B3D8F80000AD787044D0F8103508
:10831000360423F4991323F4F853C0F810352302DC
:1083200003F47C5306F440362D05D0F810E53343B2
:1083300005F480152B4341EA4C3143EA0E0341F02A
:108340002001C0F8103527F812100348BDE700BF20
:10835000F42500200400AD0B0000AD0B014BC3E978
:1083600002127047F425002010B508461446FFF7A6
:10837000EDFD50B10846FFF7A7FD054B083033F877
:10838000103004485B0B237010BD0348FCE700BFAE
:10839000F42500200000AD0B0400AD0B70B50E4CB1
:1083A000064694F88C50A5B96022294604F11000C5
:1083B00004F0EEFD3068C0F87C51D0F87C3140F319
:1083C0000730FBF761F80123044884F88C30A36779
:1083D00070BD0348FCE700BFF42500200000AD0B92
:1083E0000C00AD0B034B93F88C00003818BF012034
:1083F000704700BFF42500200079024B03EB80009A
:10840000FFF7DABB500100200079024B03EB80003C
:10841000FFF7B2BB50010020F7B5054608461646E7
:10842000FFF794FD0C462968F0B12046FFF782FD66
:108430000746C8B92046FFF771FD04B2A40004F551
:1084400080728F508A5829682144D1F8102542F053
:108450000102C1F810252EB10122296802FA00F3A9
:10846000C1F8043303B0F0BDD1F804332046002B2B
:10847000A4BF4FF00043C1F80433FFF725FD0F4BB5
:10848000083033F81030C3F38203042B11D0052BCE
:1084900011D001A80194FFF705FD019A0369D340AB
:1084A00003F00103991C204603B0BDE8F04004F03E
:1084B0004BB90321F7E70221F5E700BFF4250020BF
:1084C0002DE9F04F634B0821D3F8040387B0C0B205
:1084D00040F00040FFF790FD051E2BDA002303213A
:1084E00004A8CDE90433FFF73DFD4FF000094FF03C
:1084F000010BDFF864A10DF110081AF8013B574990
:10850000DA088A5C03F0070322FA03F3DA071CD4C3
:1085100008F10408B9F1000F14D000214FF0004019
:10852000FFF76AFD032104A8FFF71CFD0028DCD13A
:1085300025F000450124474E494F002D75D107B065
:10854000BDE8F08F4FF00109D7E7464B4B4400934D
:10855000D8F800100029DBD091FAA1F1B1FA81F12D
:10856000009B1C7841EA44142046FFF7ADFC3C4BCD
:10857000083033F81070C80818F8002001F007011F
:108580000BFA01F122EA0102BB0808F8002003A857
:1085900001930394FFF786FC039A019B803250F805
:1085A0002220C7F382065B073746C2F3014221D57A
:1085B00020463946D6B2FFF791FC03A80394FFF793
:1085C00071FC039B803350F82330C3F301439E4278
:1085D00007D10021204604F0B7F83146204604F0C8
:1085E000B3F803A80394FFF75DFC039B0BFA03F3B6
:1085F0000362ADE7022A0CD10321204604F0A4F85F
:1086000006F00503012BECD139462046FFF766FC46
:10861000E7E702212046019204F096F8032EF3D0FA
:10862000019A032ADDD1022EEDE795FAA5F3B3FAFC
:1086300083F304FA03F225EA020503F5A27256F861
:10864000221007EB4303B3F87C00C1F30141FFF7AD
:1086500045FC72E700D00050AEF00000D8D9000011
:10866000F4250020AEF0000010B500F01F04400912
:108670000ED001280ED10A4B03EB8403D3F800423D
:10868000084841EA420120400143C3F8001210BDEE
:10869000054BF1E70023803453F82430FFDE00BFA0
:1086A00000288450F0F0FCFF002584502DE9F04FA5
:1086B000634E037989B05F0106EB43131B790546CE
:1086C0000C460792002B40F0B88091F820300A7ECB
:1086D000497D002975D094F823302068002B00F0E4
:1086E000A28094F8203094F819E00193236894F85C
:1086F00016A00293636894F817900393A36894F804
:1087000018800493E36894F815B005932369E2692F
:1087100006932B6894F821C094F8220094F8241052
:10872000C3F804B5C3F824A5C3F82095C3F81C8585
:10873000C3F828E5DDF804E0C3F818E5002A78D18D
:108740004CEA0020C3F81025C3F82C0571B9029A31
:10875000C3F86425039AC3F86825049AC3F8602512
:10876000059AC3F87025069AC3F86C25079B94F800
:108770002420F35194F8233006EB07089B0143EAC9
:10878000C21398F8052002F03F02134388F8053021
:1087900000232868C0F80431D0F80421C0F814314F
:1087A000D0F81421C0F80831D0F8083140F3073070
:1087B000FAF76AFE0123234888F8043009B0BDE8BF
:1087C000F08F012A03D1012B0BD11F48F6E7022AB3
:1087D00023D1082B05D840F2551222FA03F3D8070B
:1087E000F3D494F82330002B7FF47BAF206803F0A0
:1087F000EAFF606803F0E7FFA068411C01D003F0C6
:10880000E2FFE068421C01D003F0DDFF2069431C59
:108810003FF467AF03F0CFFF63E7032AE1D1012BF9
:10882000D3D9032BD0E703F0C6FF606803F0C3FF82
:10883000E2E7C3F81425012282E70448BEE700BF3F
:10884000842600200000AD0B0400AD0B0C00AD0B26
:1088500070B5354B02790446550103EB421212798B
:10886000012A5CD10A6822B102F06040B0F1005FD9
:1088700057D1486820B100F06040B0F1005F50D19E
:10888000003A18BF01222B44587903F1080562F31E
:10889000000058714A680126101E18BF01205A793D
:1088A00022F01E0242EA40025A7107C985E8070019
:1088B0000022C3E905222168C1F80065022119716F
:1088C0002168C1F80421D1F804112168C1F81421EC
:1088D0005D79D1F8142105FA06F22D0102F00202A9
:1088E00005F0200521682A4342F00402C1F8042360
:1088F0002268D9681B8AC2F85035C2F8380500389A
:1089000018BF0120C2F80805C2F84015003918BF89
:108910000121C2F80C15236804481E6070BD04488C
:10892000FCE70448FAE700BF842600200000AD0BF6
:108930000500AD0B0A00AD0B70B51C4B027955015B
:1089400003EB42125279D2062BD50C6824B104F005
:108950006042B2F1005F26D14A6822B102F060465F
:10896000B6F1005F1FD100680E892B44C0F8506536
:10897000C0F83845003C18BF0124C0F80845C0F8CD
:108980004025003A18BF012203F10804C0F80C2565
:1089900007C984E807005A7905486FF304125A7131
:1089A00070BD0448FCE70448FAE700BF84260020B5
:1089B0000000AD0B0500AD0B0A00AD0B0279074BB3
:1089C00003EB42135A796FF304125A71222203689F
:1089D000C3F80823012203685A60704784260020E8
:1089E0002DE9F84304460679FFF7E8FF00681A4DC1
:1089F00040F30730FAF756FD002223687701C3F8E9
:108A0000002505EB4616737959061FD42368D3F861
:108A10006405D3F86895D3F86085D3F87065D3F80A
:108A20006C4503F0CCFE484603F0C9FEB8F1FF3FA9
:108A300002D0404603F0C3FE721C02D0304603F061
:108A4000BEFE631C02D0204603F0B9FE00233D4465
:108A50002B71BDE8F88300BF84260020F0B5444A9E
:108A600085B0D2F814312BB10023C2F81431D2F8FA
:108A700014312023D2F8041131B10021C2F80411BD
:108A8000D2F8042143F00203394AD2F8081131B177
:108A90000021C2F80811D2F8082143F0040313F0B2
:108AA000200F344C0AD0627942F0080202F0120121
:108AB0001229627104BF42F0200262719E070AD53A
:108AC000627942F0040202F011011129627104BFBF
:108AD00042F0200262715D0716D500210422244B6A
:108AE000254DC3F80823C3F80015284655F8143C53
:108AF000984701230221237155F8143CA5F10C007D
:108B000005B0BDE8F0401847637903F00F020F2A63
:108B100008D0D80701D4190704D46279920724D465
:108B20005B0722D56379276813F0200603F0F3056D
:108B300008D025F0300545F01005012100203B4606
:108B40006571DDE70C4B0DF1040C45F0100593E861
:108B5000070065718CE8070013E90700C4E90266A5
:108B600083E8070001216046B84705B0F0BD00BFAB
:108B700000800250842600209826002010B5174C53
:108B800023784BBB0378164AC3F34003C2F8003B7B
:108B9000037803F00103C2F804370378DB0710D52C
:108BA0004FF47F03D3F83011D3F83431072908D1BB
:108BB000023B032B05D80B49CB5C13B10123C2F850
:108BC00028370520FAF782FC10B90520FAF75CFC7B
:108BD00001230548237010BD0448FCE785290020C7
:108BE00000400050B0F000000000AD0B0C00AD0BD9
:108BF0004FF0502310B5D3F8044361070AD5D3F8DA
:108C000008213AB10022C3F80821D3F80831124BE9
:108C10001B689847A2060CD54FF05023D3F81421B7
:108C20003AB10020C3F81401D3F814310B4B1B6880
:108C3000984763060FD54FF05023D3F8182152B14F
:108C40000022C3F81821D3F81831044B0120BDE8E5
:108C500010401B68184710BDA8260020A42600203D
:108C60000722024BC3F80423704700BF0070035073
:108C70000722024BC3F80823704700BF007003505F
:108C8000072208B5044B3720C3F80823FAF70AFC7B
:108C90000022024B1A6008BD00700350AC26002071
:108CA00010B50446FFF7ECFF2268054B37201A6029
:108CB0000022044BC3F80821BDE81040FAF7E4BBDA
:108CC000AC2600200070035010B5114CD4F80031D0
:108CD0002BB100200F4BC4F800011B689847D4F853
:108CE000043133B10023C4F804310A4B01201B685E
:108CF0009847074BD3F8082142B10022C3F8082156
:108D0000044B0220BDE810401B68184710BD00BF8F
:108D100000700350AC26002070B5044688B103787B
:108D2000C3B10D4D0D4EB54201D3002409E02968B1
:108D3000A14208D1284603F056FD002814BF2C4656
:108D40000024204670BD2046F7F71EFA0028F1D017
:108D50002035E8E71C46F4E748D1000088D200003F
:108D600010B50446F8F710FC03480121034A02F04D
:108D70000DFF204603F042FDB0D50000B4F0000026
:108D80002DE9F84304460D4600AFEFF31188202388
:108D900083F31288BFF36F8F0428294A98BF294BA9
:108DA000E9468AB09668117C98BF53F820306A462D
:108DB00088BF254BC2E9073140F201332348938431
:108DC000234BC2E9050442F8103F00234FF4315110
:108DD0002048F8F7A9FCCD4645B1EB69C3F3080379
:108DE00023B101211C4A1B4802F0D0FE2EB13046AF
:108DF00003F0D3FE08B1037803B91848E9468AB0F6
:108E00006A46174BD061C2E9053640F2013313843C
:108E1000144B42F8103F00234FF411510D48F8F75E
:108E200083FC2946CD462046FFF79AFF88F3118838
:108E3000BFF36F8F3046FAF7CFFABD46BDE8F8832F
:108E4000B0260020DCD90000C3F00000D9F00000FB
:108E500005000001B0D5000001F10000D1F00000D4
:108E600022F100000400000138B50A4B53F82040FD
:108E7000013053F82050A54200D838BD606830B1A9
:108E8000037FDB0701D403F0C1FC0834F3E7236858
:108E90009847FAE7F0D90000012270B52A4B032069
:108EA00086B01A70FFF7E0FFFAF764FEF9F760FE8C
:108EB0000420FFF7D9FF254C254D2646AE4204F18C
:108EC000300410D300F0DAFE204C224EAC4226D300
:108ED00000F0E8FEF7F740FB1F4A137B23F0010385
:108EE000137306B070BD54F80C3C059354F8103C55
:108EF000049354F8143C039354F8183C029354F828
:108F00001C3C019354F8203C009354E90A2354E993
:108F10000C0100F0A9FC54F8303C5E65CDE7D4E9C3
:108F20000A23B3F1FF3F08BFB2F1FF3F05D052EA79
:108F30000301206803D100F08FFF3034C6E73146CB
:108F4000183001F031F9F8E786290020B0D400008C
:108F5000E0D400008DCC00008810002008B5034844
:108F6000034A0021121A03F068FC08BDB003002078
:108F7000882900200023012270B586B0CDE90423A2
:108F80000F220193CDE9023214234FF4A0720E4D4B
:108F90000E4E03FB00550E4906EBC016044602FBBD
:108FA00000110C4B3046009500F05EFC737B2C7476
:108FB00023F004037373084B013403EBC423EE6006
:108FC0006B6006B070BD00BFB02600200810002006
:108FD000883C002001C9000088340020BFB5002073
:108FE000FFF742FF2B4B03F5006282F3088883F3FF
:108FF0000A880024E023284D284F85F82230EC779A
:109000002C766C76AC7685F820406B6A43F4E023CE
:109010006B6285F82340FAF75DF9FAF7D9FA4FF059
:10902000FF33AB62EB62FAF777FCFAF7F5FAF8F781
:109030000BFA1B4800F082FC03F0D4FBFAF77CFD2E
:109040000120FFF711FF0220164DFFF70DFF00F082
:109050005DFE154B15495D61154B4FF4806205931C
:1090600001232846CDE90343CDE901443B46009462
:1090700000F0FAFB06466A7B284622F004026A7377
:1090800003F0C7FD2046FFF775FF3A4631462846F4
:10909000FAF77EFA8834002000ED00E0998E000097
:1090A000A811002088100020B0260020C83D002014
:1090B0008DDC0000002038B5054C064DAC4200D3D5
:1090C00038BD204603F0BDFB0028F9DB1C34F5E772
:1090D000100200204802002073B50C46EFF3118106
:1090E000202585F31288BFF36F8FC5685DB12560B9
:1090F0002B68C360836901338361002081F3118889
:10910000BFF36F8F11E052EA030603D16FF00B003B
:109110002560F3E7CDE900230246083000F0F4FCB7
:1091200018B9034B9B681B69236002B070BD00BF78
:10913000B02600202DE9F34104460E4600F1080850
:10914000EFF31187202181F31288BFF36F8F006A3C
:10915000E168884233D22568AC4219D0C5B12846AF
:1091600003F0D9FB05F1180003F025FEA2680024E6
:109170003146286903F0E5FE2846AC6703F049FD57
:109180004046394600F054FD204602B0BDE8F0816B
:10919000A2683146E06903F0D4FE0020E369A268CA
:1091A00013446269E361934204BF2369E361236A64
:1091B0000133236287F31188BFF36F8FE5E752EA2B
:1091C00003010AD00649404689680E61CDE90023B3
:1091D0003946224600F098FCD7E76FF02200E9E715
:1091E000B0260020F7B50446084604F10807EFF35F
:1091F0001186202181F31288BFF36F8F216A002925
:1092000039D0A268A16903F09CFEA369A268256811
:1092100013446269A361934204BF2369A361236A73
:10922000AC4203F1FF33236233D02846002D31D006
:1092300003F071FB05F1180003F0BDFDA268296978
:10924000E06903F07EFEE369A26828461344626980
:10925000E361934204BF2369E361236A013323621C
:109260000024AC6703F0D5FC3846314600F0E0FC42
:10927000204603B0F0BD52EA030110D009498968C5
:109280000861CDE9002331462246384600F03CFC17
:10929000EFE7002086F31188BFF36F8FE9E76FF0E7
:1092A0002200F7E7B02600202DE9F34104461746D7
:1092B0001E46EFF31188202383F31288BFF36F8FCC
:1092C000C368334A7BB180689168884219D057EAF5
:1092D000060318D188F31188BFF36F8F6FF00F006A
:1092E00002B0BDE8F081916891F90E100133E3609E
:1092F00093682161A36088F31188BFF36F8F00200A
:10930000EEE72169F2E791F90E1090F90E306FF057
:109310007E029942A8BF19469142B8BF11468B42BE
:109320002DDD03F014FB054622464146CDE90076CB
:10933000184800F0E9FB0028E1D0EFF31186202364
:1093400083F31288BFF36F8FA068D0B123682169BF
:109350009C420AD04BB193F90E309942A8BF1946EE
:109360006FF07E039942B8BF194603F0F0FA40B19E
:109370003146084800F05CFC6FF00A00B0E70025B9
:10938000D2E7002DF4D186F31188BFF36F8FF3E796
:10939000B026002087290020F8B583680546002BF9
:1093A0003FD0234A926893423ED1C368012B03D930
:1093B000013BC3600020F8BDEFF31187202383F346
:1093C0001288BFF36F8F0169806803F0C0FA2C68C0
:1093D000AC4207D10023C5E9023387F31188BFF3FC
:1093E0006F8FE7E7002CF5D0D4E900320026136038
:1093F0005A60637BC4E9006623F002036373A660CE
:1094000004F1180003F0D7FCAC6094F90E3020464C
:109410002B61A66703F0FDFB3946064800F008FC07
:10942000C8E76FF01500C6E74FF0FF30C3E700BF95
:10943000B02600208729002037B51146EFF31185AB
:10944000202282F31288BFF36F8F04689CB12368D7
:10945000426823F003039442036008BF4360012184
:10946000204603F0F7FA044685F31188BFF36F8FA7
:10947000204603B030BD51EA0302F5D000F10802E6
:10948000CDE900131046294600F03EFB0028EFD13D
:10949000014B9B681C69EBE7B026002070B5EFF329
:1094A0001186202383F31288BFF36F8F0468A042D4
:1094B0001AD0CCB1D4E90032002513605A60637B26
:1094C000C4E9005523F002036373A56004F118009A
:1094D00003F071FC2046A56703F09BFB3146BDE815
:1094E0007040074800F0A4BBD0E902329A4218BF8E
:1094F0000133836086F31188BFF36F8F70BD00BFA7
:109500008729002013B5EFF31181202484F31288FA
:10951000BFF36F8F846844B1013C846081F311888C
:10952000BFF36F8F002002B010BD52EA030406D1D2
:1095300081F31188BFF36F8F6FF00F00F3E7CDE970
:1095400000230246014800F0DFFAECE787290020FB
:1095500007B5074B4FF48062009306494FF0FF3385
:10956000054800F00DF9002003B05DF804FB00BFD2
:1095700008DA0000C8410020081100202DE9FF4151
:10958000044620274E4EEFF3118887F31288BFF36D
:109590006F8FD4F88450F5B9022104F19C0003F0D8
:1095A0007CFA002868D004F19405002201212846A5
:1095B00003F0C8FB0028F8D100234FF0FF320293DC
:1095C0004FF0FF334146CDE900233E4804F18C02C1
:1095D00000F008FDD7E7D4F888202B689542C4F83E
:1095E000843008BFC4F88830D4F89C3043F00203BC
:1095F000C4F89C30EB6823F0040343F00103EB60F4
:109600006B6888F31188BFF36F8F28469847EFF394
:10961000118887F31288BFF36F8FEB68D80623F0A9
:10962000010236D4EA60EB689A0716D5306823F059
:109630000203EB6088B10021036870B14268954273
:1096400035D1036869BB72683360824200D17360B0
:10965000002340F8083BFFF721FFD4F89C3023F0AB
:109660000203C4F89C3088F31188BFF36F8FDB05C9
:1096700089D400F053FB86E7D4F89C30D9069BD5FB
:10968000C4F89C0088F31188BFF36F8F04B0BDE865
:10969000F08123F01103EB6005F11000FFF7FEFEEF
:1096A000C1E70B607368834208BF7160D0E723B1E4
:1096B0001A68014618461346BFE71A46F9E700BF85
:1096C000D026002087290020F8B5C36804469A07F1
:1096D0000F46C3F340062ED45B071CD40B680BB9AE
:1096E00083680B60E368DD0742BFA36802263B6026
:1096F0003D6858BF0126002D3CD0204B9A68D5F814
:1097000080309A420AD0D5F89C30D807C3F3800243
:1097100014D46FF0120600233B6025E003F034FA06
:10972000D5F89C300028F0D1D907C3F3C002F0D59A
:1097300052B15B0708D46FF00F06ECE7002AFAD1AC
:10974000C3F3C003002BF6D100232360D5F8883083
:1097500063B9C5E92144284603F0B9F9E36843F049
:109760000403E3603B68A3603046F8BD1C60C5F8A5
:109770008840F0E76FF01506CDE700BFB026002067
:10978000F0B50446002089B0C4E921000E9D04F123
:109790008C00C4E9230004F19400C4E9250055B30A
:1097A0002879002840F2011008BF0120C4F89C006D
:1097B00000204FF0FF364FF0FF37CDE90330CDE901
:1097C0000100CDE9066720460C4B009400F08AF8B2
:1097D00055B1296811B1204603F0DCF96B791BB152
:1097E000237B43F001032373204600F035FBC4F8CC
:1097F000804009B0F0BD0120D8E700BF7D95000092
:10980000F7B50C4616461D460190EFF3118720234D
:1098100083F31288BFF36F8F084603F049F955EAC6
:10982000060309D1204601A9FFF74EFF87F31188EF
:10983000BFF36F8F03B0F0BDE368324643F0080317
:10984000E360019B0449A36204F110002B4600F081
:10985000ABFC0120EAE700BFDDCA00000146014879
:10986000FFF7CEBF081100202DE9F043984685B0E0
:1098700000F15803C0E91633109B0026037304233C
:10988000073222F0070543730F9B01EB05090F46D2
:1098900083734946C0E906668660C6730446F9F7D5
:1098A000D3FA0E9B073020F00700A066C4E91875B4
:1098B00002930D9BA9EB000901930C9B4A46009370
:1098C000394643462046F9F747FE054B66659B68D7
:1098D00003B1DB6E4846E36605B0BDE8F08300BF28
:1098E000B0260020F0B5002587B00595109DDDE974
:1098F000127604950F9D044603950E9D02950D9DCD
:1099000001950C9D0095FFF7AFFFB6F1FF3F08BF33
:10991000B7F1FF3F05D056EA070305D1204600F016
:109920009BFA204607B0F0BD3A46334604F11800D2
:10993000014900F039FCF4E78DCC000040F201133E
:1099400083810023C0E91833C366014B98607047D8
:10995000B02600206FF00A01084A93689967084909
:1099600058674B6843F080534B60002383F31188A2
:10997000BFF36F8F9368986F704700BFB0260020C9
:1099800000ED00E070B590F90D20437B002A36DB36
:10999000D90634D11B4C63F07F032246437352F83F
:1099A000183FE169934207D1C0E900210860E061F6
:1099B00011E09942F8D01B68002BF5D090F90E50B9
:1099C00093F90E60B542F4D0AE42F2DD5968C0E9B9
:1099D000003108605860A569954200D005B9E56876
:1099E000A3685A7BD20604D1DA897F2A01D9AA69F1
:1099F00032B1AB4202D0284600F034FB656170BD45
:109A00006361FCE7B026002038B590F90D200146CF
:109A1000002A437B04DA03F07F03437303F0BFF8AB
:109A20000D4D2A4652F8184FAB68944200D004B945
:109A3000EC688B4207D05A7BD20604D1DA897F2AA0
:109A400001D9A2692AB1A34202D0204600F00AFB44
:109A500023466B6138BD00BFB0260020B3F1FF3F45
:109A600008BFB2F1FF3F03D00249183000F09CBBA1
:109A7000704700BF8DCC000070B590F90D200146F5
:109A8000002A437B04DA03F07F03437303F087F873
:109A90001C4C4B7B224663F07F034B7352F8183FFC
:109AA000E069934207D1C1E900200160E16111E062
:109AB0009842F8D01B68002BF5D091F90E5093F91D
:109AC0000E60B542F4D0AE42F2DD5868C1E9003014
:109AD00001605960A569A368954200D005B9E568A1
:109AE0008B4207D05A7BD20604D1DA897F2A01D96A
:109AF000AA692AB1AB4202D0284600F0B3FA2B463D
:109B0000636170BDB0260020F8B5DDE906670D4B36
:109B10000C46986811460C4A1060EFF3118220221F
:109B200082F31288BFF36F8F9D68284603F049F8CF
:109B3000284632463B46FFF791FF2046BDE8F840F5
:109B4000FFF708BFB0260020D8260020F8B504464D
:109B5000EFF31187202383F31288BFF36F8F437BCA
:109B600049B203F01F02002A0CBF0126002639D19A
:109B700003F07F032D4D437303F011F82A46437B16
:109B8000817363F07F03437352F8183F934227D1E8
:109B9000E869C4E900200460EC610FE09842F8D065
:109BA0001B68002BF5D093F90EC06145F6D08C45AB
:109BB000F4DD5968C4E900310C605C60AC69944222
:109BC00000D004B9EC68AB689C4202D0204600F09B
:109BD00049FA6C6187F31188BFF36F8F3046F8BD87
:109BE000E869DEE79B071ED5856802F0D8FF817320
:109BF0002B689D4209D16B68C4E900531C606C60FE
:109C0000E8E76A689342F6D01B68002BF3D093F91B
:109C10000E209142F5D08A42F3DD5A68C4E9003241
:109C200014605C60D6E78173D4E700BFB0260020E3
:109C300049B9EFF3058030B9054B5A699B689A42E0
:109C400001D0FFF787BE81F31188BFF36F8F704794
:109C5000B0260020034648B9EFF3058232B9064A20
:109C600051699268914201D0FFF774BE83F3118865
:109C7000BFF36F8F704700BFB0260020EFF3118154
:109C8000202383F31288BFF36F8F054B9A68D37B31
:109C9000013BD37381F31188BFF36F8F704700BF0F
:109CA000B026002070B5EFF31186202383F31288CD
:109CB000BFF36F8F144DAB68DA7B0132DA732A463B
:109CC00052F8184F944200D004B9EC685A7BD2067F
:109CD00004D1DA897F2A01D9A2692AB1A34202D02C
:109CE000204600F0BFF923466B6186F31188BFF36D
:109CF0006F8FEFF31180202383F31288BFF36F8FF0
:109D0000BDE87040FFF7A6BFB0260020024B03F16C
:109D10001802C3E906227047B026002070B5EFF3A1
:109D20001186202383F31288BFF36F8F1B4CA16829
:109D3000E0690B68814214BF1A46002249680B6033
:109D40005960A368E1692AB9154AC3E900210B608B
:109D5000E3610CE093F90E0092F90E50A84218D07E
:109D6000854216DD5168C3E900210B605360A56987
:109D70000B4B9D4200D005B9E568A3689D4202D017
:109D8000284600F06FF965613046BDE87040FFF786
:109D9000E1BD8A42D8D01268D5E700BFB0260020C6
:109DA000C8260020F8B550EA010306460C4603D148
:109DB000FFF7B4FF0020F8BDEFF31187202383F3F2
:109DC0001288BFF36F8F124D124BA8681860FFF70F
:109DD0001BFEA868234632460F49183000F0E4F90C
:109DE000AA680446537B384643F004035373FFF7D5
:109DF000B1FDAB68D3E90A23B3F1004F08BF002AD5
:109E0000D8D103F000F8201A20EAE070D3E700BFB1
:109E1000B0260020D82600208DCC000038B50024C4
:109E20000B494FF400458C462146C0FB05C1002379
:109E30006046084AF6F78EF9C117FFF7B3FF47F6F9
:109E4000FF73044AC0FB0234DB0B43EA444038BDD5
:109E50003F420F0040420F0038B50446EFF3118532
:109E6000202383F31288BFF36F8F437B5B070FD5EB
:109E7000183002F0A0FF637B204623F004036373D5
:109E8000FFF780FD2946BDE838400448FFF7D0BE03
:109E900085F31188BFF36F8F38BD00BF872900207D
:109EA000014B9868704700BFB02600202DE9F843A9
:109EB0000446077BEFF31185202383F31288BFF359
:109EC0006F8F437B190705D585F31188BFF36F8F1B
:109ED000BDE8F883D90943F008025AD14273A36858
:109EE00013B1204602F063FE04F1180002F063FF94
:109EF000A66D04F15808B04511D04FF0000976B1B5
:109F0000304602F054FE06F1180002F054FF3046CD
:109F1000C6F87890FFF736FDA66DB045EFD1DFF8B3
:109F2000B880D8F808309C423BD1EFF30589B9F1ED
:109F3000000918BF4FF00109D8F81860274A964267
:109F400000D00EB9D8F80C60B34202D0304600F011
:109F500089F8C8F81460B9F1000F02D02048FFF763
:109F6000EDFCD8F808309C4231D1EFF3058373BB88
:109F7000227BD20718D42846FFF7ECFCFB07A7D5B5
:109F8000002383F31188BFF36F8F0423184602DF89
:109F90009EE703F07F0343F00803437302F0FFFDE5
:109FA0009DE74FF00009C7E785F31188BFF36F8F76
:109FB00083F31188BFF36F8F0423184602DFEFF39A
:109FC0001180202383F31288BFF36F8FD4E785F3CA
:109FD0001188BFF36F8FD1E7B0260020C82600207C
:109FE000A8110020D3B5DDE90667089CCDE900671C
:109FF000FFF78AFD1CB1034B9B681B69236002B00D
:10A00000D0BD00BFB02600200122044BC01A044B73
:10A01000C0105843034B1A54704700BF2812002049
:10A02000ABAAAAAA87290020C3897F2B12D80A4B82
:10A030001B6863B1094B90F90E201B689A4209DB3B
:10A04000437BDB0606D1064BC31A18BF012303F07E
:10A05000010070470023FAE754010020DC260020AD
:10A060000810002070B50E4B0E4C1E7C054606EB0A
:10A07000460304EBC304204602F09DFE00220A4B77
:10A0800028469A55FFF7D0FF48B1084B2046BDE857
:10A0900070401A680649013AD31700F085B870BDC0
:10A0A000B02600202812002087290020540100201B
:10A0B00009A0000038B5EFF31185202383F312883F
:10A0C000BFF36F8F104B114A9C681068A04206D1F5
:10A0D000FFF7C8FF85F31188BFF36F8F38BD0021EC
:10A0E0001B7C11600A4AD35C002BF3D02046FFF79B
:10A0F0009BFF0028EED0637BDB0602D12046FFF7F2
:10A10000BBFC2046E4E700BFB0260020D826002094
:10A1100087290020074808B5074A0849121A02F0A3
:10A120008EFBBDE808400648064A0749121A02F0AD
:10A1300086BB00BF00000020B0030020A0F100009B
:10A140000000002000000020A0F10000024B186871
:10A15000984208BF0020704758010020034B1B683D
:10A160000BB9FDF70BBC0020704700BFE0260020B4
:10A1700030B570B10B4B5B6898420AD0036843B1AD
:10A18000D3E90421D0E90445121941EB0501C3E9E3
:10A190000421D0E9003213605A600023C0E9003383
:10A1A00030BD00BF58010020B3F1FF3F08BFB2F13E
:10A1B000FF3F2DE9F84F0446994615461F467BD0D0
:10A1C0008160EFF31188202383F31288BFF36F8F30
:10A1D000013279F1FF33DFF8E8A020DBFFF7BEFFA3
:10A1E000DAE90027013549F100092D1849EBE07340
:10A1F00006464FF00109C4E90453AD1843EB0707C5
:10A20000FFF7A4FF0346DFF8BCE0DEF804A0EBB9DB
:10A21000C4E900EACAF80040CEF8044028E06FF034
:10A220000103DAE900125B1A4FF0FF3161EB020221
:10A230005B1B62EB0902012B72F10001BCBF012321
:10A2400000224FF00009C0E90432D9E7D3E9041C29
:10A25000D4E904208A4270EB0C0B24DA891A5A687C
:10A260006CEB0000C3E90410C4E9003214605C60C8
:10A27000FFF76CFF84420ED1134B1B685BB9B9F139
:10A28000000F02D1FFF76AFF0646304602F07CFD60
:10A290000021FDF745FB88F31188BFF36F8F284637
:10A2A0003946BDE8F88F521A60EB0C009A45C4E9B4
:10A2B0000420ADD01B68AAE700252F46EFE700BFBA
:10A2C0004012002058010020E02600202DE9F04730
:10A2D000EFF31185202383F31288BFF36F8FDFF82C
:10A2E000A0900026C9F800000027FFF72FFFDFF835
:10A2F0009480D9F80030D8E900ECD91750B1D0E9F2
:10A300000442A34271EB020A1BDAE41A62EB010277
:10A31000C0E90442002413EB0E034CEB010120467C
:10A32000C8E90031C9F8004002F02EFD2146FDF7D2
:10A33000F7FA85F31188BFF36F8FBDE8F047FFF799
:10A34000B9BE14EB0E024CEBE473C0E90467C8E934
:10A350000023FFF70DFF85F31188BFF36F8F83682C
:10A360009847EFF31185202383F31288BFF36F8F93
:10A37000D9F800301B1BC9F80030FFF7E7FEB8E73B
:10A38000E02600204012002010B5EFF311842023B6
:10A3900083F31288BFF36F8FFFF7E0FE0346054A91
:10A3A000D2E90001181841EBE37184F31188BFF37F
:10A3B0006F8F10BD40120020F8B50446EFF31187EF
:10A3C000202383F31288BFF36F8F026822B187F3D3
:10A3D0001188BFF36F8FF8BDD0E90A36581C46F1DB
:10A3E0000001022871F1000127D3012B76F1000151
:10A3F000BCBF012316465D1E46F1FF3602F007FD85
:10A40000013041F10001401946EB0101012871F1D1
:10A41000000139DB02F0FBFC013041F100016FF07B
:10A420000102401946EB01034FF0FF31121A61EBB4
:10A43000030320461749FFF7B7FE236B013323635D
:10A44000236A6BB187F31188BFF36F8F2046236AAD
:10A450009847EFF31187202383F31288BFF36F8FA0
:10A4600054F8185FA542B2D0002DB0D0284602F0B3
:10A47000DFFB0023AB6787F31188BFF36F8F28469C
:10A48000BDE8F84002F0C5BB6FF001024FF0FF33AA
:10A49000CFE700BFB9A300002DE9F04105461C46F7
:10A4A00090461F46EFF31186202383F31288BFF3F3
:10A4B0006F8FB4F1FF3F08BFB2F1FF3F05D186F3C4
:10A4C0001188BFF36F8FBDE8F081531C74F1FF3327
:10A4D00009DB012A74F10003BCBF0122002412F140
:10A4E000FF3844F1FF37284602F065FCDDE906013C
:10A4F0000023C5E90A012B6342463B462846024930
:10A50000FFF752FEDBE700BFB9A30000F8B507462E
:10A510000C46164602F038FB08B10020F8BD0D4B82
:10A520009B68DD6E002DF8D0221DF6D2EFF311846A
:10A53000202383F31288BFF36F8F284647F004016E
:10A54000B04784F31188BFF36F8F0028E5D040F83F
:10A55000045BE3E7B02600200146024A0020FFF733
:10A56000D5BF00BF93B1000038B5064C064DAC42D4
:10A5700001D3002038BD2046D4E9011202F0BDFC11
:10A580001434F4E7480200204802002010B50A4CB9
:10A5900023681BB101232360002010BD00F0F4F8F4
:10A5A0000028F7D00138072803D8044B53F82000BF
:10A5B00010BD034810BD00BFE426002010DA0000E3
:10A5C000FE8FFFFFBFF34F8F0549064BCA6802F4A9
:10A5D000E0621343CB60BFF34F8F00BFFDE700BFC6
:10A5E00000ED00E00400FA0530B44FF0FE32002523
:10A5F0000B4B0C4C0C494968C3F80024C3F80424E5
:10A60000C3F80824C3F80C24C3F81024C3F8142496
:10A61000C3F81824C3F81C24C4F8005530BC0847FC
:10A62000005084500040845060010020024BD0E96B
:10A630000012C3E9001270476001002010B5044603
:10A6400050B1636813F0685F05D0064A934202D0A8
:10A6500000236260236010BD034B04485B68984789
:10A66000EFE700BF2C5F5CA96001002030DA00003A
:10A67000C8B143680D4A934213D013F0685F0ED0FF
:10A68000012350E8002F194640E8001C9CF0000F01
:10A69000F7D1012AF5D0BFF35F8F0020704704483F
:10A6A0007047044870476FF4E04070472C5F5CA926
:10A6B000E98FFFFFEA8FFFFF034680B14268094937
:10A6C0008A420AD012F0685F05D0BFF35F8F002284
:10A6D00010461A60704704487047044870476FF48A
:10A6E000E04070472C5F5CA9E98FFFFFEA8FFFFF16
:10A6F00010B5044620B10023034A2360626010BDF8
:10A700000248FFF771FFF6E73A00003A58DA000016
:10A7100070B5194CD0F804C00668C4F804C0D0F86D
:10A7200008C0C068C4F808C0E06026600868134B21
:10A73000134D18604868D5F818215860886812F0E1
:10A74000685F9860C8680969D860196112D00023F1
:10A750000C4A05F58A70C5F81431C5F8B831C5F84A
:10A760001821C5F8BC21B047236805F5DC70BDE8A9
:10A770007040184770BD00BF7C01002068010020B8
:10A78000FC2600202C5F5CA908B500F011F830B958
:10A7900000F010F838B9054AC2F80C0A08BD00F0FC
:10A7A00037F8032008BD042008BD00BF00508450C6
:10A7B0000020704710B5114800F048F800B110BDF6
:10A7C0000F4800F043F80028F9D10E4C204600F065
:10A7D0003DF80028F3D10C4B0C481C6000F036F813
:10A7E00001460028EBD100F02DF8044608B12046C0
:10A7F00010BD00F03FF82046FAE700BFBC01002082
:10A80000B8010020B4010020AC010020B0010020FC
:10A8100008B5084800F024F8074800F021F8074878
:10A8200000F01EF8064800F01BF8BDE8084000F0F4
:10A830000BB800BFBC010020B8010020B40100200B
:10A84000B001002000207047704700BF08B5034BDF
:10A8500002681B6810689847002008BD7C01002032
:10A8600008B5034B02685B6810689847002008BD74
:10A870007C01002070B5094C094D2069AB689847F0
:10A8800018B1084B08485B6898470021074AEB68F5
:10A8900011602069BDE87040184700BF68010020C2
:10A8A0007C010020600100207CDA0000F8260020F6
:10A8B0000CB430B589B005460C461C22002101A815
:10A8C00002F066FB022305958DF806300D4B0293CE
:10A8D00023462CB1B4F1004F28BF4FF00043013B99
:10A8E0001D440DAA0C9901A80695009200F00CF8E1
:10A8F00014B1059B00221A7009B0BDE8304002B0C7
:10A90000704700BF85D000002DE9F04F43688DB03F
:10A9100015468046029383789A0740F10D81002402
:10A920000E78002E00F00A81252E0BD04B1C0393CD
:10A93000013441463046029B98470028C0F2F68019
:10A940000399EDE74E788B1C252E0393F0D000275A
:10A95000B946BB46BBF11F0F38D8A6F12003102B18
:10A960000AD8DFE803F02A09093009090921090991
:10A970000928092D09091F00A6F13003092B33D935
:10A980002A2E37D11BF0400F55F8043B40F082804F
:10A99000002BA7BF4BF0200B9946C3F100094BF0E9
:10A9A000280B01E04BF0010B039B13F8016B0393A1
:10A9B000002ECFD130E04BF0020B4BF0040BF3E74D
:10A9C0004BF0080BF0E74BF0100BEDE7BBF17F0FFE
:10A9D00019D8A6F13003092BD2D81BF0400F03D0B1
:10A9E0000A2101FB0737DFE70A214BF0200B01FBAF
:10A9F0000939D9E72E2E06D11BF0400F40F09E807A
:10AA00004BF0400BD0E76C2E31D02BD8682E36D0CF
:10AA10006A2E3CD04C2E3AD0002F46F02003B8BF0F
:10AA20002BF04002A3F16501BCBF00271FFA82FB97
:10AA3000022901D9612B2FD107350727DFF8ACA2F6
:10AA400025F0070508351BF0080F66D00AEB070B49
:10AA500056465E4563D1A4EB0A0AA9EB070906EB4B
:10AA60000A026FE1742E9FD07A2E9DD0D4E71BF09E
:10AA7000800F18BF4BF4007B4BF0800B94E71BF466
:10AA8000807F18BF4BF4007B4BF4807B8CE74BF44A
:10AA9000207B89E71F4687E7A6F16301122900F2B0
:10AAA000F080DFE811F013004F00EE00EE00EE0042
:10AAB000EE004F00EE00EE00EE00EE00EE00FE00B5
:10AAC000E900EE00EE001B00EE00AF0055F8043B7D
:10AAD00001270DF1180A8DF81830B4E755F804ABCA
:10AAE000834BBAF1000F08BF9A461BF0400F504647
:10AAF00014BF39464FF0FF3102F062FA0746A2E771
:10AB000041462020029B984700280FDB013EB742B8
:10AB1000F6D34C44B146A41B98E74E46F7E74146AE
:10AB200016F8010B029B9847002892DA98F8023039
:10AB300043F0040388F802304FF0FF3420460DB094
:10AB4000BDE8F08F1BF0800F34D01BF4007F2CD0B9
:10AB5000073525F00705AA4669685AF8080B2BF057
:10AB600010050029ADB237DA404245F4806561EB4B
:10AB700041010DF1180B0A235A4602F02DFAA0EB01
:10AB80000B0301936B0662D5019B25F001019F42E7
:10AB900089B240F3A180002E00F0998015F01002D8
:10ABA00040F09C80BB460D4623E0AA465AF8040BB1
:10ABB000C117D4E7AA461BF4807F5AF8041B01D1C1
:10ABC0000846F5E71BF4007F19BF48B241F3C011F6
:10ABD00008B241F3C031C2E750EA0103C9D11BF00A
:10ABE000400FC6D0002FC4D12BF01102BB460197F5
:10ABF00095B240F2064115EA01021CBF0BF1010BB0
:10AC000000222CE02BF010020A231FFA82FB1BF01B
:10AC1000800C49D01BF4007115BF0735AA4625F0FA
:10AC200007055AF8040B1EBFAA4669685AF8080BB4
:10AC300050EA010545D12BF016051BF0400FADB2CF
:10AC400042D0002F40D12BF01702019795B215F09A
:10AC5000100248D0019B002E42D103F1010B2907BD
:10AC60005AD4EB0706D5D9456FDDA9EB0B03019943
:10AC7000CB465F185B4649E04BF0100B102378265B
:10AC8000C5E7782B04D1C6F1780343F01003BEE783
:10AC900041462520029B98470028FFF647AF023423
:10ACA00047E608230026B2E7AA461BF480715AF84B
:10ACB000040BBDD01BF400711ABFC0B2614680B254
:10ACC000B6E72BF0060295B20DF1180B54E725F00C
:10ACD0001105BB46ADB28CE70D46B8E73B460D46C5
:10ACE00003F1020BBBE7DDF804B082E797F1000047
:10ACF00090F10000CDE9043241462020029B9847A4
:10AD00000028FFF613AF049B059A01339945F1DC47
:10AD1000A4EB0B019B46CC180AB341463020029BA2
:10AD200098470028FFF602AF8EB901342744391B3B
:10AD3000019B994224DC1D4655BB019AA9EB0B09E6
:10AD4000554622441446914433E0019F92E7023471
:10AD500041463046029B98470028E7DAE6E640F293
:10AD600006410D42E2D015F0020F04F10104414604
:10AD700014BF2B20202015F4806F18BF2D20E9E789
:10AD800041463020029B013498470028CFDACDE6B7
:10AD900006AB013D4146585D029B98470028CBDA3F
:10ADA000C4E641462020029B013498470028FFF664
:10ADB000BDAEA9EB0403002BF3DCC1E5704743797A
:10ADC000012B01D1F5F740BB704743681869704704
:10ADD000836800EBC101B3F5004F2CBF51F822008E
:10ADE00031F81200704700EBC1018068B0F5004FE8
:10ADF0002CBF41F8223021F812307047012208B5EB
:10AE0000FFF7E6FFD04008BD836800EBC101B3F552
:10AE1000004F08D34B681AB143F001034B607047F1
:10AE200023F00103FAE74B881AB143F001034B808A
:10AE3000704723F00103FAE753000122FFF7D3BF65
:10AE40008368B3F5004F34BF04230823C91A081AD6
:10AE5000C0087047B0F5004F34BF04230823481CD6
:10AE60000833A0EBD300B0FA80F0C0F11F007047A8
:10AE70002DE9F041174603220E460446FFF7A8FFCE
:10AE80008642054607F104080AD10122E368BA4068
:10AE900023EA0203E360002344F82830BDE8F08190
:10AEA000314602222046FFF793FF06462B46014615
:10AEB0000322204644F82850FFF795FF33462946E1
:10AEC0002046BDE8F0410222FFF78DBF70B50D4668
:10AED00086680446FFF792FFB6F5004F014601D39E
:10AEE000012809D03046FFF7B5FF29460246204623
:10AEF000BDE87040FFF7BCBF70BD2DE9F0470546C7
:10AF00008068FFF7A7FF05EB800ADAF81090884603
:10AF10000646B9F1000F1BD00327DAF81040284687
:10AF20002146FFF76BFF404507D3324621462846AE
:10AF3000FFF79EFF2046BDE8F08703222146284602
:10AF4000FFF746FF013FCAF8100001D08145E4D168
:10AF50004FF0FF34EB680136B4401C40EAD094FA5D
:10AF6000A4F2B2FA82F2131D55F82340DEE72DE970
:10AF7000F04114460E460546FFF740FFA4EB0608D5
:10AF8000371B0744424631462846FFF755FF3A46ED
:10AF900021462846FFF750FF434600222146284617
:10AFA000FFF721FF21462846FFF728FF3B462118DF
:10AFB00000222846BDE8F041FFF715BF2DE9F0411A
:10AFC000164604460F46FFF719FF31460546204650
:10AFD000FFF714FF05442A4639462046FFF72CFFA9
:10AFE00031462046FFF70AFF2B4631180022204643
:10AFF000BDE8F041FFF7F7BE2DE9F0410D46866848
:10B000000446FFF7FBFEB6F5004F014601D30128C9
:10B0100032D03046FFF71EFF04EB80010E6996B96F
:10B020000122E36882401343E36002220D612B4654
:10B0300029462046FFF7D7FE032229462046BDE8D1
:10B04000F041FFF7D0BE022231462046FFF7C0FE96
:10B050000746034629462046FFF7C5FE032233462E
:10B0600029462046FFF7BFFE39462B462046FFF70C
:10B07000BAFE02223146E1E7BDE8F081F8B50C46A0
:10B080000546FFF7BBFE2618012231462846FFF78A
:10B090009FFEC3070CD431462846FFF717FF214611
:10B0A0002846FFF7ABFE214622182846FFF786FF09
:10B0B000002221462846FFF78BFE271A0122394637
:10B0C0002846FFF785FE10EA020613D139462846C6
:10B0D000FFF7FCFE214632462846FFF779FE22465E
:10B0E000211A2846FFF76AFF214632462846FFF715
:10B0F0006FFE241A21462846BDE8F840FFF77CBFC2
:10B1000038B571B1056800222846FFF799FE04465C
:10B1100001462846FFF778FE2146BDE83840FFF794
:10B12000ADBF38BD70B5066809B9002070BDB36801
:10B13000B3EBD10FF9D9B3F5004F34BF0423082383
:10B14000CC1D1C44E40821463046FFF7D6FE0546D8
:10B150000028EAD001463046FFF750FEA04209D948
:10B160002C44294630462246FFF701FF214630464F
:10B17000FFF742FF304601222946FFF745FEB3683C
:10B18000B3F5004F34BF0423082303EBC503184471
:10B19000CCE71146FFF7C6BFB2F5802F2CBF0823BE
:10B1A00004232DE9F0410026D21A8C18CD1D25F07C
:10B1B000070524F00704641BE408056021462046C7
:10B1C000AC60EE60FFF746FE421D9200013002F1D6
:10B1D00007074FEAD7073146A2F1100205F1100028
:10B1E000B8BF324601F0D4FE3A4631462846FFF752
:10B1F00023FE3346324631462846FFF7F4FDA4EBE2
:10B200000708284631460122FFF7FEFD424639462F
:10B21000FFF712FE3B46324639462846FFF7E3FD6C
:10B2200021462846FFF708FE434632462146284677
:10B23000FFF7D9FD214628460122FFF7E5FD3946F3
:10B24000BDE8F041FFF7D8BE2DE9F04706460D46B0
:10B25000174698462BB34FF0000A98F8004093F831
:10B260000190DB78A40004EB430498F802301C44FE
:10B270004444CA4509D339463046AC46D8F8042080
:10B2800008F10803BDE8F047604714F8013B0AF1F4
:10B29000010A204648F82340F4F780FF01300444B7
:10B2A000E7E76FF01500BDE8F08770B500250246AE
:10B2B0002846144614F8013B0BB9184609E098B12A
:10B2C0008D4207D1702B04D0A3F140023A2A0BD84B
:10B2D000002070BDA3F140063A2E05D85378013501
:10B2E000941C002BE9D00020252B224608BF80F0BB
:10B2F0000100DEE7002070470FB407B504A951F83C
:10B30000040B019100F0C0FB03B05DF804EB04B046
:10B31000704710B50369024613F0080009D113689D
:10B32000D4689C429BBF0120126AE31AD31A0B60B7
:10B3300010BD00231846FAE713B501A90446FFF72C
:10B34000E8FF20B1019BE268013B13440193206AAE
:10B35000019BC01A013802B010BD10B50446501848
:10B360002269236AD20702D5013B184010BD9842DA
:10B3700028BFC01AFAE710B504460A46C168FFF7AD
:10B38000ECFF2369E06023F00803236110BD38B5AA
:10B390000D46C2698B00016843F00203044642F87F
:10B3A000213001682A46FFF7D8FFE36861689842B8
:10B3B00008BF2369206008BF43F008032A462046DF
:10B3C00008BF2361FFF7C9FF606038BD2DE9F74F63
:10B3D000C768C6699B4606EB8703009316F82730BB
:10B3E000044603F00303022B884691464FF0000306
:10B3F0000BD01360CBF8003023699B0713D44FF0B8
:10B40000000A504603B0BDE8F08F56F827101360CD
:10B410008908CBF80030EFD0FFF7ADFFE368A360F9
:10B420004FF0010AEDE7A36906EB8700984716F88D
:10B430002720054612F0010AE1D012F002021FD0C7
:10B44000B8F1000F03D041462046FFF7A0FF616826
:10B450002A462046FFF781FFD4E90221914260602D
:10B4600006D12A462046FFF778FF4FF0000AA06079
:10B47000A2682260E260226942F008022261C0E70D
:10B48000014620460192FFF776FFE368A360B8F11A
:10B49000000F04D02168E369019A43F8212005EBED
:10B4A0000802CBF8002021682046FFF756FF2369E9
:10B4B000206043F00803236116F827306FF3000380
:10B4C00006F82730009BC9F80030A9E770B504469C
:10B4D0001546FFF742FF2368834205D123692160A7
:10B4E00023F00803236170BDE269AB0043F002035F
:10B4F00042F8213061682A462046FFF72EFF60603F
:10B50000F1E738B5036904465B0706D5456AFFF7DE
:10B5100013FF85422CBF6562606238BD38B50D46A9
:10B5200004461C22002101F033FD0022EB68A361D8
:10B53000AB6863612B68E3616B68626223622A69AE
:10B5400023B1591E194208BF42F0010222610122B3
:10B5500004F128000021BDE8384001F092BA2DE93D
:10B56000F04F002587B00093036A04468B420E46D5
:10B570009246A9460395059539D3EFF3118B202305
:10B5800083F31288BFF36F8F059AD8462AB12946F4
:10B590002046FFF79BFF0023059304A92046FFF7F1
:10B5A000B8FE04990746B1422AD32268E3692046CF
:10B5B00013F8221003EB820921F0030103F8221093
:10B5C00021683246FFF7C9FEE3682060984212D036
:10B5D000002788F31188BFF36F8F039929B162693F
:10B5E0000AB12046904700230393002FC5D1484657
:10B5F00007B0BDE8F08F236943F008032361E7E754
:10B6000018B12046FFF7C3FEE3E7009B5AEA0302A6
:10B610001CD0019101F0B8FA0199B8B9BBF1000F43
:10B6200014D187F31188BFF36F8F5246009B04F14A
:10B630002800FDF767FFEFF31188202383F31288BA
:10B64000BFF36F8FB0FA80F77F09C2E7204605ABE2
:10B6500003AA2568FFF7BAFE0746BAE770B50446A5
:10B66000836908460D4698470246EFF3118620236A
:10B6700083F31288BFF36F8F2B78204643F00103CA
:10B680002B706168FFF769FE60602046FFF739FFA5
:10B6900086F31188BFF36F8F70BD2DE9F04104462A
:10B6A0002027EFF3118687F31288BFF36F8F23698A
:10B6B00013F0080FA36802D16268934200D9226A8E
:10B6C000D21AE16932B986F31188BFF36F8F4FF058
:10B6D000000833E011F8232001EB830812F0030087
:10B6E000F1D0022803D151F82350AD0805D1D0077D
:10B6F00012D44046A36998470546A1682A462046C9
:10B70000FFF72BFE2946A0602046FFF734FE86F3A4
:10B710001188BFF36F8FC4E742F0020201F82320C3
:10B72000A3694046A5689847294602462046FFF788
:10B7300014FEA06086F31188BFF36F8F4046BDE80A
:10B74000F081F8B50446836908460D4698470646D9
:10B75000EFF31187202383F31288BFF36F8F2B78C9
:10B760006FF300032B7023699B0705D5E268E3693B
:10B7700003EB82039D421AD12B786FF341032B70A8
:10B78000D4E90231994204D132462046FFF7E5FD63
:10B79000A06031462046FFF7EEFD87F31188BFF326
:10B7A0006F8F04F12800BDE8F840FDF777BE2B68E5
:10B7B00060F39F032B60F0E7EFF31181202383F305
:10B7C0001288BFF36F8F036913F0080F836802D1EB
:10B7D0004268934200D9026AD31A81F31188BFF3F9
:10B7E0006F8F181E18BF01207047002203680BB925
:10B7F000184670478B4210D10B6842B9426803600B
:10B80000914200D14360002301200B607047136018
:10B810004368994208BF4260F5E71A461B68E6E7AD
:10B82000038B13F0070305D10368002B0CBF002026
:10B8300003207047022B05D1408BB0FA80F04009FD
:10B8400080007047012B05D10368002B0CBF00203E
:10B85000052070470020704710B50C4600B111B9A3
:10B860006FF0150010BD081D00F0D2F80028F9D1C6
:10B87000A368032BF6D9F3E72DE9F0410D460746FF
:10B880001946281D90461E4600F0D3F8044638B1EC
:10B890003346424629463846A446BDE8F041604753
:10B8A000BDE8F08110B4EFF31182202484F31288F4
:10B8B000BFF36F8F416110BC0121F5F78FBB38B525
:10B8C0000C46054658B151B10B6843B14B6833B1D2
:10B8D0001C22002101F05CFB00202C6138BD6FF0C0
:10B8E0001500FBE770B505460E46FFF7B5FF041ED1
:10B8F00014DBEFF31182202383F31288BFF36F8FE1
:10B900004FF6FF716B8B2C8B8B4204F0070407D131
:10B9100082F31188BFF36F8F6FF00A04204670BD69
:10B92000022C0CD101336B8382F31188BFF36F8F2C
:10B930000023224631462846FFF79EFFEEE7062CFD
:10B9400014D8DFE804F004131313041A04000023CE
:10B9500033606B683BB9C5E90066ACB90221284683
:10B96000F5F73CFBDAE71E606E60F6E782F31188BC
:10B97000BFF36F8F6FF00404D0E782F31188BFF339
:10B980006F8F6FF08504C9E782F31188BFF36F8F63
:10B99000C4E710B5EFF31182202383F31288BFF3BD
:10B9A0006F8F048B04F00704022C0AD0012C0CBF0B
:10B9B0006FF004006FF0850082F31188BFF36F8F82
:10B9C00008E0438B013B9BB2438323B92146F5F743
:10B9D00005FB204610BD2046EEE738B5A8B1A1B161
:10B9E000EFF31185202282F31288BFF36F8F048B4F
:10B9F000FFF7FBFE30B104F0070085F31188BFF3B9
:10BA00006F8F38BD6FF07700F7E76FF01500F8E73C
:10BA1000034658B1426802F00302012A03D0032A08
:10BA200004D1026812B10020986070476FF01500D1
:10BA300070474268034602F00302032A4FF00002F7
:10BA4000816014BF104600685A60704770470378E1
:10BA50005B075FBF03684288C3F34A2303EB1210FE
:10BA60005DBF173020F007008008002070470020DD
:10BA7000704700F0FBBD0346D3E8EF0F421CC3E85C
:10BA8000E12F0029F8D170471FB50023CDE902014D
:10BA90001A4619461846CDE90033F5F7C9FE05B038
:10BAA0005DF804FB0120F5F77DBC0020704743687A
:10BAB000DA7101224368196043685A71F5F764BC72
:10BAC00070B5D2E901369B1B8B420C4615460AD352
:10BAD00013680A460146981901F033FA2046AB680C
:10BAE0002344AB6070BD6FF01B00FBE770B50E46E2
:10BAF00015461946044618B9BDE87040F5F752BC22
:10BB000033B1C2F34A231030120D184401F019FA70
:10BB1000C4E900562046BDE87040F5F7E5BD2DE9C3
:10BB2000F3415F1C4FEA8708064608F1170020F032
:10BB3000070080080C461546F5F7AEFC00238DF88B
:10BB40000470ADF805308DF8073068B10346019AEE
:10BB5000A8F1040143F8102F2A46294452F8045B47
:10BB60008A4243F8045FF9D100233146A20102F46E
:10BB7000E07242EA482222F07F4222F4700222F070
:10BB80003F0202B0BDE8F041FFF7B0BF07B50123A7
:10BB9000019201AAFFF7C3FF03B05DF804FB07B5EC
:10BBA000CDE9002302236A46FFF7B9FF03B05DF831
:10BBB00004FB1FB5CDE90123069B01AA03930323D0
:10BBC000FFF7ADFF05B05DF804FBF8B506460D467E
:10BBD00014461F4604B9F8BD214628463A46B047E8
:10BBE000241A0544F6E710B542680446D2E900235A
:10BBF00081680068FFF7E9FF002263681A6010BDE2
:10BC000038B54B6805461A68CB680C469A4202D193
:10BC10000846FFF7E8FF6368D3E8EF2F511CC3E83D
:10BC2000E01F0028F8D1A36800209D5438BD0A28E1
:10BC300038B504460D4602D10D20FFF7E1FF294635
:10BC40002046FFF7DDFF002038BD2DE9F043054613
:10BC500087B008460E8891F800900C46D1F808800D
:10BC60001746F5F735FE011EC6F38216C9F3C20961
:10BC70001EDB4846F5F74AFD0346214651F8102BD6
:10BC80006088C2F34A22002A01EB020408BF0021A7
:10BC90000022C0F30B10CDE90407CDE902142846B9
:10BCA000414601960092F5F73FFE07B0BDE8F083EC
:10BCB0000023E2E7436800201B685B681961704756
:10BCC00043681B681A6852685360704701212DE968
:10BCD000F04143681B685A6811751D682F68D5E9E3
:10BCE0000136D3E900481CB96B681C60BDE8F081DF
:10BCF000214630464246B847241A0644F3E74368D3
:10BD00001B681868F5F77ABF70B543680C461D6864
:10BD10006B681869F5F722FB214603460F22286855
:10BD2000BDE870401847FFF73ABF10F0700F00F001
:10BD30007F0201D0F6F790B810F0800F4FF00100AD
:10BD400018BF103290407047006838B150F8043C7A
:10BD500004385B688B4201D04068F6E770470068A2
:10BD600048B150F8043C04385B685B689B788B42B0
:10BD700001D04068F4E7704730B5006888B150F8EA
:10BD8000043C04385B681A6A1D7F0023043ADCB265
:10BD9000A54201D84068F1E7013312F833408C42E4
:10BDA000F5D130BDFEE701460068F6F7EDBF08B5F6
:10BDB000F7F746F8BDE80840F7F766B80A460121EC
:10BDC000FFF7E4BE00210120F6F7DEBF036E83F328
:10BDD0000B88704761B662B680F31188BFF36F8F2E
:10BDE000704708B572B6002383F31188BFF36F8FD5
:10BDF000F7F770FE50B1BFF34F8F30BF00BF00BFE9
:10BE000000BF00BF00BF00BF00BF00BF62B6BFF3EE
:10BE10006F8F08BD10B5044672B6002383F31188F6
:10BE2000BFF36F8FF7F756FE50B1BFF34F8F20BFB0
:10BE300000BF00BF00BF00BF00BF00BF00BF00BF0A
:10BE400084F31188BFF36F8F62B610BD40E800F332
:10BE500013F4803FD8B208BF6FF01500704730B5BB
:10BE60000C684B6885B00A894D890094013B24F029
:10BE70001F04234402F01F0242EA451223F01F036D
:10BE800069468DF808200393F7F7FCFB05B030BD39
:10BE900008B5D1E904319847002008BD08B5F7F787
:10BEA000E5FD002008BD4FF05023012270B50C467F
:10BEB0000546C3F814260020F7F79AFE28462346C5
:10BEC000BDE870400021184781707047002070471E
:10BED000FFF75CBE036942685B6852680020137418
:10BEE000C3F307235374704761281BD010D836283A
:10BEF0001AD007D81D2819D0A0F12A01484248417C
:10BF000040007047A0F13802504250418000704715
:10BF10007D280DD07E280DD0A0F1640358425841F1
:10BF20008001704710207047202070470120704723
:10BF3000082070478020704708B54368186800F0F3
:10BF400052FC18B9BDE80840F8F7D8B8002008BD81
:10BF500010B503690446C0E905330023C360837F3D
:10BF600013B1407AF9F73CFC012323770023637770
:10BF7000E377A37710BDFFF709BEFDF795B9FDF78D
:10BF80000BBA38B50446F8F70BF9054660B1037AE9
:10BF90006BB120460024F9F7A5FC2846AC77FFF7E3
:10BFA000D7FF20462C7238BD6FF01500FBE76FF00D
:10BFB0007700F8E770B504460E461546F8F796FE8A
:10BFC00030B906B925B12046BDE87040F8F7E4BEA7
:10BFD00070BDC34300F00F00C3F3C01300EB0310A8
:10BFE000704708B5F8F752FF818208BD08B5F8F729
:10BFF0004DFFEFF31183202282F31288BFF36F8F7E
:10C0000002690A60027B2AB9807D83F31188BFF33D
:10C010006F8F08BD0420F8E70C220369C9B201FB49
:10C020000233986F00F00700704770B5C9B203691A
:10C03000EFF31185202484F31288BFF36F8F0C2651
:10C0400006FB0134A46F14F0C00408D0A24206D04D
:10C0500085F31188BFF36F8F4FF0FF3070BD012261
:10C0600071430B449A6785F31188BFF36F8F436860
:10C070000B445B6898470020F0E78022FFF7D5BFAC
:10C08000F8B5069F0469C9B2EFF31186202585F340
:10C090001288BFF36F8F0C2569430C44A56F05F020
:10C0A000070CBCF1010F0BD1A76786F31188BFF312
:10C0B0006F8FC4E91C2343685B5898470020F8BD84
:10C0C00005F0C005AF4286F31188BFF36F8F0CBF38
:10C0D0006FF077004FF0FF30F1E713B58024009444
:10C0E000FFF7CEFF02B010BD10B41C240069CBB224
:10C0F00003FB0400002110BC10470320FBF72ABEFD
:10C100000220FBF727BE0020FBF724BE032000F02F
:10C11000D0BA022000F0CDBA002000F0CABA104612
:10C12000FDF7BCB9436800205B681B690B60704772
:10C13000436802EA01005B6821EA0201986000207E
:10C14000D9607047436800205B6899607047436816
:10C1500000205B68D960704743685A68536821EAD9
:10C1600003000B4090600020D360704710B5036956
:10C170005868F8B1884219D19C680868A142586093
:10C1800000D19860002008602AB15A680A609A6855
:10C19000596002B99960002010E0814206D1086818
:10C1A000206098688142EDD19C60EBE7044600680E
:10C1B0000028F2D1002AE8D16FF0150010BD08293F
:10C1C00013B528BF08214FF47F020C46D2F8043281
:10C1D000D2F808221BBA12BA00920A4669460193A5
:10C1E00000F0AFFE204602B010BD0129036907D15F
:10C1F00093F8E90010F001000CD003F1140070472F
:10C2000039B993F8E90010F0020003D003F1780087
:10C2100070470020704713B50C4600220023694682
:10C220005030FCF7DFFF20B9009B6360019B9B0847
:10C230002381B0FA80F0400902B010BD13460A46CF
:10C240000121FFF7ACBC70B590F8E5300446012B36
:10C250000E4613D0F9F726FF054640B90423D4F85B
:10C26000DC0084F8E430FCF7A9FB284670BD94F8A4
:10C27000E5301BB9D4F884309B08338173683146AC
:10C28000D4F8DC00C4F8E030FCF756FB0125ECE7FD
:10C290000A460121FFF77ABC91F8E03010B5012B76
:10C2A0000C4609D1D1F8D800FCF79AFB54F8040CDD
:10C2B000BDE81040FFF76DBB081FBDE81040F9F75F
:10C2C00007BF4B1E012B73B504460D461ED800F167
:10C2D00050060022002369463046FCF783FF80B1F8
:10C2E000022D15D104F1B405002200236946284629
:10C2F000FCF778FF60B90099D4F8800000F0C9FA23
:10C30000F2E70099E06900F0C4FAE2E70029E9D019
:10C3100002B070BD03460A46F0B41979DB880068A4
:10C320001343DC028768066906D513F4402F03D057
:10C33000DA0748BF83F44023012534688D4023F495
:10C340008012DB074CBF2C43AC4334603B68F0BC2D
:10C35000184738B50C46056983685B68984718B973
:10C3600023682A685340236038BD2DE9F3410369EF
:10C37000466893F8145555B3F46B01A92068FFF78C
:10C38000E8FF2379019C3279DC404FF0FF33934082
:10C3900024EA0304E4B2204602B0BDE8F081F36B66
:10C3A00001A903EBC50253F835001779FFF7D1FF58
:10C3B00020B9019B08FA07F71F4203D008FA05F3DA
:10C3C0002343DCB201353379AB42E8DCE3E72C46AA
:10C3D0004FF00108F7E70346012270B58A4201DBFE
:10C3E000012070BD9E6805681C46AE420BD1DE89F7
:10C3F000C588AE4207D1257B047908331444A54291
:10C4000001D10132EAE70020EBE72DE9F04146686F
:10C410004C1C076996F805C01FD00124881C06BF74
:10C4200004FA0CF404F1FF348C4097F81555002DF4
:10C430004ED0336C18681979036904FA01F21B684D
:10C440005A400123846803FA0CF3A468013B03FA01
:10C4500001F12346BDE8F04118470024E5E7D7F88D
:10C4600010356340EB40DA071FD5336C96F8542043
:10C4700003EBC5000AB353F8353001791A6908FA9D
:10C4800001F1126808FA05FC11420CEA040C05D00F
:10C49000BCF1000F05D09A68126904E0BCF1000FEE
:10C4A000F9D09A68D2681846904701357379AB4243
:10C4B000D5DCC7F81045BDE8F08124FA05F3DB07A9
:10C4C0004CBF4FF4D0114FF48031FFF723FFECE75E
:10C4D0004FF00108EAE737B50C460569836801A902
:10C4E0005B68984748B9019B2A685A40012303FAC0
:10C4F00004F10A4214BF1846002003B030BD70B5E5
:10C5000040F2E7300C464FF4004551F8043C00215E
:10C510005B684FF47A721E680023E6FB0501F3F7AF
:10C5200019FE02460B4604F11400BDE87040FDF709
:10C5300095B943681B681B68184770B50D690446B8
:10C540003DB94FF0FF324FF0FF3300F062FC204660
:10C5500070BD4FF4004640F2E73000214FF47A728C
:10C560000023E5FB0601F3F7F5FD02460B462046E6
:10C57000EBE700697C30FCF791BF30B5436813608E
:10C58000057A446804EBC504A34202D36FF00100AE
:10C5900030BD5C798C4201D00833F0E70020F7E72A
:10C5A00043681B68D3F88004C3F88004704742686E
:10C5B0001368D3F8100150B10020126A12780A7083
:10C5C000C3F81001D3F8102101221A6070474FF010
:10C5D000FF30704702680346D2F8580140B95B68E3
:10C5E000DB0706D4D2F82001003818BF01207047BD
:10C5F0000120704743681B68D3F80423D20517D580
:10C60000D3F82021A2B1EFF31182202181F3128807
:10C61000BFF36F8FD3F8201131B10021C3F820117F
:10C62000D3F820110121D96082F31188BFF36F8FF5
:10C63000D3F85831704713B501AA0446FFF79DFFA0
:10C64000002805DB019B226819791868FAF7CCFDF0
:10C6500002B010BD002200F150039B009BB203F119
:10C66000502303F580331A601B68704708B5FAF74A
:10C67000F3FF08BDFDF78ABF08B5F6F787FAF6F7AE
:10C680006DFBBDE80840FDF781BF004700F0A6B88C
:10C6900040F00040C1F88000704740F00040C1F811
:10C6A0008000704740F00040C1F88000C2F8800070
:10C6B0007047FBF7A9BAF7B51646DDE908470190C0
:10C6C00001A81D46FBF7EEFB019BB6F1000C18BF5D
:10C6D0004FF0010C00EB83000B1E18BF0123002D4F
:10C6E00043EA4C0314BF4FF00C0C4FF0000C002C2D
:10C6F00043EA0C0314BF4FF4706C4FF0000C002F92
:10C7000043EA0C0314BF4FF4403C4FF0000CD0F848
:10C71000002243EA0C0322EA030301B109780EB1B7
:10C720003678760019430DB12D78AD0031430CB148
:10C730002478240229430FB13F783F040C433C4343
:10C74000C0F8004203B0F0BD1FB50DF10F03019317
:10C7500000238DF80F101A4619460093FFF7ABFF20
:10C7600005B05DF804FB38B5054608460C46FBF7F6
:10C77000EDFBB0B10846FBF7DDFB90B90846FBF7CF
:10C78000CDFB01232A688340C2F808332A6803B22C
:10C7900002EB8303D3F8102522F00302C3F810251F
:10C7A00038BD2046BDE838400021FFF7CDBFFBF77C
:10C7B00051BCFFF7D8BF00221146FBF755BF01223D
:10C7C0000021FBF751BF01221146FBF74DBF08B511
:10C7D000FCF70EFABDE80840FBF724BB08B1F7F7F9
:10C7E000F5B97047704740B1C368587810F0010040
:10C7F0001EBF1878B0FA80F040097047EFF311833C
:10C80000202383F31288BFF36F8FFEE710B54369CF
:10C81000044633B90020E268537843F001035370B3
:10C8200010BD98470028F5D00028B8BF4042FF2827
:10C83000A8BFFF20E3681870EDE700F0A9BB00F087
:10C8400080BB4169836843EA010212F003020FD101
:10C85000C2600269013A01FB023382689A4201D93F
:10C8600000207047C2681A604269C3609B1AF4E7EF
:10C870006FF01500704710B5C0E9043200238160E5
:10C8800083610446FFF7DDFF0028A8BFC4E9004428
:10C8900010BD2DE9F04105460F46EFF31188202326
:10C8A00083F31288BFF36F8FC668F6B90468A0429D
:10C8B0001BD0D4B1D4E9003213605A60637BC4E961
:10C8C000006623F002036373A66004F1180000F011
:10C8D00072FA2046A667276100F09BF9414605F1F0
:10C8E0000800BDE8F041FDF7A3B93E60AB69EF6019
:10C8F000013BAB6188F31188BFF36F8FBDE8F08116
:10C90000202408B5EFF3118384F31288BFF36F8FEF
:10C91000FFF767FAF6E7D0E9003213605A600023A8
:10C92000427BC0E9003322F0020242738360704709
:10C93000C0E9022303FB02120023C0E90521C0E97C
:10C9400000000161C161036280F82430704790F9F2
:10C950000E308B4201D0FDF7F9B800207047034636
:10C960000020C3E90033C3E902007047D0E9003278
:10C9700013605A600023427BC0E9003322F00202B8
:10C980004273836070472DE9F843904604460D4694
:10C990009DF8202000F10809EFF31187202181F391
:10C9A0001288BFF36F8F02B14568A668B14515D0F4
:10C9B000A6B100243046FFF7D9FF06F1180000F0B9
:10C9C000FAF93046B467C6F8108000F022F94846FC
:10C9D0003946FDF72DF92046BDE8F883A3B10820BC
:10C9E000FDF7BAFD002832D00122C0F804800260B1
:10C9F000016801F003015DB922680A4302606268C0
:10CA000020606AB960600BE04046C8F80030EFE78C
:10CA10002A68032A10D80160616839B9C4E90000A6
:10CA2000002087F31188BFF36F8FD5E70A6802F003
:10CA3000030202430A60E5E722F003020A430260B0
:10CA40002A6802F0030240EA02032B60E8E76FF075
:10CA50000B00E6E710B5044630B10268930703D037
:10CA6000446809B100F042FA204610BD012307B521
:10CA7000009300230A461946FFF785FF03B05DF8CF
:10CA800004FB3AB18A4205D3C0E90212C0E90000B2
:10CA9000002070476FF015007047012302688B403B
:10CAA00022EA0303036022FA01F000F0010070475C
:10CAB00010B5032104460C30FFF7EFFF30B104F14D
:10CAC000100000F078F9B0FA80F0400910BD20B1F4
:10CAD00000228C30114600F035B9704773B504461A
:10CAE000EFF31185202383F31288BFF36F8F0023A8
:10CAF000A0F11006032104380193FFF7CEFF28B1FF
:10CB0000A369304601A90193FCF7DEFD85F3118886
:10CB1000BFF36F8F02B070BD38B504460D461022CA
:10CB2000002100F035FA656038BD13B50190084664
:10CB3000EFF31184202383F31288BFF36F8F01A9D1
:10CB4000FCF7C2FD84F31188BFF36F8F02B010BDF4
:10CB500010B5FFF7EAFF041E08DDEFF31180202374
:10CB600083F31288BFF36F8FFDF774F8204610BD72
:10CB700038B530220D460021044600F009FA4FF482
:10CB800080736560E36038BDEFF30580003818BF3F
:10CB9000012070476FF05700704700207047D0E9C0
:10CBA000003213605A600023C0E90033704708B5B3
:10CBB000FFF7F5FF437B23F00203437300238360F9
:10CBC00008BD38B504460D46FCF71EFF637B43F0F5
:10CBD00002036373E5B1A5602B689D4209D16B68C0
:10CBE000C4E900531C606C6012E06A689A42F6D097
:10CBF0001B68002BF3D094F90E2093F90E108A4293
:10CC0000F3D09142F1DD5A68C4E9003214605C60EF
:10CC100038BD10B5EFF31184202383F31288BFF3DE
:10CC20006F8FFCF7AFFE84F31188BFF36F8F10BDD9
:10CC300008B5EFF31181202282F31288BFF36F8FC2
:10CC400083680BB1FFF7B3FF81F31188BFF36F8FD8
:10CC500008BD014610B5EFF31184202383F3128839
:10CC6000BFF36F8F437B13F0280F0AD183680BB19A
:10CC7000FFF79DFF4B7B084623F004034B73FCF743
:10CC800081FE84F31188BFF36F8F10BD0121183826
:10CC9000FFF7DFBF08B50346EFF31181202282F3CF
:10CCA0001288BFF36F8F0068834207D008B1FFF787
:10CCB0007EFF81F31188BFF36F8F08BD0020F8E776
:10CCC00010B5FFF7B5FFBDE81040183000F073B89D
:10CCD00038B5054604680020AC4200D138BD002CB0
:10CCE000FCD02046FFF7ECFF2046FFF792FF2C68B0
:10CCF0000120A542F1E738B504460D46FDF752F88C
:10CD0000B5F1FF3F08BFB4F1FF3F0246204618D0FF
:10CD100000204FF47A7447F6FF730146C2FB0431DA
:10CD2000B3F5004F71F100020BD36FF400429A4249
:10CD300043F6FF728A4132BF6FF00040D80B40EAE1
:10CD4000414038BD38B5EFF31185202383F31288B5
:10CD5000BFF36F8F0468A04212D09CB1A16722611B
:10CD60002046FFF724FF04F1180000F024F82046C5
:10CD7000FCF708FE012085F31188BFF36F8F38BDE3
:10CD80000020F8E72046F6E708B50246FDF7DEF991
:10CD900070B1D0E904319B1A61EBE272B3F1004F3C
:10CDA00072F1000104DA002AACBF1846002008BD69
:10CDB0006FF00040FBE7024638B5EFF31185202302
:10CDC00083F31288BFF36F8F0368CBB1FDF7BEF911
:10CDD00004461046FDF7CCF900224FF00043844290
:10CDE000C0E9042306D1FDF7B9F9FFF7CDFF002113
:10CDF000FAF796FD002085F31188BFF36F8F38BDD9
:10CE00006FF01500F7E708B5FDF7BEFA08BDFDF7AE
:10CE1000BBBAB3F1FF3F08BFB2F1FF3F70B50446A4
:10CE20001D46164613D01A4315D06FF001024FF07D
:10CE3000FF33921B63EB0501002904DAFDF7A4FA26
:10CE4000821941EB0501C4E90021204670BD4FF075
:10CE5000FF321146F7E70022FBE7B3F1FF3F08BFBF
:10CE6000B2F1FF3FF8B5074616461C4610D054EA0B
:10CE7000020311D0FDF788FAB0420A46A1410346E9
:10CE80000AD2F31A64EB0204C7E900343846F8BD4D
:10CE90004FF0FF331C46F7E70023FBE70023C0E910
:10CEA000081200F11802C0E90622C0E9003303634A
:10CEB0004363704710B50446FFF77DFFA8B9636A66
:10CEC0000BB12046984704F11800FFF7E3FE60B16C
:10CED000FFF79FFEEFF31180202383F31288BFF347
:10CEE0006F8FBDE81040FCF7B5BE10BD20B1011F2B
:10CEF00050F8040C00F009B8704710B400F10C04AD
:10CF0000C0E9034410BCFEF747B938B50446EFF357
:10CF10001185202383F31288BFF36F8FFEF7F0F89B
:10CF200004F10C00FFF7D4FE30B1294604F11400DF
:10CF3000BDE83840FCF77CBE85F31188BFF36F8FE6
:10CF400038BD0A44431E914200D1704710B511F814
:10CF5000014B914203F8014FF9D110BD884210B541
:10CF600001EB020402D98442234607D8431EA142A2
:10CF700008D011F8012B03F8012FF8E7024401460D
:10CF80008A4200D110BD13F8014D02F8014DF7E7B8
:10CF900002440346934200D1704703F8011BF9E7AE
:10CFA0000139024410B5904201D1002005E0037818
:10CFB00011F8014FA34201D0181B10BD0130F2E758
:10CFC0000246014410B58A42134603D01C78013250
:10CFD000002CF8D1181A10BDF0B5C3F1370704467C
:10CFE00003F01F031046FFB2082BE6B232D0102B1D
:10CFF0003DD06508A40845EAC17544EA81748A08F1
:10D000002D1942EB5102290941EA02716D1842EBD8
:10D010001212290A41EA02616D1842EB1222290C10
:10D0200041EA02416D1842EB1242AD1842F1000292
:10D03000EC0844EA4274D10804EB8402A6EB4205F2
:10D04000EDB2092D0CD90134A5F10A0541F1000119
:10D05000EDB212E0E40806F0070544EA4174C9089D
:10D06000303554EA010200F8015BBDD1F0BD24095E
:10D0700006F00F0544EA01740909092D84BFED1972
:10D08000EDB2EDE7D1E9043293421EBF5A1C0A61AA
:10D090001870704701480068704700007819002038
:10D0A000E830FF7F010000000000000048D10000D0
:10D0B000B59000000000000069A50000000000001D
:10D0C0000000000088D100000000000068D10000CE
:10D0D00075C600000000000000000000A8D100009C
:10D0E000155D000000000000C17700000000000096
:10D0F0005D12000000000000953A000000000000F2
:10D1000000000000C8D1000079C600000000000047
:10D11000519500000000000000000000E8D1000070
:10D120002D420000000000000000000068D2000056
:10D130000000000048D200000000000028D20000DB
:10D140000000000008D2000040EC000070D7000092
:10D1500018D50000C60100209C2400207D5A000044
:10D1600000000000000000007AEC0000A0D70000E2
:10D17000E0D40000C801002040250020D15E00005E
:10D18000000000000000000086EC0000B8D700009E
:10D19000E0D40000CA0100204C250020D15E000030
:10D1A000000000000000000074F000008CD90000B6
:10D1B00034D50000D2010020D4250020697400007D
:10D1C0000000000000000000D3DB00008C03002002
:10D1D00048D70000C2010020D0190020CDBE0000B9
:10D1E000000000000000000077EF0000D0D7000032
:10D1F00004D50000CC010020480000209961000007
:10D200000000000000000000F7DC000028D600004D
:10D2100050D60000C0010020000000003D060000C4
:10D220000000000000000000EEE900004CD7000004
:10D2300000000000C4010020F019002039BF0000E8
:10D240000000000000000000F0EF000030D80000F7
:10D2500000000000CE01002090090020F16A0000CB
:10D26000000000000000000029F0000044D9000088
:10D2700000000000D001002082290020F56C000091
:10D28000000000000000000000000000C5BD00001C
:10D2900000000000C5BD000000000000C5BD00008A
:10D2A00000000000C5BD000000000000C5BD00007A
:10D2B000CFC700008BC6000000000000C5BD000005
:10D2C00000000000C5BD0000A8D10000F5C50000A9
:10D2D00000000000C5BD000000000000C5BD00004A
:10D2E00000000000C5BD000000000000C5BD00003A
:10D2F000C18400008BC6000000000000C5BD000016
:10D3000000000000C5BD000000000000C5BD000019
:10D3100000000000C5BD000000000000C5BD000009
:10D3200000000000C5BD000000000000C5BD0000F9
:10D33000000000005178000000000000C5BD0000A2
:10D3400000000000C5BD000000000000C5BD0000D9
:10D3500000000000C5BD000000000000C5BD0000C9
:10D3600000000000C5BD000000000000C5BD0000B9
:10D3700000000000C5BD000000000000C5BD0000A9
:10D3800000000000C5BD000000000000C5BD000099
:10D3900000000000C5BD000000000000C5BD000089
:10D3A00000000000C5BD000000000000C5BD000079
:10D3B00000000000C5BD000000000000C5BD000069
:10D3C00000000000C5BD00005D8A00008BC60000A3
:10D3D00000000000C5BD000000000000C5BD000049
:10D3E00000000000C5BD000000000000C5BD000039
:10D3F00000000000C5BD000000000000C5BD000029
:10D4000000000000C5BD000000000000C5BD000018
:10D4100000000000C5BD000000000000C5BD000008
:10D4200000000000C5BD000000000000C5BD0000F8
:10D4300000000000C5BD00004D5100008BC600007B
:10D44000C98C00008BC6000000000000C5BD0000B4
:10D4500000000000C5BD000000000000C5BD0000C8
:10D4600000000000C5BD000000000000C5BD0000B8
:10D4700000000000C5BD000000000000C5BD0000A8
:10D4800000000000C5BD000000000000C5BD000098
:10D4900000000000C5BD000000000000C5BD000088
:10D4A00000000000C5BD000000000000C5BD000078
:10D4B00070080020882C00200004000015400000A7
:10D4C0000000000000000000000000000E0000004E
:10D4D000000000002AE90000000000000000000039
:10D4E000195F000025C1000031C1000045C10000E6
:10D4F0004FC1000059C10000655D00006DC1000012
:10D500000000000081640000EBC100009969000088
:10D5100001620000B1670000E15A00007BC000001A
:10D52000DBC000000000000019C000000000000087
:10D5300000000000AFC50000B5730000A1C50000E9
:10D54000B3DD0000030000006CEC000003000000ED
:10D5500031F000000300000081EF00000300000034
:10D560002AE9000003000000F7EF000003000000BC
:10D570003BF0000003000000E8E9000003000000A9
:10D58000CCDD000003000000D0DD0000030000003F
:10D59000FBDE0000030000008DDC00000400000042
:10D5A000EFE600000300000030EC00000300000084
:10D5B00084F10000030000006EE70000030000009B
:10D5C0007EF0000003000000EAE10000030000001C
:10D5D000C9E0000003000000DBE8000003000000D9
:10D5E00027EC00000300000016E20000030000002A
:10D5F00000DD000004000000C0D60000080000208C
:10D60000EADE00000100000048D20000BFAD0000CB
:10D610000000000048D200001941000028D200009C
:10D620000338FDD870470000E8D10000CC000000AE
:10D630002C02002005000000040000000BDD0000AB
:10D640001E0000000A0000002C010000000E08006F
:10D65000F106000000000000CBAD00003004002007
:10D6600000010000A5BA00004FBA0000020000004F
:10D670004BBC0000000000000000000000000000A3
:10D6800000000000CADE0000D2DE00000000000042
:10D690000000000000000000DADE0000DEDE000016
:10D6A000E2DE0000E6DE0000B0D600006C120020D2
:10D6B000811C000084120020CD2800200100000001
:10D6C00009BD0000FFBC0000CDBC0000C1BC0000D3
:10D6D00000000000B5BC00000000000000000000D9
:10D6E000A5BD000028000020200000201800002018
:10D6F0000000000010000020C92C0000992B000041
:10D70000ED2B0000612C0000000000200000000054
:10D7100006000100020000001CD70000000000000D
:10D720005FE7000006000000E0FF0F00000000209F
:10D7300067E7000021000000E0FF0620453C0000F4
:10D74000A7BE0000000000000000000048D200005A
:10D750009CDA00007700000007110000DD430000A4
:10D7600000000000055A0000D5590000000000002C
:10D77000615B0000495A00004BEC000007C100004B
:10D7800019C1000051EC000001C1000013C10000EC
:10D7900057EC0000FBC000000DC1000061EC000070
:10D7A000FFFF00000028845000000000010000007E
:10D7B00000D0005000000000FFFFFFFF0025845054
:10D7C000000000000000000000D000500000000039
:10D7D000DD6200000080025000000000FFFFFFFF3C
:10D7E000FFFFFFFFFFFFFFFFFFFFFFFFFFFFFFFF49
:10D7F00007000000010100000000002000000001FF
:10D80000010000000CD80000010000000080025060
:10D8100018D800000100000020D80000040000001B
:10D820002F00000D2C00000F2D0000122E00001103
:10D8300038D900000511000088130000881300008B
:10D840006400000010270000204E0000320000009D
:10D850000100000000000000712900206029002064
:10D860004F2900203E290020E928002010D900007F
:10D8700088D80000982500201D6A000000000000E4
:10D88000000000000000000088D100001900010025
:10D8900088D100001600010088D100001A000100A4
:10D8A00088D100001800010088D100001400010098
:10D8B00068D100000800010088D1000006000100C6
:10D8C00068D100000000010068D1000001000100E3
:10D8D00088D100000500010088D10000040001008B
:10D8E00068D100000B00010088D100001F0001007A
:10D8F00088D100001E00010068D100000A0001006C
:10D9000088D100001D00010088D100001C0001002A
:10D9100068D100000500110088D100001700110037
:10D9200068D100000600110088D10000130011002A
:10D9300088D10000070011000BC400006BC3000079
:10D94000296A00001E000000040000005CD90000ED
:10D95000A80E00207D6C00000000000088D10000AF
:10D96000170011000B00000088D100001800110002
:10D970000200000088D10000080011000300000030
:10D9800088D1000009001100040000000080005050
:10D990000100000000000000B0D900000000D60126
:10D9A00000000000000000008329002082290020E0
:10D9B00000800050BCD9000001000000C4D9000064
:10D9C000040000001400000013000002160600010D
:10D9D0001506000308000000030000003AF10000F3
:10D9E00048F100005CF100006BF1000077F10000ED
:10D9F000A8D00000A8D00000E8D00000F0D00000BF
:10DA000048D1000048D1000087F10000000100006B
:10DA1000FF8FFFFFFF8FFFFFFE8FFFFFFE8FFFFFD8
:10DA2000FD8FFFFFFC8FFFFFFC8FFFFFFB8FFFFFD2
:10DA30006D757465785F667265652063616C6C6591
:10DA4000642077697468204E554C4C207061726177
:10DA50006D6574657200000043616E277420696E05
:10DA6000697469616C697A65206D757465782C20BC
:10DA7000776173204E554C4C0D0A0000436F756C56
:10DA800064206E6F74206C6F636B20706F776572AB
:10DA90002073617665206D75746578000000000064
:10DAA000B800B900BA00000000000000000000004B
:10DAB000A500A400A3007100000000000000000009
:10DAC00000003C003D003E0000003F0040004100DF
:10DAD00042004300440057005800D200460077003F
:10DAE00029000200030004000500060007000800EA
:10DAF00009000A000B000C000D000E006E0066000D
:10DB000068000F001000110012001300140015002F
:10DB100016001700180019001A001B002B006F00D8
:10DB20006B006D003A001E001F0020002100220043
:10DB30002300240025002600270028001C000000E8
:10DB40000000000000002A002C002D002E002F00F5
:10DB50003000310032003300340035003600000060
:10DB600000000000670000001D007D00380000007C
:10DB70000000390000000000640000008B0061001C
:10DB8000BB00000069006C006A002000000030004B
:10DB90000100400002006000030080000400C0009B
:10DBA00005000001060080010700000208000401D2
:10DBB0000001240120010200010000020001484987
:10DBC00044207772697465206661696C65643A20E7
:10DBD0002564004849445F30004849442064657624
:10DBE000696365206E6F7420666F756E640A0055F8
:10DBF00053422048494420696E6974206661696C0B
:10DC000065640A0055534220656E61626C6520664A
:10DC100061696C65640A004C4544207374726970D4
:10DC200020646576696365202573206973206E6FB3
:10DC300074207265616479006B6264206465766942
:10DC40006365206E6F742072656164790A00050156
:10DC50000906A101050719E029E71500250175014D
:10DC600095088102750895018103750195050508E0
:10DC7000190129059102750395019103750895060F
:10DC8000150025650507190029658100C06D6169CA
:10DC90006E0049325320636F6E6669677572652046
:10DCA0006661696C656420282564290025733A2023
:10DCB000696E76616C696420636F6C6F7572206D3C
:10DCC000617070696E6700545820736C61622061E6
:10DCD0006C6C6F63206661696C656420282564291B
:10DCE000006932735F7772697465206661696C657B
:10DCF000642028256429007773323831324030009F
:10DD00007773323831325F693273000201030004E5
:10DD100028756E7369676E65642920636861722077
:10DD20002A207573656420666F7220252570206136
:10DD30007267756D656E742E204974277320726545
:10DD4000636F6D6D656E64656420746F20636173CD
:10DD50007420697420746F20766F6964202A2062B1
:10DD6000656361757365206974206D6179206361F5
:10DD7000757365206D69736265686176696F72207D
:10DD8000696E206365727461696E20636F6E666987
:10DD90006775726174696F6E732E20537472696E49
:10DDA000673A2225732220617267756D656E743A39
:10DDB00025640063627072696E74665F7061636B84
:10DDC000616765006C6F6767696E67006C6F6700FD
:10DDD0006C6F675F6D676D74004D65737361676528
:10DDE000202822257322292064726F7070656420B8
:10DDF0006265636175736520697420657863656524
:10DE000064732073697A65206C696D6974617469E3
:10DE10006F6E2028257529004D6573736167652035
:10DE200064726F70706564206265636175736520EC
:10DE3000697420657863656564732073697A652009
:10DE40006C696D69746174696F6E2028257529008D
:10DE50000D0A001B5B306D00257320005B253038F8
:10DE60006C755D20005B253032753A253032753A8D
:10DE7000253032752E253033752C253033755D20D5
:10DE80000025730025732F003C25733E2000257369
:10DE90003A2000253032782000202020007C002508
:10DEA0006300206D657373616765732064726F70C2
:10DEB000706564202D2D2D0D0A1B5B306D001B5BE2
:10DEC000313B33316D2D2D2D20001B5B313B333128
:10DED0006D001B5B313B33336D00657272007772EE
:10DEE0006E00696E6600646267006C6F675F6261F6
:10DEF000636B656E645F75617274006C6F675F75EC
:10DF0000617274005365742068616C7420657020C0
:10DF100030782530327800436C6561722068616C1E
:10DF2000742065702030782530327800456E64703A
:10DF30006F696E74203078253032782069732069DB
:10DF40006E76616C696400456E64706F696E7420F2
:10DF500030782530327820616C7265616479206494
:10DF6000697361626C6564004661696C6564207404
:10DF70006F2064697361626C6520656E64706F699F
:10DF80006E742030782530327800456E64706F6989
:10DF90006E742030782530327820616C726561644F
:10DFA0007920636F6E6669677572656400466169A2
:10DFB0006C656420746F20636F6E66696775726547
:10DFC00020656E64706F696E742030782530327809
:10DFD00000456E64706F696E742030782530327839
:10DFE00020616C726561647920656E61626C656444
:10DFF000004661696C656420746F20656E61626CB7
:10E000006520656E64706F696E74203078253032DB
:10E0100078004661696C656420746F20777269745A
:10E020006520656E64706F696E74206275666665E2
:10E0300072203078253032780052657175657374BE
:10E040002062756666657220746F6F20736D616CF7
:10E050006C00555342206465766963652073757062
:10E06000706F727420616C726561647920656E6195
:10E07000626C6564004661696C656420746F20633E
:10E080006F6E6669677572652055534220646576C8
:10E0900069636520737461636B004572726F6E65AE
:10E0A0006F75732064657669636520646573637258
:10E0B0006970746F72206F7220624D617850616375
:10E0C0006B657453697A6530007573625F64657659
:10E0D000696365003031323334353637383941427F
:10E0E00043444546005468657265206973206E6F2D
:10E0F000207573625F6366675F6461746120666F39
:10E100007220257000556E696E697469616C697A58
:10E110006564207573625F6366675F646174612024
:10E12000706F696E7465722C20636F727275707493
:10E1300065642064657669636520646573637269EC
:10E1400070746F723F004661696C656420746F2063
:10E1500076616C696461746520656E64706F696E68
:10E16000747300746865206E657720534E20646573
:10E170007363726970746F7220646F65736E277455
:10E180002068617665207468652073616D65206C18
:10E19000656E67746820617320434F4E4649475F40
:10E1A0005553425F4445564943455F534E00496EBF
:10E1B000636F6D706C657465206465766963652056
:10E1C00064657363726970746F72004661696C652F
:10E1D0006420746F206669787570205553422064FE
:10E1E000657363726970746F72007573625F6465E2
:10E1F0007363726970746F72005472616E736665D6
:10E2000072206572726F722025642C206570203038
:10E210007825303278007573625F7472616E736650
:10E220006572002A2A2A20426F6F74696E67206E19
:10E23000524620436F6E6E6563742053444B2076C4
:10E24000332E312E302D3663366535623332343914
:10E250003665202A2A2A0A002A2A2A205573696E3E
:10E2600067205A6570687972204F532076342E31BA
:10E270002E39392D3136313236383364343031303D
:10E28000202A2A2A0A006D757465785F696E6974A0
:10E290002063616C6C65642077697468204E554C0E
:10E2A0004C20706172616D6574657200436F756CAE
:10E2B00064206E6F7420616C6C6F63617465206D97
:10E2C00075746578206265666F726520696E697421
:10E2D00069616C697A696E670072302F61313A202A
:10E2E00020307825303878202072312F61323A2062
:10E2F00020307825303878202072322F61333A2050
:10E30000203078253038780072332F61343A20205D
:10E31000307825303878207231322F69703A2020D9
:10E32000307825303878207231342F6C723A2020C2
:10E330003078253038780020787073723A20203099
:10E340007825303878004661756C74696E6720698D
:10E350006E737472756374696F6E20616464726544
:10E36000737320287231352F7063293A2030782555
:10E3700030387800556E68616E646C65642049526F
:10E38000516E3A202564002A2A2A2A2A204D505507
:10E39000204641554C54202A2A2A2A2A002020535C
:10E3A0007461636B696E67206572726F7220286397
:10E3B0006F6E746578742061726561206D6967683D
:10E3C00074206265206E6F742076616C6964290028
:10E3D0002020556E737461636B696E67206572727D
:10E3E0006F72002020446174612041636365737320
:10E3F0002056696F6C6174696F6E0020204D4D4628
:10E40000415220416464726573733A2030782578F4
:10E41000002020496E737472756374696F6E2041B9
:10E4200063636573732056696F6C6174696F6E0006
:10E430002020466C6F6174696E672D706F696E7411
:10E44000206C617A792073746174652070726573D1
:10E450006572766174696F6E206572726F72002AE0
:10E460002A2A2A2A205553414745204641554C54D3
:10E47000202A2A2A2A2A0020204469766973696F93
:10E480006E206279207A65726F002020556E616C73
:10E4900069676E6564206D656D6F72792061636375
:10E4A000657373002020537461636B206F7665720F
:10E4B000666C6F772028636F6E7465787420617264
:10E4C0006561206E6F742076616C6964290020207C
:10E4D0004E6F20636F70726F636573736F72206924
:10E4E0006E737472756374696F6E73002020496C6B
:10E4F0006C6567616C206C6F6164206F66204558A5
:10E50000435F52455455524E20696E746F205043FC
:10E51000002020496C6C6567616C20757365206F05
:10E520006620746865204550535200202041747461
:10E53000656D707420746F206578656375746520EF
:10E54000756E646566696E656420696E7374727554
:10E550006374696F6E002A2A2A2A2A2042555320A2
:10E560004641554C54202A2A2A2A2A002020537436
:10E5700061636B696E67206572726F720020205054
:10E5800072656369736520646174612062757320CC
:10E590006572726F720020204246415220416464CD
:10E5A000726573733A2030782578002020496D70A9
:10E5B000726563697365206461746120627573209C
:10E5C0006572726F72002020496E73747275637485
:10E5D000696F6E20627573206572726F720052658A
:10E5E00073657276656420457863657074696F6ED3
:10E5F00020280053707572696F757320696E746599
:10E60000727275707420284952512000535053453E
:10E610004C20696E20746872656164206D6F64655A
:10E6200020646F6573206E6F7420696E6469636126
:10E63000746520505350002A2A2A2A2A2048415221
:10E6400044204641554C54202A2A2A2A2A002020B8
:10E65000427573206661756C74206F6E20766563F9
:10E66000746F72207461626C652072656164002051
:10E67000204465627567206576656E7400202046CB
:10E6800061756C7420657363616C6174696F6E2071
:10E69000287365652062656C6F7729004152434895
:10E6A0005F4558434550542077697468207265610E
:10E6B000736F6E2025780A002A2A2A2A2A204465A8
:10E6C000627567206D6F6E69746F7220657863651F
:10E6D0007074696F6E202A2A2A2A2A002A2A2A2A76
:10E6E0002A20257320256429202A2A2A2A2A006D17
:10E6F0007075004661696C656420746F20616C6C94
:10E700006F63617465206E6577204D50552072658A
:10E7100067696F6E2025750A0050617274697469AB
:10E720006F6E2025753A2073616E69747920636875
:10E7300065636B206661696C65642E00496E766165
:10E740006C696420756E6465726C79696E6720729D
:10E750006567696F6E20696E64657820257500466F
:10E760004C4153485F30005352414D5F3000736F4E
:10E7700063000000000121200B0A4465766963658F
:10E780002064617461206E6F7420666F756E642002
:10E79000666F7220656E64706F696E7420257500F7
:10E7A0004465766963652064617461206E6F7420CE
:10E7B000666F756E6420666F7220636667202570D1
:10E7C00000446576696365206572726F7200446506
:10E7D000766963652072657365742064657465632A
:10E7E0007465640044657669636520636F6E6E6569
:10E7F000637465640044657669636520636F6E6663
:10E80000696775726564004465766963652064694B
:10E8100073636F6E6E6563746564004465766963E7
:10E82000652073757370656E646564004465766910
:10E83000636520726573756D65640066726F6D2027
:10E8400073757370656E6400556E6B6E6F776E20B6
:10E850006576656E740044657669636520646174ED
:10E8600061206E6F7420666F756E6420666F722013
:10E87000696E7465726661636520257500775661FF
:10E880006C75652073686F756C642062652030005C
:10E89000556E68616E646C65642072657175657330
:10E8A000742030782530327800556E737570706F33
:10E8B000727465642070726F746F636F6C3A202598
:10E8C0007500446576696365206973206E6F7420F6
:10E8D000636F6E66696775726564007573625F6801
:10E8E0006964006B5F6D7367715F67657420657243
:10E8F000726F723A202564004576656E74206472EA
:10E900006F707065642C2071756575652066756C17
:10E910006C2C206E6F7420626C6F636B696E672065
:10E92000696E2073797377712E00696E707574004B
:10E9300000291E1F20212223242526272D2E2A2BA5
:10E94000141A0815171C180C12132F30280004165F
:10E9500007090A0B0D0E0F33343500311D1B061944
:10E960000511103637380055002C393A3B3C3D3EF6
:10E970003F4041424353475F6061565C5D5E57597B
:10E980005A5B6200000000444500000000000000E7
:10E990005800544600004A524B504F4D514E494C7E
:10E9A0000000000000000048696E70757420646506
:10E9B00076696365206E6F74207265616479006B9F
:10E9C00065796D6170206576656E74206F75742051
:10E9D0006F662072616E67653A20726F773D2575AC
:10E9E00020636F6C3D257500696E7075745F6B6593
:10E9F000796D617000757362645F776F726B71001F
:10EA000055534244206576656E7420616C6C6F636B
:10EA10006174696F6E206661696C6564210055538D
:10EA20004244206576656E74206D656D6F72792045
:10EA3000636F7272757074656400556E6B6E6F777C
:10EA40006E2055534220706F776572206576656E33
:10EA500074202564006E6F7420617474616368654E
:10EA6000642C20455020307825303278206576653A
:10EA70006E742064726F70706564006E524620552B
:10EA8000534244207472616E7366657220657272BF
:10EA90006F7220284F5554293A203078253032782B
:10EAA000004661696C656420746F20616C6C6F63F3
:10EAB000206576740055534244206576656E742057
:10EAC00071756575652066756C6C2100556E6B6E91
:10EAD0006F776E2055534244206576656E743A20F8
:10EAE00025686400556E657870656374656420659B
:10EAF00076656E7420286E7266785F75736264291D
:10EB00003A2025642C20657020307825303278003A
:10EB10005F65705F7374617475735F676574206699
:10EB200061696C65642120436F64653A2025640047
:10EB3000696E76616C696420656E64706F696E746D
:10EB400020636F6E66696775726174696F6E0069C4
:10EB50006E76616C696420656E64706F696E742096
:10EB6000696E6465782F6164647265737300696EA1
:10EB700076616C696420656E64706F696E74207470
:10EB80007970650069736F20656E64706F696E746B
:10EB90002063616E206F6E6C792062652069736FEF
:10EBA000004550206D6178207061636B657420733F
:10EBB000697A65206D757374206265206120706FBD
:10EBC000776572206F662032005354414C4C20759B
:10EBD0006E737570706F72746564206F6E20495328
:10EBE0004F20656E64706F696E7400456E64706F5F
:10EBF000696E7420307825303278206973206E6F0A
:10EC00007420656E61626C6564006E5246205553D7
:10EC10004244207772697465206572726F723A207F
:10EC2000256400010002037573625F6E72667800EE
:10EC30006E72665F757362645F636F6D6D6F6E0099
:10EC4000636C6F636B4035303030006866636C6BAB
:10EC5000006C66636C6B006866636C6B3139326D97
:10EC6000006866636C6B617564696F00636C6F63E9
:10EC70006B5F636F6E74726F6C006770696F4038A2
:10EC80003432383030006770696F40383432353094
:10EC900030004661696C656420746F20616C6C6F34
:10ECA00063617465206E65787420525820627566C1
:10ECB0006665723A202564004E6F205458206275B4
:10ECC0006666657220617661696C61626C6500469A
:10ECD00061696C656420746F20737461727420497B
:10ECE0003253207472616E736665723A20307825F3
:10ECF0003038780043616E6E6F7420777269746586
:10ED000020696E2073746174653A2025640054682C
:10ED10006973206465766963652063616E206F6E38
:10ED20006C7920777269746520626C6F636B7320F5
:10ED3000757020746F2025752062797465730043A7
:10ED4000616E6E6F742072656163717569726520A2
:10ED500071756575656420627566666572004E65DD
:10ED600078742062756666657273206E6F742073A6
:10ED70007570706C696564206F6E2074696D6500D4
:10ED80004E6F20726F6F6D20696E20525820717522
:10ED90006575650043616E6E6F7420636F6E6669A2
:10EDA0006775726520696E2073746174653A2025F9
:10EDB00064005468697320646576696365206361E3
:10EDC0006E207472616E73666572206F6E6C79204E
:10EDD00066756C6C2033322D62697420776F7264B3
:10EDE0007300556E737570706F7274656420776F01
:10EDF00072642073697A653A20257500556E7375C3
:10EE000070706F72746564206461746120666F72E3
:10EE10006D61743A2030782530327800556E737504
:10EE200070706F727465642073747265616D2066B2
:10EE30006F726D61743A2030782530327800556EEB
:10EE4000737570706F72746564206E756D62657233
:10EE5000206F66206368616E6E656C733A2025755D
:10EE600000556E737570706F72746564206F706595
:10EE7000726174696F6E206D6F64653A2030782519
:10EE800030327800493253204D434B206672657111
:10EE900075656E63793A2025752C20616374756100
:10EEA0006C2050434D20726174653A2025750055E1
:10EEB0006E737570706F72746564206F7074696FB3
:10EEC0006E733A2030782530327800545820616EC5
:10EED0006420525820636F6E666967757261746949
:10EEE0006F6E732061726520646966666572656E17
:10EEF0007400496E76616C69642074726967676535
:10EF0000723A20256400496E617070726F70726988
:10EF10006174652074726967676572202825642FA3
:10EF20002564292C20616374697665207374726589
:10EF3000616D2873293A202564004661696C656417
:10EF400020746F20696E697469616C697A65204903
:10EF500032533A20307825303878004661696C6544
:10EF60006420746F207265717565737420636C6FB3
:10EF7000636B3A2025640069327340323830303098
:10EF8000006932735F6E7266780050696E20256486
:10EF900020696E7465727275707420636F6E666935
:10EFA0006775726174696F6E206661696C65643A39
:10EFB0002025640050696E20256420636F6E6669A9
:10EFC0006775726174696F6E206661696C65643A19
:10EFD00020256400436F756C64206E6F7420736528
:10EFE00074206770696F2063616C6C6261636B0091
:10EFF0006B657970616400696E7075745F677069C4
:10F000006F5F6B62645F6D6174726978006B6579C4
:10F010005F696E6465782025642067657420666189
:10F02000696C65643A20256400627574746F6E7350
:10F03000006770696F5F6B65797300696E707574D6
:10F040005F6B62645F6D6174726978000001020336
:10F05000040506070B4661696C656420746F2061C6
:10F060006C6C6F6361746520505049204368616E19
:10F070006E656C00756172744038303030007561B7
:10F0800072745F6E7266785F7561727465000000FD
:10F09000000101010000010000000C04241C0020FC
:10F0A00030303030303030303030303030300001BF
:10F0B0000100000048616C74696E67207379737495
:10F0C000656D00556E6B6E6F776E206572726F7234
:10F0D00000756E6B6E6F776E003E3E3E205A455057
:10F0E00048595220464154414C204552524F5220DB
:10F0F00025643A202573206F6E20435055202564E7
:10F10000004661756C7420647572696E6720696E63
:10F11000746572727570742068616E646C696E6774
:10F120000A0043757272656E74207468726561645A
:10F130003A202570202825732900435055206578F2
:10F1400063657074696F6E00556E68616E646C659E
:10F150006420696E746572727570740053746163B3
:10F160006B206F766572666C6F77004B65726E65AB
:10F170006C206F6F7073004B65726E656C207061F0
:10F180006E6963006F7300737973776F726B7100D0
:10F19000286E756C6C29002A666C6F61742A0000F9
:10F1A000F5B200006FBA0000A8D600000000000011
:10F1B0005C0200203A000000700200203A000000CB
:10F1C000480200203A000000840200203A000000BB
:10F1D000000000009DBE00000000000000000000D4
:10F1E000D93C00008000000000000000000000008A
:10F1F000000000000000000000000000000000000F
:10F2000000000000000000000000000000000000FE
:10F2100000000000000000000000000000000000EE
:10F2200000000000000000000000000000000000DE
:10F2300000000000000000000000000000000000CE
:10F2400000000000000000000000000000000000BE
:10F2500000000000000000000000000000000000AE
:10F26000000000000000000000000000000000009E
:10F27000000000000000000000000000000000008E
:10F28000000000000000000000000000000000007E
:10F29000000000000000000000000000000000006E
:10F2A000000000000000000000000000000000005E
:10F2B000000000000000000000000000000000004E
:10F2C00000000000D4D70000000000000100000092
:10F2D000000000000090D00300700150000000000A
:10F2E000FFFFFFFF3F000000FFFFFFFF3F000000A8
:10F2F000FF0000009002000058010020580100208B
:10F3000000000000C5A50000A40100209C01002011
:10F3100094010020000000008C010020F1A60000F4
:10F320003DA6000071A60000B9A60000E826002056
:10F330003A00003AEC2600203A00003AF02600207D
:10F340003A00003AF42600203A00003AB4010020C6
:10F3500078010020700100206C010020680100206D
:10F36000000000000000000000000000000000009D
:10F37000000000000000000000000000000000008D
:10F38000000000000000000000000000000000007D
:10F39000000000000000000000000000000000006D
:10F3A000000000000000000000000000000000005D
:10F3B0001002002010020020204800200000000061
:10F3C0002000000014000000000000002C020020BB
:10F3D0002C020020C84500200000000002000000B0
:10F3E000CC0000000000000048020020480200207D
:10F3F00000000000000000000E0000005C02002081
:10F400005C02002000000000000000000E00000070
:10F4100070020020700200200000000000000000C8
:10F420000E00000084020020840200200000000082
:10F43000000000000E00000098020020980200204A
:10F4400000000000000000000E000000AC020020E0
:10F45000AC0200200C0000001000000060470020FB
:10F460002048002060470020604700200000000086
:10F4700000000000D4020020D4020020010000009F
:10F4800001000000E4020020E4020020000000006F
:10F49000010000000000000000000000FC0200204D
:10F4A000FC0200201201000200000040E22F0400D4
:10F4B00001040102030109020000000100E0320919
:10F4C00004000001030100000921110100012200D4
:10F4D0000007058003100009040309040E035A65A0
:10F4E000706879720000000000001E03327832203C
:10F4F0004B657970616420484944000000000000B9
:10F5000000000000000000002203303132333435A7
:10F510003637383941424344454600000000000078
:10F5200000000000000000000000000000000000DB
:10F530001F030020C9BE00003D3D0000CD3E00007D
:10F5400000000000393E00000100000040000020E3
:04F5500015E015E0CD
:00000001FF
