:10000000C0410020FD32000089BD0000E93200003F
:10001000E9320000E9320000E9320000E932000074
:10002000000000000000000000000000613400003B
:10003000E932000000000000F9330000E93200005E
:10004000E5350000E5350000E5350000E535000048
:10005000E5350000E5350000E5350000E535000038
:10006000E5350000E5350000E5350000E535000028
:10007000E5350000E5350000E5350000E535000018
:10008000E5350000E5350000E5350000E535000008
:10009000E5350000E5350000E5350000E5350000F8
:1000A000E5350000E5350000E5350000E5350000E8
:1000B000E5350000E5350000E5350000E5350000D8
:1000C000E5350000E5350000E5350000E5350000C8
:1000D000E5350000E5350000E5350000E5350000B8
:1000E000E5350000E5350000E5350000E5350000A8
:1000F000E5350000E5350000E5350000E535000098
:10010000E5350000E5350000E5350000E535000087
:10011000E5350000E5350000E5350000E535000077
:10012000E5350000E5350000E5350000E535000067
:10013000E5350000E5350000E5350000E535000057
:10014000E5350000E5350000E5350000E535000047
:10015000E535000053B94AB9002908BF00281CBF83
:100160004FF0FF314FF0FF3000F00CB8ADF1080C4C
:100170006DE904CE00F01AF8DDF804E0DDE90223B1
:1001800004B07047704700BF10F8012B11F8013B15
:10019000012A28BF9A42F7D0D01A7047034613F8B5
:1001A000012B002AFBD1181A013870472DE9F047BE
:1001B00086468C460846089E154674461946002B0E
:1001C00040F0C1808542B2FA82F245D94AB1C2F10B
:1001D000200300FA02FC954094402EFA03F343EA10
:1001E0000C0C4FEA154EA8B2230CBCFBFEF80EFB1C
:1001F00018CC08FB00F943EA0C43994528D9EB18C1
:1002000008F1FF3704D2994502D9A8F102072B441F
:10021000A3EB0903A4B2B3FBFEFC0EFB1C330CFBE7
:1002200000F044EA0344A04214D92C190CF1FF3326
:1002300004D2A04202D9ACF102032C44241A43EAAE
:1002400007401EB1D440002334607360BDE8F087DE
:100250004746DDE76346F1E792BB431B01214FEAC6
:10026000154EAFB2200CB3FBFEFC0EFB1C330CFB97
:1002700007F840EA0343984561D9EB180CF1FF30C9
:1002800004D2984502D9ACF102002B44A3EB080339
:10029000A4B2B3FBFEFC0EFB1C330CFB07F744EAD5
:1002A0000344A7424DD92C190CF1FF3304D2A742C5
:1002B00002D9ACF102032C44E41B43EA0040C0E73E
:1002C000C2F120039540944020FA03F12EFA03F383
:1002D0004FEA154E9040AFB20343B1FBFEFC0EFB5C
:1002E0001C10190C0CFB07F841EA0041884522D983
:1002F00069180CF1FF3004D2884502D9ACF1020034
:100300002944A1EB08019BB2B1FBFEFC0EFB1C11C2
:100310000CFB07F743EA01439F420ED9EB180CF19F
:10032000FF3104D29F4202D9ACF102012B44DB1B06
:1003300041EA004193E76046E3E76146F7E760463C
:10034000A4E76346B8E7834206D916B900210846F8
:100350007CE7C6E900E0F9E7B3FA83F78FB9834297
:1003600001D3724508D8BEEB020460EB0303012001
:100370009C461EB9002169E73846FAE7C6E9004CF9
:10038000F8E7C7F1200CBB400EFA07F522FA0CF48F
:100390002EFA0CF1BA401C4320FA0CF3B8404FEA95
:1003A000144901431FFA84FEB3FBF9F809FB183026
:1003B0000B0C08FB0EFA43EA00439A4540D9E318B8
:1003C00008F1FF3004D29A4502D9A8F10200234473
:1003D000A3EB0A0389B2B3FBF9F809FB183308FB56
:1003E0000EFE41EA03418E452CD9611808F1FF3316
:1003F00004D28E4502D9A8F10203214443EA004009
:10040000A1EB0E01A0FB02984145CE46434602D324
:1004100006D14D4504D20138B9EB020E68EB040356
:10042000002EA7D0B5EB0E0261EB030101FA0CFC24
:1004300022FA07F3F9404CEA0303C6E9003199E7D1
:100440004046C5E74346D9E72DE9F041C5888768AE
:1004500028460BF02DFD0446284603F031FE031E0E
:100460002DDA002C67D0354B012F1A7858D1224352
:100470001A70334B186800285DD0304B314A1B7816
:100480003149137000230C68304D02F8013FA3423C
:100490002CBF0021E95C0133062B02F8011FF6D1C5
:1004A00000230822274903F08BFD0346002842D091
:1004B000BDE8F0410221264A26480BF05DBB224DE3
:1004C000224E8CB11D4A012F117825D12143117084
:1004D000002228681D49DCB2824224D1062AC8D0F5
:1004E000511C2960B354C4E7012FF1D000202C68BF
:1004F000164ADBB2A042BCD012F8017B411C9F42DD
:1005000017D1671E3A1A8C4238BF0022304431445A
:100510000CF029FD2F60ACE721EA04011170E5E73A
:1005200022EA0402A4E711F8017BA742A1D001321C
:10053000D2E70846DEE7BDE8F08100BFB028002022
:10054000C8120020B7280020CC120020B1280020BB
:100550006EDB000048D5000098B500AF294808F0D0
:10056000CFFB294C206028B928480AF0C4FE00209F
:10057000BD4698BD00233F22254903F00BFD2068AE
:100580000BF08CFC08B12348EFE701F0C9FF08B17C
:100590002148EAE7214C20460CF0FAF8034698B9C6
:1005A00021686C4688B06A461D48C2E905014FF4CF
:1005B000007191831B4942F8101F4FF4E2511A4811
:1005C00001F0B2F8A546D2E718480CF0E1F8B0B156
:1005D000174C20460CF0DCF850B12269A168136872
:1005E000204643F0805313600B68124A1C21984741
:1005F0004FF0FF314FF0FF300CF054FBF8E70E489E
:10060000B3E700BF83DB0000C812002089DB0000D5
:10061000FEDB00009FDB0000B4DB0000E4D1000043
:10062000C7DB00000300000148D500000CD2000029
:1006300094D1000001000A00E8DB0000F0B587B0AB
:1006400000AF4568064612220021B81D0CF0A5FC3B
:10065000EA69224BB3FBF2F31022BB60AB683A713C
:10066000FB606B6802223B614FF47A737A717B61A5
:100670002868836801211B683A1D9847041E06DB21
:100680000023297BDAB291420BD8002405E0012136
:100690002346134A13480BF06FFA20461C37BD4619
:1006A000F0BD6A69D25C0133042AEBD96C4688B08C
:1006B0006A4633680C49C2E905134FF4007393830B
:1006C0000A4B42F8103F00234FF4E251054801F075
:1006D0002BF8A5466FF01504DFE700BF40420F007E
:1006E00042DC0000A0D500005CDC0000030000013B
:1006F0002DE9F347456800230C461646A8684FF4D9
:10070000A02201A995F8247095F8259095F82680E7
:1007100008F0D8FC031EC7F100070ADA0121404A9D
:1007200040480BF029FA6FF00B04204602B0BDE8F8
:10073000F0872146019806EB860640F8047B2644A4
:10074000B1424CD10023298B9AB2914249D82868F2
:100750006A6883680199DB689847041E45DA019945
:10076000A8680CF06DF8012123462F4A2D480BF0A4
:1007700003FADAE76B699B5C042B29D8DFE803F006
:100780002403202226000A784FF0080C4FF0800E38
:10079000002312EA0E0F0CBFC246CA46BCF1010C80
:1007A0004AEA03134FEA5E0EF3D187EA334340F877
:1007B000043B01342B7BE2B29342DBD80531BFE727
:1007C0004A78E1E78A78DFE7CA78DDE70A79DBE78C
:1007D0000199A8680CF034F86FF01504A5E700241F
:1007E000E8E740F823700133ADE72868836800220A
:1007F00001211B699847041E97DB28688368022241
:1008000001211B699847041E8FDBD5E907206B681F
:100810009B0802FB030009F0CBFA002485E700BF28
:1008200077DC0000A0D5000091DC00002DE9F04F3E
:1008300091B0009302F004030293C2F3C2030133A8
:10084000840705460E46DDF868800392059340F064
:10085000BB81041D30B1072909D86FF01B0011B00E
:10086000BDE8F08F01F007063444C6F10806009B8E
:100870004FF000094FF0040A591E4FF0FF334F4666
:100880000193CB465346CDF810900DB1009A2260EB
:100890000598002800F3E8809848009A824203D324
:1008A00097488242C0F0E080039AA4EB050E9207BD
:1008B0004FEA9E0000F103810F2F00F2B180002D5E
:1008C00000F0058107F140020DEB020C019A0CF8D3
:1008D000200C0CF8102C049801300490E7E07A28E2
:1008E0005DD84B280ED8472859D829282DD8252837
:1008F00052D054D820287AD02338D0F1000B4BEBBB
:10090000000B74E04C382E2849D8DFE800F070481E
:10091000484848484848484848484B484848484854
:1009200048484859484B4B595959704B6D48704885
:10093000184B184848827F4B48484B487F0000209E
:100940004FF0000B4FF0040A38E001222A38C0B201
:1009500002FA00F010EA0E0F49D110F0625C2FD1BC
:1009600010EA020B43D06046013C5444B4FBFAF455
:100970000AFB04F4002D61D0A3EB050CA444B4459C
:100980003FF66BAF002868D1042B47D158F8043BE1
:100990002360042304342AE0019A013A01924FF0C3
:1009A000000B24E011F8010C6C2834D1002011F860
:1009B000023C83466C2BC5D14FF0080A5346D3E75F
:1009C00008F1070828F00708073424F00704F8E8BE
:1009D00002AB35B106982044B0423FF63EAFC4E9C1
:1009E00000AB4FF0000B08344FF0080A534611F8E3
:1009F000010F002878D0BBF1000F7FF470AF2528DD
:100A0000F5D14FF0010B019B013301934FF0040A24
:100A1000ECE7584694E700208346A5E7082B02D070
:100A20006FF015001BE708F1070828F00708F8E841
:100A30000223C4E9002308230834D8E768B9042B4B
:100A400002D108F10408A4E7082BE9D108F107084E
:100A500028F0070808F10808EDE7059A013A059221
:100A600058F8042B009210E7039A900720D54FF016
:100A7000010CA4EB050E4FEA9E00BEF5007FCFD21D
:100A80000F2FCDD8F5B107F140020DEB020E019A00
:100A9000C0B20EF8200C0EF8102CBCF1000F3FF481
:100AA0001AAF60F07F000EF8200C09F10109013740
:100AB000C5F108024FF6DA7E0434069297E74FF04C
:100AC000000CDAE7BCF1000F01D00136EFE7029825
:100AD00002360028EBD10098CDE90631FFF75EFB26
:100AE000DDE906310644E2E7631BB3F5806F97D278
:100AF00045B9A6F10804E018B1E600BFB4D0000083
:100B00004CF10000029A9B0828602B709DF8103071
:100B1000C2B1EB7085F80290B9F1000F05D0002248
:100B200008A8C5F1010C97420ED14FF0000AC5F19B
:100B300001030DF1200801930DF1300B574512D13F
:100B4000601B8CE66B70E5E710F8013B190608D5D1
:100B50000CEB040EB64503F07F033FF67EAE04F8BF
:100B6000013B0132DFE7B9F1000F03D098F9002013
:100B7000002A17DB029BD3B11AF80B2004F8012BD3
:100B80000022019B18191044B0423FF666AE98F857
:100B90000000009904F8010B204603920CF0D6F9EE
:100BA000039A14440AF1010A08F10108C6E798F80B
:100BB000002055F822300093029B009845F822301F
:100BC000FFF7ECFA421CDCE76FF00D0047E600BFD0
:100BD0002DE9F04F97B000AFD7F880B03B62CBF370
:100BE000C0030446894690F802A0FA62BB6141B98D
:100BF000457800780AEB800020444D4517D8A0EBDB
:100C00000409E378FB61BAF1000F02D01BF0010F79
:100C100016D1FB6953BBFB6A1BB1494620463A6AB1
:100C200098474D4628465C37BD46BDE8F08F461CC8
:100C30003046FFF7B3FA0130304409F10109DCE72F
:100C4000626823787A62FA6A9900796104EB830119
:100C5000002A40F001810E464FF000084D4601EB9E
:100C60000A094E454CD101EB0A0610E01BF0020FB9
:100C7000D1D023789A007A61626804EB83017A62AA
:100C8000FA6A002A77D14D46904601EB0A061BF01E
:100C9000050F0CBF02230123FB62FB6906EB430A2D
:100CA0000BF00203BB625645BCD016F8021B16F8C7
:100CB000013C54F82390994B994502D3984B9945A0
:100CC00036D3BB69002B40D0786A0AF0EDFA0028D1
:100CD0003BD0E9468AB06A46924B53617B6AC2E9CF
:100CE00006314FF4007313848F4B42F8103F0023FA
:100CF0004FF412518D4800F017FD023DCD46D2E76A
:100D000016F8013BF96254F82300FFF747FAD7F8C9
:100D10008430F96A01304BB1D7F8883098453EBF2E
:100D2000D7F8843023F8180008F10108054498E743
:100D3000BB6923B1786A0AF0B7FA0028C9D11BF061
:100D4000010F05D1FB6AED1AADE7BB6A002BAAD0F3
:100D50004846FFF723FAD7F8843053B1D7F88830E4
:100D600098453FBFD7F88420431C22F8183008F17B
:100D70000108054497E7BAF1000F73D01BF0040691
:100D800073D0D046002607F1480052463B61B96255
:100D90000CF0DCF8B96A3B6901EB0A02BA62FA6945
:100DA000F9695200FA60BA6A02EB41023A610BF04B
:100DB0000202BA603A69B96A8A4258D162781BF075
:100DC000020F18BF00217A6208BF4FEA5801B2181B
:100DD0001BF0010FD2B240F09F801BF0040F14BF34
:100DE00040460020BB616270A070E17020463A6A04
:100DF0007969FB6A9847051EFFF614AFBB69414647
:100E000023707B6A3A6A6370FB6984F802A0E3701E
:100E100007F14800FB6A9847B0F10008C0F2BA80B9
:100E20007B69A9EB0A01C91AFB683A6AC91AD7E9B2
:100E30000A0398470028C0F2AF804FF0000BA84487
:100E400008EB000507F1380AB34571D300213A6A6F
:100E50000846FB6A9847E5E656464FF0000807F15A
:100E6000380092E75646D04696E7B04694E7BA6A0D
:100E700012F8021B12F8015CBA6254F82500274AE6
:100E8000904202D3264A90421ED3BA6932B1786AA0
:100E90007B600AF009FA7B6800288BD1BA6802BB34
:100EA00008F1280207F1300C08F10100944407F121
:100EB000580208F1020852FA80F00CF8101C5FFA90
:100EC00088F800F8105C75E7BA693AB1786A7B6017
:100ED0000AF0EAF97B6800287FF46CAF1BF0010F81
:100EE00009D006F1280207F13000711C161806F827
:100EF000205CCEB25EE71BF0040F3FF45BAF08F15D
:100F0000280207F1300008F1010102EB000808F89F
:100F1000105C5FFA81F84DE7002063E7B4D0000071
:100F20004CF10000C0DC000004000001F0D400001F
:100F30001BF80A3054F8239087F83730D7F88430FC
:100F40002BB3D7F888309B4521D2D7F8843033F8BB
:100F50001B8001213A6AFB6A07F137009847002895
:100F60001ADB0544B8F1000F06D14846FFF716F921
:100F700000F101081FFA88F8414648463A6AFB6AC0
:100F80009847002808DB05440BF1010B5CE74FF0A4
:100F90000008DEE7454645E6054643E6014B186096
:100FA000704700BF0000002080B505460E4617467A
:100FB000984608F041FF03460CF072F80446DFF84B
:100FC0001890424649F8003039463046A84754F850
:100FD000090002F0FBF900BF080000002DE9F0470E
:100FE000058B04462807904611D4022905F0070511
:100FF00040F0CC8020460AF009FC78B10138218B02
:10100000042811D8DFE800F0C2106D859500012991
:101010000CBF45F0100545F02005258388F31188A5
:10102000BFF36F8FBDE8F08701F0070AAA4500F013
:10103000A5800027B9463E46A368002B00F0BC807F
:1010400041F00801218388F31188BFF36F8FA168F5
:10105000002900F0BA800D68002900F0B680334600
:1010600052462046D1F80480C047002D76D02B6828
:1010700029461D46F0E701F007035A1F012A1BD835
:10108000002221F00701062B276889B2C4E900225B
:1010900009D13B4603E0628B013262831B68002B5F
:1010A000F9D141F00201204621830AF0AFFB00286C
:1010B0007AD041F0200176E0042B0AD121F007011B
:1010C00089B2204621830AF0A1FB10B141F0200132
:1010D0002183218B01F0070AAA454FD00027B9468A
:1010E000AAE7236921F0070141F00601062DD3F894
:1010F000009021832DD1B9F1000F3FD041F00801BC
:10110000218388F31188BFF36F8F20463949C84780
:1011100029E021F00701236941F0040189B2042D7F
:10112000D3F804902183E6D000274FF0040A3E460E
:1011300082E721F00701236941F0050189B2052DFD
:10114000D3F808902183D6D000274FF0050A3E46F9
:1011500072E700274FF0060A3E466DE72B4687E709
:10116000B9F1000FD1D1EFF31188202383F3128856
:10117000BFF36F8F238B23F008032383258BEA06AD
:101180002ED525F01003238305F007056669218B12
:10119000002EBFF670AF00232768C4E9003321F0AA
:1011A000070141F001012183218B4FF0000901F07B
:1011B000070AAA457FF440AF002F9CD041F00801F8
:1011C000218388F31188BFF36F8F002FC8D03D684B
:1011D00039463346524620460AF044FB2F46F4E790
:1011E000AB067FF51BAF25F02003238305F0070531
:1011F00000E700BF91B800002DE9F047044607461C
:101200004FF00109DFF8508014B93846BDE8F08787
:1012100094FAA4F5B5FA85F509FA05F32E0108EB61
:1012200005156FEA030A24EA03042B7B002BEBD09D
:1012300058F806301B694BB94644736804222846A7
:10124000196807EA0A0700F05BFADDE728469847C5
:101250000028D9D1F0E700BFA8D5000030B50022A2
:1012600089B00F490F480BF0DDFD00220023002458
:10127000CDE906230E230C4DCDE903344FF4407223
:101280002846CDE90144094B0949009408F01EFBAA
:10129000084928460BF055FC204609B030BD00BF78
:1012A000B9120000B808002030040020A515000085
:1012B0008029002074DD0000014808F0E3B800BF79
:1012C000600300202DE9F04780461F480F460AF0D2
:1012D000C8FB0646002830D000252846BDE8F08728
:1012E000237B6BB12368DB680BB1204698472368EA
:1012F0001B69D3B9636804222046196800F000FA1C
:10130000013610344C45EBD3B8F1000FE5D0002D79
:10131000E2D02846FFF770FF0546002FF7D00021E6
:101320004FF4A4700BF0BEFCF1E72046984700286C
:10133000E0D00AFA06F31D43E2E705464FF0010A42
:10134000024CDFF80C90DDE7E0120020A8D5000089
:10135000B8D50000014B53F82000704730D600008C
:1013600008B5034608462BB1044A136000F072FC2E
:10137000002008BD6FF01500FBE700BF040000204F
:1013800010B5044C237813B9034808F07BF8012307
:10139000237010BDBF2800206003002010B5044654
:1013A00009480AF05EFB3CB1084BD3E8EF1F013956
:1013B000C3E8E21F002AF8D105480BF03FFDBDE865
:1013C0001040044808F05EB8D8120020DC1200205B
:1013D000B80800206003002000200146034BD3E83A
:1013E000EF0FC3E8E21F002AF9D17047D81200209E
:1013F00070B5FFF7F1FF0546074C084EB44200D325
:1014000070BD63685B792BB123685B6813B12946B3
:10141000204698471034F1E7A8D50000B8D5000061
:1014200010B5044C044920460AF06EF8034B1C60CA
:1014300010BD00BF500200201CD60000D0120020BA
:1014400008B50023074A4FF400411370064A0748C5
:101450001360074A1360FFF783FFBDE80840FFF7FA
:10146000DFBF00BFC0280020D81200205FBA0000F4
:10147000DC12002001460022002301480AF065B872
:101480005002002001480AF0FEB800BF50020020C0
:10149000024B014618680AF04AB900BFD01200207A
:1014A00001480AF07FB900BF5002002070B5264BFA
:1014B0001878002847D0FFF7E5FF054670B1234BA9
:1014C000D3E8EF1F0139C3E8E21F002AF8D1204C0E
:1014D000204EB4422DD32846FFF7DAFF1E4B1F4C97
:1014E0001B68002B19DD0BF056FC4FF47A72A0FB41
:1014F000020302FB0131C30B43EA4143D4E900205C
:101500009B1A40F2E9324FEAD13161EB000193427C
:1015100071F1000101D3FFF76BFFD4E9003213F53D
:101520007A7342F10002C4E90032BDE87040FFF76F
:10153000B7BF63685B7923B12368294620461B68DF
:1015400098471034C5E770BDBF280020DC1200208A
:10155000A8D50000B8D50000D8120020B00800209F
:1015600070B50D4D297861B90120FFF7ABFE0B4C2A
:101570000B4EB44206D3FFF799FF0028FBD101239D
:101580002B7070BD63685B791BB1236820469B6834
:1015900098471034EDE700BFC0280020A8D5000010
:1015A000B8D5000000212DE9F0470846FFF78AFE74
:1015B000044658B340F267684FF000090BF070FD25
:1015C0001B4B1C4A1B58136033B11B4B1B68092B68
:1015D00002DD1A4807F056FF0025194FDFF85CA01E
:1015E00044B12046FFF708FE044618B94FF0FF3813
:1015F0004FF0FF39FFF75AFF064628B9B5B9424602
:101600004B46504607F072FF3546E9E74FF0FF388A
:101610004FF0FF39D2E72B689B691BB100222846A7
:10162000114698471035BD42F5D3E8E7054DFAE776
:1016300008000000D4120020DC120020600300200B
:10164000B8D50000A8D5000013B518480AF009FA6B
:10165000174B1B7873B1EFF31184202383F31288A7
:10166000BFF36F8FFFF722FF84F31188BFF36F8FF3
:1016700002B010BD0F4B1B68002BF9D050B90022EF
:1016800000230D48CDE900234FF40042002308F069
:101690009FFEEDE70928EBD107480BF0CFFB074889
:1016A00002B0BDE8104007F0EDBE00BFDC12002024
:1016B000C0280020D4120020B808002060030020B9
:1016C00010B5064B04461B6898472146A0600448A5
:1016D00009F0BAFFBDE81040FFF7B6BF04000020D4
:1016E00050020020044A054B9B1AB1EBD30F34BFC4
:1016F00052F8310000207047F0D40000A8D5000057
:10170000084B10B4C31A44681B110133237143689A
:101710009A7101224368196043685A7110BCFFF73F
:101720002FBE00BFA8D500002DE9F04F8FB0C1F348
:101730004A2804AF0D469146B8607B600C0DB8F1A5
:10174000000F63D000264FF0040B4FF00A0A07F198
:101750001403C7F80C80C7E907667E620193CDF8D1
:1017600008B0CDF800A007F11C0332464846F968DE
:10177000FFF72EFAB0F5006F03461CD36C468AB013
:10178000D9F8041004AB26481A46C3E9050140F213
:10179000FF71D9614FF400711984224B42F8103F58
:1017A0004FF4125133462048FFF7BEFFA5462C37B1
:1017B000BD46BDE8F08FC0F30A0804F117001844D5
:1017C00020F0070080083B60FFF754FE68F35325C4
:1017D000044690B13B6800F11001C7E9083607F1F3
:1017E0001403F961CDE900A3CDF808B048460F4ACB
:1017F000F96807F11C03FFF7EBF968F353252A4654
:1018000020467B68B9680AF05EF9D0E704F117005A
:1018100020F007008008FFF72DFE0446EDE700BF2B
:1018200089DD00000400000130D500009BBA0000F3
:101830002DE9F04F87B00446DDE9105ADDE9127951
:10184000934698460391BFB13B4652461021002073
:10185000CDF80090CDF81490FEF7E8FFB0F5006FDA
:1018600006460AD340F2FF730221174A174807B011
:10187000BDE8F04F0AF080B93E4605F1170030444C
:1018800020F007008008FFF7F5FD04F007040BF0D7
:10189000070BE40044EA8B1444EA462444EA055466
:1018A000054640B13FB13B4652463146CDF8009027
:1018B0001030FEF7BBFF434622462846039907B087
:1018C000BDE8F04F0AF0FFB8C8DD000030D50000D9
:1018D000406820B1034BC01A40F3CF0070474FF06F
:1018E000FF307047F0D400000EB403B503AB53F8DB
:1018F000042B01460448019302F094F802B05DF80D
:1019000004EB03B0704700BFDBBB0000CA0605D480
:101910008B064CBF02490349FFF7E6BF704700BF83
:1019200001DE000000DE00002DE9F04F89B09B468B
:10193000149B9DF84CA00693159B04460593169B9B
:101940000D469046179E0493BAF1000F00F09D805B
:1019500006F4807307930AF09EF806F00209024627
:1019600000283ED020469149FFF7BEFF0746B9F157
:10197000000F08D016F0440F35D12A4620468C4976
:10198000FFF7B2FF074406F0010353B1894B20462D
:1019900053F82A20884B8949002A08BF1A46FFF7C6
:1019A000A3FF06F48073002B49D006F00803002B38
:1019B00063D1B8F1000F66D0424620468049FFF758
:1019C00093FF0546069B3D44002B6DD1049B002BE5
:1019D00073D1F30700F1E48031462046FFF796FF0C
:1019E000D8E00746C3E7774B18680028CAD0764B83
:1019F0004FF47A791B684FF03C0CB5FBF3F5B5FB5F
:101A0000F0F14FF4616300FB115509FB05F5B1FBE3
:101A1000F3F2B5FBF0FE03FB121100FB1E55B1FB08
:101A2000FCF309FB05F5B5FBF0F50CFB13112046A3
:101A30000091CDE901E56549FFF756FFA2E706F001
:101A40000803EBB1624B204653F82A206149FFF7A7
:101A50004BFF0546B8F1000F05D0424620465849D5
:101A6000FFF742FF0544BBF1000FABD05A462046BA
:101A70005949FFF739FF0544A4E74FF0000BE1E7B0
:101A800006F00805E6E745469CE7BBF1010F069B1B
:101A900006D1002B64D1049B002B7BD000250CE0E9
:101AA000002BF8D04D485CE04D48069B22464D493E
:101AB00009F0C9FB049B002B68D0DFF82C81DFF80C
:101AC0002C91049F3146102F204628BF10274FF03D
:101AD000000BFFF71BFF5D4545DC059B4946204693
:101AE0001A78FFF701FF4FF0010B1BF0070F03D12E
:101AF00041462046FFF7F8FE5F453BD9059B494626
:101B0000204613F80B20FFF7EFFE0BF1010BBBF1A2
:101B1000100FEAD14FF0000B20463549FFF7E4FEE5
:101B20005A46059B20469A5CA2F120015F2928BFF6
:101B30002E223049FFF7D8FE0BF1010BBBF1100F3D
:101B40001DD01BF0070F03D141462046FFF7CCFE06
:101B50005F455A46E5D841462046FFF7C5FEEBE70C
:101B60001F485546A1E741462046FFF7BDFE0BF151
:101B7000010BB0E720462049FFF7B6FEC5E7059BFD
:101B80003B440593049BDB1B04939AD1BAF1000FED
:101B90007FF41FAF204609B0BDE8F04F0AF010B83F
:101BA0002046054A0549FFF79FFE15E708DE0000BD
:101BB0000CDE000040D6000003DE000031DE000035
:101BC00034DE0000E8120020E412002015DE0000E0
:101BD00054D6000038DE00003EDE000009BC0000E4
:101BE000DBBB0000253A00004BDE000043DE0000B6
:101BF0004DDE00004FDE000049DE000042F20F73B0
:101C000073B58B4228BF0B4605680446052168461C
:101C10000D4A08F0DBFD0646636828460B225B6828
:101C20000A4909F0BFFF63683246694628465B6887
:101C300009F0B8FF63681B2228465B68044909F075
:101C4000B1FF02B070BD00BFE3EE00006EDE000029
:101C500052DE000000210123064A904206D8064ABF
:101C600001B901231360054B18607047012140083A
:101C70005B00F2E740420F00E4120020E81200206F
:101C8000F8B50D460446064F4618B44201D1284621
:101C9000F8BD14F8011BBB6801485B689847F4E77E
:101CA000A8D10000014B0360002070479CD60000C3
:101CB000F0B40C4B0C4E5F6A0C4BB34203D36FF085
:101CC0008500F0BC70475D68BD4209D31C693CB11A
:101CD00095F802C00579AC4502D12346F0BC1847FF
:101CE0002433EAE7101300202C040020080400200D
:101CF0002DE9F04705460E461746124CDFF848809E
:101D0000DFF84890444503D36FF08500BDE8F087C5
:101D10006268D9F824309A4212D3A36983B19078CB
:101D20002979884205D13A4631462846BDE8F04730
:101D300018475279012A03D13A4631462846984736
:101D40002434DFE7080400202C04002010130020B6
:101D50002DE9F04105460E4617460A4CDFF828806B
:101D6000444502D36FF0850009E063690BB9243460
:101D7000F6E73A463146284698470028F7D1BDE8AD
:101D8000F08100BF080400202C0400200022024B38
:101D90001A605A60704700BFCB13002070B50B4B20
:101DA0000B4CA34201D3002070BD0022196A1E7F94
:101DB0000439D5B2AE4201D82433F2E7013211F82A
:101DC00032508542F5D10120EEE700BF0804002023
:101DD0002C04002008B501210346034A034809F0FA
:101DE0008FFF002008BD00BFB4DE000080D50000DA
:101DF00038B505460AF0A9F810F1780F044611D15C
:101E00002B4602210C4A0D4809F07AFF284609F0BA
:101E100079FF0B4A0024D2F8C43023EA0003C2F849
:101E2000C43007E00028F1D02B460121054A0348C1
:101E300009F066FF204638BDCFDE000080D50000E7
:101E400010130020F0DE000008B509480378C3F342
:101E500041130A3350F823303BB100F1080200F17E
:101E600010019847C043C00F08BD1846FCE700BFEB
:101E70001013002004282DE9F74F04460F46DFF821
:101E8000989015D001282FD1DFF8908098F8B930BC
:101E900053B300F027FE224D4D4522D24FF0000AE9
:101EA0002A6A2B7F5FFA8AF6B34204D82435F3E717
:101EB000FFF76CFFE8E702EBC606307901920AF003
:101EC00044F88346307909F01DFFD8F8C430BBF1DF
:101ED000000F23EA0003019AC8F8C4300AF1010A8E
:101EE000DFDA002388F8B9300D4D4D4508D30B4B90
:101EF0001B6A6BB13946204603B0BDE8F04F184766
:101F0000EB681BB13A462146284698472435ECE752
:101F100003B0BDE8F08F00BF2C0400201013002098
:101F20000804002073B5C4B263060D468DF807405F
:101F300007D02046FFF732FFB0B1144B93F8BA0038
:101F400090B12346114E8DB10321114A114809F079
:101F5000D7FE9DF8070002F095FDF3691BB108203C
:101F60000DF107019847012002B070BD03210A4A14
:101F7000084809F0C5FE9DF8070002F0B5FDF369B9
:101F8000002BF0D009200DF10701EBE71013002022
:101F900012DF000080D5000025DF000073B5044685
:101FA00080782B4D8DF800002379627943EA022373
:101FB000ADF80230E37803F003038DF8043009F044
:101FC000A1FED5F8C430064618420CD0A4782046AD
:101FD00000F06AFD2046FFF70BFF0AF0ACFD10B9D8
:101FE000962007F0E5FE684602F01EFD10F1780F1E
:101FF0009DF800301BD10221164A174809F080FED7
:102000009DF8000002F0ACFD10F1780F19D102210B
:102010009DF80030114A104809F072FE0120D5F8F1
:10202000C43085F8B9003343C5F8C43007E0002850
:10203000E6D00B4A0848012109F062FE002002B0F8
:1020400070BD0028EAD09DF80030064AF2E700BFD4
:10205000101300203ADF000080D5000081DF00006F
:102060005DDF0000A1DF00002DE9F047A34E04462C
:10207000B3690F461546FBB9237803F01F03012B04
:1020800000F09D80022B00F0048133BB94F9000026
:102090002A680028617834DA062912D008292BD062
:1020A000D9B901235170137096F8C3305B0043F027
:1020B0000103137002232AE198470028DCD1002095
:1020C0000DE06288100A011F0129844605D90728FE
:1020D00003D8716AD2B20C781CB96FF01500BDE854
:1020E000F0874E78664503D19A4200F00B810133A8
:1020F0002144F0E70B780AE196F8BA301370012317
:1021000005E101390829E8D801A353F821F000BFFF
:10211000A9210000DB200000B7210000DB20000027
:1021200035210000DB200000DB200000DB20000068
:1021300041210000A07802F039FC0028BFD0CCE794
:102140006388756A63BBFFF721FE638886F8BA303F
:10215000F369002BB3D0032069499847AFE76B7848
:10216000042B10D0052B11D0022B04D16F7963887A
:10217000BB4208BF01202B781D442B78002BEED1E9
:102180000028AAD0DFE795F80380F4E76388BB4214
:10219000F1D1B8F1000FEED12846FFF7FFFEEAE7D4
:1021A000FF270020B846E8E76388012B95D100237C
:1021B00086F8C33083E76388012B8ED1F8E796F861
:1021C000BA30D5F800C0002B87D0756AA3882A469C
:1021D00094F804E0107800283FF47FAF517802298A
:1021E00004D192F80480F04500F293800244F1E7B4
:1021F0008CF800208CF80120396060E7154494E0E9
:102200000B2A7FF46AAF00274FF0FF08BA46C14699
:1022100006E06B78042B0FD0052B21D02B781D44C2
:102220002B78002BF5D1F36913B15146072098475D
:10223000002F7FF444AF50E795F80280A38895F80B
:1022400003909845EAD163889945E7D1B8F1070F23
:102250001CD806EB0803AA46012783F8BB90DDE7EC
:10226000A3884345DAD1A3784B450AD0AF783846E6
:1022700000F01AFC3846FFF7BBFDB0FA80F77F0983
:10228000CCE72846FFF78AFE0746C7E7AA4600279D
:10229000C4E794F900206378002A18DA002B7FF451
:1022A0001CAF24792D6863060AD02046FFF776FD1F
:1022B00000283FF412AF96F8BA30002B3FF40DAF70
:1022C0002946204602F030FC00236B70F2E6012B19
:1022D00008D0032B7FF401AF6388002B7FF4FDAEA1
:1022E000012103E0618800297FF4F7AEA088FFF7A1
:1022F00019FE00287FF4E3AEEFE600BF10130020C4
:10230000CA130020022829607FF4F4AE4B883B609A
:10231000D5E694F9000062780028BFF671AF002A74
:102320003FF466AF0A2A7FF4D8AE2A78002A3FF439
:10233000D4AE697804297FF461AFA9788B427FF429
:102340005DAF072B8EBF00239B1993F8BB308CF831
:102350000030D4E62DE9F84F05460F4690469946E1
:102360000426DFF834B0DFF834A04B464246394645
:10237000284602F01FFC10F10B0F044609D12B4632
:102380005A460221504609F0BBFC07F08DFC013E85
:10239000EBD12046BDE8F88FC2DF000080D50000F9
:1023A00013B5164C237DF3B9E26801AB8020A16818
:1023B0000192FFF7CFFF019AA3681344A360E3687B
:1023C0009B1AE3606BB962B12369E2889A4208DD27
:1023D00094F8C82093FBF2F102FB11330BB90123EF
:1023E000237502B010BD002380201A4619462375BC
:1023F00002B0BDE8104002F0DDBB00BF10130020AA
:102400007FB500230D4606460193002862D10029BE
:102410003AD108220B460DEB020109F0AFFD00286E
:1024200004DA802002F02EFB04B070BD2E4C029A1C
:10243000C4E903552260039ABDF80E30626004F1CE
:102440003802A2609DF908202575002A0FDB802B39
:1024500009D90121254A264809F085FB802002F090
:1024600011FB2846DEE713B1C4E90333DCE7FFF7CD
:10247000EBFC0028D5D0E28823699A42D4BFE26001
:10248000E360FFF78DFFCFE7174C01ABD4E90212F1
:10249000002A05DC024609F071FD0028C4DAC0E715
:1024A00009F06CFD002804DA802002F0EBFA3046D7
:1024B000B8E7019AA3681344A360E3689B1AE3603A
:1024C000002BB1D104F13803A360FFF7BDFC002855
:1024D000D7D1A6E78028A7D1034BDA68002AD0D14C
:1024E0001B7D002BCDD19FE710130020E9DF0000FA
:1024F00080D50000054B064A58629A62054A0020C2
:10250000DA62054A1A63054A9A617047101300207F
:1025100069200000B11C0000511D0000F11C0000EA
:102520002DE9F34104464C4D4FF0FF334FF0FF329D
:102530004A4806F0ADFE95F8B8306BB10221484A22
:10254000484809F010FB6FF07704444806F018FF84
:10255000204602B0BDE8F0816B6A6BB900F0D4F898
:10256000FFF7C8FF6B6A3BB901213F4A3D4809F0BC
:10257000FAFA4FF0FF34E8E73C482C62E8616E6AF3
:1025800002F05AFC02F0E0F9041EDEDB00F0CCFAA7
:10259000041EDADB7378012B01D1F3793BB90121F9
:1025A000334A304809F0DFFA6FF01504CDE7002612
:1025B000684685F8C830ADF802308DF804608DF8B3
:1025C000006002F031FA041EBFDB802768468DF8F8
:1025D000007002F029FA041EB7DB3046254902F0EC
:1025E00017FC041EB1DB3846224902F011FC041E20
:1025F000ABDB214CDFF8848044451AD3002002F085
:10260000AFFA041EA1DBD5F8C430802043F00103EB
:10261000C5F8C43002F0A4FA041E96DBD5F8C43025
:10262000002443F48033C5F8C430012385F8B83062
:102630008BE70026276A227FF3B29A4201D824341E
:10264000DAE707EBC30257F83310107902F0E0FB2A
:1026500001360028EFD08CE710130020140300206F
:1026600002E0000080D5000025E00000751E00009B
:102670004AE0000001240000080400202C0400208F
:1026800030B51F4B8BB005AA03F11005144618682E
:102690005968083303C4AB422246F7D11B78102295
:1026A0002370002101A80AF078FC122200211548AD
:1026B0000AF073FC102101A809F065FD00281BDD5C
:1026C0000828B8BF082001AB09381A1800200D49A6
:1026D00012F8013F0AAC04EB131403F00F03283384
:1026E0006B4414F8144C13F8143C013008280C7097
:1026F0004B7001F10201EBD102480BB030BD00BFBD
:1027000084E00000C32800202DE9F04F87B0894BFA
:1027100000AF93F800A0BAF1000F04D086481C3730
:10272000BD46BDE8F08F844C00264FF001193546B8
:10273000B046FE6023783BB9804B02349C42F3D113
:1027400001237C4A1370E9E76378052B1DD8DFE885
:1027500013F0AD000600EE00AD001F005000402356
:1027600087F810A07B8287F814A007F1100002F010
:102770002FF940B1082307F110007B8202F028F9FD
:1027800008B1A7F812A07B8AE37123781C44D1E733
:10279000E378002BF9D1A37813B3FB680133DBB2E4
:1027A000FB60F2E76B689C421CD02435644B9D4271
:1027B000F8D36D4688B06A46624BC2E905340323FC
:1027C00042F8103F00234FF4C2515F48FEF7ACFFC0
:1027D000AD465D4801215D4A09F0C5F900209EE73C
:1027E0005B4DE3E7AB68002BD7D02046F9689847EC
:1027F000D3E7002D58D1574A0121534809F0B3F9C6
:10280000E7E72B6AA07803EBC2010B79984245D128
:102810004FF0010BE0785FFA8BF300F0030038759E
:10282000207994F805C040EA0C20788294F90200DF
:10283000002826DA4FF0010C0BF110000CFA00F022
:1028400010EA090F25D143F08000387407F1100019
:10285000C7E90031BA6002F0BBF8D7E901123B6862
:10286000B8B93A7C12F0800FA2700A714FF00102E1
:102870001DBF1033DBB29A4002FA0BF249EA02099B
:1028800083E7012000FA0BF010EA090F01D1184686
:10289000DBE70BF1010BBBF1100FBBD101322B7F3A
:1028A0009A42AED32C4AA7E70022F8E7032E24D1A0
:1028B000FFF7E6FE8346A0B1FDF770FC034680B14A
:1028C000102806D0B8600221244A1F4809F04BF9AD
:1028D000BB68102BA8BF102359461A46A01C0AF04B
:1028E00035FB6FF002012378091BE21804EB530358
:1028F000D14209D50136F6B247E7002EF1D1B8F141
:10290000000F08D1164A77E702F801AC13F8010965
:1029100002F8020DECE7A4EB080388F80230C3F3D9
:10292000072388F80330FB6888F80430E2E7A04604
:102930002BE700BFC22800208003002008040020ED
:102940002C04002095E0000078D500007BE1000019
:1029500008040020B5E00000F6E0000013E10000EC
:102960005EE10000094B00211A4610B51C78844234
:1029700004D15C6814B102EB811010BD013104294F
:1029800003F14003F2D10020F7E700BFDC13002081
:102990002DE9FF4150F8283C0446103310F82C6C08
:1029A0000AD1036950F8202C98073DD5D2B95907B0
:1029B00015D5002344F8283C54F8283C10330BD09C
:1029C00054E9077554F8148C0AF0B5F8002857D06C
:1029D000214632480AF093F804B0BDE8F08143F094
:1029E0000403236103AB304654F8241CFFF7B2FC08
:1029F000034640B101212A4A2A48009609F0C6F848
:102A00006FF01503D6E7039A54F8243C134444F8B6
:102A1000243C54F8203C9B1A44F8203C54F81C3CBD
:102A2000134444F81C3CC7E703AB304654F8241C5D
:102A300002F04AF903460028DCD1039D54F8243CF7
:102A40002B4444F8243C54F8203C5B1B44F8203CC5
:102A500054F81C3C2B4444F81C3C002DA9D03046B3
:102A600002F0F0F9B5FBF0F303FB1055002DA0D1F7
:102A700054F8203C002B9CD0304602F07BF99BE7B9
:102A800044F8180CA4F1100006F0FCFC002DA3D0B3
:102A9000424639463046A8479EE700BF88110020CD
:102AA000A9E1000098D5000010B5EFF311842023B0
:102AB00083F31288BFF36F8FFFF754FF50B1436861
:102AC000103307D16FF08B0300F12C0143600448F1
:102AD0000AF015F884F31188BFF36F8F10BD00BFA3
:102AE00088110020F8B5042520270D4CEFF311863E
:102AF00087F31288BFF36F8F6368103307D16FF0CD
:102B00008B030848636004F12C0109F0F8FF86F399
:102B10001188BFF36F8F013D04F14004E6D1F8BD89
:102B2000DC1300208811002070B50025094C0A4EE6
:102B30003146204609F0C7FF0122A4F110001146DA
:102B4000013509F075FF042D04F14004F0D1002097
:102B500070BD00BF081400209129000008B504488A
:102B600008F0C9FBBDE80840024808F0C4BB00BF3C
:102B7000D3E1000008E20000014807F0E5BC00BF17
:102B80009CD6000038B5044618B90F4B0F485B6857
:102B900098476168B1F5683F10D0B1F5680F0DD066
:102BA0000B4DA9420AD011F46861206807D0014694
:102BB000084809F045FE00232360656038BD1422F3
:102BC0000AF0EBF9F9E700BFDC01002036E2000073
:102BD0002C5F5CA9DC19002008B560B34368B3F52D
:102BE000683F0ED0B3F5680F18D0144A934220D036
:102BF00000684FF0FF324FF0FF3306F049FB58B149
:102C000015E001220368D3E8EF1F002903D1C3E8D0
:102C1000E02F0028F7D10AD1002008BD0368084A38
:102C20001B7803F5807352F82330002BF4D005484D
:102C3000F3E70548F1E76FF4E040EEE72C5F5CA9AD
:102C400000000350E98FFFFFEA8FFFFF08B520B3B4
:102C50004368B3F5683F09D0B3F5680F13D0114A44
:102C600093421DD0006806F08BFB14E0002203683D
:102C7000D3E8EF1F012903D1C3E8E02F0028F7D1E3
:102C800009D0094808BD00210368084A1B7803F5EC
:102C9000807342F823100020F4E76FF4E040F1E77E
:102CA0000348EFE72C5F5CA9E98FFFFF00000350AA
:102CB000EA8FFFFF10B5044618B91D4B1D485B682D
:102CC00098476368B3F5683F2FD0B3F5680F2CD0F1
:102CD000194A934219D1236803BB4FF0FF324FF0DA
:102CE000FF332146154806F0EDF908B923681BB9F2
:102CF0000F4B13485B6898471422002120680AF0A4
:102D00004CF94FF46863636008E0B3F5683F0DD891
:102D10003A2B03D040F6BA629342DED1206809F024
:102D2000F5FD636843F03A03636010BD054AF3E7BD
:102D3000DC01002036E200002C5F5CA9DC190020D9
:102D40005CE200003A00003A08B50649402314222C
:102D5000054809F067FDBDE808400449044807F04C
:102D600065BC00BFDC140020DC190020A4D60000E4
:102D7000B8D600002DE9F04706460C4600AF002902
:102D800036D0D1E90012E9468AB06D46A3684FF00B
:102D9000050AA8461F48C5E90723C5E9050148F803
:102DA00010AF002342464FF421511B48FEF7BCFCF4
:102DB000D4E90312CD466369AD461848C5E9072337
:102DC000C5E90501C5F810A0002342464FF4215182
:102DD0001148FEF7A9FCCD46E3690121104A0E48CF
:102DE00008F0CAFEA36901210E4A0B4808F0C4FE90
:102DF000012E07D1EFF305830B4A31460648103BFD
:102E000008F0BAFE2146304605F0AEFFBD46BDE8EB
:102E1000F08700BF89E2000060D50000B8E2000042
:102E2000E7E20000F6E2000024E3000030BFFFF715
:102E3000FDBF00BF2DE9F04105460B4EDFF82C80A9
:102E4000324606EB0807CC1B204609490AF07EF8FB
:102E5000A01942460021083C0AF09FF82C6707F1B0
:102E60000800BDE8F08100BF000000000400000081
:102E7000D0D50000074A936893F90E10002907DBAC
:102E8000526993421FBF044A536843F08053536012
:102E9000704700BFA026002000ED00E070B52A4C6E
:102EA00006460D4629482A4908F075FFA36ADB0645
:102EB00047D52648274908F06EFF1120A36A1C0752
:102EC00004D52248244908F066FF12201E4CA36A4C
:102ED000990712D521491D4808F05DFF636BA26A6E
:102EE000120609D501211E4A184808F045FE1EB1F8
:102EF000A36A23F08003A3621320134CA36ADE07A6
:102F000004D51248174908F046FF1420A36A9C060E
:102F100004D50E48144908F03EFF15200A4B9A6A62
:102F2000D10658BF9A6A9A6A920642BF5A6A22F438
:102F300000525A629A6A42F0FF029A6200232B7092
:102F400070BD1020BAE700BF00ED00E060D50000C2
:102F500037E300004DE3000080E3000093E300004E
:102F6000ABE30000C1E30000E0E3000010B5244C37
:102F70002449254808F00FFFA36A99013ED522484D
:102F8000224908F008FF1E20A36ADA0104D51E4872
:102F90001F4908F000FF1F20194CA36ADB0204D56B
:102FA00019481C4908F0F7FE0220A36A1C0304D547
:102FB0001548194908F0EFFE2120114CA36A590366
:102FC00004D51148154908F0E6FE2220A36A9A03A9
:102FD00004D50D48124908F0DEFE2320084CA36AF0
:102FE000DB0304D508480F4908F0D5FE2420A36A66
:102FF0006FEA03436FEA1343A36210BD1D20C3E7CA
:1030000000ED00E00FE4000060D5000027E40000C0
:103010003AE4000054E400007EE400009CE4000078
:10302000C1E40000DBE4000070B5294C06460D4603
:103030002848294908F0AFFEA36AD9043CD52548A1
:10304000264908F0A8FE1720A36A1A0504D52148CE
:10305000234908F0A0FE18201D4CA36A9B0512D539
:103060001C48204908F097FEA36BA26A100409D5FA
:1030700001211D4A174808F07FFD1EB1A36A23F401
:103080000043A3621920124CA36A590504D51148C4
:10309000164908F080FE1A20A36ADA050ED50D48FD
:1030A000134908F078FE1B20094A936A43F47F43D2
:1030B000936200232B7070BD1620C5E7A36A9B04A2
:1030C000F2D504480B4908F066FE1C20ECE700BF6F
:1030D00000ED00E060D5000006E500001CE5000002
:1030E00080E300002DE5000046E500005BE5000000
:1030F00076E50000E0E300002DE9F0418AB0654B81
:103100000446D3F80480002600AFC8F3080586F310
:103110001188BFF36F8F02F07F43B3F17F4F07D168
:1031200002F00C03082B12D15B495C4808F033FE17
:10313000002634460023FB71EB1E092B00F2898028
:10314000DFE803F00A7F827B878787878785100700
:103150004CBF0C460126EDE75149504808F01BFED4
:1031600000234C4DFB71EB6A9A0705D54D494B483E
:1031700008F011FE002331E0EB6A002B01DA4A4926
:10318000F5E7EB6A5B00F5D54849444808F003FED3
:103190006B69A26943F480736B61BFF34F8FBFF318
:1031A0006F8F6B6932F8022C23F480736B61BFF36D
:1031B0004F8FBFF36F8F4DF602739A4207D0AB6A01
:1031C000DBB26BB30120F91DFFF768FE37E023681F
:1031D0000121374A314808F0CFFC2368FA79DAB97F
:1031E00007F1080504F1200C2A46206861680834BC
:1031F00003C264451546F7D17A6A002E45D0C2F362
:10320000080121B96FEA52226FEA42227A62184617
:1032100007F10801FFF7AEFD2837BD46BDE8F08194
:10322000AB6A13F47F4F04D00120F91DFFF7FCFEB9
:1032300005E0AB6AB3F5803F9CD3FFF797FE0346EA
:10324000CCE70020F91DBFE70020F91DEEE7194982
:103250008DE7194A18F4F87FE8468AB0174B18BF73
:1032600013466A461649103DC2E905134FF4007330
:103270001384144BD56142F8103F00234FF41151D1
:103280000648FEF751FAC54674E722F4FF7222F0B1
:103290000102BBE700ED00E0BCE5000060D50000E6
:1032A000E7E50000FEE500001FE600002DE6000057
:1032B0004CE6000068E60000A3E500008EE5000093
:1032C0008CE6000004000001064B5A6942F010022F
:1032D0005A615A6942F480625A615A6922F00802BE
:1032E0005A61704700ED00E0EFF30880EFF30981C9
:1032F00001B57246FFF700FF01BD00BF002080F35B
:103300001488BFF36F8F002080F30A8880F30B8846
:103310000F4880F3088804F031FB00200D49086055
:10332000BFF34F8F00F02CF8202080F311880A485B
:103330004FF40061401880F30988EFF314800221F4
:10334000084380F31488BFF36F8F00F0E1F80000AA
:10335000C041002094ED00E0803400200023184696
:103360000649D1F89020C2F30722934200DB704750
:10337000C1F89830C1F8A0000133F6E700ED00E095
:1033800010B572B6002484F31388FFF7E7FF2346D5
:103390004FF0FF300C4A03F120010133102B42F8AB
:1033A0002100F8D100234FF0FF30074A03F16001FC
:1033B0000133102B42F82100F8D162B6BFF34F8FD2
:1033C000BFF36F8F10BD00BF00E100E0084B9B68AA
:1033D00083420BD1EFF3058343B1064B5A6842F0A9
:1033E00080525A605A6A22F400425A6206F02ABD9C
:1033F000A026002000ED00E016498A684FF030005A
:103400001044EFF3098C80E8F01F202080F312882D
:10341000BFF36F8F104F4FF000664A698A603E60BD
:103420004FF07004141920680C4C2060506F00237A
:10343000536780F3118802F1300090E8F01F8CF39D
:10344000098802F1000004B508F0ADFCBDE80440B5
:1034500070470000A026002004ED00E0F8190020CD
:103460001EF0040F0CBFEFF30880EFF309808169B1
:1034700011F8021C0229FFD001B5724608F080FC49
:1034800001BD00BF40B2002807DB01234109034A08
:1034900000F01F00834042F82130704700E100E057
:1034A00040B200280CDB01220649430900F01F004E
:1034B0008240203341F82320BFF34F8FBFF36F8F3B
:1034C000704700BF00E100E0054B420953F822209D
:1034D000012300F01F0003FA00F01040704700BF06
:1034E00000E100E040B2002801F10101ACBF00F1B1
:1034F0006040064B4FEA4111C9B2ABBF00F56140D5
:1035000000F00F0080F800131954704714ED00E02C
:103510000B4A08B50B4B22F07F029A60BFF34F8F26
:10352000BFF36F8FD3F8882022F47002C3F888208D
:1035300005F006FD06F0A6FD00F048F805F040FD98
:103540000000000000ED00E042F8203C009B0B4929
:1035500042F81C3C019B21F0010142F8183C029BFF
:1035600042F8081C42F8143C4FF0807342F8043CC7
:103570000023203A02654367704700BFA90F00008F
:1035800000B50B4B15469860026F0A4B0E461A6049
:10359000036E83F30B882C4686F309880020064BC4
:1035A00098472046002100220023044C204700BFFA
:1035B000A0260020F8190020AFBD0000A90F0000D0
:1035C0001022014B1A61704700ED00E0002320211A
:1035D0000348C2180133452B82F80013F9D1704714
:1035E00000E100E008B5EFF30583064A103B02EB6B
:1035F000C30152F8330049688847BDE80840FFF727
:1036000039BC00BF34D200001FB5094C094A23461B
:103610000121094800F012F900230393074B01210F
:10362000E41A01A80193029400F012F904B010BD4D
:103630000000072000000020C8D600003004002051
:1036400010B50C7A0B6804F01F0223F01F031A4315
:10365000CB68640923F01F03054943EA440343F0A0
:103660000103C1F89800C1F89C20C1F8A03010BD3A
:1036700000ED00E010B50A4BD3F89030C3F30723F8
:10368000013B984208D901210346064A064808F042
:1036900073FA6FF0150010BDFFF7D2FFFBE700BF14
:1036A00000ED00E0A3E6000050D500002DE9F04F4A
:1036B0008946144606464FF00008514D85B0C8456E
:1036C00027DAD6F804A0BAF1000F44D0BAF11F0FE0
:1036D00017D91AF01F0F14D1D6F800B01BF01F0F26
:1036E0000FD1584608F09FFB07460AEB0B00013844
:1036F00008F099FB874210D06FF01507414A3B460E
:1037000001E04346404A0121404808F035FA6FF095
:103710001504204605B0BDE8F08F17F1160FEDD067
:10372000BC42EBDDC5F89870D5F89C10C5F89870D0
:10373000D5F8A03021F01F0143F01F0BD6E900326D
:103740001A44994202F1FF3A1DD1D34507D13146BF
:10375000F8B208F071FB08F101080C36AFE731460A
:10376000C5F89870D5F89C3022F01F0203F01F03B3
:103770001343C5F89C30E0B208F05EFB10F1160F61
:10378000C5D0441CE7E7C5F89870D5F8A020013BE8
:1037900023F01F0302F01F021343D3453146E0B26A
:1037A000C5F8A030E8D008F047FB10F1160FAED0F6
:1037B000C5F89870D5F89C209DF808300BF1FF3BB8
:1037C00062F304038DF80830D5F8A0309DF8082086
:1037D0005B0863F347128DF80820D6E900321344E2
:1037E000009323F01F035B44A3EB0A03013023F093
:1037F0001F036946C0B20393FFF73CFFBEE700BF5B
:1038000000ED00E0ECE60000C9E6000050D5000045
:103810000522044BC3F89420BFF34F8FBFF36F8F83
:10382000704700BF00ED00E0BFF35F8F0022024B46
:10383000C3F89420704700BF00ED00E010B5034CC2
:103840002278FFF733FF207010BD00BFD52800207D
:103850002DE9F74F294D8A4606464FF00008AB4642
:10386000274FD0451BDAD6F80490B9F1000F3FD0AE
:1038700031680846019108F0D6FA0199044609EB2F
:103880000100013808F0CFFA84424FF014021D4BBA
:1038900008D002FB08F36FF015024BF8032003B0C9
:1038A000BDE8F08F14F1160F2C60F8D01978A14202
:1038B000F5DD02FB08B0C7F89840C7F89840D7F884
:1038C0009C4000F10801007B64F304000871D7F804
:1038D000A0000C79400860F347140C71D7F89C10D5
:1038E00021F01F016960D7F8A01021F01F012961A4
:1038F00008F1010814350C36B3E700BFFC190020AD
:1039000000ED00E0D5280020F0B54149414CD1F848
:1039100090302568C3F307239D4287B075D80020F7
:10392000FFF782FF3C4BC1F8C030854216D13B4CBB
:1039300001A82570FEF7B6F900250646384FAE42BD
:1039400013D1002023783249D1F89020C2F3072206
:10395000934254DBFFF75CFF00202FE0616801EB2E
:103960000011FFF76DFE0130DFE70199280101EB3F
:103970000513DA683A40B2F5001F21D0B2F5800F86
:103980002BD0B2F5801F38D15A689B680958013B8B
:1039900022F01F0003440120844623F01F0340EA65
:1039A0004C10CDE902218DF8100002A92078059372
:1039B000FFF760FE00281DDA6FF0150007B0F0BDBC
:1039C0005A689B680958013B22F01F0003444FF0DE
:1039D000020C012023F01F03E1E75A689B68095895
:1039E000013B22F01F0003444FF0000C062023F09F
:1039F0001F03D4E723780133237001359FE7C1F813
:103A00009830C1F8A00001339EE74FF0FF30D5E7B2
:103A100000ED00E0D4D60000AAFF4400D528002025
:103A20000000F0FFF0B587B007460E4614460021AF
:103A3000102268461D4609F0B0FA02238DF80230C4
:103A4000054B2A4621466846CDE90476019306F0E7
:103A5000E9FE07B0F0BD00BF6BBE000008B5024B29
:103A60001B689847002008BD101A0020034B044A29
:103A70001860937843F0020393707047101A002087
:103A80003000002008B50649064821F00701C1F1C1
:103A9000005202F5E02207F07EFB002008BD00BFC7
:103AA0009F4A0020141A002000F01F0240090DD088
:103AB00001280DD1094B03EB8203D3F8002222F039
:103AC000E04242EA0171C3F800127047044BF2E78A
:103AD0000023803253F82230FFDE00BF00288450DC
:103AE0000025845038B50124134B144DC3F800450C
:103AF00002230321C5F8D0360020FFF7D5FF20466A
:103B00000321FFF7D1FFC5F804472146C5F8044952
:103B10002120C5F8004BFFF7C7FF21462020FFF703
:103B2000C3FF21460B20FFF7BFFF21460A20FFF706
:103B3000BBFF002038BD00BF001000500040005007
:103B400007B50DF1070004F03DF8114B98421CD168
:103B50004FF480620F4B1049C3F8B8254FF4006250
:103B6000C3F83C259DF8070008F06CFD0B499DF853
:103B7000070008F062FD01209DF80730984004F02E
:103B80001BF8002003B05DF804FB6FF00B00F9E7B1
:103B90000000AD0B00A002502CA0025028A1025042
:103BA000052370B5144D154E2C780134B4FBF3F396
:103BB00003EB8303E41A08F02EFD114A137823B1B6
:103BC00056F82430C01A072814D94FF05023D3F8E0
:103BD000141141B10021C3F81411D3F814312C7021
:103BE0000CB9012313702C7808F015FD46F8240059
:103BF000012070BD0020FCE7D7280020201A0020FB
:103C0000D628002048B1054B054A1B68B3FBF2F3E8
:103C10005843044B43F00103184770473401002018
:103C200040420F00E0D500000149024807F03DBEC8
:103C3000FCD60000341A00204FF47F032DE9F04138
:103C4000D3F830210646072A0D46D3F8343120D167
:103C5000023B032B02D8124AD35CD3B14FF050245D
:103C60004FF0010800270520C4F81886C4F8147620
:103C700008F0E1FC4046C4F8148608F0DCFCC4F807
:103C80001476C4F8187630462B46BDE8F041002182
:103C900018474FF050230022C3F81426F3E700BF63
:103CA00022E7000003460221014A024807F064BFF0
:103CB00026E7000088D5000070B504460D46014691
:103CC0000A4808F046F820B92046BDE87040FFF7E2
:103CD000E9BF022D08D150F8083C2BB11B691BB17C
:103CE000BDE870400068184770BD00BF681A00202A
:103CF00080B500AF88B06A46064BC2E905300323A1
:103D000042F8103F00234FF4C4510348FDF70CFD67
:103D1000BD4680BD4CE7000088D5000070B5064662
:103D20000D460146314807F0FCFF044620B93046F5
:103D3000BDE87040FFF7DCBF0A2D55D8DFE805F07D
:103D4000060D2729323D445454543100284A03219A
:103D5000BDE87040274808F09FB803212548264A4F
:103D600008F09AF80023012104F8033C04F8023C0F
:103D700014F8043C20688B4204F8041C11D054F859
:103D8000083C73B19B6863B1BDE8704018471B4A9B
:103D9000DDE703211A4A174808F07EF8012304F8EA
:103DA000033C70BD0321174A124808F075F8002340
:103DB00004F8033C04F8023CF3E70321124A0D48DF
:103DC00008F06AF80123F5E70321104A094808F0D2
:103DD00063F814F8023C002BE3D003210C4A054899
:103DE00008F05AF80023E5E70A4AB0E7681A00200D
:103DF0006DE7000088D500007AE7000090E700003A
:103E0000A1E70000B3E70000C7E70000D8E7000023
:103E1000E7E70000F4E700002DE9F04105460F4612
:103E200001793148904607F087FF044648B9AB88CE
:103E30002E4802212E4A07F09FFE6FF01200BDE8C7
:103E4000F08195F900300068002B6E781CDA022EA4
:103E500008D0032E09D0012E42D154F8083C0BB1F2
:103E60001C68ECB96FF08500E9E76B882BB1012184
:103E7000204A1E4808F010F8F4E70123043CC8F873
:103E800000403B600020DAE70A2EEBD00B2E0ED06C
:103E9000092E25D154F8083C002BE3D05C68E0E7FC
:103EA00043463A462946A446BDE8F04160476B8840
:103EB000012B05D9104A01210C4807F05DFED1E71E
:103EC00014F8042C9A42DDD0D9B254F8083C04F816
:103ED000041C002BD6D09B68002BD3D09847D1E789
:103EE000064A3346E7E700BF681A002088D500007D
:103EF00002E8000029E8000055E800003CE8000066
:103F00002DE9F04190F900300446002B0D4617468C
:103F100003DB6FF01500BDE8F08140F20162038819
:103F200023F0E0039BB29342F3D190F804804688DB
:103F300041461548360A07F0FFFE30B902214346D4
:103F4000124A134807F018FEE3E7212E04D0222E70
:103F50000FD06FF08500DEE70368E1885B685B687F
:103F600013F8092F914294BF29602A6000203B601A
:103F7000D1E7E38850F80C2C9A4294BF2A602B605A
:103F800050F8103CF2E700BF681A002002E8000079
:103F900088D5000010B50469A3600023C4E90012AD
:103FA0006361064B2061596804F1140211B9C3E939
:103FB000002210BD0A605A60FBE700BF681A0020AB
:103FC00070B544680069457B3DB1807B28B9206AA3
:103FD000BDE870400079FEF7BDB90221034A0448EC
:103FE00007F05AFF6FF00A0070BD00BF6EE80000D6
:103FF00088D50000F0B5114D114E124F85B04FF02D
:10400000FF334FF0FF32284601A905F0DFF80346E1
:1040100090B101213A460C4807F0AEFDEFE7236866
:1040200013B1019A934203D1D4E9013101A8984711
:104030000C34B442F3D3E2E7044CFAE7280300203F
:10404000D0D500008FE8000010D50000B8D50000E2
:10405000F0B517461E4685B001909DF82800DDE9B1
:104060000C5423462C432A468DF808008DF809107D
:10407000ADF80A70039608D009F012F80B490858F9
:104080000B49884204BF002213460A4801A905F0E3
:1040900047F8041E07DA0221074A084807F063FDC3
:1040A000204605B0F0BD0024FAE700BF080000007C
:1040B0008811002028030020A4E8000010D500008B
:1040C000772804D8034B185C08B100B270474FF052
:1040D000FF307047DCE8000008B50121034A0448BE
:1040E00007F041FD6FF0120008BD00BF54E9000069
:1040F00028D500007FB503460846DA884968012ABA
:1041000004694E6817D0B2F5A57F17D00AB99A682E
:1041100062601B796BB1D4E900320D7BAB4202D2F5
:104120004D7B954210D8022100921248124A07F0A6
:104130002DFD04B070BD9A682260EAE79A68003AE3
:1041400018BF01222272E4E705FB03228B68934229
:10415000EFD936F81220002AEBD0237A4FF0FF3542
:104160004FF0FF340121CDE902450091FFF770FFC8
:10417000DFE700BF28D500006BE90000020600F071
:104180007F0312D5082B05D1010700F00F0306D5D8
:104190000E48704710F0780F12D100F00F034C203A
:1041A00000EB43100A4B18447047082B05D1020757
:1041B00000F00F0306D50748704710F0780FF6D0CF
:1041C00000207047044800EB43107047C81B0020D4
:1041D0007C1A0020E81C0020E81B0020014902484E
:1041E00008F08DBCA41A0020700900200146014887
:1041F00008F013BC7003002000220023014805F0E2
:104200000FB900BF7003002013B500220121372031
:10421000FFF768F9114800F0CFFE114B98421AD110
:104220000024104804F09EFC0F4804F02DFD4FF0D0
:10423000FF334FF480620D490D48009405F096FA63
:104240000C490B4808F07DFC0B480C4908F03BFC7E
:10425000204602B010BD6FF00400FAE7FD470000F1
:104260000000AD0BD2EB00001CD700008030002016
:1042700070090020A1E90000A41A0020F543000005
:10428000002310B50B49D1E8EF2F012A03D1C1E873
:10429000E03F0028F7D10CD151F8044C14392046E6
:1042A00007F091FB783004D12046BDE8104007F0BC
:1042B00066BB10BD9C1A002038B5002464F07F0056
:1042C000C0B2FFF75BFF013407F026FE082CF5D1E2
:1042D00000240E4DE0B2FFF751FF036903B90561F9
:1042E000013407F019FE082C05F14005F2D1084809
:1042F00007F012FE074BD3F87C2212B9064AC3F826
:104300007C22064807F008FE002038BD0C21002062
:10431000C81B00207C1A00200C1D0020E81C002077
:1043200010B5054CFFF768FF20B14168204608F042
:1043300087FAF7E710BD00BF8C02002007B5002305
:104340000022144801A904F0BDFEE8B10121124A7F
:10435000124807F0F4FDFFF7E3FF002200230D48A9
:1043600001A904F0AFFE30B101210D4A0B4807F05E
:10437000E6FD00200AE00423019840600374FFF783
:1043800035FFFFF72BFFF4E70198406003B05DF8BD
:1043900004FB00BF8C020020ACE9000090D50000B7
:1043A000CAE9000003460121014A024807F0E4BBC4
:1043B000E6E9000090D50000022810B511D80B4A9C
:1043C000145CFFF7BBFF80B1002204720274FFF798
:1043D0000DFF074B93F824303BB1BDE81040FFF7C9
:1043E000FDBEBDE81040FFF7DDBF10BDCFEB000004
:1043F0007C1A00202DE9F0438046A04CDFF8809223
:1044000085B0FFF7F9FE074610B905B0BDE8F083A7
:1044100094F825203B7C3AB9002B00F09A8079680B
:10442000974808F00DFAECE7042B00F27181DFE801
:1044300013F0900005000E0139015A0118F8043CF0
:1044400033B9BB685B7A01218E4A8F4807F094FB31
:104450003B7BBD68032B37D8DFE803F0023D636880
:1044600000226E69894B32607260D3F8801431701B
:10447000D3F884147170D3F88814D3F88C0441EA0B
:1044800000217180D3F89014D3F8940441EA0021FC
:10449000B180D3F89814D3F89C3441EA0323F38015
:1044A0000823EB6030687168794B03C311462B68B1
:1044B000687A984796F90030002B08DBF38833B10F
:1044C000A4F88C3201F0C4F848467968A9E70023C3
:1044D000A4F88C32F8E76B7F002BF5D02B7F002BF4
:1044E000F2D000264FF0FF324FF0FF3369486E776D
:1044F0002E7707F026FD6B6901A901936B68CDE962
:104500000236687A00F0AEFD634A0346904204D05A
:104510000121624A5C4807F02FFB5E4807F013FD5B
:10452000D2E701212B68687A9847CDE7AB7A6BB95F
:10453000EB7F5BB957484FF0FF324FF0FF3307F086
:1045400000FD01F08BF8534807F0FDFC02212B68B9
:10455000E9E73B7A042BB7D8DFE803F055031F6384
:104560006F0000F0E9FC05460028ADD100F096FC94
:1045700001234B49D1E8EF2F002A03D1C1E8E03FE6
:104580000028F7D1A0D141F8085C41F8105CE0693F
:104590001439636107F09CF996E7002565F07F0008
:1045A000C0B2FFF7EBFD037A13B1407A01F0B8F91E
:1045B0000135082DF2D194F854311BB194F855010E
:1045C00001F0AEF90025E8B2FFF7D8FD037A13B188
:1045D000407A01F0A5F90135082DF4D194F8743230
:1045E0001BB194F8750201F09BF9002000F088FCE3
:1045F000012384F825302368002B3FF465AF0021A8
:104600000220984760E7002584F8255001F0F0F873
:10461000FFF736FE2368002B3FF456AF29460420EF
:10462000EFE7002A3FF450AF00F090FC2368002B26
:104630003FF44AAF00210520E3E72368002B3FF455
:1046400043AF002A3FF440AF00210620D9E708F12C
:1046500010054FF0FF334FF0FF32284607F071FC92
:10466000FFF72AFE284607F06EFC58F8283C002B7E
:104670003FF42AAF00210120C3E700BF7C1A0020CD
:104680008C02002001EA000090D500000060035079
:10469000801A0020B41A00200000AD0B27EA0000A9
:1046A0009C1A002094F8743263B1012584F8895271
:1046B00084F88852FFF742FE60B92946174A184825
:1046C00007F03DFC58F8283C002B3FF4FDAE0021DC
:1046D0000A2096E7134A057405738260FFF786FD8A
:1046E000FFF77CFDEEE701210F4A0D4807F027FC9C
:1046F00004F0B2FA01F07CF800F0C6FBFFF710FE00
:10470000FFF7DAFD04F0A0FA084800F055FCDBE6FC
:104710000121074A024807F02FFAD5E64DEA0000CA
:1047200090D50000E81C002061EA0000FD47000071
:1047300078EA0000F7B5877806463846FFF71EFD91
:104740003B060546F4781DD554B1032C06D0012153
:104750002346274A2748009707F018FA03B0F0BD10
:10476000FFF7ECFD03460028F8D00122AC77027475
:10477000032202739D60FFF739FD03B0BDE8F040EE
:10478000FFF72CBD54B1012CE1D1FFF7D7FD034653
:104790000028E3D06C7704740473EBE7FFF7CEFDD9
:1047A0000028DBD0B278144B12F0800F02F0080121
:1047B00011D041B1D3F8A836EB6001230374022372
:1047C00085600373D7E7142102F00F0201FB023367
:1047D000D3F80836F0E711B1D3F8A837ECE7142185
:1047E00002F00F0201FB0233D3F80837E4E700BF01
:1047F00090EA000090D50000006003501422F0B54C
:1048000006468BB000210DEB020008F0C6FB3378A2
:10481000013B052B21D8DFE803F08B0314147B1632
:10482000032300248DF81C30FFF788FD0346A0B158
:1048300000F108020474DDE9070182E8030018466C
:1048400026E00423EDE7B7783846FFF797FC837A34
:10485000054623B1013B022B54D90BB0F0BD3B06FA
:10486000F4781CD54CB1032CF7D001212346314AF2
:104870003148009707F08AF9EFE7FFF75FFD03463D
:104880000028EAD00122AC770274032202739D60F3
:10489000FFF7ACFC0BB0BDE8F040FFF79FBC54B194
:1048A000012CE2D1FFF74AFD03460028D5D06C77F2
:1048B00004740473EBE7FFF741FD04460028CCD0F5
:1048C00002230127037307748560B07805F10C019A
:1048D00007F070FB034620B1184A3946164807F026
:1048E0004BF9174AE968B2F88C328B4206D95B1A49
:1048F000A2F88C3200F0ACFE2046C9E70023A2F8F3
:104900008C32F9E730460BB0BDE8F040FFF712BF3C
:1049100003A800F07BFE9DF80D30052B04D19DF817
:104920000C3013F0600F98D0064B012407937BE7FF
:10493000022479E790EA000090D50000BCEA00006C
:104940007C1A0020E81B002038B5154D95F824404E
:1049500024BB05F1380007F0D9FF022001F044F92B
:1049600022460121E8613620FEF7BCFD04F06CF917
:10497000FFF7A2FC044610B9012385F82430094B47
:104980001B680BB1FFF72AFC074BD3F80034DB0799
:1049900002D50020FFF710FD204638BD0024FBE7BC
:1049A0007C1A00207003002000700350074B93F81E
:1049B00024203AB193F82530002B14BF00206FF06B
:1049C000120070476FF01200704700BF7C1A002081
:1049D00008B50378027903F00F0142B991B10D4A8D
:1049E00001210D4807F0ABFA4FF0FF3008BD082950
:1049F00001D90A4AF4E7012A04D11B0707D4084A5F
:104A00000221EEE713F00800F0D0064AF8E7002094
:104A1000ECE700BFDCEA000090D50000FBEA0000F4
:104A20001AEB000030EB000038B5134B044693F846
:104A30002430EBB105782846FFF7A0FB88B145721A
:104A400023798372638843602078618810F0080FAF
:104A50000AD14B1E0B4207D00121084A084807F033
:104A60006EFA6FF0150038BD07F09FFA0020FAE7E4
:104A70006FF01200F7E700BF7C1A00204DEB00003A
:104A800090D5000038B5154B054693F824200AB39D
:104A900093F82530F3B1FFF771FB044610B96FF0BE
:104AA000150038BD817A01290FD007D902390129B3
:104AB00007D900206369E060A361F2E700F0D4FD4C
:104AC000F7E7284600F076FDF3E7054A054807F0CA
:104AD00036FAE4E76FF01200E3E700BF7C1A00202B
:104AE00075EB000090D5000038B50E4B054693F8E5
:104AF000242082B193F825306BB1FFF73FFB68B1FA
:104B000015F008040AD1284600F076FD284600F08A
:104B10003FFF204638BD6FF01200FBE76FF0150035
:104B2000F8E700BF7C1A002038B50C4B054693F817
:104B300024200C4662B193F825304BB1FFF71EFBE1
:104B400048B144B1284600F03DFD2070002038BD3A
:104B50006FF01200FBE76FF01500F8E77C1A0020F9
:104B600070B5134E044696F82430C3B1FFF706FB28
:104B70000546B8B1230705D4204600F03DFD204688
:104B800000F006FF2B7A83B901232B7296F82530AB
:104B90000BB9002070BD204600F0C2FEF9E76FF0AF
:104BA0001200F7E76FF01500F4E76FF07700F1E718
:104BB0007C1A00202DE9F043DFF8F4801E4698F8B7
:104BC000243007468946154685B0002B6DD098F8ED
:104BD0002530002B69D003060BD5FFF7CFFA04462A
:104BE00038B1037A5BB901213B46324A324806F0BC
:104BF000C3FF6FF01504204605B0BDE8F0834FF009
:104C0000FF334FF0FF3208F1380007F09AF9A37F25
:104C100033B108F1380007F096F96FF00A04EAE7BB
:104C2000A37A05B37BB301234FF00008A37738467E
:104C300001A9CDE90195CDF80C8000F013FA1F4AC7
:104C4000034690422DD084F81E800EB1C6F8008035
:104C500001211B4A184806F08FFF6FF00404194821
:104C600007F071F9C7E7E27F02B1E577002BDAD1EF
:104C700000F000FD8742D6D000F0F0FC114807F0AC
:104C800062F90024B7E7B8F80A309D42F0D26268B2
:104C9000B5FBF2F302FB1353002BE9D10123E377B9
:104CA000E6E706B135600024D9E76FF01204A2E709
:104CB0007C1A002097EB000090D500000000AD0B9F
:104CC000B6EB0000B41A00202DE9F0411D46254B3B
:104CD000174693F8242080460E46002A3FD093F8CA
:104CE0002530002B3BD010F0800F0ED101B967B9F1
:104CF0004046FFF743FA044638B1037A43B901212D
:104D00004346194A194806F037FF6FF0150013E0C3
:104D10004FF0FF334FF0FF32154807F012F9E36808
:104D2000B8469F4228BF984646B93FB905B12B60A7
:104D30000F4807F008F90020BDE8F08142463046F0
:104D4000A16908F003F9A3694344A361E368A3EBF5
:104D50000803E360002DEBD0C5F80080E8E76FF0B2
:104D60001200E9E77C1A002097EB000090D50000C4
:104D7000B41A002070B5224D064695F82430002B59
:104D80003AD095F82530002B36D003060BD4FFF728
:104D9000F5F9044638B1037A43B901213346194A7B
:104DA000194806F0E9FE6FF0150070BD4FF0FF33B3
:104DB0004FF0FF3205F1380007F0C3F8E368B3B9EC
:104DC000012663692677A361637F83B1FFF7B6FA93
:104DD00030B905F1380007F0B6F86FF00B00E4E7E2
:104DE000067484600673FFF701FAFFF7F7F90748C6
:104DF00007F0A9F80020D8E76FF01200D5E700BF50
:104E00007C1A002097EB000090D50000B41A002017
:104E100010B5084B0C4693F824302BB1FFF7AEF9D0
:104E200028B10460002010BD6FF01200FBE76FF0A6
:104E30001500F8E77C1A0020014B1860704700BF8E
:104E40007C1A002008B5074B93F8243023B1FFF7F4
:104E500095F920B1406808BD6FF01200FBE76FF0D4
:104E60001500F8E77C1A0020064B10F0800FA3F124
:104E7000D80208BF1346182200F00F0002FB0030D2
:104E8000704700BF242400200023024A1360024A16
:104E90001370704704250020DC2800204FF40062C6
:104EA000114BC3F800240122C3F80025D3F80024D5
:104EB0001205FBD54FF40062C3F800248022C3F82A
:104EC0001C250122C3F8302540F2FF12074B1A605F
:104ED0000023074A1360074A1370074A137002221F
:104EE000064B1A70704700BF006003500025002079
:104EF000FC240020D8280020DA280020DC2800200C
:104F00000022094B10B51A70084A094B094C0028B9
:104F100008BF13463620C4F80033FEF7B3FA012366
:104F2000C4F8043510BD00BFDB280020FDFFDF0101
:104F3000FDFFFF0100600350034B1878012894BF68
:104F400000200120704700BFDC28002010B54FF082
:104F5000FF324FF0FF33154804F0C8FAEFF3118128
:104F6000202383F31288BFF36F8F114B1B7803F05C
:104F7000FF0483B10F4BD3F8002412F400720AD15E
:104F80000120C3F82C05D3F82C05D3F800048005C4
:104F900002D5C3F82C25002481F31188BFF36F8F4D
:104FA000024804F06FFA204610BD00BF50030020F5
:104FB000DB28002000600350F8B51C4B1C7894BB24
:104FC0001B4A40F2FF171060012226461A7064F057
:104FD0007F0514F0080FEDB214BF39464021284672
:104FE00006F0E3FF2846FFF73FFF0134092C8675E2
:104FF00006730661EBD1002440F2FF17254614F03A
:10500000080FE6B214BF39464021304606F0CDFF06
:105010003046FFF729FF0134092C857505730561BA
:10502000EDD10448F8BD0448FCE700BFDC280020AF
:10503000042500200000AD0B0500AD0B084B10F05F
:10504000800F14BFD3F81025D3F81425012300F0E6
:105050000F018B40134214BF01200020704700BF96
:105060000060035002462DE9F843EFF31187202337
:1050700083F31288BFF36F8F030703D1194B1B789B
:1050800083422AD1184B10461C684FF00109E443B3
:1050900006F083FF154EA4B2356809FA00F82C43D8
:1050A00014EA08041BD11046FFF7DEFE034680F821
:1050B0000C9007C983E807004FF480021C619C75BF
:1050C0000B4B45EA08050B483560C3F8042187F30C
:1050D0001188BFF36F8FBDE8F8830748F7E70748EB
:1050E000F5E700BFDA28002000250020FC2400207E
:1050F00000E100E00000AD0B0A00AD0B0B00AD0BB2
:1051000010F0080F074B06D0D3F8C00410F4803F0E
:1051100018BF0020704700F00F0000F5947053F89E
:1051200020007047006003502DE9F04FAB4BAC4FAF
:10513000D3F8542185B0DAB10022C3F85421D3F852
:105140000413890214D58DF80C20D3F8202503A868
:10515000ADF80E20D3F8C034002B14BF4FF001225D
:105160004FF480723B6813433B609E4B1B6898472B
:105170009A4BD3F8604134B10022C3F86021D3F8D0
:105180006C44C3F86C44D3F828214AB10022C3F818
:105190002821954B187806F000FF012383401C431B
:1051A000DFF84882924E98F8005098F9009015F078
:1051B000080141D1B9F1000F05F00F032CDA8D4A37
:1051C00052F8230010B342F823101422534303F182
:1051D000A04303F55833D3F80836874A03F0010398
:1051E00011784B401370854804F04CF92846FFF7BE
:1051F0003BFE837D032B37D1284606F0CEFE0123EC
:1052000003FA00F0336823EA0003336001254FF00E
:105210000609DFF8D0A15DE0794A52F823000028A2
:10522000F4D042F823101422534303F1A04303F5B2
:105230005833D3F80837D0E7B9F1000F674B09DBD3
:10524000D3F85021002AE1D00022C3F85021D3F82E
:10525000A837C2E7D3F82C21002AD7D00022C3F800
:105260002C21D3F8A836B8E7037BDBB9284606F033
:1052700094FE012303FA00F03368B9F1000F23EA2A
:105280000003336001DA882DC0D106238DF80C307D
:1052900000238DF80F30534B8DF80E501B6803A878
:1052A0009847B3E7002DB1D101224C4BDA64ADE74A
:1052B00094FAA4F0B0FA80F03A6805FA00F31A43C1
:1052C0000F283A6024EA0304326840F39D801342B9
:1052D00000F0AA80002CEBD1404BD3F800215AB14A
:1052E000C3F80041474B03A81C703F4B1C700123BF
:1052F00003933C4B1B689847384BD3F85821002A3E
:105300002ED00022C3F85821D3F80044C3F800443B
:10531000E30508D501223B4B03A81A70022303932F
:10532000304B1B689847A50508D50022354B03A8CC
:105330001A70032303932B4B1B68984760050FD506
:10534000304B1A7862B100221A700122234B03A855
:10535000C3F808259A6504230393224B1B689847DA
:105360001E4BD3F85C3103B3244B9B681BB998F8F0
:105370000030590619D00022184B03A8C3F85C214D
:10538000D3F88034184A23F07F031370336823F076
:10539000011333603B6823F4803343F001033B6027
:1053A000052303930F4B1B68984732683B681A42EA
:1053B00000F0938000220023104804F097F80028A2
:1053C00040F08B80054BD3F82C35002B00F0A880E3
:1053D0000A4805B0BDE8F04F04F054B8006003502F
:1053E0000025002004250020DA280020D9280020EC
:1053F000FC24002008610350D8280020500300201E
:1054000030610350DB28002013407FF463AF60F06D
:105410007F018DF80C908DF80E108DF80F30DAF8B2
:10542000003003A8984755E7A0F110018DF80C90C3
:105430008DF80E108DF80F50F1E749F080052846E1
:10544000FFF712FD4368B0F814B001689B4528BF10
:105450009B4601F06043B3F1005F044604D05A4616
:10546000514807F073FD5049226863685A4422602E
:10547000A268A3EB0B03D20768B2636005D5BBF14A
:10548000000F04D10023237301E0002BFAD0012286
:1054900002FA09F92AEA09033B60236915F0080FAB
:1054A0005B44236188F80050404B6FD100284FF0D7
:1054B000140005F00F0500FB0530B5BF03EB8503B5
:1054C0000A35C0F80016C0F80017B5BFC0F804B61A
:1054D000C0F804B75A6043F8252005B0BDE8F08F46
:1054E00061464FF0000B70454AD1003A18BF0122C7
:1054F000BCF1000F46D0584544D9012202FA09F206
:1055000023EA02033360062302218DF80C30284B76
:10551000A1751B688DF80E508DF80F1003A89847E1
:105520003368D7F800A013EA0A093FF451AF19F025
:10553000012214BF92FAA2F999FAA9F9B9FA89F9E4
:10554000B9F10F0F01937FF678AFA9F11005EDB215
:105550002846FFF789FC04462846FFF7D1FD62681C
:10556000B4F814E09042D4F800C0019BB8D800EB26
:105570000C0B121AC4F800B0614683466260B2E7B1
:105580000022B5E768B2002A81D17BE70028B5BFC9
:10559000C3F8A016C3F8A017C3F8A4B6C3F8A4B7FD
:1055A000B4BF5A629A6498E70C230020006003504D
:1055B00004250020024B40F48070C3F818057047A2
:1055C00000600350030713D400F00F0310F0800FA6
:1055D000084A0BBF03F5887303F5847302EB83025B
:1055E00052F8230008BF5068003818BF01207047E8
:1055F0000020704700600350034BC3F80C0540F4D3
:105600008070C3F80C0570470060035000230360EE
:1056100043600E4BD3F880240270D3F88424427088
:10562000D3F88824D3F88C1442EA01224280D3F8BC
:105630009024D3F8941442EA01228280D3F898246B
:10564000D3F89C3442EA0323C380704700600350C0
:105650000122014BDA647047006003500122014BC4
:105660001A657047006003500122014B5A6570476C
:1056700000600350014B1878704700BFDA28002003
:10568000024610B5EFF31184202383F31288BFF391
:105690006F8F06F082FC01230A4903FA00F00B68C1
:1056A00023EA00030B6012F0080101BF02F00F02B1
:1056B000054B02F5947243F8221084F31188BFF36E
:1056C0006F8F10BD0025002000600350F7B5014624
:1056D000EFF31185202383F31288BFF36F8FFFF759
:1056E000C3FB0646084606F058FC012211F0800F65
:1056F00002FA00F22D4818D1036832EA03040AD0F6
:105700000846FFF7BDFF0323B37585F31188BFF388
:105710006F8F03B0F0BD264923EA020303600B68D4
:10572000347323EA02030B60EDE70B0715D48029DD
:10573000204B2FD001F00F0404F2DA346400C3F8D8
:105740000048D3F80448D3F80478E4B244F00204E3
:105750003C43C3F80448D3F80438154F04683B6849
:1057600064EA030C1CEA020FCFD013433B60002312
:105770003373032324EA02040622B3758DF807303D
:105780000D4B04601B688DF804208DF8061001A8ED
:105790009847BAE740F2B474C3F80048D3F8044815
:1057A000D3F80478E4B244F00404D1E7FC240020E8
:1057B00000250020006003500425002038B5044671
:1057C000094D4FF0FF324FF0FF33284603F08EFEB5
:1057D0002046FFF77BFF284603F054FE4FF480027B
:1057E000024BC3F8042138BD5003002000E100E063
:1057F000F8B54FF0FF324FF0FF332A4803F076FE42
:105800004FF48002284B3620C3F88421FDF75CFE5C
:1058100098B10127254E264B34681B68240C2404BC
:105820001C4354BB40F2FF13224D33603620C5F8B1
:105830000445FDF735FEC5F800431F4A13788BB1C8
:1058400000211C4BC3F808110121C3F80026C3F83E
:1058500004165960D3F808110029FBD00021C3F8C1
:10586000081111700022134BC3F800250D4803F0F6
:1058700009FE0122114B1A70F8BD94FAA4F5B5FA8D
:1058800085F528460F2DC6BFA5F11000C0B240F027
:105890008000030701D4FFF719FF07FA05F524EA92
:1058A0000504BEE75003002000E100E000250020D1
:1058B000FC24002000600350D8280020DC280020B1
:1058C00010B504464FF0FF324FF0FF33114803F09C
:1058D0000DFE2046FFF7FAFE012304F00F0293406D
:1058E000DB430D4A14F0800F15BFD2F81015D2F823
:1058F00014150B400B4014BFC2F81035C2F8143514
:10590000044803F0BFFD4FF48002044BC3F80421A8
:1059100010BD00BF500300200060035000E100E014
:1059200070B50446FFF78AFB68B9012504F00F0241
:1059300014F0800F144B05FA02F205D0D3F81015BD
:105940000A43C3F8102570BDD3F814150A43C3F8F1
:105950001425631E062BF6D8EFF31186202383F35C
:105960001288BFF36F8F2046FFF78AFE204606F0AD
:1059700014FB064A8540136823EA0503136086F387
:105980001188BFF36F8FDEE700600350FC24002016
:10599000030610B5044605D4FFF714FE10B12046E7
:1059A000FFF76EFE014BC3F8184510BD00600350B1
:1059B000084B70B5C31A0D4607499B10044659435E
:1059C0004022064806F015FB2B4601462046BDE85E
:1059D000704018471C250020B76DDBB66CD1000065
:1059E000402373B50B4C0093041B0B460D460A492C
:1059F000A41061430646094A094806F025FB011E2A
:105A000005DA30462B4602B0BDE87040184702B0B8
:105A100070BD00BF1C250020B76DDBB6B1C0000013
:105A20006CD1000010B5EFF31184202383F31288AA
:105A3000BFF36F8F074A136823F00201DB07116081
:105A400002D4012006F00AFE84F31188BFF36F8FA1
:105A500010BD00BFBC2500202DE9F8430022012124
:105A600006460520FDF73EFD114802F02BF9114BCB
:105A7000984219D102F036F900244FF01C090C2786
:105A8000DFF834803569414609FB045005F00DFF0D
:105A9000002807DB012307FB04551C44042CAB67DB
:105AA000F0D10020BDE8F8836FF00400FAE700BFF2
:105AB000B55B00000000AD0B24D700001FB500222D
:105AC0000123CDE902236B46084ACDF800D0CDF87A
:105AD00004D006F0E6FA002805DB4FF480420023EC
:105AE000684603F003FD05B05DF804FBE7C0000065
:105AF0000C22104B014602FB0033002030B4D3E9E6
:105B00001C521867EFF31180202484F31288BFF32E
:105B10006F8F9C6F04F0C00444F002049C6780F314
:105B20001188BFF36F8F1DB12B4630BC0248184758
:105B300030BC70471C2500206CD1000010B4EFF37E
:105B40001182202383F31288BFF36F8F17480168F7
:105B500041F002040460C80707D482F31188BFF340
:105B60006F8F012010BC02F0D9B84FF05021D1F84E
:105B70000C04D1F80C14C907EFD5EFF3118083F3AF
:105B80001288BFF36F8F0A498B6F03F0C00343F095
:105B900002038B6780F31188BFF36F8F82F3118844
:105BA000BFF36F8F002010BCFFF7A2BFBC25002001
:105BB0001C250020092813D8DFE800F00510121278
:105BC000121212120E0C074B986F10F0070007D13B
:105BD000FFF78EBF0220FBE70320F9E70120F7E77C
:105BE000704700BF1C250020C3B21C20014A03FBE4
:105BF000002070471C2500202DE9F04101220746B6
:105C00003649D1E8EF3FC1E8E02F0028F9D133B998
:105C1000334934484B60CB608A6005F059FE7B1EE7
:105C2000012B2BD8012F07D14FF05023D3F81C3470
:105C300003F00303022B21D006F07DFF0546F8B9DF
:105C4000294B1B78E3B14FF0502302220646C3F8DC
:105C500008234FF05024DFF89480D4F81824D4F8A7
:105C60001834D20315D503F00303022B01D0012F02
:105C70000FD16DB386F31188BFF36F8FBDE8F0814C
:105C8000EFF31186202383F31288BFF36F8F012572
:105C9000DFE7C5B1304606F0AAF8D4F81835DBB214
:105CA000012BDAD1D4F80421002AD6D00022C4F87E
:105CB0000421D4F804210222C4F818252022C8F8AF
:105CC0008021A360C9E70021212006F0EBFFE4E773
:105CD0004FF050230222C3F80423CFE718250020F9
:105CE00008250020382500207A29002000E100E066
:105CF00008B5074806F04CFD38B10648FDF7B6FE7A
:105D00000448FBF74BF9002008BD6FF01200FBE7D9
:105D1000A8D10000195D00000A2838B50446074DD7
:105D200004D1AB680D2128465B689847AB680348EF
:105D30005B68E1B29847204638BD00BFA8D100009B
:105D4000F0B5406801F01F04057B87B044EA4514B4
:105D50000569002D63D0B2F5001F00F1100506D1D2
:105D60002146284606F0FAFC002007B0F0BD0027C7
:105D7000B2F5800F01AE0197776039D1B3F1007FA2
:105D800014BF052304238DF804300023CDE90463F8
:105D90000393836823FA01F111F001011AD1B2F1E2
:105DA000A07F17D104F01F03620903F180032AD0FA
:105DB000012A3AD11E4A52F82330DB070AD40DF1EA
:105DC000030632462146284602F0AEFA194B9842A5
:105DD0001BD002962146284603AA02F061F9164B11
:105DE00098421FD101222146284602F0FFFABBE764
:105DF000B3F1C06F05D0B3F1007F14BF01230223BC
:105E0000C1E70323BFE70D4AD5E73146284602F034
:105E1000E7FA094B9842DCD06FF00B00A5E76FF072
:105E20008500A2E76FF015009FE751F82330FFDEF1
:105E3000002884500400AD0B0000AD0B00258450F9
:105E400038B545682B69B3B11035284602F0B8FA69
:105E5000044680B90146284602F080FA084B984271
:105E60000BD122462846074902F058FA224605215E
:105E70000D20FDF737FB002038BD6FF00400FBE775
:105E80000000AD0B895E00004209034670B502D0E8
:105E9000012A17D070BD0D4E326951680029F9D022
:105EA000012503F01F030C689D400029F2D08A6889
:105EB0002A4002D030464B6898472CB123682146CF
:105EC0001C46F2E7024EE7E72346F8E794D10000CC
:105ED00080D100002DE9F04340F206354668D00637
:105EE00048BF0320337B02EA050558BFC2F34010C8
:105EF00087B001F01F07B5F5837F144647EA4317C3
:105F00008DF8030044D00FD8062D18D007D8B5B1AE
:105F1000022D3FD06FF0150007B0BDE8F083B5F556
:105F2000807FF7D101250AE040F20222954233D06A
:105F3000B5F5407F32D0B5F5007FEBD102250123C6
:105F4000220303FA01F12BD573689960326972BBA1
:105F500007F01F037F0928D0012F75D13C4A02EBBF
:105F6000830284F48033D2F80012C3F30043C4F3F5
:105F7000404444EA430421F4706144EA800421F07F
:105F80000F0144EA05230B43C2F800320020C3E7A7
:105F90000725D4E70425D2E70525D0E70325CEE77A
:105FA000630344BF7368D960D0E72A4AD7E7103645
:105FB000394630460DF1020202F0B6F914F4403FC2
:105FC00080460CD13946304606F0C6FB224B984538
:105FD000DCD130469DF8021002F0FCF9D6E74FF014
:105FE000000901AB3946304603AACDE90439CDE9B1
:105FF0000199CDF80C9002F053F8174B984289D1D3
:1060000014F4003315D09DF8033084F48034C4F3C5
:1060100000448DF80E3039464B46304603AA8DF8C1
:106020000C508DF80D4002F0F7F80B4B9842CDD094
:1060300070E7CDE9043339460DF10303304603AA76
:10604000039302F02DF8F0E7803352F82330FFDE9F
:1060500000288450002584500000AD0B08B50022B4
:106060000023D0F8800003F02DF8021E05DA044862
:10607000044906F0C7F8002008BD0120FCE700BF76
:1060800008D500003EEC0000002330B585B0CDE916
:106090000133039390F8E53004461BBB204601A969
:1060A000FFF7DCFF00283ED16FF00B05D4F8DC00D1
:1060B00002F08AFC94F8E9305B0702D5206805F00D
:1060C0005EFC029911B1E06906F0BAFB019919B1C1
:1060D000D4F8800006F0B4FB042384F8E4302846AA
:1060E00005B030BD01A906F07AF820B91449154869
:1060F00006F0B2F8D8E794F8E530012BCED1029B38
:106100000022C4F8E030D4F8DC0001A902F094FBCE
:106110000D4B0246984210D00C490A4806F072F81E
:106120006FF00405C2E794F8E530002BE7D1D4F80E
:1061300084309B08ADF80C30E1E70025CFE700BFC5
:1061400064EC000008D500000000AD0B7BEC000003
:1061500037B50446002201212820FDF7C3F9636802
:1061600000215D6B01AA284606F0EBF9002819DB37
:10617000019B2A681979186801F012F8002811DBD0
:10618000042308220849094806F0A9FB0423082231
:106190000749084806F0A3FB00202469FFF724FD07
:1061A0002060002003B030BDF825002098000020BA
:1061B000D8250020FC000020F0B5056987B0134603
:1061C000CDE9011295F8E920D20706D42C492D48D3
:1061D00006F042F86FF0040030E095F8E420511E1C
:1061E000012904D92849274806F00CF8F2E72A6A61
:1061F0009A4201D3032B01D82449F4E76C6A05F1D4
:106200005006631C1CD04FF4004740F2E7300021D9
:1062100024EAE4744FF47A720023C4FB0701F9F70F
:1062200099FF02460B46304601A902F079FF00288B
:1062300004DB95F8E430022B06D0002007B0F0BD57
:106240004FF0FF321346EEE795F8E830002BF4D01C
:106250000026284603A9CDE90366059605F0BFFF91
:1062600020B90B49074805F0F7FFE6E7284685F80F
:10627000E86003A905F0CBFF0028DED1AAE700BF44
:106280006EE8000008D50000A0EC0000BAEC0000A9
:10629000EBEC0000F0B5044688070F4685B04AD500
:1062A000614D95F8E430D5F8E010032B04BF0123CD
:1062B00085F8E430002933D06368994202D0E86958
:1062C00006F0BEFA0023D5F8DC00C5F8E03002F095
:1062D0007BFB95F8E930590702D5286805F04FFB9C
:1062E000216800293CD16368002B7BD1FB0740F17A
:1062F000988000234C4CCDE90133039394F8E530AA
:106300004BB194F8E630002B77D0D4F8E03002930C
:106310000123ADF80C3001A9434805F078FF80E077
:10632000D5F8DC0002F050FB95F8E9305A0702D5A9
:10633000286805F024FB002CD2D13B4C94F8E430C3
:10634000032B06D039493A4805F086FF042384F828
:10635000E430D4F8DC0005B0BDE8F04002F022BB28
:10636000314D95F8E76026B1D5F8800006F068FA5F
:10637000B9E7238901919B0002930022002301A920
:1063800005F1B40002F0CCFE002811DA29492848B2
:1063900005F062FF042385F8E4302168D5F8800019
:1063A00006F04EFA6368FBB91F4BD3F8DC00D2E766
:1063B00095F8E5305BB16368002B97D01A4AD2F8A4
:1063C000E010994212D1012382F8E730ECE795F80A
:1063D000E660002EEFD0012385F8E7306368002BDC
:1063E000ECD1E1E70026E9E70126E7E71946D069A5
:1063F00006F026FA002ED7D178E7204601A905F04D
:10640000EEFE002887D194F8E430032B4FF001030F
:1064100005D1D4F8E02084F8E630029279E784F8D8
:10642000E83005B0F0BD00BF480000200AED0000D4
:1064300008D500002CED00002DE9F04F056997B05C
:1064400095F8E4E01446BEF1010FD0F804B00391D2
:1064500005D072469D499E4805F0D4FE34E0D2F83E
:106460000490B9F1000F27D1284605F00EFF039BD9
:10647000013B012B1CD895F8E9303C2269F300035D
:1064800085F8E930494605F1140006F086FD039BC6
:10649000022B0BD195F8E9303C226FF34103002128
:1064A00085F8E93005F1780006F077FD00200DE071
:1064B000039B002BEED0F9E7D36813F0030808D054
:1064C0008449834805F0C8FE6FF0150017B0BDE899
:1064D000F08F0CAE0BF10C070FCF0FC60FCF0FC60E
:1064E00097E80300237886E80300182B9BF82C60BC
:1064F0000BD006D8082B0BD0102B15D01A46764996
:10650000A9E7202BFAD1032200E00222049201E045
:10651000CDF81080A27802F00707032F07D0042FD0
:106520000ED08FB16D4996E7CDF810E0F2E700216B
:106530000127059112F03801069107D068498AE7D2
:1065400001210F460591F5E70597F3E76278022AE6
:10655000029203D0012A03D062497CE7069A029294
:10656000E27802F006010629089116D1DBF8042032
:10657000D2F86025002A15DA0023079395F8E92060
:1065800063F3820285F8E92094F90330E278002B66
:1065900001DB530666D554495DE702F0060119B1E7
:1065A000524958E7012208929BF838205B00022AE2
:1065B0004FF0000A4E4A099308BF00224FF0FF3304
:1065C0000A92CDF81CA00B934A4B099A33F82A6023
:1065D000099BB6FBF3F302FB13632BBB06FB09F12C
:1065E0000A9A080502EB5102090BF9F7B3FDB0F561
:1065F000801F19D84FF48013B3FBF0F30A9AB2FB53
:10660000F3F3B3FBF6F60B9AB14594BFA6EB09067C
:10661000A9EB0606964207D25FFA8AF206920203B7
:10662000984607922EB10B960AF1010ABAF1090FAA
:10663000CAD1304B069A03EB82029678069A33F859
:106640002230B8FBF3F3032100932B4A4346204842
:1066500005F09CFA9BF83830DDF820E0003B18BFCD
:1066600001238BE7039B013B012B47D9039B002BA5
:106670007FF41CAF0FCC05F1780CACE80F00236859
:106680008DF85060CCF80030059B8DF845E08DF812
:106690004730049B8DF846708DF84830029B05F119
:1066A0008C048DF84930079B0CAE13930FCE0FC4AA
:1066B0000FCE0FC496E8030084E8030095F8E93094
:1066C00043F0020385F8E930F0E600BF40ED00003A
:1066D00008D500005EED00008EED0000A8ED000082
:1066E000C8ED0000EAED00005BEE00000DEE0000DA
:1066F0000048E8013ADB000030EE0000A04605F15A
:10670000140CB8E80F00ACE80F00D8F800308DF892
:1067100045E0CCF80030059B8DF846708DF8473089
:10672000049B8DF850608DF84830029B05F1280CD1
:106730008DF84930079B0DF130081393B8E80F002E
:10674000ACE80F00B8E80F00ACE80F0098E80300D1
:106750008CE8030095F8E93043F0010385F8E9304F
:10676000039B022B86D0A1E62DE9F0410229804649
:106770000D461646046900AF0CD194F8E93003F0D9
:106780000303032B1BD06949694805F065FD6FF0D1
:10679000040069E001290BD194F8E93013F0010FEE
:1067A000F1D0042E59D8DFE806F0183D3D625100C3
:1067B0000029E8D194F8E93013F0020FF0E728221D
:1067C00004F18C01A01806F0F0FB20B9226AD4F87D
:1067D00084309A42E5D05749D6E794F8E430012B4B
:1067E000D5D1002384F8E550A4F8E63084F8E830E9
:1067F000D8F81050D8F8044095F8E5302268012BFD
:106800000CBF05F1280105F18C01D5F8DC0001F081
:1068100041FF494B0246984244D04849444805F05C
:10682000F1FCB4E794F8E430022BB0D194F8E530F1
:106830009D4224D1022E4FF003035ED1B5FA85F5B7
:106840006D0984F8E43084F8E6505BE094F8E430B5
:10685000042B9CD12946204662E032463849344810
:1068600005F0D0FC6FF01500BD46BDE8F08194F84E
:10687000E430022B48D194F8E5309D4246D06C4676
:106880008AB06A46C2E9075305232E49C2E90516B4
:1068900042F8103F00234FF421512548FAF744FFF6
:1068A000A546DFE7022385F8E43094F838306268C3
:1068B000991E4B424B41C2F82C3595F8E9305807E8
:1068C00015D5214B0022AB60032328682A61EB60B9
:1068D000291D04F0FDFF041E14DAD5F8DC0002F0D7
:1068E00073F801232246194985F8E43096E72846D3
:1068F000FFF7CAFB00EAE070B6E784F8E430012352
:1069000084F8E6300020AFE7012B06D00123D4F84D
:10691000DC0084F8E73002F045F82946D8F810008A
:1069200005F0B3FC012384F8E430EBE76EE80000E7
:1069300008D5000077EE00000000AD0BE6EE000089
:106940009EEE0000B2EE000061C2000007EF000002
:10695000F7B50369144693F8E9200D46920707D46A
:106960001A491B4805F078FC6FF0040003B0F0BD35
:1069700093F8E42003F1B407042A25D0D3F8886003
:10698000731C1DD04FF4004C40F2E730002126EA82
:10699000E6764FF47A720023C6FB0C01F9F7DAFBB6
:1069A00002460B466946384602F010FC10F1230FF0
:1069B000DAD00028DAD1009B2B60019B2360D5E759
:1069C0004FF0FF321346EDE70022FBE76EE80000D0
:1069D00008D50000014805F0B0BD00BF0CD2000092
:1069E0002DE9F3474568EC6CACB1002947D04FF472
:1069F00000400021EE68274D0023E6FB0051264AA7
:106A00002846F9F7A7FB02460B46204602B0BDE830
:106A1000F04702F017BF6B6C8BB3002914BF4FF027
:106A2000B8664FF400164FF00108DFF8709006F4D6
:106A300000072B799C4222DAEB6B03EBC40253F87C
:106A40003400117983680269D3F818A0BAF1000FF5
:106A50001AD0BFB1126808FA01F313420CBF3246D4
:106A60004FF0707202EA090302F0B072D04770B1C1
:106A70000121009023460A4A0A4805F087F802B02F
:106A8000BDE8F0873246EDE76FF05700F0E70134DC
:106A9000CFE700BF3F420F0040420F00400000061A
:106AA00036EF000018D500002DE9F04F85B00646FE
:106AB0004FF000094568D0F8108002AF6B794B4564
:106AC00026DC4FF0000A2A7952455EDCE86C10B1F2
:106AD000296D06F024F82979E86B05F060FC88F848
:106AE000140595F854302BB16979286C05F057FCE2
:106AF00088F81505304600F019FB044640BB736862
:106B00005A6C2ABBDB6C1BBB304605F016FD1FE040
:106B10002C6C54F8390004EBC90A05F039FE034621
:106B2000D8B954F839206C4688B0116802AA3C489C
:106B3000C2E905014FF4007191833A4942F8101FF0
:106B40004FF4E2513848FAF7EFFDA5466FF0120412
:106B500020460C37BD46BDE8F08F95F8543073B130
:106B60004FF4B011504605F0B9FB044650B14B4606
:106B7000009001212D4A2C4805F008F8E8E74FF471
:106B80008031EFE709F1010998E7D5F83CB04FEA09
:106B9000CA035BF83A007B600BEBCA0905F0F8FD0D
:106BA00080B95BF83A306C4688B01B6802AA1C4971
:106BB000C2E905134FF4007393831A4B42F8103F58
:106BC0000346BDE74FF48031484605F087FB044695
:106BD00010B153460090CCE7696CE9B10C2303FB7C
:106BE0000A11012399F80440A86C03FA04F4C1E9DE
:106BF00001047B685BF803008268D4694CB1012210
:106C0000A047041E08DA0121094A074804F0ABFF37
:106C10009EE76FF05704F6E70AF1010A53E700BF59
:106C2000D8DB00000300000118D5000060EF000071
:106C300080EF00000346F0B553F8186D0546726802
:106C400085B0D16892685C1A154B24115C430C2303
:106C50006343D718D058397905F021FC031E08DAB0
:106C6000012100930F4A23460F4804F08FFF05B01F
:106C7000F0BD15F9082C9A42F9D04FF0FF304FF0D3
:106C8000FF3105F8083C3A89CDE902010121003BBA
:106C900018BF012330460091FDF7DAF9E7E700BF9E
:106CA000CDCCCCCCB9EF000000D500002DE9F04FE1
:106CB00085B04FF00009466802AFF5687860183576
:106CC0003D6073684B4505DC337D002B40F09F80B1
:106CD000002423E00C2303FB09F8D6F808A05AF897
:106CE00008000AEB080405F053FD0346D8B95AF82A
:106CF00008206C4688B0116802AA4E48C2E9050116
:106D00004FF4007191834C4942F8101F4FF4E25147
:106D10004A48FAF709FDA5466FF0120420460C37E1
:106D2000BD46BDE8F08FE3885AF80800217943F4A6
:106D300080324FF0010C046913F0010F23680CFA44
:106D400001FCD0F808E014BF4CEA030323EA0C036B
:106D50002360DEF800309847044638B14B46384A85
:106D600000900121354804F011FFD7E77B682846E1
:106D700045F8183C316905F0D2FE337D002B42D135
:106D80000123D6F808A0A5F114010AEB080B9BF823
:106D9000042003FA02F22B4B45E904325AF80800AA
:106DA0008268D46964B10122A047041E0BDA012174
:106DB000254A224804F0D7FE244A4B460094D0E7E7
:106DC0006FF05704F3E79BF804105AF8080005F039
:106DD00066FB05F8080C5AF808009BF80410836855
:106DE0009C696CB14FF0C0634FF0A072A047041EC5
:106DF00009DA01212346164A104804F0BDFEDBE7FC
:106E00006FF05704F5E709F10109503559E74FF4E0
:106E1000004440F2E730002135684FF47A720023D5
:106E2000E5FB0401F9F796F902460B46386802F0D3
:106E300009FD4DE7D8DB00000300000100D500008C
:106E400060EF0000C7C4000080EF000036EF0000D4
:106E50003DEF00002DE9F04F044643688FB0D3F8B2
:106E600000A003690A936FF00101204605F045FB7D
:106E70002046DAF80830012198472046DAF8043035
:106E8000984710B1204605F058FB0A994FF0FF32A1
:106E90004FF0FF3301F17C0002F028FBDAF80830F4
:106EA000002120469847D4F804B00CA8594605F0B4
:106EB00028FBDDE90C23CDE9082305F0ACFB002617
:106EC00067680B903D6804967B799E425CDB4FF0CF
:106ED000FF31204605F011FB97F820302BB1636895
:106EE0005D6B58790023834268DB656827696B6BAB
:106EF000059305F090FB97F87830069047F823004B
:106F0000059B03F1FF3C00236A79934264DB002672
:106F10006B799E42C0F284801E2297F8783001334C
:106F2000B3FBF2F102FB113387F87830049B002B9E
:106F300000F0E48061680CA805F0E3FADDE90C23B9
:106F4000CDE9082305F067FB0B9B6268C01A00239C
:106F50005579D9B28D4200F2DC800022DBE90213C0
:106F6000002A18BF0B46704AA0FB0202C00B40EA81
:106F70004240181AB0F57A7F40F2D380984228BF79
:106F8000184602F015FF98E77B6A0BB19B5D9BB139
:106F90002046314605F0B1FAF86905F0F4FB6B685C
:106FA000204698477B6A0BB19B5D18407B6B9855D8
:106FB000049B1843C3B20493013685E7EE5C0133AA
:106FC000002E90D01A4682428DDAA95C31404F1EC5
:106FD0000F42ABD10132F6E7296B1CF8012FC95CD7
:106FE0008A420CD000264A4029798E4209DBE96AA0
:106FF000C85C0243CA549CF800102A6BD154013378
:1070000082E722FA06F0C00708D503FB016197F872
:1070100078E0A86B01F0FF0100F801E00136E3E73A
:10702000EB6A9B5D0793002B65D1013670E7012267
:10703000059802FA08F110F806900798CAB20142C2
:1070400053D006FB0383A86B03F0FF03C35C0698D1
:1070500057F8233012EA0909A0EB03033248A3FBD7
:1070600000304FEAD33343EA404C6B69A86918BF3C
:107070001846844539D3E86A835D23EA01038355C2
:10708000AB6A995D02EA010081452ED04A409A55CB
:107090004FF0FF324FF0FF33CDE902230022334699
:1070A000032100922046FCF7D3FF4FF0FF324FF050
:1070B000FF33CDE9022300224346032100922046FC
:1070C0000122FCF7C5FF4FF0FF324FF0FF33CDE94F
:1070D00002230122B9F10003009218BF01234FF4EB
:1070E000A57201212046FCF7B3FF08F101082B79B6
:1070F00098459CDB99E74FF00008F8E7DDE90823A5
:107100000CA805F06EFEDDE90C2313437FF41AAFE3
:10711000A9E6D16AC95C013300293FF41AAF012204
:107120001CE74FF47A702CE740420F00F0B505469B
:1071300089B006690122002106F17C0005F078FC87
:1071400006F1900700240022002306F58871CDE99E
:10715000062338464FF48062CDE90344CDE901446B
:10716000054B009502F0B2FB2968384605F0E9FCB2
:10717000204609B0F0BD00BF556E0000036803F063
:107180001F025B09026004D0012B034818BF0020D6
:1071900070470248704700BF002884500025845083
:1071A0002DE9F04F1546834640F2FF18DFF8C091F5
:1071B000DFF8C0A185B000EB8101594503D1002063
:1071C00005B0BDE8F08FDBF80030C3F3C322082A16
:1071D000C3F3080400F2C6801B0E444508BF4FF0FD
:1071E000FF3419F80270222B00F2BF80DFE803F0B1
:1071F0001221292C33392CBDBDBDBD4875787B7E4D
:107200008184878ABDBD8D999C9FBDBDBDA2A9AC5F
:10721000AFB2B500C5F80C45601C0FD0012603A81D
:107220000394FFF7ABFF039B06FA03F38360324638
:107230002FE0661CC5F8144540F092800BF1040B5A
:10724000BBE7C5F80845E7E7C5F81045621CF5D06F
:10725000002600221DE0621CC5F80845EED000267D
:1072600004E0C5F80C45631CE8D0012603A803948C
:10727000FFF784FF0122039B02FA03F3C36008E0D7
:10728000C5F80845002FE1D1631CD7D0002606279A
:107290003246DBF80030039403F40040002818BFA6
:1072A000002203A818BF012601930092FFF766FF92
:1072B000039C019B00EB8400D0F80042C3F3412CF7
:1072C000009A3B0243EA8C03134304EA0A04234373
:1072D00043EA4603C0F80032B0E7C5F80C45D1E7F1
:1072E000C5F86445BFE7C5F86445AFE7C5F868452C
:1072F000B9E7C5F86845A9E7C5F86C45A6E7C5F83C
:107300007045B0E7C5F86045ADE7C5F86045661C57
:10731000DBF8003092D0C3F30043002B7FF47EAF44
:10732000A3E7C5F86445F2E7C5F86845EFE7C5F897
:107330006C45ECE7C5F82445601C3FF47FAF01269F
:1073400087E7C5F8284567E7C5F83045F4E7C5F88D
:107350003445F1E7C5F83845EEE7C5F83C455BE74D
:10736000002664E76FF015002AE76FF0850027E735
:10737000F8EF0000F0F0FCFF2DE9F04104460D4667
:10738000476805F0D8FB4FF0200888B9264B1B78DA
:1073900073B16426606805F001F9F0B9012005F0C9
:1073A0004AF9013EF6D10021212005F07BFCF0E7EF
:1073B000EFF31186314688F31288BFF36F8F606850
:1073C00005F0ECF8A8B986F31188BFF36F8FEFE7EB
:1073D00086F31188BFF36F8FE5E7EFF3118631462F
:1073E00088F31288BFF36F8F606805F0D7F8002824
:1073F000EED0FB6900201D706368FA691B68C3F852
:1074000044250122C3F84825C3F82001D3F82041C0
:10741000C3F85801D3F858019A6081F31188BFF37B
:107420006F8FBDE8F08100BF7A290020F7B50546CF
:10743000002201210820FCF755F80820FCF722F86B
:107440006B681A691868C0F82425997D5A7D0A432B
:10745000198B1B7D0B431343C0F86C356E68D6E95E
:10746000004313F0010350D02F6907F1080000F02A
:10747000A9FB334B984208D032480121324A04F02C
:1074800072FB6FF0040003B0F0BD387A04F10C0217
:1074900004F5907105F0DBF8387A012707FA00F05F
:1074A00000F08AFB0823C4F80035F369C4F84435BA
:1074B0000023C4F84835A760D4F85831002BFBD01E
:1074C0000021C4F800156B6801AADC68204605F0AD
:1074D00038F8002805DB019B226819791868FFF746
:1074E0005FFE08216A681368C3F80015117A51B964
:1074F000126AC3F834250122C3F83825C3F81011E5
:10750000D3F810111A600020BDE70822C4F8002546
:10751000F269C4F84425C4F848350123A360D4F8BF
:107520002031002BFBD00023C4F82031D4F82031C7
:107530000123E3604FF48073C4F80433BCE700BF59
:107540000000AD0B70D5000001F000000123834066
:1075500070B5DC430B4AD2E8EF1F01EA0405C2E82C
:10756000E65F002EF7D14FF4803282400648C0F823
:107570000823BFF35F8FBFF36F8F0B4214BF01204F
:10758000002070BD642600200050015070B40E49E8
:1075900022F07F46D1E90034D01AC31844F1000428
:1075A000C1E90034A6F50013B3F5400F09D2074B2B
:1075B0001B681A0A1B069C19054B42F10005C3E91A
:1075C000004570BC02F01EBE781000206826002026
:1075D00080100020D9B101230D4A8340D2E8EFCFBB
:1075E0004CEA030CC2E8E1CF0029F7D14FF4803315
:1075F000084A8340C2F80433074BD3E8AF3FC34087
:10760000DB0742BF4FF40012044BC3F80021704760
:1076100064260020005001506026002000E100E0B8
:107620000D4B1868010A0006BFF35F8F0B4BD3F8B0
:107630000435181841F10001B3F5801F0AD2084B38
:10764000D3E90023904271EB030303D210F1807061
:1076500041F10001704700BF682600200050015032
:10766000801000202DE9F04F85B016461F460446D5
:107670009DF840A0FFF76AFF0190FFF7D1FFB042ED
:1076800071EB070352D23B4B301A67EB0101984272
:1076900071F100014DD2384B03EB0413D3E90223FF
:1076A0009F4208BF964258D04FF48038334908FAB9
:1076B00004F8204626F07F4BC1F8488304F09FFF72
:1076C0004FF00309584604F15005AD00ADB205F185
:1076D000502504F5A87305F580350293029A20F031
:1076E0007F4341F82230C1F84483D1F80435244A5D
:1076F000C01A033820F07F4090422ED9286868B124
:10770000D1F80435A3EB0B0020F07F40B0F5000F5B
:10771000039322D9204604F072FF039BBAF1000FB5
:1077200007D109EB030009F10109D7E7BAF1000F0E
:1077300009D06FF0150520460199FFF74BFF284649
:1077400005B0BDE8F08F01230E4AA340D2E8EF0F49
:107750001843C2E8E10F0029F8D107490E98230128
:10776000C8500F9B01EB04120025C2E90267536069
:10777000E1E700BF010080006810002000500150C8
:10778000FDFF7F00602600207FB500254FF0FF3011
:107790004FF0FF31194C1A4B0226C4F80833C4F8D5
:1077A0004833184BC4F80855C3E902014FF480333D
:1077B0004FF40012C4F80433134B0121C4F80463DE
:1077C0001520C3F880212A46FBF78CFE1520FBF715
:1077D00059FE01230D4AA360236013600C4B0D4A30
:1077E000009328460023CDE90155FFF73BFF3046C3
:1077F000FEF702FA284604B070BD00BF00500150E9
:1078000003000F006810002000E100E06426002063
:107810008D750000FFFF7F002DE9F7432E4BD3F855
:10782000042390070BD5D3F8042142B10022C3F8FA
:1078300004212A4AD3F80431136801331360264A1D
:10784000D2F80433D90326D5254BD3E8EF1F21F016
:107850000100C3E8E40F002CF7D1CB0702D4D2F823
:107860004031C3B100251C4CC4F84051D4F840311C
:10787000FFF7D6FEEFF31182202383F31288BFF3C4
:107880006F8F184BD3E90267B042B94106D282F339
:107890001188BFF36F8F03B0BDE8F0834FF0FF385E
:1078A000D3E900104FF0FF391D60C3E902894FF49E
:1078B0008033C4F84833C4F84051D4F8403182F3DF
:1078C0001188BFF36F8F0029E5D0009032463B4608
:1078D00028468847DFE700BF005001506826002097
:1078E000602600206810002030B5431C124C85B083
:1078F00005D08442A8BF0446012CB8BF0124FFF77D
:107900008FFE0E4B0C4DD3E90013401AB0F5000F5B
:107910000FD22218AA4228BF2A460020521808492E
:10792000CDE90100009143F10003FFF79BFE05B094
:1079300030BD2A46F1E700BFFFFF7F00781000202E
:107940008D75000008B5FFF76BFE024B1B68C01A6F
:1079500008BD00BF781000204FF47F03D3F830211A
:10796000D3F83431072A05D1023B032B02D8024A4F
:10797000D05C70470020704742F0000008B5FFF768
:10798000EBFF58B1644BD3F8202A3AB90D21C3F864
:10799000201A0121C3F81C19C3F81C290022D300A6
:1079A00003F57F03D3F80013013107D0D3F8001398
:1079B0000132D3F80433202A0B60F0D1FFF7CCFF5B
:1079C000002840F0A080FFF7C7FF40B1534B544A56
:1079D000C3F830254FF050230122C3F858254FF447
:1079E0007F03D3F83021D3F83431072A09D1023B81
:1079F000032B06D84B4AD35C1BB100224A4BC3F879
:107A00004C25FFF7A9FF50B14FF05023D3F80024C5
:107A1000D10742BF0022C3F81421C3F818214FF444
:107A20007F03D3F83021D3F83431072A09D14FF03E
:107A30005023D3F80024D20744BF6FF00102C3F8EB
:107A40000024FFF789FF18B16522334BC3F80C27D8
:107A50004FF47F03D3F83021D3F83431072A16D1FD
:107A6000314BD3F82034002B11DA4FF0502303228E
:107A7000C3F8182501229A60D3F80421002AFBD00C
:107A80000022C3F804210122DA60C3F818254FF45C
:107A90007F03D3F83021D3F83431072A23D1023BB6
:107AA000032B02D8214AD35CEBB17E221A4B1B492F
:107AB000C3F80C27C3F83C297F231D4AC2F81831AC
:107AC0000023C1F8043EC1F8083E01F54821C1F881
:107AD0001031C2F82431C2F82C3102F5FF1202F540
:107AE0008052C2F8A032134AD2F88C3043F440637B
:107AF000C2F88C30104A114B1168C3F84415D26992
:107B0000C3F84C2508BD2922034BC3F80C270322D8
:107B1000C3F83C2757E700BF0040005000900350D7
:107B20004400EFBE3EF00000002003503AF0000099
:107B30000020005000ED00E00080FF0000600050D9
:107B400030B50468ACB1B4FA84F30122C3F11F0369
:107B5000DBB29A4024EA0202D0E8EF5FA54204D1EA
:107B6000C0E8EC2FBCF1000FF6D1EAD102480B704F
:107B700030BD0248FCE700BF0000AD0B0200AD0BBA
:107B800010B50368CB40DB0710D401238B4002689B
:107B900043EA0201D0E8EF4F944204D1C0E8EC1F61
:107BA000BCF1000FF6D1F2D1014810BD0148FCE74D
:107BB0000000AD0B0400AD0B014BC3F8040570478A
:107BC000007001500146014800F048B9380100201A
:107BD0000328F7B506462ED84FF05021364B374ACA
:107BE00033F81000925DC1F8080300250A44012112
:107BF00042F210744FF05027314B116033F81630B9
:107C00008E4203F150231D601B688DF8071008BFDA
:107C10000DF10705022E32D0032E40D0012E1CD0CC
:107C2000D7F8183403F480333DB923B1012004F0B0
:107C300002FD013CF0D103B0F0BDD7F8182402F0EA
:107C400003022A70002BF6D09DF807000128F2D11C
:107C500004F0F1FC013CDDD1EDE7D7F80C3403F47E
:107C600080333DB9002BE6D0012004F0E4FC013C58
:107C7000F3D1E0E7D7F80C2402F00102E1E7D7F8EE
:107C80005C3403F480333DB9002BD4D0012004F0E0
:107C9000D2FC013CF3D1CEE7D7F85C24ECE7D7F86F
:107CA0005434DB03C7D5002DCED1012004F0C3FC32
:107CB000013CF4D1BFE700BF66DB000046F00000E6
:107CC0005EDB0000044B1A7922B9012218601A7198
:107CD00002487047024870476C2600200000AD0B38
:107CE0000C00AD0B08B50B4B1B6833B10520FBF73F
:107CF000EBFB10B90520FBF7C5FB4FF05022012329
:107D0000C2F81835C2F81435C2F88035024A13702B
:107D100008BD00BF6C2600207829002010B503287C
:107D200045D8DFE800F01802554F00224FF4807369
:107D30000121002003F1502318601C68012402F186
:107D400050221460284A1268002A47D04FF050236E
:107D5000C3F804132BE04FF05023D3F81814D3F8D2
:107D60001824C90312D502F00303022B05D0012BFE
:107D700002D00020FFF72CFF01234FF050220221F8
:107D8000C2F8183508224FF48273D2E7D3F81424CE
:107D9000D207F1D5D3F81C2402F00302013A012ADC
:107DA000E7D8114A12681AB10222C3F8042310BDA1
:107DB000D3F80421002AFBD00022C3F80421D3F811
:107DC0000431F4E718224FF490734FF48071B0E758
:107DD00020224FF492734FF40071AAE71A68002A28
:107DE000FCD018601B68E2E76C260020F8B54FF065
:107DF000502301250026D3F80443174F04B9F8BDDA
:107E0000B4FA84F0C0F11F00830003F580739BB2C5
:107E100003F1502305FA00F2196892B224EA020431
:107E20000029EBD01E601B684FF05023022AC3F8D4
:107E300008230DD1D3F81814D3F8181401F0030156
:107E4000012905D1C3F81825C3F804239960D5E7A3
:107E50003B68C0B29847D1E76C2600200079024BFE
:107E600003EB0010FFF76CBE40010020036803F035
:107E70001F025B09026004D0012B034818BF0020D9
:107E800070470248704700BF002884500025845086
:107E9000034A4309D35C00F01F001844C0B2704786
:107EA0004AF0000070B50546FFF7F2FF0C4C0830B1
:107EB00034F810300E46DA0508D5C3F3432304EB3B
:107EC000C302284654F8333052689847A3682BB150
:107ED00031462846E268BDE87040184770BD00BFD3
:107EE0005001002008B5FFF7D3FF034B083033F8EB
:107EF0001000400B08BD00BF5001002008B5FFF77F
:107F0000C7FF034B083033F81000C0F3400008BD32
:107F10005001002008B5FFF7BBFF034B083033F8D2
:107F20001000C0F3401008BD50010020034611F0BE
:107F3000010010B5CCB20BD1A207C4F340000DD59F
:107F4000074A106A58601062003818BF012005E027
:107F500004490A6A1A600A62002AEDD010BD00BF07
:107F6000002884500025845010B5FFF791FF124A75
:107F7000083032F81030D9051CD5C3F3432123F45F
:107F8000F85322F81030002002F10E0434F8023FBA
:107F900013F4807F03D0C3F3432399420AD0013006
:107FA0003028F3D1002342F831300448BDE81040B6
:107FB000FFF7E6BD10BD00BF50010020C801002042
:107FC000F0B5054600200126044607468C420BD139
:107FD000114BD3F87C2132B10022C3F87C21D3F8B5
:107FE0007C3140F00040F0BDE3B29B0003F58072AD
:107FF0009B0806FA03F31D420BD002F1A04202F5E2
:108000005042D2F800C0BCF1000F02D017601268D5
:1080100018430134DAE700BF00D00050F7B5064638
:108020000846FFF735FF1A4F00F1080537F81530FD
:108030000C46DB072AD5304604F06AFB2046FFF7E2
:1080400069FF58B12046FFF74DFF0022316800B2AA
:1080500001EB8003C3F81025C3F810252046FFF775
:1080600083FF002301A827F815300194FFF7FEFED7
:10807000019B00EB8300D0F80022064B134043F035
:108080000203C0F80032044803B0F0BD0348FBE728
:1080900050010020F0F0FCFF0000AD0B0400AD0B20
:1080A0002DE9F0431646804685B00846FFF7F0FEFE
:1080B0000D463168044609B32846FFF71FFF18B183
:1080C0002846FFF727FF10BB00230DF10F02CDE973
:1080D00000338DF80E308DF80F3028460B460DF129
:1080E0000E0104F0BDFA484A04F1080132F81130DB
:1080F00023F0020343F0010322F8113073687BB3CD
:1081000028461F785968FFF7F9FE10B1E9B13F48DA
:1081100029E03D4A04F1080032F8103023F0200332
:10812000DB04DB0C22F8103079B1032FEFD8716833
:10813000D1F804E0D8F800109EF800C001EB8C01E3
:10814000A7B9C1F81075C1F810752F4A04F10801DC
:1081500032F8113023F01C0343EA870322F8113070
:10816000B3683BBB2A4805B0BDE8F083D1F810E501
:1081700043EA4C332EF0030EC1F810E5D8F8001096
:1081800043F0200301EB8C0EDEF8101522F81030BE
:1081900021F44F3121F44071CEF810152902DEF898
:1081A000108501F47C5141EA074141EA0801CEF80B
:1081B0001015CAE72846D3E90067FFF7D5FE002E61
:1081C000D0D0114DD5E90023964203D19F4201D171
:1081D000002209E00F480DF10F01FFF7B1FC0C4B35
:1081E0009842C0D19DF80F2005EBC20308345F60B0
:1081F00035F8143045F8326043EA422343F4807383
:1082000025F81430AEE700BF500100200400AD0B8C
:108210000000AD0BC80100202DE9F0430C4680465C
:1082200085B0204611461D46FFF732FE064629B3AB
:108230002046FFF763FE18B92046FFF76BFE18BB18
:10824000334F06F1080937F8193013F01C0F02D02C
:108250004B78012B18D001238DF80F3000234A1CD6
:10826000CDE9001320468B1C0DF10F0104F0F8F945
:1082700037F8193043F0030327F81930002D44D0A4
:108280002046FFF73BFE18B9224805B0BDE8F08351
:10829000002295F800C0D8F800301D4F03EB8C0386
:1082A000C3F81025C3F8102506F1080237F812109C
:1082B0004FEA8C0E21F02001C904C90C27F81210D6
:1082C0006E7816B3D8F80000AD787044D0F8103549
:1082D000360423F4991323F4F853C0F8103523021D
:1082E00003F47C5306F440362D05D0F810E53343F3
:1082F00005F480152B4341EA4C3143EA0E0341F06B
:108300002001C0F8103527F812100348BDE700BF60
:10831000500100200400AD0B0000AD0B014BC3E980
:10832000021270475001002010B508461446FFF7AE
:10833000F1FD50B10846FFF7ABFD054B083033F8AF
:10834000103004485B0B237010BD0348FCE700BFEE
:10835000500100200000AD0B0400AD0B70B5154DB1
:10836000064695F880401CBB2146602205F11000AE
:1083700004F013FE214630682E6F8E420ED100238A
:10838000C0F87C31D0F87C3140F30730FBF77AF845
:108390000123094885F88030AB6770BDCBB29B00E4
:1083A00003F580727C2B04BF845083580131E4E7CD
:1083B0000248F2E7500100200000AD0B0C00AD0BAD
:1083C000034B93F88000003818BF0120704700BFAE
:1083D000500100200148FFF7D3BB00BFC4010020BB
:1083E0000148FFF7ADBB00BFC401002073B50368AF
:1083F0001646D3F804230546002AA8BF4FF00042D2
:108400000846A8BFC3F804230C46FFF783FD00B35A
:108410000846FFF773FD0146D8B92046FFF762FD15
:1084200004B2A4000346286804F5807281502968CC
:1084300082582144D1F8102542F00102C1F81025DC
:108440002EB10122296802FA03F3C1F8043302B005
:1084500070BD2046FFF71CFD0E4B083033F810307E
:10846000C3F38203042B11D0052B11D001A8019472
:10847000FFF7FCFC019A0369D34003F00103991C48
:10848000204602B0BDE8704004F033B90321F7E79D
:108490000221F5E7500100202DE9F04F684BDFF88D
:1084A000A481D3F80403D8F87010C0B289B040F0AA
:1084B0000040FFF785FD051E2FDAC24600235AF85B
:1084C0007C1F06A8CDE90633FFF730FD4FF0000B07
:1084D0005D4B0DF118090193019A12F8013B0192CD
:1084E000DA081AF8022003F0070322FA03F3DA0786
:1084F0001CD409F10409BBF1000F14D0D8F8701096
:108500004FF00040FFF75CFDD8F87C1006A8FFF79D
:108510000DFD0028DAD125F000450124002D76D18B
:1085200009B0BDE8F08F4FF0010BD5E7474B5B4436
:108530000293D9F800100029DBD091FAA1F1B1FA29
:1085400081F1029B1C7841EA44142046FFF7A0FC0D
:10855000083038F81070C808BB080393012319F8D5
:10856000002001F0070103FA01F122EA010209F8F3
:10857000002005A80594FFF779FC059A039B80323B
:1085800050F82220C7F382065B073746C2F3014248
:1085900022D520463946D6B2FFF784FC05A80594BB
:1085A000FFF764FC059B803350F82330C3F301438D
:1085B0009E4207D10021204604F09BF83146204618
:1085C00004F097F805A80594FFF750FC0122059BDD
:1085D00002FA03F30362ACE7022A0CD1032120461E
:1085E00004F087F806F00503012BEBD1394620464D
:1085F000FFF758FCE6E702212046039204F079F8E1
:10860000032EF3D0039A032ADCD1022EEDE795FA6C
:10861000A5F3B3FA83F304FA03F29B0003F1A0433A
:1086200003F55043D3F81005D3F81015C0F3052017
:10863000C1F3014125EA0205FFF734FC6EE700BFF4
:1086400000D00050500100205AF000005AF0000005
:1086500010B500F01F0440090ED001280ED10A4BBE
:1086600003EB8403D3F80042084841EA420120406A
:108670000143C3F8001210BD054BF1E7002380341D
:1086800053F82430FFDE00BF00288450F0F0FCFFD8
:10869000002584502DE9F04F634E037989B05F01C6
:1086A00006EB43131B7905460C460792002B40F05E
:1086B000B88091F820300A7E497D002975D094F861
:1086C00023302068002B00F0A28094F8203094F82A
:1086D00019E00193236894F816A00293636894F854
:1086E00017900393A36894F818800493E36894F8B0
:1086F00015B005932369E26906932B6894F821C0AD
:1087000094F8220094F82410C3F804B5C3F824A503
:10871000C3F82095C3F81C85C3F828E5DDF804E00C
:10872000C3F818E5002A78D14CEA0020C3F81025D8
:10873000C3F82C0571B9029AC3F86425039AC3F8EB
:108740006825049AC3F86025059AC3F87025069A2F
:10875000C3F86C25079B94F82420F35194F8233038
:1087600006EB07089B0143EAC21398F8052002F0C4
:108770003F02134388F8053000232868C0F804310D
:10878000D0F80421C0F81431D0F81421C0F8083111
:10879000D0F8083140F30730FAF774FE012323487C
:1087A00088F8043009B0BDE8F08F012A03D1012B0D
:1087B0000BD11F48F6E7022A23D1082B05D840F237
:1087C000551222FA03F3D807F3D494F82330002B80
:1087D0007FF47BAF206803F0CBFF606803F0C8FF35
:1087E000A068411C01D003F0C3FFE068421C01D027
:1087F00003F0BEFF2069431C3FF467AF03F0B0FFF6
:1088000063E7032AE1D1012BD3D9032BD0E703F08F
:10881000A7FF606803F0A4FFE2E7C3F81425012274
:1088200082E70448BEE700BF742600200000AD0BBD
:108830000400AD0B0C00AD0B70B5354B027904464E
:10884000550103EB42121279012A5CD10A6822B168
:1088500002F06040B0F1005F57D1486820B100F0ED
:108860006040B0F1005F50D1003A18BF01222B44A4
:10887000587903F1080562F3000058714A6801262F
:10888000101E18BF01205A7922F01E0242EA40024F
:108890005A7107C985E807000022C3E9052221684B
:1088A000C1F80065022119712168C1F80421D1F8CD
:1088B00004112168C1F814215D79D1F8142105FA59
:1088C00006F22D0102F0020205F0200521682A437C
:1088D00042F00402C1F804232268D9681B8AC2F856
:1088E0005035C2F83805003818BF0120C2F8080515
:1088F000C2F84015003918BF0121C2F80C152368D1
:1089000004481E6070BD0448FCE70448FAE700BF55
:10891000742600200000AD0B0500AD0B0A00AD0B66
:1089200070B51C4B0279550103EB42125279D20605
:108930002BD50C6824B104F06042B2F1005F26D15F
:108940004A6822B102F06046B6F1005F1FD10068AC
:108950000E892B44C0F85065C0F83845003C18BF5C
:108960000124C0F80845C0F84025003A18BF01228C
:1089700003F10804C0F80C2507C984E807005A79F8
:1089800005486FF304125A7170BD0448FCE70448AF
:10899000FAE700BF742600200000AD0B0500AD0B08
:1089A0000A00AD0B0279074B03EB42135A796FF3C0
:1089B00004125A7122220368C3F8082301220368B3
:1089C0005A607047742600202DE9F8430446067962
:1089D000FFF7E8FF00681A4D40F30730FAF760FD33
:1089E000002223687701C3F8002505EB461673794A
:1089F00059061FD42368D3F86405D3F86895D3F8D3
:108A00006085D3F87065D3F86C4503F0ADFE484639
:108A100003F0AAFEB8F1FF3F02D0404603F0A4FEE7
:108A2000721C02D0304603F09FFE631C02D0204629
:108A300003F09AFE00233D442B71BDE8F88300BF8C
:108A400074260020F0B5444A85B0D2F814312BB119
:108A50000023C2F81431D2F814312023D2F80411C3
:108A600031B10021C2F80411D2F8042143F002030D
:108A7000394AD2F8081131B10021C2F80811D2F8F0
:108A8000082143F0040313F0200F344C0AD062791C
:108A900042F0080202F012011229627104BF42F092
:108AA000200262719E070AD5627942F0040202F048
:108AB00011011129627104BF42F0200262715D0749
:108AC00016D500210422244B254DC3F80823C3F8F2
:108AD0000015284655F8143C9847012302212371BC
:108AE00055F8143CA5F10C0005B0BDE8F04018475E
:108AF000637903F00F020F2A08D0D80701D41907B1
:108B000004D46279920724D45B0722D5637927685D
:108B100013F0200603F0F30508D025F0300545F0EA
:108B20001005012100203B466571DDE70C4B0DF17E
:108B3000040C45F0100593E8070065718CE8070008
:108B400013E90700C4E9026683E8070001216046D3
:108B5000B84705B0F0BD00BF008002507426002069
:108B60008826002010B5174C23784BBB0378164A93
:108B7000C3F34003C2F8003B037803F00103C2F8DB
:108B800004370378DB0710D54FF47F03D3F8301197
:108B9000D3F83431072908D1023B032B05D80B4900
:108BA000CB5C13B10123C2F828370520FAF78CFCFF
:108BB00010B90520FAF766FC01230548237010BDA3
:108BC0000448FCE779290020004000505CF00000D8
:108BD0000000AD0B0C00AD0B4FF0502310B5D3F8D7
:108BE000044361070AD5D3F808213AB10022C3F83B
:108BF0000821D3F80831124B1B689847A2060CD500
:108C00004FF05023D3F814213AB10020C3F81401D7
:108C1000D3F814310B4B1B68984763060FD54FF000
:108C20005023D3F8182152B10022C3F81821D3F8E9
:108C30001831044B0120BDE810401B68184710BDD7
:108C400098260020942600200722024BC3F8042314
:108C5000704700BF007003500722024BC3F808237F
:108C6000704700BF00700350072208B5044B37203F
:108C7000C3F80823FAF714FC0022024B1A6008BD5F
:108C8000007003509C26002010B50446FFF7ECFF4F
:108C90002268054B37201A600022044BC3F80821D4
:108CA000BDE81040FAF7EEBB9C2600200070035090
:108CB00010B5114CD4F800312BB100200F4BC4F883
:108CC00000011B689847D4F8043133B10023C4F87D
:108CD00004310A4B01201B689847074BD3F8082141
:108CE00042B10022C3F80821044B0220BDE8104025
:108CF0001B68184710BD00BF007003509C26002061
:108D000070B5044688B10378C3B10D4D0D4EB54220
:108D100001D3002409E02968A14208D1284603F0C4
:108D200037FD002814BF2C460024204670BD204685
:108D3000F7F72AFA0028F1D01435E8E71C46F4E7E3
:108D40006CD1000034D2000010B50446F8F708FCDE
:108D500003480121034A02F006FF204603F023FDE9
:108D600060D5000060F000002DE9F84304460D4690
:108D700000AFEFF31188202383F31288BFF36F8FC6
:108D80000428294A98BF294BE9468AB09668117C85
:108D900098BF53F820306A4688BF254BC2E9073197
:108DA00040F2013323489384234BC2E9050442F87F
:108DB000103F00234FF431512048F8F7B5FCCD4661
:108DC00045B1EB69C3F3080323B101211C4A1B48D9
:108DD00002F0C9FE2EB1304603F0B6FE08B10378AA
:108DE00003B91848E9468AB06A46174BD061C2E910
:108DF000053640F201331384144B42F8103F002330
:108E00004FF411510D48F8F78FFC2946CD46204606
:108E1000FFF79AFF88F31188BFF36F8F3046FAF798
:108E2000D5FABD46BDE8F883A026002094D90000FD
:108E30006FF0000085F000000500000160D5000023
:108E4000ADF000007DF00000CEF000000400000155
:108E500038B5094B53F82040013053F82050A54253
:108E600000D838BD636823B1204603F0A4FC083461
:108E7000F5E723689847FAE7A8D90000012270B502
:108E80002A4B032086B01A70FFF7E2FFF9F766FE5F
:108E900003F0ADFC0420FFF7DBFF254C254D2646F3
:108EA000AE4204F1300410D300F0AEFE204C224E4E
:108EB000AC4226D300F0BCFEF7F74EFB1F4A137BF3
:108EC00023F00103137306B070BD54F80C3C0593F6
:108ED00054F8103C049354F8143C039354F8183C91
:108EE000029354F81C3C019354F8203C009354E93D
:108EF0000A2354E90C0100F0ABFC54F8303C5E65E9
:108F0000CDE7D4E90A23B3F1FF3F08BFB2F1FF3F39
:108F100005D052EA0301206803D100F067FF303426
:108F2000C6E73146183001F0F7F8F8E77A29002053
:108F300060D4000090D400003BCC00000811002059
:108F400008B50348034A0021121A03F04CFC08BD7F
:108F5000300400207C2900200023012270B586B057
:108F6000CDE904230F220193CDE9023214234FF4FB
:108F7000A0720E4D0E4E03FB00550E4906EBC016B7
:108F8000044602FB00110C4B3046009500F060FCDB
:108F9000737B2C7423F004037373084B013403EBCD
:108FA000C423EE606B6006B070BD00BFA026002039
:108FB00088100020803C0020AFC8000080340020D2
:108FC000BFB50020FFF744FF2D4B03F5006282F38D
:108FD000088883F30A880024E0232A4D2A4E85F866
:108FE0002230EC772C766C76AC7685F820406B6A74
:108FF000264F43F4E0236B6285F82340FAF764F9C7
:10900000FAF7DEFA4FF0FF33AB62EB62FAF77CFC63
:10901000FAF7FAFAF8F714FA40F201121C4B1D4D58
:109020009A81B360C3E91844DC6603F0B0FB012009
:10903000FFF70EFF0220FFF70BFF00F02DFE164B8F
:1090400075610593012315494FF48062CDE903430F
:1090500028463B46CDE90144009400F0F9FB064662
:109060006A7B284622F004026A7303F0A9FD2046B9
:10907000FFF772FF3A4631462846FAF781FA00BFF9
:109080008034002000ED00E0A02600207D8E00004E
:1090900028120020081100203DDC0000C03D002007
:1090A000002038B5054C064DAC4200D338BD2046F3
:1090B00003F09EFB0028F9DB1C34F5E78C0200204E
:1090C000C402002073B50C46EFF31181202585F30F
:1090D0001288BFF36F8FC5685DB125602B68C360D0
:1090E000836901338361002081F31188BFF36F8F9F
:1090F00011E052EA030603D16FF00B002560F3E79D
:10910000CDE900230246083000F0DEFC18B9034B1D
:109110009B685B69236002B070BD00BFA026002081
:109120002DE9F34104460E4600F10807EFF31188DC
:10913000202181F31288BFF36F8F006AE1688842B3
:109140002CD22568AC4216D0ADB1284603F0BAFB4C
:1091500005F1180003F0FAFDA268002431466869A1
:1091600003F0F4FE2846AC6703F02AFD414638467A
:1091700000F024FD20E0A268E069314603F0E6FE3D
:10918000E369A26813446269E361934204BF2369FF
:10919000E361236A013323620024E7E752EA030113
:1091A0000ED00949384689684E61CDE90023414611
:1091B000224600F089FC0446204602B0BDE8F0815A
:1091C0006FF02204D2E700BFA0260020F7B50446C6
:1091D000084604F10807EFF31186202181F3128875
:1091E000BFF36F8F216A002939D0A268A16903F00B
:1091F000ADFEA369A268256813446269A361934226
:1092000004BF2369A361236AAC4203F1FF332362E5
:1092100033D02846002D31D003F054FB05F118005F
:1092200003F094FDA2686969E06903F08FFEE369C9
:10923000A268284613446269E361934204BF23692C
:10924000E361236A013323620024AC6703F0B8FCB6
:109250003846314600F0B2FC204603B0F0BD52EA79
:10926000030110D0094989684861CDE900233146DE
:109270002246384600F028FCEFE7002086F31188EC
:10928000BFF36F8FE9E76FF02200F7E7A026002019
:109290002DE9F341044617461E46EFF311882023BB
:1092A00083F31288BFF36F8FC368334A7BB1806842
:1092B0009168884219D057EA060318D188F31188BB
:1092C000BFF36F8F6FF00F0002B0BDE8F0819168BF
:1092D00091F90E100133E36093682161A36088F374
:1092E0001188BFF36F8F0020EEE72169F2E791F953
:1092F0000E1090F90E306FF07E029942A8BF194609
:109300009142B8BF11468B422DDD03F0F7FA0546B6
:1093100022464146CDE90076184800F0D5FB0028EA
:10932000E1D0EFF31186202383F31288BFF36F8F10
:10933000A068D0B1236821699C420AD04BB193F94F
:109340000E309942A8BF19466FF07E039942B8BF0C
:10935000194603F0D3FA40B13146084800F02EFC1C
:109360006FF00A00B0E70025D2E7002DF4D186F3B4
:109370001188BFF36F8FF3E7A02600207B29002020
:10938000F8B583680546002B3FD0234A9268934284
:109390003ED1C368012B03D9013BC3600020F8BD57
:1093A000EFF31187202383F31288BFF36F8F0169D6
:1093B000806803F0A3FA2C68AC4207D10023C5E90A
:1093C000023387F31188BFF36F8FE7E7002CF5D0E6
:1093D000D4E90032002613605A60637BC4E900665A
:1093E00023F002036373A66004F1180003F0AEFCDF
:1093F000AC6094F90E3020462B61A66703F0E0FBC9
:109400003946064800F0DAFBC8E76FF01500C6E7FA
:109410004FF0FF30C3E700BFA02600207B290020CB
:1094200037B51146EFF31185202282F31288BFF37E
:109430006F8F04689CB12368426823F00303944251
:10944000036008BF43600121204603F0DAFA0446B6
:1094500085F31188BFF36F8F204603B030BD51EA0A
:109460000302F5D000F10802CDE9001310462946A9
:1094700000F02AFB0028EFD1014B9B685C69EBE709
:10948000A026002070B5EFF31186202383F3128805
:10949000BFF36F8F0468A0421AD0CCB1D4E9003278
:1094A000002513605A60637BC4E9005523F0020372
:1094B0006373A56004F1180003F048FC2046A5671B
:1094C00003F07EFB3146BDE87040074800F076BBF4
:1094D000D0E902329A4218BF0133836086F31188C3
:1094E000BFF36F8F70BD00BF7B29002013B5EFF372
:1094F0001181202484F31288BFF36F8F846844B1F4
:10950000013C846081F31188BFF36F8F002002B0AB
:1095100010BD52EA030406D181F31188BFF36F8FA7
:109520006FF00F00F3E7CDE900230246014800F099
:10953000CBFAECE77B2900201FB5094A02AB92E881
:1095400003004FF4806283E80300009305494FF065
:10955000FF33054800F00AF9002005B05DF804FB70
:10956000D0D50000C0410020881100202DE9FF4126
:10957000044620274E4EEFF3118887F31288BFF37D
:109580006F8FD4F88050F5B9022104F1980003F0F0
:109590005BFA002868D004F19005002201212846DA
:1095A00003F099FB0028F8D100234FF0FF3202931B
:1095B0004FF0FF334146CDE900233E4804F18802D5
:1095C00000F0C8FCD7E7D4F884202B689542C4F893
:1095D000803008BFC4F88430D4F8983043F00203D8
:1095E000C4F89830EB6823F0040343F00103EB6008
:1095F0006B6888F31188BFF36F8F28469847EFF3A5
:10960000118887F31288BFF36F8FEB68D80623F0B9
:10961000010236D4EA60EB689A0716D5306823F069
:109620000203EB6088B10021036870B14268954283
:1096300035D1036869BB72683360824200D17360C0
:10964000002340F8083BFFF71DFFD4F8983023F0C3
:109650000203C4F8983088F31188BFF36F8FDB05DD
:1096600089D400F021FB86E7D4F89830D9069BD541
:10967000C4F8980088F31188BFF36F8F04B0BDE879
:10968000F08123F01103EB6005F11000FFF7FAFE03
:10969000C1E70B607368834208BF7160D0E723B1F4
:1096A0001A68014618461346BFE71A46F9E700BF95
:1096B000C02600207B290020F8B5C36804469A071D
:1096C0000F46C3F340062CD45B071AD40B680BB9C2
:1096D00083680B60E368DD0742BFA36802263B6036
:1096E0003D6858BF0126002D3AD01F4B9B68AB4206
:1096F0000AD0D5F89830D807C3F3800214D46FF09D
:10970000120600233B6025E003F015FAD5F89830E7
:109710000028F0D1D907C3F3C002F0D552B15B07DE
:1097200008D46FF00F06ECE7002AFAD1C3F3C003A8
:10973000002BF6D100232360D5F8843063B9C5E946
:109740002044284603F09AF9E36843F00403E360F9
:109750003B68A3603046F8BD1C60C5F88440F0E764
:109760006FF01506CDE700BFA0260020F0B5044637
:10977000002089B0C4E920000E9D04F18800C4E9EE
:10978000220004F19000C4E924004DB32879002898
:1097900040F2011008BF0120C4F8980000204FF0EB
:1097A000FF364FF0FF37CDE90330CDE90100CDE9B9
:1097B000066720460B4B009400F088F855B12968E5
:1097C00011B1204603F0BDF96B791BB1237B43F047
:1097D00001032373204609B0BDE8F04000F006BB4A
:1097E0000120D9E76D950000F7B50C4616461D46D9
:1097F0000190EFF31187202383F31288BFF36F8F5B
:10980000084603F02CF955EA060309D1204601A9C0
:10981000FFF752FF87F31188BFF36F8F03B0F0BDDE
:10982000E36804F1100043F00803E360019B324653
:10983000A36203492B4600F06FFC0120EAE700BF5A
:109840008BCA000001460148FFF7CEBF88110020F7
:109850002DE9F043984685B000F15803C0E916336E
:10986000109B002603730423073222F0070543737D
:109870000F9B01EB05090F4683734946C0E9066655
:109880008660C6730446F9F7D5FA0E9B073020F0C0
:109890000700A066C4E9187502930D9BA9EB0009A7
:1098A00001930C9B4A460093394643462046F9F7FC
:1098B0004BFE054B66659B6803B1DB6E4846E3666D
:1098C00005B0BDE8F08300BFA0260020F0B500255C
:1098D00087B00595109DDDE9127604950F9D04462D
:1098E00003950E9D02950D9D01950C9D0095FFF72A
:1098F000AFFFB6F1FF3F08BFB7F1FF3F05D056EA13
:10990000070305D1204600F071FA204607B0F0BDEC
:109910003A463346024904F1180000F0FDFBF4E733
:109920003BCC00006FF00A01084A93689967084928
:1099300058674B6843F080534B60002383F31188D2
:10994000BFF36F8F9368986F704700BFA026002009
:1099500000ED00E070B590F90D20437B002A39DB63
:10996000D90637D18269002A34D11D4C63F07F03B8
:109970002246437352F8183F93422CD1E169C0E963
:1099800000210860E06111E09942F8D01B68002BCB
:10999000F5D090F90E5093F90E60B542F4D0AE4276
:1099A000F2DD5968C0E9003108605860A569954248
:1099B00000D005B9E568A3685A7BD20604D1DA89DC
:1099C0007F2A01D9AA6942B1AB4202D0284600F0F1
:1099D00001FB656170BDE169D9E76361FAE700BF2A
:1099E000A026002038B590F90D200146002A437BBF
:1099F00004DA03F07F03437303F0A8F80D4D2A4601
:109A000052F8184FAB68944200D004B9EC688B420E
:109A100007D05A7BD20604D1DA897F2A01D9A269FC
:109A20002AB1A34202D0204600F0D4FA23466B614B
:109A300038BD00BFA026002070B590F90D2001466A
:109A4000002A437B04DA03F07F03437303F07EF8BC
:109A50001C4C4B7B224663F07F034B7352F8183F3C
:109A6000E069934207D1C1E900200160E16111E0A2
:109A70009842F8D01B68002BF5D091F90E5093F95D
:109A80000E60B542F4D0AE42F2DD5868C1E9003054
:109A900001605960A569A368954200D005B9E568E1
:109AA0008B4207D05A7BD20604D1DA897F2A01D9AA
:109AB000AA692AB1AB4202D0284600F08BFA2B46A5
:109AC000636170BDA0260020F8B5124B0C46DDE99D
:109AD000067611469868104A1060EFF31182202232
:109AE00082F31288BFF36F8F9D68284603F040F819
:109AF000B6F1FF3F08BFB7F1FF3F06D03A46334605
:109B0000064905F1180000F007FB2046BDE8F840C3
:109B1000FFF708BFA0260020C82600203BCC00008D
:109B2000F8B50446EFF31186202383F31288BFF3C0
:109B30006F8F437B49B2DA0617D18269AAB903F065
:109B40007F031D4D437303F001F82A46437B817365
:109B500063F07F03437352F8183F93422AD1E869B8
:109B6000C4E900200460EC6116E00020A17386F3D4
:109B70001188BFF36F8FF8BD8342F1D01B68002BB3
:109B8000EED093F90E70B942F6D08F42F4DD5968E9
:109B9000C4E900310C605C60AC69944200D004B947
:109BA000EC68AB689C4202D0204600F013FA01201A
:109BB0006C61DCE7E869E2E7A026002049B9EFF331
:109BC000058030B9054B5A699B689A4201D0FFF76E
:109BD000A9BE81F31188BFF36F8F7047A0260020C4
:109BE000034648B9EFF3058232B9064A51699268D3
:109BF000914201D0FFF796BE83F31188BFF36F8FB8
:109C0000704700BFA0260020EFF31181202383F3CB
:109C10001288BFF36F8F054B9A68D37B013BD373D8
:109C200081F31188BFF36F8F704700BFA02600201B
:109C300070B5EFF31186202383F31288BFF36F8F83
:109C4000144DAB68DA7B0132DA732A4652F8184FAA
:109C5000944200D004B9EC685A7BD20604D1DA8968
:109C60007F2A01D9A2692AB1A34202D0204600F07E
:109C7000B1F923466B6186F31188BFF36F8FEFF361
:109C80001180202383F31288BFF36F8FBDE87040EB
:109C9000FFF7A6BFA0260020024B03F11802C3E97C
:109CA00006227047A026002070B5EFF3118620230E
:109CB00083F31288BFF36F8F1B4CA168E0690B68B8
:109CC000814214BF1A46002249680B605960A3689C
:109CD000E1692AB9154AC3E900210B60E3610CE090
:109CE00093F90E0092F90E50A84218D0854216DD65
:109CF0005168C3E900210B605360A5690B4B9D427D
:109D000000D005B9E568A3689D4202D0284600F05E
:109D100061F965613046BDE87040FFF703BE8A42D5
:109D2000D8D01268D5E700BFA0260020B8260020B2
:109D300050EA01032DE9F04105460E4604D1FFF734
:109D4000B3FF0020BDE8F081831C71F1FF3324DBF9
:109D500003F01DF82C18EFF31188202383F31288E9
:109D6000BFF36F8F0F4F104BB8681860FFF73AFEC4
:109D7000B8680E492A463346183000F0CDF9BA6863
:109D80004046537B43F004035373FFF7CBFD02F0CF
:109D9000FEFF201A20EAE070D4E76FF00104241AD5
:109DA000D9E700BFA0260020C82600203BCC000039
:109DB00038B500240B494FF400458C462146C0FBC2
:109DC00005C100236046084AF6F7C4F9C117FFF73A
:109DD000AFFF47F6FF73044AC0FB0234DB0B43EAD4
:109DE000444038BD3F420F0040420F0038B50446A2
:109DF000183002F0ABFFEFF31185202383F31288B4
:109E0000BFF36F8F637B5A0704D485F31188BFF3C8
:109E10006F8F38BD23F0040320466373FFF79AFD6C
:109E2000EFF30583002BF0D12946BDE83840014807
:109E3000FFF7C4BE7B290020014B9868704700BF24
:109E4000A02600202DE9F8430446EFF311872023D4
:109E500083F31288BFF36F8F067B16F001060DD0D7
:109E600087F31188BFF36F8F002383F31188BFF34B
:109E70006F8F0423184602DFBDE8F883437B1A077F
:109E800004D587F31188BFF36F8FF5E7D90943F045
:109E9000080250D14273A36813B1204602F05EFE5F
:109EA00004F1180002F052FFA56D04F15808A8450E
:109EB00011D04FF0000975B1284602F04FFE05F1B0
:109EC000180002F043FF2846C5F87890FFF742FDDE
:109ED000A56DA845EFD11C4DAB689C4204D1EFF3B2
:109EE0000586003E18BF0126D5F81880174A904510
:109EF00002D0B8F1000F01D1D5F80C80434502D053
:109F0000404600F067F8C5F8148046B140F20112EF
:109F10000F4B9A810022C3E91822DA66AB60AB6866
:109F20009C42AED1EFF30583002BAAD13846BDE8A1
:109F3000F843FFF7F7BC03F07F0343F008034373D4
:109F400002F004FEA7E700BFA0260020B8260020EC
:109F500028120020D3B5DDE90667089CCDE900672B
:109F6000FFF7B2FD1CB1034B9B685B69236002B035
:109F7000D0BD00BFA02600200122044BC01A044B14
:109F8000C0105843034B1A54704700BFA81200205A
:109F9000ABAAAAAA7B290020C3897F2B12D80A4B1F
:109FA0001B6863B1094B90F90E201B689A4209DBCC
:109FB000437BDB0606D1064BC31A18BF012303F00F
:109FC000010070470023FAE7D0260020CC260020AD
:109FD0008810002070B50E4B0E4C1E7C054606EB1B
:109FE000460304EBC304204602F0B0FE00220A4BF5
:109FF00028469A55FFF7D0FF48B1084B2046BDE8E8
:10A0000070401A680649013AD31700F085B870BD50
:10A01000A0260020A81200207B290020D0260020A6
:10A02000799F000038B5EFF31185202383F3128860
:10A03000BFF36F8F104B114A9C681068A04206D185
:10A04000FFF7C8FF85F31188BFF36F8F38BD00217C
:10A050001B7C11600A4AD35C002BF3D02046FFF72B
:10A060009BFF0028EED0637BDB0602D12046FFF782
:10A07000E3FC2046E4E700BFA0260020C82600201D
:10A080007B290020074808B5074A0849121A02F040
:10A09000ACFBBDE808400648064A0749121A02F020
:10A0A000A4BB00BF000000202C0400204CF10000E5
:10A0B00000000020000000204CF10000024B186856
:10A0C000984208BF00207047D4010020034B1B6852
:10A0D0000BB9FDF737BC0020704700BFD426002025
:10A0E00030B570B10B4B5B6898420AD0036843B13E
:10A0F000D3E90421D0E90445121941EB0501C3E974
:10A100000421D0E9003213605A600023C0E9003313
:10A1100030BD00BFD4010020B3F1FF3F08BFB2F152
:10A12000FF3FF8B504461D4616465AD08160EFF34E
:10A130001187202383F31288BFF36F8F013275F1EB
:10A14000FF3321DA6FF001032B49D1E900209B1A7C
:10A150004FF0FF3262EB00009E1B60EB0500012E0A
:10A1600070F1000301DA01260020C4E90460FFF762
:10A17000A5FF224E84467068BCF1000F0DD1C4E9E2
:10A180000060046074601CE0FFF7A0FF013645F139
:10A190000005361845EBE070E7E7DCE90425D4E973
:10A1A0000431934271EB050E1CDAD21ADCF804304C
:10A1B00065EB0105CCE90425C4E900C31C60CCF8BB
:10A1C0000440FFF77BFF844207D10D4B1C6824B984
:10A1D00002F0A3FD2146FDF787FB87F31188BFF34B
:10A1E0006F8FF8BD9B1A61EB05018445C4E904310A
:10A1F000C5D0DCF800C0BFE7C0120020D4010020A9
:10A20000D42600202DE9F047EFF31185202383F3B6
:10A210001288BFF36F8FDFF8A0900026C9F8000006
:10A220000027FFF74BFFDFF89480D9F80030D8E91A
:10A2300000ECD91750B1D0E90442A34271EB020AF5
:10A240001ADAE41A62EB0102C0E90442002413EBBB
:10A250000E034CEB0101C8E90031C9F8004002F0DF
:10A260005CFD2146FDF740FB85F31188BFF36F8F3E
:10A27000BDE8F047FFF7D6BE14EB0E024CEBE473DB
:10A28000C0E90467C8E90023FFF72AFF85F31188B6
:10A29000BFF36F8F83689847EFF31185202383F313
:10A2A0001288BFF36F8FD9F800301B1BC9F800303C
:10A2B000FFF704FFB9E700BFD4260020C01200203A
:10A2C00010B5EFF31184202383F31288BFF36F8F4F
:10A2D000FFF7FCFE0346054AD2E90001181841EBDE
:10A2E000E37184F31188BFF36F8F10BDC01200209B
:10A2F000F8B50446EFF31187202383F31288BFF3E8
:10A300006F8F026822B187F31188BFF36F8FF8BD9A
:10A31000D0E90A36581C46F10001022871F100010B
:10A3200027D3012B76F10001BCBF012316465D1E29
:10A3300046F1FF3602F02FFD013041F100014019D6
:10A3400046EB0101012871F1000139DB02F023FD28
:10A35000013041F100016FF00102401946EB0103A9
:10A360004FF0FF31121A61EB030320461749FFF744
:10A37000D3FE236B01332363236A6BB187F3118808
:10A38000BFF36F8F2046236A9847EFF3118720238E
:10A3900083F31288BFF36F8F54F8185FA542B2D0D1
:10A3A000002DB0D0284602F01AFC0023AB6787F3DB
:10A3B0001188BFF36F8F2846BDE8F84002F000BC5B
:10A3C0006FF001024FF0FF33CFE700BFF1A20000B2
:10A3D0002DE9F04105461C4690461F46EFF31186D5
:10A3E000202383F31288BFF36F8FB4F1FF3F08BFC0
:10A3F000B2F1FF3F05D186F31188BFF36F8FBDE83F
:10A40000F081531C74F1FF3309DB012A74F100035E
:10A41000BCBF0122002412F1FF3844F1FF37284667
:10A4200002F094FCDDE906010023C5E90A012B6373
:10A4300042463B4628460249FFF76EFEDBE700BF77
:10A44000F1A2000073B506460D4602F074FB78B920
:10A450000B4B9B68DC6E7CB12A1D09D200200021C9
:10A46000CDE90001204646F0040102F012FD08B9D2
:10A47000002401E00460041D204602B070BD00BF4E
:10A48000A026002038B5064C064DAC4201D3002072
:10A4900038BD2046D4E9011202F0F3FC1434F4E78D
:10A4A000C4020020C402002010B50A4C23681BB16E
:10A4B00001232360002010BD00F0F4F80028F7D03D
:10A4C0000138072803D8044B53F8200010BD034877
:10A4D00010BD00BFD8260020C0D90000FE8FFFFFAE
:10A4E000BFF34F8F0549064BCA6802F4E06213437D
:10A4F000CB60BFF34F8F00BFFDE700BF00ED00E072
:10A500000400FA0530B44FF0FE3200250B4B0C4C22
:10A510000C494968C3F80024C3F80424C3F808248C
:10A52000C3F80C24C3F81024C3F81424C3F8182467
:10A53000C3F81C24C4F8005530BC084700508450B0
:10A5400000408450DC010020024BD0E90012C3E936
:10A5500000127047DC01002010B5044650B163685A
:10A5600013F0685F05D0064A934202D00023626070
:10A57000236010BD034B04485B689847EFE700BFBA
:10A580002C5F5CA9DC010020E0D90000C8B1436861
:10A590000D4A934213D013F0685F0ED0012350E8A8
:10A5A000002F194640E8001C9CF0000FF7D1012A4B
:10A5B000F5D0BFF35F8F0020704704487047044810
:10A5C00070476FF4E04070472C5F5CA9E98FFFFF94
:10A5D000EA8FFFFF034680B1426809498A420AD0E8
:10A5E00012F0685F05D0BFF35F8F002210461A603B
:10A5F000704704487047044870476FF4E040704764
:10A600002C5F5CA9E98FFFFFEA8FFFFF10B50446BE
:10A6100020B10023034A2360626010BD0248FFF7A7
:10A6200071FFF6E73A00003A08DA000070B5194CFD
:10A63000D0F804C00668C4F804C0D0F808C0C068E8
:10A64000C4F808C0E06026600868134B134D18601A
:10A650004868D5F818215860886812F0685F9860DB
:10A66000C8680969D860196112D000230C4A05F541
:10A670008A70C5F81431C5F8B831C5F81821C5F885
:10A68000BC21B047236805F5DC70BDE87040184771
:10A6900070BD00BFF8010020E4010020F02600207A
:10A6A0002C5F5CA908B500F011F830B900F010F883
:10A6B00038B9054AC2F80C0A08BD00F037F8032083
:10A6C00008BD042008BD00BF005084500020704722
:10A6D00010B5114800F048F800B110BD0F4800F067
:10A6E00043F80028F9D10E4C204600F03DF8002830
:10A6F000F3D10C4B0C481C6000F036F801460028E2
:10A70000EBD100F02DF8044608B1204610BD00F052
:10A710003FF82046FAE700BF38020020340200204C
:10A7200030020020280200202C02002008B5084832
:10A7300000F024F8074800F021F8074800F01EF860
:10A74000064800F01BF8BDE8084000F00BB800BF59
:10A750003802002034020020300200202C020020A9
:10A7600000207047704700BF08B5034B02681B68A4
:10A7700010689847002008BDF801002008B5034B79
:10A7800002685B6810689847002008BDF801002047
:10A7900070B5094C094D2069AB68984718B1084B52
:10A7A00008485B6898470021074AEB6811602069F8
:10A7B000BDE87040184700BFE4010020F801002008
:10A7C000DC0100202CDA0000EC2600200CB430B5AF
:10A7D00089B005460C461C22002101A802F0DDFBD1
:10A7E000022305958DF806300D4B029323462CB1BC
:10A7F000B4F1004F28BF4FF00043013B1D440DAAA8
:10A800000C9901A80695009200F00CF814B1059B74
:10A8100000221A7009B0BDE8304002B0704700BF96
:10A820008FD000002DE9F04F43688DB0154680466B
:10A83000029383789A0740F10D8100240E78002E50
:10A8400000F00A81252E0BD04B1C039301344146A6
:10A850003046029B98470028C0F2F6800399EDE746
:10A860004E788B1C252E0393F0D00027B946BB46AB
:10A87000BBF11F0F38D8A6F12003102B0AD8DFE850
:10A8800003F02A0909300909092109090928092DB4
:10A8900009091F00A6F13003092B33D92A2E37D11D
:10A8A0001BF0400F55F8043B40F08280002BA7BFFF
:10A8B0004BF0200B9946C3F100094BF0280B01E047
:10A8C0004BF0010B039B13F8016B0393002ECFD1C8
:10A8D00030E04BF0020B4BF0040BF3E74BF0080BAE
:10A8E000F0E74BF0100BEDE7BBF17F0F19D8A6F1A5
:10A8F0003003092BD2D81BF0400F03D00A2101FBF3
:10A900000737DFE70A214BF0200B01FB0939D9E7B4
:10A910002E2E06D11BF0400F40F09E804BF0400BD6
:10A92000D0E76C2E31D02BD8682E36D06A2E3CD092
:10A930004C2E3AD0002F46F02003B8BF2BF0400237
:10A94000A3F16501BCBF00271FFA82FB022901D9D0
:10A95000612B2FD107350727DFF8ACA225F00705BB
:10A9600008351BF0080F66D00AEB070B56465E450C
:10A9700063D1A4EB0A0AA9EB070906EB0A026FE10F
:10A98000742E9FD07A2E9DD0D4E71BF0800F18BF75
:10A990004BF4007B4BF0800B94E71BF4807F18BFD7
:10A9A0004BF4007B4BF4807B8CE74BF4207B89E7F6
:10A9B0001F4687E7A6F16301122900F2F080DFE865
:10A9C00011F013004F00EE00EE00EE00EE004F001D
:10A9D000EE00EE00EE00EE00EE00FE00E900EE00FC
:10A9E000EE001B00EE00AF0055F8043B01270DF10F
:10A9F000180A8DF81830B4E755F804AB834BBAF158
:10AA0000000F08BF9A461BF0400F504614BF39464E
:10AA10004FF0FF3102F0D9FA0746A2E74146202065
:10AA2000029B984700280FDB013EB742F6D34C4407
:10AA3000B146A41B98E74E46F7E7414616F8010BCE
:10AA4000029B9847002892DA98F8023043F00403FA
:10AA500088F802304FF0FF3420460DB0BDE8F08F8B
:10AA60001BF0800F34D01BF4007F2CD0073525F06D
:10AA70000705AA4669685AF8080B2BF0100500294B
:10AA8000ADB237DA404245F4806561EB41010DF12A
:10AA9000180B0A235A4602F0A4FAA0EB0B03019309
:10AAA0006B0662D5019B25F001019F4289B240F3FC
:10AAB000A180002E00F0998015F0100240F09C80DB
:10AAC000BB460D4623E0AA465AF8040BC117D4E74B
:10AAD000AA461BF4807F5AF8041B01D10846F5E70B
:10AAE0001BF4007F19BF48B241F3C01108B241F313
:10AAF000C031C2E750EA0103C9D11BF0400FC6D0F4
:10AB0000002FC4D12BF01102BB46019795B240F241
:10AB1000064115EA01021CBF0BF1010B00222CE0DB
:10AB20002BF010020A231FFA82FB1BF0800C49D085
:10AB30001BF4007115BF0735AA4625F007055AF822
:10AB4000040B1EBFAA4669685AF8080B50EA0105B3
:10AB500045D12BF016051BF0400FADB242D0002FAF
:10AB600040D12BF01702019795B215F0100248D092
:10AB7000019B002E42D103F1010B29075AD4EB07A8
:10AB800006D5D9456FDDA9EB0B030199CB465F18BC
:10AB90005B4649E04BF0100B10237826C5E7782B75
:10ABA00004D1C6F1780343F01003BEE741462520E7
:10ABB000029B98470028FFF647AF023447E6082378
:10ABC0000026B2E7AA461BF480715AF8040BBDD0E8
:10ABD0001BF400711ABFC0B2614680B2B6E72BF019
:10ABE000060295B20DF1180B54E725F01105BB468E
:10ABF000ADB28CE70D46B8E73B460D4603F1020BBC
:10AC0000BBE7DDF804B082E743F100003CF100004F
:10AC1000CDE9043241462020029B98470028FFF6E8
:10AC200013AF049B059A01339945F1DCA4EB0B01AA
:10AC30009B46CC180AB341463020029B9847002817
:10AC4000FFF602AF8EB901342744391B019B9942AC
:10AC500024DC1D4655BB019AA9EB0B09554622443D
:10AC60001446914433E0019F92E702344146304656
:10AC7000029B98470028E7DAE6E640F206410D42DB
:10AC8000E2D015F0020F04F10104414614BF2B205D
:10AC9000202015F4806F18BF2D20E9E741463020B1
:10ACA000029B013498470028CFDACDE606AB013D80
:10ACB0004146585D029B98470028CBDAC4E64146DE
:10ACC0002020029B013498470028FFF6BDAEA9EB77
:10ACD0000403002BF3DCC1E570474379012B01D15C
:10ACE000F5F7B2BB7047436818697047836800EB9B
:10ACF000C101B3F5004F2CBF51F8220031F812000A
:10AD0000704700EBC1018068B0F5004F2CBF41F8DF
:10AD1000223021F812307047012208B5FFF7E6FF14
:10AD2000D04008BD836800EBC101B3F5004F08D3E4
:10AD30004B681AB143F001034B60704723F00103E5
:10AD4000FAE74B881AB143F001034B80704723F0B8
:10AD50000103FAE753000122FFF7D3BF8368B3F57D
:10AD6000004F34BF04230823C91A081AC0087047CB
:10AD7000B0F5004F34BF04230823481C0833A0EB70
:10AD8000D300B0FA80F0C0F11F0070472DE9F04108
:10AD9000174603220E460446FFF7A8FF86420546E3
:10ADA00007F104080AD10122E368BA4023EA02034A
:10ADB000E360002344F82830BDE8F08131460222E8
:10ADC0002046FFF793FF06462B4601460322204606
:10ADD00044F82850FFF795FF334629462046BDE842
:10ADE000F0410222FFF78DBF70B50D46866804461C
:10ADF000FFF792FFB6F5004F014601D3012809D0B5
:10AE00003046FFF7B5FF294602462046BDE87040B0
:10AE1000FFF7BCBF70BD2DE9F04705468068FFF71E
:10AE2000A7FF05EB800ADAF8109088460646B9F1CC
:10AE3000000F1BD00327DAF8104028462146FFF701
:10AE40006BFF404507D3324621462846FFF79EFF59
:10AE50002046BDE8F087032221462846FFF746FF3B
:10AE6000013FCAF8100001D08145E4D14FF0FF3412
:10AE7000EB680136B4401C40EAD094FAA4F2B2FA6E
:10AE800082F2131D55F82340DEE72DE9F041144608
:10AE90000E460546FFF740FFA4EB0608371B0744A4
:10AEA000424631462846FFF755FF3A462146284696
:10AEB000FFF750FF4346002221462846FFF721FFB7
:10AEC00021462846FFF728FF3B4621180022284646
:10AED000BDE8F041FFF715BF2DE9F04116460446E5
:10AEE0000F46FFF719FF314605462046FFF714FFCE
:10AEF00005442A4639462046FFF72CFF31462046B6
:10AF0000FFF70AFF2B46311800222046BDE8F0412A
:10AF1000FFF7F7BE2DE9F0410D4686680446FFF7BE
:10AF2000FBFEB6F5004F014601D3012832D0304672
:10AF3000FFF71EFF04EB80010E6996B90122E3685A
:10AF400082401343E36002220D612B4629462046CE
:10AF5000FFF7D7FE032229462046BDE8F041FFF760
:10AF6000D0BE022231462046FFF7C0FE0746034608
:10AF700029462046FFF7C5FE0322334629462046D0
:10AF8000FFF7BFFE39462B462046FFF7BAFE0222E6
:10AF90003146E1E7BDE8F081F8B50C460546FFF71C
:10AFA000BBFE2618012231462846FFF79FFEC30745
:10AFB0000CD431462846FFF717FF21462846FFF7F5
:10AFC000ABFE214622182846FFF786FF00222146C5
:10AFD0002846FFF78BFE271A012239462846FFF73D
:10AFE00085FE10EA020613D139462846FFF7FCFE1B
:10AFF000214632462846FFF779FE2246211A284686
:10B00000FFF76AFF214632462846FFF76FFE241AF3
:10B0100021462846BDE8F840FFF77CBF38B571B13E
:10B02000056800222846FFF799FE04460146284697
:10B03000FFF778FE2146BDE83840FFF7ADBF38BDC9
:10B0400070B5066809B9002070BDB368B3EBD10FC5
:10B05000F9D9B3F5004F34BF04230823CC1D1C4499
:10B06000E40821463046FFF7D6FE05460028EAD020
:10B0700001463046FFF750FEA04209D92C4429462C
:10B0800030462246FFF701FF21463046FFF742FFD8
:10B09000304601222946FFF745FEB368B3F5004F5D
:10B0A00034BF0423082303EBC5031844CCE72DE980
:10B0B000F84306681446B26801F1FF39B2F5004F53
:10B0C00034BF0423082319EA01090F460BD0494273
:10B0D00039408B424F4628BF0B46894654B900255C
:10B0E0002846BDE8F8839942F8D82146BDE8F843E0
:10B0F000FFF7A6BFB2EBD40FF1D9B2F5004F34BFC2
:10B1000004220822E11D3944C91A11443046C908F5
:10B11000FFF781FE80460028E1D0B36809EBC00547
:10B12000B3F5004F34BF042308231D4435447B1E70
:10B130001D44B5FBF7F57D43A5EB090529463046CF
:10B14000FFF70CFE2C44073424F00704A41B8045B1
:10B1500007464FEAE40408D2024641463046FFF76C
:10B1600094FE41463046FFF7D5FE39463046FFF79C
:10B17000D3FD3844844208D2394630462246FFF790
:10B1800084FE21463046FFF7C5FE0122394630468F
:10B19000FFF7C8FDA4E7B2F5802F2CBF08230423D6
:10B1A0002DE9F0410026D21A8C18CD1D25F0070597
:10B1B00024F00704641BE408056021462046AC60C7
:10B1C000EE60FFF7D5FD421D9200013002F1070746
:10B1D0004FEAD7073146A2F1100205F11000B8BFBF
:10B1E000324601F0DAFE3A4631462846FFF7B2FD14
:10B1F0003346324631462846FFF783FDA4EB070865
:10B20000284631460122FFF78DFD42463946FFF7B9
:10B21000A1FD3B46324639462846FFF772FD2146DE
:10B220002846FFF797FD4346324621462846FFF75A
:10B2300068FD214628460122FFF774FD3946BDE826
:10B24000F041FFF767BE2DE9F04706460D46174669
:10B2500098462BB34FF0000A98F8004093F80190FD
:10B26000DB78A40004EB430498F802301C44444407
:10B27000CA4509D339463046AC46D8F8042008F10F
:10B280000803BDE8F047604714F8013B0AF1010AE2
:10B29000204648F82340F4F781FF01300444E7E7F3
:10B2A0006FF01500BDE8F08770B50025024628460E
:10B2B000144614F8013B0BB9184609E098B18D42C9
:10B2C00007D1702B04D0A3F140023A2A0BD80020FA
:10B2D00070BDA3F140063A2E05D853780135941C71
:10B2E000002BE9D00020252B224608BF80F001006A
:10B2F000DEE7002070470FB407B504A951F8040B2E
:10B30000019100F0B7FB03B05DF804EB04B07047A7
:10B3100010B50369024613F0080009D11368D46818
:10B320009C429BBF0120126AE31AD31A0B6010BD26
:10B3300000231846FAE713B501A90446FFF7E8FF12
:10B3400020B1019BE268013B13440193206A019BF9
:10B35000C01A013802B010BD10B504465018226959
:10B36000236AD20702D5013B184010BD984228BF7E
:10B37000C01AFAE710B504460A46C168FFF7ECFFA9
:10B380002369E06023F00803236110BD38B50D4642
:10B39000C2698B00016843F00203044642F8213081
:10B3A00001682A46FFF7D8FFE3686168984208BF42
:10B3B0002369206008BF43F008032A46204608BFDF
:10B3C0002361FFF7C9FF606038BD2DE9F74FC768FB
:10B3D000C6699B4616F82730044603F00303022B88
:10B3E000884691464FF0000306EB870A09D01360A8
:10B3F000CBF800302369990710D4002003B0BDE8D2
:10B40000F08F56F8271013608908CBF80030F1D080
:10B41000FFF7B0FFE368A3600120EFE7A3695046A0
:10B42000984716F827300546DA07E6D513F00203E9
:10B430001DD0B8F1000F03D041462046FFF7A6FF0C
:10B4400061682A462046FFF787FFD4E90231994216
:10B45000606004D12A462046FFF77EFFA060A36803
:10B460002360E360236943F008032361D4E70146C6
:10B4700020460193FFF77EFFE268A260B8F1000F5B
:10B4800004D02168E269019B42F8213005EB0802F3
:10B49000CBF8002021682046FFF75EFF236920607B
:10B4A00043F00803236116F827306FF3000306F812
:10B4B0002730C9F800A0AFE770B504461546FFF77E
:10B4C0004BFF2368834205D12369216023F00803E1
:10B4D000236170BDE269AB0043F0020342F8213002
:10B4E00061682A462046FFF737FF6060F1E738B50C
:10B4F000036904465B0706D5456AFFF71CFF8542D2
:10B500002CBF6562606238BD38B50D4604461C220A
:10B51000002101F042FD0022EB68A361AB6863618A
:10B520002B68E3616B68626223622A6923B1591E4A
:10B53000194208BF42F001022261012204F12800F1
:10B540000021BDE8384001F073BA2DE9F04F002525
:10B5500087B00093036A04468B420E469246A94682
:10B560000395059539D3EFF3118B202383F31288CC
:10B57000BFF36F8F059AD8462AB129462046FFF7B8
:10B580009BFF0023059304A92046FFF7C1FE049901
:10B590000746B1422AD32268E369204613F82210F5
:10B5A00003EB820921F0030103F8221021683246DF
:10B5B000FFF7D2FEE3682060984212D0002788F39C
:10B5C0001188BFF36F8F039929B162690AB12046D0
:10B5D000904700230393002FC5D1484607B0BDE82C
:10B5E000F08F236943F008032361E7E718B1204691
:10B5F000FFF7CCFEE3E7009B5AEA03021CD001915F
:10B6000001F099FA0199B8B9BBF1000F14D187F391
:10B610001188BFF36F8F5246009B04F12800FDF79D
:10B6200065FFEFF31188202383F31288BFF36F8F38
:10B63000B0FA80F77F09C2E7204605AB03AA256868
:10B64000FFF7C3FE0746BAE770B5044683690846AC
:10B650000D4698470246EFF31186202383F31288A4
:10B66000BFF36F8F2B78204643F001032B70616886
:10B67000FFF772FE60602046FFF739FF86F31188FE
:10B68000BFF36F8F70BD2DE9F04104462027EFF323
:10B69000118687F31288BFF36F8F236913F0080FA9
:10B6A000A36802D16268934200D9226AD21AE16982
:10B6B00032B986F31188BFF36F8F4FF0000833E083
:10B6C00011F8232001EB830812F00300F1D00228C7
:10B6D00003D151F82350AD0805D1D00712D440460C
:10B6E000A36998470546A1682A462046FFF734FE1D
:10B6F0002946A0602046FFF73DFE86F31188BFF380
:10B700006F8FC4E742F0020201F82320A36940468C
:10B71000A5689847294602462046FFF71DFEA0600F
:10B7200086F31188BFF36F8F4046BDE8F081F8B50E
:10B730000446836908460D4698470646EFF311878D
:10B74000202383F31288BFF36F8F2B786FF30003EE
:10B750002B7023699B0705D5E268E36903EB82033D
:10B760009D421AD12B786FF341032B70D4E902313B
:10B77000994204D132462046FFF7EEFDA0603146E3
:10B780002046FFF7F7FD87F31188BFF36F8F04F1B1
:10B790002800BDE8F840FDF775BE2B6860F39F03F5
:10B7A0002B60F0E7EFF31181202383F31288BFF3BE
:10B7B0006F8F036913F0080F836802D142689342C8
:10B7C00000D9026AD31A81F31188BFF36F8F181E54
:10B7D00018BF01207047002203680BB91846704754
:10B7E0008B4210D10B6842B942680360914200D18C
:10B7F0004360002301200B60704713604368994247
:10B8000008BF4260F5E71A461B68E6E7038B13F0B2
:10B81000070305D10368002B0CBF002003207047ED
:10B82000022B05D1408BB0FA80F0400980007047B0
:10B83000012B05D10368002B0CBF002005207047A9
:10B840000020704710B50C4600B111B96FF015001B
:10B8500010BD081D00F0D2F80028F9D1A368032B11
:10B86000F6D9F3E72DE9F0410D4607461946281DA4
:10B8700090461E4600F0D3F8044638B1334642469F
:10B8800029463846A446BDE8F0416047BDE8F0814E
:10B8900010B4EFF31182202484F31288BFF36F8F6A
:10B8A000416110BC0121F5F799BB38B50C4605463E
:10B8B00058B151B10B6843B14B6833B11C22002120
:10B8C00001F06BFB00202C6138BD6FF01500FBE729
:10B8D00070B505460E46FFF7B5FF041E14DBEFF307
:10B8E0001182202383F31288BFF36F8F4FF6FF710D
:10B8F0006B8B2C8B8B4204F0070407D182F31188E9
:10B90000BFF36F8F6FF00A04204670BD022C0CD17C
:10B9100001336B8382F31188BFF36F8F00232246BC
:10B9200031462846FFF79EFFEEE7062C14D8DFE8E5
:10B9300004F004131313041A0400002333606B682B
:10B940003BB9C5E90066ACB902212846F5F746FBCC
:10B95000DAE71E606E60F6E782F31188BFF36F8F3F
:10B960006FF00404D0E782F31188BFF36F8F6FF09C
:10B970008504C9E782F31188BFF36F8FC4E710B560
:10B98000EFF31182202383F31288BFF36F8F048BB0
:10B9900004F00704022C0AD0012C0CBF6FF0040045
:10B9A0006FF0850082F31188BFF36F8F08E0438B3F
:10B9B000013B9BB2438323B92146F5F70FFB204699
:10B9C00010BD2046EEE738B5A8B1A1B1EFF311855F
:10B9D000202282F31288BFF36F8F048BFFF7FBFEE8
:10B9E00030B104F0070085F31188BFF36F8F38BDC5
:10B9F0006FF07700F7E76FF01500F8E7034658B1EE
:10BA0000426802F00302012A03D0032A04D102682B
:10BA100012B10020986070476FF0150070474268BF
:10BA2000034602F00302032A4FF00002816014BFB4
:10BA3000104600685A607047704703785B075FBF25
:10BA400003684288C3F34A2303EB12105DBF17302B
:10BA500020F007008008002070470020704700F0A9
:10BA6000DABD0346D3E8EF0F421CC3E8E12F0029FB
:10BA7000F8D170471FB50023CDE902011A461946D7
:10BA80001846CDE90033F5F7D3FE05B05DF804FBA9
:10BA90000120F5F783BC0020704770B5D2E901366C
:10BAA0009B1B8B420C4615460AD313680A46014677
:10BAB000981901F04BFA2046AB682344AB6070BD87
:10BAC0006FF01B00FBE770B50E461546194604469D
:10BAD00018B9BDE87040F5F761BC33B1C2F34A2331
:10BAE0001030120D184401F031FAC4E90056204616
:10BAF000BDE87040F5F7E4BD2DE9F3415F1C4FEA66
:10BB00008708064608F1170020F0070080080C4659
:10BB10001546F5F7AFFC00238DF80470ADF805303D
:10BB20008DF8073068B10346019AA8F1040143F883
:10BB3000102F2A46294452F8045B8A4243F8045FD6
:10BB4000F9D100233146A20102F4E07242EA482210
:10BB500022F07F4222F4700222F03F0202B0BDE8E0
:10BB6000F041FFF7B0BF07B50123019201AAFFF72B
:10BB7000C3FF03B05DF804FB07B5CDE90023022342
:10BB80006A46FFF7B9FF03B05DF804FB1FB5CDE9C6
:10BB90000123069B01AA03930323FFF7ADFF05B022
:10BBA0005DF804FBF8B506460D4614461F4604B979
:10BBB000F8BD214628463A46B047241A0544F6E720
:10BBC00010B542680446D2E9002381680068FFF797
:10BBD000E9FF002263681A6010BD38B54B6805465E
:10BBE0001A68CB680C469A4202D10846FFF7E8FF74
:10BBF0006368D3E8EF2F511CC3E8E01F0028F8D199
:10BC0000A36800209D5438BD0A2838B504460D4667
:10BC100002D10D20FFF7E1FF29462046FFF7DDFFA7
:10BC2000002038BD2DE9F043054687B008460E8850
:10BC300091F800900C46D1F808801746F5F748FEB9
:10BC4000011EC6F38216C9F3C2091EDB4846F5F78A
:10BC500049FD0346214651F8102B6088C2F34A2261
:10BC6000002A01EB020408BF00210022C0F30B10E0
:10BC7000CDE90407CDE90214284641460196009219
:10BC8000F5F752FE07B0BDE8F0830023E2E7436812
:10BC900000201B685B681961704743681B681A685D
:10BCA00052685360704701212DE9F04143681B68D9
:10BCB0005A6811751D682F68D5E90136D3E9004827
:10BCC0001CB96B681C60BDE8F081214630464246D5
:10BCD000B847241A0644F3E743681B681868F5F769
:10BCE0008DBF70B543680C461D686B681869F5F721
:10BCF00031FB214603460F222868BDE870401847F3
:10BD0000FFF73ABF10F0700F00F07F0201D0F6F796
:10BD100061B810F0800F4FF0010018BF1032904052
:10BD20007047006838B150F8043C04385B688B42B7
:10BD300001D04068F6E77047006848B150F8043C0D
:10BD400004385B685B689B788B4201D04068F4E7FD
:10BD5000704730B5006888B150F8043C04385B681F
:10BD60001A6A1D7F0023043ADCB2A54201D840685C
:10BD7000F1E7013312F833408C42F5D130BDFEE7D4
:10BD800001460068F6F7F6BF08B5F7F74FF8BDE8CB
:10BD90000840F7F76FB80A460121FFF7E4BE00211B
:10BDA0000120F6F7E7BF036E83F30B88704761B697
:10BDB00062B680F31188BFF36F8F704708B572B613
:10BDC000002383F31188BFF36F8FF7F7E9FE50B1BB
:10BDD000BFF34F8F30BF00BF00BF00BF00BF00BF29
:10BDE00000BF00BF00BF62B6BFF36F8F08BD10B5C4
:10BDF000044672B6002383F31188BFF36F8FF7F701
:10BE0000CFFE50B1BFF34F8F20BF00BF00BF00BFB8
:10BE100000BF00BF00BF00BF00BF84F31188BFF3A5
:10BE20006F8F62B610BD40E800F313F4803FD8B2C4
:10BE300008BF6FF01500704730B50C684B6885B0CF
:10BE40000A894D890094013B24F01F04234402F029
:10BE50001F0242EA451223F01F0369468DF80820AD
:10BE60000393F7F707FC05B030BD08B5D1E90431FD
:10BE70009847002008BD08B5F7F7F0FD002008BD81
:10BE80000B464FF050220121C2F81416002118472A
:10BE90008170704700207047FFF765BE03694268F4
:10BEA0005B68526800201374C3F307235374704710
:10BEB00061281BD010D836281AD007D81D2819D0D1
:10BEC000A0F12A014842484140007047A0F13802E1
:10BED00050425041800070477D280DD07E280DD003
:10BEE000A0F1640358425841800170471020704708
:10BEF000202070470120704708207047802070473D
:10BF000008B54368186800F043FC18B9BDE808405C
:10BF1000F8F7E2B8002008BD10B503690446C0E98F
:10BF200005330023C360837F13B1407AF9F746FCE1
:10BF30000123237700236377E377A37710BDFFF70F
:10BF400012BEFDF7A5B9FDF71BBA38B50446F8F7E0
:10BF500015F9054660B1037A6BB120460024F9F764
:10BF6000AFFC2846AC77FFF7D7FF20462C7238BDD0
:10BF70006FF01500FBE76FF07700F8E770B5044647
:10BF80000E461546F8F7A0FE30B906B925B1204691
:10BF9000BDE87040F8F7EEBE70BDC34300F00F007F
:10BFA000C3F3C01300EB0310704708B5F8F75CFF4C
:10BFB000818208BD08B5F8F757FFEFF311832022FF
:10BFC00082F31288BFF36F8F02690A60027B2AB97D
:10BFD000807D83F31188BFF36F8F08BD0420F8E7DD
:10BFE0000C220369C9B201FB0233986F00F007000D
:10BFF000704770B5C9B20369EFF31185202484F34B
:10C000001288BFF36F8F0C2606FB0134A46F14F067
:10C01000C00408D0A24206D085F31188BFF36F8F09
:10C020004FF0FF3070BD012271430B449A6785F3D6
:10C030001188BFF36F8F43680B445B6898470020FB
:10C04000F0E78022FFF7D5BFF8B5069F0469C9B2B3
:10C05000EFF31186202585F31288BFF36F8F0C252F
:10C0600069430C44A56F05F0070CBCF1010F0BD11F
:10C07000A76786F31188BFF36F8FC4E91C23436859
:10C080005B5898470020F8BD05F0C005AF4286F325
:10C090001188BFF36F8F0CBF6FF077004FF0FF3048
:10C0A000F1E713B580240094FFF7CEFF02B010BD76
:10C0B00010B41C240069CBB203FB0400002110BCA7
:10C0C00010470320FBF72ABE0220FBF727BE002003
:10C0D000FBF724BE032000F0C1BA022000F0BEBA74
:10C0E000002000F0BBBA1046FDF7CCB94368002031
:10C0F0005B681B690B607047436802EA01005B687C
:10C1000021EA020198600020D9607047436800204E
:10C110005B6899607047436800205B68D96070472E
:10C1200043685A68536821EA03000B40906000207E
:10C13000D360704710B503695868F8B1884219D1C7
:10C140009C680868A142586000D19860002008608F
:10C150002AB15A680A609A68596002B99960002049
:10C1600010E0814206D10868206098688142EDD1D4
:10C170009C60EBE7044600680028F2D1002AE8D171
:10C180006FF0150010BD082913B528BF08214FF422
:10C190007F020C46D2F80432D2F808221BBA12BA37
:10C1A00000920A466946019300F0D0FE204602B094
:10C1B00010BD0129036907D193F8E90010F00100CF
:10C1C0000CD003F11400704739B993F8E90010F06E
:10C1D000020003D003F1780070470020704713B5C8
:10C1E0000C460022002369465030FCF7EFFF20B9CF
:10C1F000009B6360019B9B082381B0FA80F040099B
:10C2000002B010BD13460A460121FFF7B5BC70B558
:10C2100090F8E5300446012B0E4613D0F9F71EFFC7
:10C22000054640B90423D4F8DC0084F8E430FCF778
:10C23000B9FB284670BD94F8E5301BB9D4F88430BA
:10C240009B08338173683146D4F8DC00C4F8E030D1
:10C25000FCF766FB0125ECE70A460121FFF783BCEA
:10C2600091F8E03010B5012B0C4609D1D1F8D80077
:10C27000FCF7AAFB54F8040CBDE81040FFF77FBBA5
:10C28000081FBDE81040F9F7FFBE4B1E012B73B528
:10C2900004460D461ED800F15006002200236946D0
:10C2A0003046FCF793FF80B1022D15D104F1B4059F
:10C2B0000022002369462846FCF788FF60B90099F0
:10C2C000D4F8800000F0BCFAF2E70099E06900F0D1
:10C2D000B7FAE2E70029E9D002B070BD03460A468A
:10C2E000F0B41979DB8800681343DC0287680669BB
:10C2F00006D513F4402F03D0DA0748BF83F4402358
:10C30000012534688D4023F48012DB074CBF2C4399
:10C31000AC4334603B68F0BC184738B50C4605693F
:10C3200083685B68984718B923682A68534023607C
:10C3300038BD2DE9F3410369466893F8145555B3A8
:10C34000F46B01A92068FFF7E8FF2379019C32799B
:10C35000DC404FF0FF33934024EA0304E4B220466C
:10C3600002B0BDE8F081F36B01A903EBC50253F8FD
:10C3700035001779FFF7D1FF20B9019B08FA07F7BD
:10C380001F4203D008FA05F32343DCB201353379A9
:10C39000AB42E8DCE3E72C464FF00108F7E7034641
:10C3A000012270B58A4201DB012070BD9E680568DC
:10C3B0001C46AE420BD1DE89C588AE4207D1257B33
:10C3C000047908331444A54201D10132EAE7002080
:10C3D000EBE72DE9F04146684C1C076996F805C06B
:10C3E0001FD00124881C06BF04FA0CF404F1FF34AA
:10C3F0008C4097F81555002D4ED0336C186819797C
:10C40000036904FA01F21B685A400123846803FAA5
:10C410000CF3A468013B03FA01F12346BDE8F041A7
:10C4200018470024E5E7D7F810356340EB40DA07FA
:10C430001FD5336C96F8542003EBC5000AB353F8AC
:10C44000353001791A6908FA01F1126808FA05FC19
:10C4500011420CEA040C05D0BCF1000F05D09A681B
:10C46000126904E0BCF1000FF9D09A68D26818464E
:10C47000904701357379AB42D5DCC7F81045BDE86C
:10C48000F08124FA05F3DB074CBF4FF4D0114FF4D1
:10C490008031FFF723FFECE74FF00108EAE737B5FB
:10C4A0000C460569836801A95B68984748B9019BF8
:10C4B0002A685A40012303FA04F10A4214BF1846BD
:10C4C000002003B030BD70B540F2E7300C464FF4A9
:10C4D000004551F8043C00215B684FF47A721E68F5
:10C4E0000023E6FB0501F3F735FE02460B4604F197
:10C4F0001400BDE87040FDF7A5B943681B681B68D0
:10C50000184770B50D6904463DB94FF0FF324FF042
:10C51000FF3300F042FC204670BD4FF4004640F26D
:10C52000E73000214FF47A720023E5FB0601F3F7B0
:10C5300011FE02460B462046EBE700697C30FCF713
:10C54000A1BF30B543681360057A446804EBC504A5
:10C55000A34202D36FF0010030BD5C798C4201D060
:10C560000833F0E70020F7E743681B68D3F880043E
:10C57000C3F88004704742681368D3F8100150B1C3
:10C580000020126A12780A70C3F81001D3F8102143
:10C5900001221A6070474FF0FF307047026803466F
:10C5A000D2F8580140B95B68DB0706D4D2F8200105
:10C5B000003818BF012070470120704743681B688E
:10C5C000D3F80423D20517D5D3F82021A2B1EFF375
:10C5D0001182202181F31288BFF36F8FD3F82011CD
:10C5E00031B10021C3F82011D3F820110121D96005
:10C5F00082F31188BFF36F8FD3F858317047002250
:10C6000000F150039B009BB203F1502303F58033EC
:10C610001A601B68704708B5FBF702F808BDFDF704
:10C6200043BF08B5F6F7A8FAF6F78EFBBDE8084059
:10C63000FDF73ABF004700F0A6B840F00040C1F84F
:10C640008000704740F00040C1F88000704740F023
:10C650000040C1F88000C2F880007047FBF7B8BA0C
:10C66000F7B51646DDE90847019001A81D46FBF71E
:10C67000FDFB019BB6F1000C18BF4FF0010C00EB65
:10C6800083000B1E18BF0123002D43EA4C0314BF87
:10C690004FF00C0C4FF0000C002C43EA0C0314BFBD
:10C6A0004FF4706C4FF0000C002F43EA0C0314BFE2
:10C6B0004FF4403C4FF0000CD0F8002243EA0C034A
:10C6C00022EA030301B109780EB1367876001943E6
:10C6D0000DB12D78AD0031430CB1247824022943EB
:10C6E0000FB13F783F040C433C43C0F8004203B015
:10C6F000F0BD1FB50DF10F03019300238DF80F104E
:10C700001A4619460093FFF7ABFF05B05DF804FB2E
:10C7100038B5054608460C46FBF7FCFBB0B10846A9
:10C72000FBF7ECFB90B90846FBF7DCFB01232A681A
:10C730008340C2F808332A6803B202EB8303D3F8BC
:10C74000102522F00302C3F8102538BD2046BDE8AD
:10C7500038400021FFF7CDBFFBF760BCFFF7D8BF23
:10C7600000221146FBF774BF01220021FBF770BFC6
:10C7700001221146FBF76CBF08B5FCF72DFABDE8A6
:10C780000840FBF733BB08B1F7F73CBA7047704776
:10C7900040B1C368587810F001001EBF1878B0FA95
:10C7A00080F040097047EFF31183202383F3128850
:10C7B000BFF36F8FFEE710B5D0E9003433B9002026
:10C7C000E268537843F00103537010BD2046984748
:10C7D0000028F4D00028B8BF4042FF28A8BFFF209F
:10C7E000E3681870ECE700F0D8BB00F0AFBB70470F
:10C7F0004169836843EA010212F003020FD1C2606B
:10C800000269013A01FB023382689A4201D9002091
:10C810007047C2681A604269C3609B1AF4E76FF000
:10C820001500704710B5C0E90432002381608361B0
:10C830000446FFF7DDFF0028A8BFC4E9004410BD8F
:10C840002DE9F04105460F46EFF31188202383F3CD
:10C850001288BFF36F8FC668F6B90468A0421BD078
:10C86000D4B1D4E9003213605A60637BC4E9006636
:10C8700023F002036373A66004F1180000F066FA67
:10C880002046A667676100F09BF9414605F1080064
:10C89000BDE8F041FDF792B93E60AB69EF60013B46
:10C8A000AB6188F31188BFF36F8FBDE8F08120245E
:10C8B00008B5EFF3118384F31288BFF36F8FFFF78E
:10C8C0007DFAF6E7D0E9003213605A600023427B1C
:10C8D000C0E9003322F00202427383607047C0E96E
:10C8E000022303FB02120023C0E90521C0E9000076
:10C8F0000161C161036280F82430704790F90E3005
:10C900008B4201D0FDF70CB9002070470346002090
:10C91000C3E90033C3E902007047D0E90032136075
:10C920005A600023427BC0E9003322F002024273C6
:10C93000836070472DE9F843914604460D469DF803
:10C94000202000F10807EFF31188202181F31288DD
:10C95000BFF36F8F02B14568A668B74214D09EB18D
:10C960003046FFF7DAFF06F1180000F0EFF9002378
:10C970003046B367C6F8149000F022F938464146B5
:10C98000FDF71CF900200BE0EBB108210020FDF7BA
:10C9900059FD38B988F31188BFF36F8F6FF00B0022
:10C9A000BDE8F8830122C0F804900260016801F03C
:10C9B000030165B922680A43026062682060002AA8
:10C9C000DCD16060DAE74846C9F80030EEE72A6853
:10C9D000032A0BD80160616811B9C4E90000CDE7F2
:10C9E0000A6802F0030202430A60EAE722F0030247
:10C9F0000A4302602A6802F0030240EA02032B6045
:10CA0000BCE710B5044630B10268930703D0446810
:10CA100009B100F02FFA204610BD012307B500939D
:10CA200000230A461946FFF785FF03B05DF804FBB3
:10CA30003AB18A4205D3C0E90212C0E900000020E1
:10CA400070476FF015007047012302688B4022EA9F
:10CA50000303036022FA01F000F00100704710B5F3
:10CA6000032104460C30FFF7EFFF30B104F1100052
:10CA700000F06CF9B0FA80F0400910BD20B100223E
:10CA80008830114600F027B9704773B50446EFF3BC
:10CA90001185202383F31288BFF36F8F0023A0F149
:10CAA0001006032104380193FFF7CEFF28B1A369D4
:10CAB000304601A90193FCF7FFFD85F31188BFF310
:10CAC0006F8F02B070BD38B504460D4610220021AC
:10CAD00000F063FA656038BD13B501900846EFF3C6
:10CAE0001184202383F31288BFF36F8F01A9FCF711
:10CAF000E3FD84F31188BFF36F8F02B010BD10B552
:10CB0000FFF7EAFF041E08DDEFF31180202383F313
:10CB10001288BFF36F8FFDF763F8204610BD38B55C
:10CB200030220D460021044600F037FA4FF480739E
:10CB30006560E36038BDEFF30580003818BF012061
:10CB400070476FF05700704700207047D0E90032FF
:10CB500013605A600023C0E90033704708B5FFF73F
:10CB6000F5FF437B23F0020343730023836008BD7A
:10CB700038B504460D46FCF735FF637B43F00203EE
:10CB80006373E5B1A5602B689D4209D16B68C4E968
:10CB900000531C606C6012E06A689A42F6D01B6811
:10CBA000002BF3D094F90E2093F90E108A42F3D0A3
:10CBB0009142F1DD5A68C4E9003214605C6038BD0E
:10CBC00010B5EFF31184202383F31288BFF36F8F26
:10CBD000FCF7C0FE84F31188BFF36F8F10BD08B55A
:10CBE000EFF31181202282F31288BFF36F8F8368E5
:10CBF0000BB1FFF7B3FF81F31188BFF36F8F08BD4F
:10CC0000014610B5EFF31184202383F31288BFF39C
:10CC10006F8F437B13F0280F0AD183680BB1FFF7A6
:10CC20009DFF4B7B084623F004034B73FCF792FEF9
:10CC300084F31188BFF36F8F10BD01211838FFF7FF
:10CC4000DFBF08B50346EFF31181202282F312887B
:10CC5000BFF36F8F0068834207D008B1FFF77EFFF4
:10CC600081F31188BFF36F8F08BD0020F8E710B57E
:10CC7000FFF7B5FFBDE81040183000F067B838B5D1
:10CC8000054604680020AC4200D138BD002CFCD021
:10CC90002046FFF7ECFF2046FFF792FF2C680120AB
:10CCA000A542F1E738B50C460546FDF741F8B4F169
:10CCB000FF3F08BFB5F1FF3F1FBF47F6FF730022DC
:10CCC0004FF47A71C0FB013216BFD80B4FF0FF3022
:10CCD00040EA424038BD38B5EFF31185202383F395
:10CCE0001288BFF36F8F0468A04212D09CB1A16775
:10CCF00062612046FFF732FF04F1180000F026F8C9
:10CD00002046FCF727FE012085F31188BFF36F8FC3
:10CD100038BD0020F8E72046F6E710B5FDF7CEF95C
:10CD20000446FDF7D3F974B1D4E904321B1A62EB5F
:10CD3000E072B3F1004F72F1000104DA002AACBFD7
:10CD40001846002010BD6FF00040FBE7024638B5E2
:10CD5000EFF31185202383F31288BFF36F8F0368ED
:10CD600093B1FDF7ABF904461046FDF7B9F98442DB
:10CD700004D1FFF7D2FF0021FAF7B6FD002085F3BA
:10CD80001188BFF36F8F38BD6FF01500F7E708B556
:10CD9000FDF796FA08BDFDF793BAB3F1FF3F08BF60
:10CDA000B2F1FF3F70B504461D46164613D01A4334
:10CDB00015D06FF001024FF0FF33921B63EB0501BA
:10CDC000002904DAFDF77CFA821941EB0501C4E978
:10CDD0000021204670BD4FF0FF321146F7E70022D8
:10CDE000FBE7B3F1FF3F08BFB2F1FF3FF8B50746DD
:10CDF00016461C4610D054EA020311D0FDF760FA23
:10CE0000B0420A46A14103460AD2F31A64EB020477
:10CE1000C7E900343846F8BD4FF0FF331C46F7E74A
:10CE20000023FBE70023C0E9081200F11802C0E963
:10CE30000622C0E9003303634363704710B504461C
:10CE4000FFF784FFA8B9636A0BB12046984704F145
:10CE50001800FFF7F6FE60B1FFF7B2FEEFF31180A6
:10CE6000202383F31288BFF36F8FBDE81040FCF7D7
:10CE7000B7BE10BD20B1011F50F8040C00F04AB835
:10CE8000704710B400F10C04C0E9034410BCFEF775
:10CE900082B92DE9F04F054689B0DDE91267914668
:10CEA0003B46324606A8059105F1140AFFF775FFC7
:10CEB000DDE90634CDE90234EFF311844FF02008A8
:10CEC00088F31288BFF36F8F05F10C0B4A46284692
:10CED0000599FEF7ECF830B184F31188BFF36F8F3A
:10CEE00009B0BDE8F08F3E43F6D0DDE9022306A885
:10CEF000FFF777FFDDE906675A4621465046CDE940
:10CF00000067FCF7E1FDEFF3118488F31288BFF3AB
:10CF10006F8FDBE738B50446EFF31185202383F3E9
:10CF20001288BFF36F8FFEF779F804F10C00FFF75A
:10CF3000A6FE30B1294604F11400BDE83840FCF7E4
:10CF40003DBE85F31188BFF36F8F38BD0A44431E81
:10CF5000914200D1704710B511F8014B914203F88E
:10CF6000014FF9D110BD884210B501EB020402D97E
:10CF70008442234607D8431EA14208D011F8012B52
:10CF800003F8012FF8E7024401468A4200D110BDA0
:10CF900013F8014D02F8014DF7E7024403469342AE
:10CFA00000D1704703F8011BF9E70139024410B5BD
:10CFB000904201D1002005E0037811F8014FA3420F
:10CFC00001D0181B10BD0130F2E70246014410B534
:10CFD0008A42134603D01C780132002CF8D1181A6B
:10CFE00010BDF0B5C3F13707044603F01F03104628
:10CFF000FFB2082BE6B232D0102B3DD06508A40852
:10D0000045EAC17544EA81748A082D1942EB510240
:10D01000290941EA02716D1842EB1212290A41EA0C
:10D0200002616D1842EB1222290C41EA02416D188F
:10D0300042EB1242AD1842F10002EC0844EA42749D
:10D04000D10804EB8402A6EB4205EDB2092D0CD900
:10D050000134A5F10A0541F10001EDB212E0E40846
:10D0600006F0070544EA4174C908303554EA010264
:10D0700000F8015BBDD1F0BD240906F00F0544EABC
:10D0800001740909092D84BFED19EDB2EDE7D1E96D
:10D09000043293421EBF5A1C0A6118707047000088
:10D0A0000148006870470000F8190020DC30FF7F5D
:10D0B00001000000E53A000000000000293C0000EB
:10D0C00000000000595A00006CD10000A19000003F
:10D0D0000000000085A4000000000000415E000088
:10D0E00094D10000415E000080D100001FC6000006
:10D0F000000000002D740000A8D10000F15C0000C9
:10D100000000000089770000000000005D120000B0
:10D1100000000000413B000000000000853A0000D4
:10D120000000000095BE0000BCD1000023C6000036
:10D13000000000003995000000000000516100006F
:10D14000D0D100000942000000000000AD6C0000DA
:10D1500020D20000A96A00000CD2000001BF00002C
:10D16000F8D100003D060000E4D10000ECEB000027
:10D1700030D70000C8D40000420200201C25002047
:10D1800026EC000060D7000090D40000440200208C
:10D19000C025002032EC000078D7000090D40000B9
:10D1A00046020020CC25002020F000004CD90000D1
:10D1B000E4D400004E0200205426002083DB00004F
:10D1C0000804002008D700003E020020501A00206A
:10D1D00023EF000090D70000B4D4000048020020E4
:10D1E00048000020A7DC0000E8D5000010D60000B1
:10D1F0003C020020000000009AE900000CD700006B
:10D200000000000040020020701A00209CEF000087
:10D21000F0D70000000000004A020020100A0020A1
:10D22000D5EF000004D90000000000004C020020EF
:10D2300076290020000000009FBD000000000000D3
:10D240009FBD0000000000009FBD00000000000026
:10D250009FBD0000000000009FBD000079C70000D6
:10D2600035C60000000000009FBD00000000000067
:10D270009FBD0000A8D10000BDC500000000000057
:10D280009FBD0000000000009FBD000000000000E6
:10D290009FBD0000000000009FBD000099840000B9
:10D2A00035C60000000000009FBD00000000000027
:10D2B0009FBD0000000000009FBD000000000000B6
:10D2C0009FBD0000000000009FBD000000000000A6
:10D2D0009FBD0000000000009FBD00000000000096
:10D2E00019780000000000009FBD00000000000051
:10D2F0009FBD0000000000009FBD00000000000076
:10D300009FBD0000000000009FBD00000000000065
:10D310009FBD0000000000009FBD00000000000055
:10D320009FBD0000000000009FBD00000000000045
:10D330009FBD0000000000009FBD00000000000035
:10D340009FBD0000000000009FBD00000000000025
:10D350009FBD0000000000009FBD00000000000015
:10D360009FBD0000000000009FBD00000000000005
:10D370009FBD0000458A000035C600000000000087
:10D380009FBD0000000000009FBD000000000000E5
:10D390009FBD0000000000009FBD000000000000D5
:10D3A0009FBD0000000000009FBD000000000000C5
:10D3B0009FBD0000000000009FBD000000000000B5
:10D3C0009FBD0000000000009FBD000000000000A5
:10D3D0009FBD0000000000009FBD00000000000095
:10D3E0009FBD00002951000035C60000B18C00002F
:10D3F00035C60000000000009FBD000000000000D6
:10D400009FBD0000000000009FBD00000000000064
:10D410009FBD0000000000009FBD00000000000054
:10D420009FBD0000000000009FBD00000000000044
:10D430009FBD0000000000009FBD00000000000034
:10D440009FBD0000000000009FBD00000000000024
:0CD450009FBD0000000000009FBD000018
:10D46000F0080020802C002000040000F53F0000A0
:10D470000000000000000000000000000E0000009E
:10D4800000000000D6E800000000000000000000DE
:10D49000D55E0000EDC00000F9C000000DC1000025
:10D4A00017C1000021C10000415D000035C100002E
:10D4B0000000000039640000B3C1000051690000A1
:10D4C000B961000069670000BD5A000043C0000058
:10D4D000A3C0000000000000E1BF00000000000049
:10D4E0000000000077C500007973000069C50000E6
:10D4F00063DD00000300000018EC000003000000E2
:10D50000DDEF0000030000002DEF0000030000002D
:10D51000D6E8000003000000A3EF000003000000B5
:10D52000E7EF00000300000094E9000003000000A2
:10D530007CDD00000300000080DD0000030000002F
:10D54000ABDE0000030000003DDC00000400000032
:10D550009FE6000003000000DCEB00000300000079
:10D5600030F10000030000001EE70000030000008F
:10D570002AF00000030000009AE100000300000010
:10D5800079E000000300000087E8000003000000CD
:10D59000D3EB000003000000C6E100000300000020
:10D5A000B0DC00000400000080D60000080000206D
:10D5B0009ADE0000010000000CD20000DBAC00008D
:10D5C000000000000CD20000F5400000F8D100007F
:10D5D00033F1000000010000000000000000000026
:10D5E0000338FDD870470000D0D10000CC00000007
:10D5F000A80200200500000004000000BBDC0000C1
:10D600001E0000000A0000002C010000000E0800AF
:10D61000F106000000000000E7AC0000B0040020AC
:10D620000001000091BA00003BBA000002000000B7
:10D6300025BC000000000000000000000000000009
:10D64000000000007ADE000082DE00000000000022
:10D6500000000000000000008ADE00008EDE0000F6
:10D6600092DE000096DE000070D60000EC12002072
:10D67000811C000004130020C128002001000000CC
:10D68000E3BC0000D9BC0000A7BC00009BBC0000AC
:10D69000000000008FBC000000000000000000003F
:10D6A0007FBD00002800002020000020180000207E
:10D6B0000000000010000020B52C0000852B0000A9
:10D6C000D92B00004D2C00000000002000000000BD
:10D6D0000600010002000000DCD60000000000008F
:10D6E0000FE7000006000000E0FF0F000000002030
:10D6F00017E7000021000000E0FF0620393C000091
:10D7000081BE000000000000000000000CD20000FC
:10D710004CDA00007700000007110000B943000058
:10D7200000000000E1590000B159000000000000B5
:10D730003D5B0000255A0000F7EB0000CFC0000061
:10D74000E1C00000FDEB0000C9C00000DBC000002C
:10D7500003EC0000C3C00000D5C000000DEC0000C9
:10D76000FFFF0000002884500000000001000000BE
:10D7700000D0005000000000FFFFFFFF0025845094
:10D78000000000000000000000D000500000000079
:10D79000956200000080025000000000FFFFFFFFC4
:10D7A000FFFFFFFFFFFFFFFFFFFFFFFFFFFFFFFF89
:10D7B000070000000101000000000020000000013F
:10D7C00001000000CCD700000100000000800250E2
:10D7D000D8D7000001000000E0D7000004000000DE
:10D7E0002F00000D2C00000F2D0000122E00001144
:10D7F000F8D800000511000088130000881300000D
:10D800006400000010270000204E000032000000DD
:10D8100001000000000000006529002054290020BC
:10D820004329002032290020DD280020D0D8000024
:10D8300048D8000018260020D5690000000000002C
:10D84000000000000000000094D100001900010059
:10D8500094D100001600010094D100001A000100CC
:10D8600094D100001800010094D1000014000100C0
:10D8700080D100000800010094D1000006000100E2
:10D8800080D100000000010080D1000001000100F3
:10D8900094D100000500010094D1000004000100B3
:10D8A00080D100000B00010094D100001F00010096
:10D8B00094D100001E00010080D100000A00010088
:10D8C00094D100001D00010094D100001C00010053
:10D8D00080D100000500110094D100001700110054
:10D8E00080D100000600110094D100001300110047
:10D8F00094D1000007001100D3C3000033C300001F
:10D90000E16900001E000000040000001CD90000B6
:10D91000280F0020356C00000000000094D10000AA
:10D92000170011000B00000094D100001800110036
:10D930000200000094D10000080011000300000064
:10D9400094D1000009001100040000000080005084
:10D95000010000000000000070D900000000D601A6
:10D960000000000000000000772900207629002038
:10D97000008000507CD900000100000084D9000024
:10D98000040000001400000013000002160600014D
:10D9900015060003E6F00000F4F0000008F10000B6
:10D9A00017F1000023F10000B4D00000B4D0000053
:10D9B00004D100000CD100006CD100006CD100003B
:10D9C000FF8FFFFFFF8FFFFFFE8FFFFFFE8FFFFF29
:10D9D000FD8FFFFFFC8FFFFFFC8FFFFFFB8FFFFF23
:10D9E0006D757465785F667265652063616C6C65E2
:10D9F000642077697468204E554C4C2070617261C8
:10DA00006D6574657200000043616E277420696E55
:10DA1000697469616C697A65206D757465782C200C
:10DA2000776173204E554C4C0D0A0000436F756CA6
:10DA300064206E6F74206C6F636B20706F776572FB
:10DA40002073617665206D757465780000000000B4
:10DA5000B800B900BA00000000000000000000009B
:10DA6000A500A400A3007100000000000000000059
:10DA700000003C003D003E0000003F00400041002F
:10DA800042004300440057005800D200460077008F
:10DA9000290002000300040005000600070008003A
:10DAA00009000A000B000C000D000E006E0066005D
:10DAB00068000F0010001100120013001400150080
:10DAC00016001700180019001A001B002B006F0029
:10DAD0006B006D003A001E001F0020002100220094
:10DAE0002300240025002600270028001C00000039
:10DAF0000000000000002A002C002D002E002F0046
:10DB000030003100320033003400350036000000B0
:10DB100000000000670000001D007D0038000000CC
:10DB20000000390000000000640000008B0061006C
:10DB3000BB00000069006C006A002000000030009B
:10DB40000100400002006000030080000400C000EB
:10DB50000500000106008001070000020800040122
:10DB600000012401200102000100000200014849D7
:10DB700044207772697465206661696C65643A2037
:10DB80002564004849445F30004849442064657674
:10DB9000696365206E6F7420666F756E640A005548
:10DBA00053422048494420696E6974206661696C5B
:10DBB00065640A0055534220656E61626C6520669B
:10DBC00061696C65640A004C454420737472697025
:10DBD00020646576696365202573206973206E6F04
:10DBE00074207265616479006B6264206465766993
:10DBF0006365206E6F742072656164790A000501A7
:10DC00000906A101050719E029E71500250175019D
:10DC10009508810275089501810375019505050830
:10DC2000190129059102750395019103750895065F
:10DC3000150025650507190029658100C06D61691A
:10DC40006E0049325320636F6E6669677572652096
:10DC50006661696C656420282564290025733A2073
:10DC6000696E76616C696420636F6C6F7572206D8C
:10DC7000617070696E6700545820736C6162206136
:10DC80006C6C6F63206661696C656420282564296B
:10DC9000006932735F7772697465206661696C65CB
:10DCA00064202825642900777332383132403000EF
:10DCB0007773323831325F69327300020103000436
:10DCC00028756E7369676E656429206368617220C8
:10DCD0002A207573656420666F7220252570206187
:10DCE0007267756D656E742E204974277320726596
:10DCF000636F6D6D656E64656420746F206361731E
:10DD00007420697420746F20766F6964202A206201
:10DD1000656361757365206974206D617920636145
:10DD2000757365206D69736265686176696F7220CD
:10DD3000696E206365727461696E20636F6E6669D7
:10DD40006775726174696F6E732E20537472696E99
:10DD5000673A2225732220617267756D656E743A89
:10DD600025640063627072696E74665F7061636BD4
:10DD7000616765006C6F6767696E67006C6F67004D
:10DD80006C6F675F6D676D74004D65737361676578
:10DD9000202822257322292064726F707065642008
:10DDA0006265636175736520697420657863656574
:10DDB00064732073697A65206C696D697461746934
:10DDC0006F6E2028257529004D6573736167652086
:10DDD00064726F707065642062656361757365203D
:10DDE000697420657863656564732073697A65205A
:10DDF0006C696D69746174696F6E202825752900DE
:10DE00000D0A001B5B306D00257320005B25303848
:10DE10006C755D20005B253032753A253032753ADD
:10DE2000253032752E253033752C253033755D2025
:10DE30000025730025732F003C25733E20002573B9
:10DE40003A2000253032782000202020007C002558
:10DE50006300206D657373616765732064726F7012
:10DE6000706564202D2D2D0D0A1B5B306D001B5B32
:10DE7000313B33316D2D2D2D20001B5B313B333178
:10DE80006D001B5B313B33336D006572720077723E
:10DE90006E00696E6600646267006C6F675F626146
:10DEA000636B656E645F75617274006C6F675F753C
:10DEB00061727400456E64706F696E7420307825ED
:10DEC00030327820697320696E76616C6964004530
:10DED0006E64706F696E74203078253032782061FE
:10DEE0006C72656164792064697361626C65640059
:10DEF0004661696C656420746F2064697361626C4B
:10DF00006520656E64706F696E74203078253032DC
:10DF100078005365742068616C74206570203078D7
:10DF20002530327800436C6561722068616C742022
:10DF300065702030782530327800456E64706F69E6
:10DF40006E742030782530327820616C726561649F
:10DF50007920636F6E6669677572656400466169F2
:10DF60006C656420746F20636F6E66696775726597
:10DF700020656E64706F696E742030782530327859
:10DF800000456E64706F696E742030782530327889
:10DF900020616C726561647920656E61626C656494
:10DFA000004661696C656420746F20656E61626C07
:10DFB0006520656E64706F696E742030782530322C
:10DFC00078004661696C656420746F2077726974AB
:10DFD0006520656E64706F696E7420627566666533
:10DFE000722030782530327800526571756573740F
:10DFF0002062756666657220746F6F20736D616C48
:10E000006C005553422064657669636520737570B2
:10E01000706F727420616C726561647920656E61E5
:10E02000626C6564004661696C656420746F20638E
:10E030006F6E666967757265205553422064657618
:10E0400069636520737461636B004572726F6E65FE
:10E050006F757320646576696365206465736372A8
:10E060006970746F72206F7220624D6178506163C5
:10E070006B657453697A6530007573625F646576A9
:10E0800069636500303132333435363738394142CF
:10E0900043444546005468657265206973206E6F7D
:10E0A000207573625F6366675F6461746120666F89
:10E0B0007220257000556E696E697469616C697AA9
:10E0C0006564207573625F6366675F646174612075
:10E0D000706F696E7465722C20636F7272757074E4
:10E0E000656420646576696365206465736372693D
:10E0F00070746F723F004661696C656420746F20B4
:10E1000076616C696461746520656E64706F696EB8
:10E11000747300746865206E657720534E206465C3
:10E120007363726970746F7220646F65736E2774A5
:10E130002068617665207468652073616D65206C68
:10E14000656E67746820617320434F4E4649475F90
:10E150005553425F4445564943455F534E00496E0F
:10E16000636F6D706C6574652064657669636520A6
:10E1700064657363726970746F72004661696C657F
:10E180006420746F2066697875702055534220644E
:10E19000657363726970746F72007573625F646532
:10E1A0007363726970746F72005472616E73666526
:10E1B00072206572726F722025642C206570203089
:10E1C0007825303278007573625F7472616E7366A1
:10E1D0006572002A2A2A20426F6F74696E67206E6A
:10E1E000524620436F6E6E6563742053444B207615
:10E1F000332E302E312D3965623536313564613636
:10E200003662202A2A2A0A002A2A2A205573696E91
:10E2100067205A6570687972204F532076342E300B
:10E220002E39392D373766383635623866386430DE
:10E23000202A2A2A0A006D757465785F696E6974F0
:10E240002063616C6C65642077697468204E554C5E
:10E250004C20706172616D6574657200436F756CFE
:10E2600064206E6F7420616C6C6F63617465206DE7
:10E2700075746578206265666F726520696E697471
:10E2800069616C697A696E670072302F61313A207A
:10E2900020307825303878202072312F61323A20B2
:10E2A00020307825303878202072322F61333A20A0
:10E2B000203078253038780072332F61343A2020AE
:10E2C000307825303878207231322F69703A20202A
:10E2D000307825303878207231342F6C723A202013
:10E2E0003078253038780020787073723A202030EA
:10E2F0007825303878004661756C74696E672069DE
:10E300006E737472756374696F6E20616464726594
:10E31000737320287231352F7063293A20307825A5
:10E3200030387800556E68616E646C6564204952BF
:10E33000516E3A202564002A2A2A2A2A204D505557
:10E34000204641554C54202A2A2A2A2A00202053AC
:10E350007461636B696E67206572726F72202863E7
:10E360006F6E746578742061726561206D6967688D
:10E3700074206265206E6F742076616C6964290078
:10E380002020556E737461636B696E6720657272CD
:10E390006F72002020446174612041636365737370
:10E3A0002056696F6C6174696F6E0020204D4D4678
:10E3B000415220416464726573733A203078257845
:10E3C000002020496E737472756374696F6E20410A
:10E3D00063636573732056696F6C6174696F6E0057
:10E3E0002020466C6F6174696E672D706F696E7462
:10E3F000206C617A79207374617465207072657322
:10E400006572766174696F6E206572726F72002A30
:10E410002A2A2A2A205553414745204641554C5423
:10E42000202A2A2A2A2A0020204469766973696FE3
:10E430006E206279207A65726F002020556E616CC3
:10E4400069676E6564206D656D6F727920616363C5
:10E45000657373002020537461636B206F7665725F
:10E46000666C6F772028636F6E74657874206172B4
:10E470006561206E6F742076616C696429002020CC
:10E480004E6F20636F70726F636573736F72206974
:10E490006E737472756374696F6E73002020496CBB
:10E4A0006C6567616C206C6F6164206F66204558F5
:10E4B000435F52455455524E20696E746F2050434D
:10E4C000002020496C6C6567616C20757365206F56
:10E4D00066207468652045505352002020417474B2
:10E4E000656D707420746F20657865637574652040
:10E4F000756E646566696E656420696E73747275A5
:10E500006374696F6E002A2A2A2A2A2042555320F2
:10E510004641554C54202A2A2A2A2A002020537486
:10E5200061636B696E67206572726F7200202050A4
:10E53000726563697365206461746120627573201C
:10E540006572726F7200202042464152204164641D
:10E55000726573733A2030782578002020496D70F9
:10E5600072656369736520646174612062757320EC
:10E570006572726F72002020496E737472756374D5
:10E58000696F6E20627573206572726F72005265DA
:10E5900073657276656420457863657074696F6E23
:10E5A00020280053707572696F757320696E7465E9
:10E5B000727275707420284952512000535053458F
:10E5C0004C20696E20746872656164206D6F6465AB
:10E5D00020646F6573206E6F7420696E6469636177
:10E5E000746520505350002A2A2A2A2A2048415272
:10E5F00044204641554C54202A2A2A2A2A00202009
:10E60000427573206661756C74206F6E2076656349
:10E61000746F72207461626C6520726561640020A1
:10E62000204465627567206576656E74002020461B
:10E6300061756C7420657363616C6174696F6E20C1
:10E64000287365652062656C6F77290041524348E5
:10E650005F4558434550542077697468207265615E
:10E66000736F6E2025780A002A2A2A2A2A204465F8
:10E67000627567206D6F6E69746F7220657863656F
:10E680007074696F6E202A2A2A2A2A002A2A2A2AC6
:10E690002A20257320256429202A2A2A2A2A006D67
:10E6A0007075004661696C656420746F20616C6CE4
:10E6B0006F63617465206E6577204D5055207265DB
:10E6C00067696F6E2025750A0050617274697469FC
:10E6D0006F6E2025753A2073616E697479206368C6
:10E6E00065636B206661696C65642E00496E7661B6
:10E6F0006C696420756E6465726C79696E672072EE
:10E700006567696F6E20696E6465782025750046BF
:10E710004C4153485F30005352414D5F3000736F9E
:10E7200063000000000144657669636520646174DC
:10E7300061206E6F7420666F756E6420666F722044
:10E74000656E64706F696E74202575004465766926
:10E7500063652064617461206E6F7420666F756EEE
:10E760006420666F722063666720257000446576BA
:10E77000696365206572726F7200446576696365CE
:10E7800020726573657420646574656374656400E4
:10E7900044657669636520636F6E6E656374656456
:10E7A0000044657669636520636F6E66696775729C
:10E7B00065640044657669636520646973636F6EA0
:10E7C0006E6563746564004465766963652073757E
:10E7D0007370656E64656400446576696365207274
:10E7E0006573756D65640066726F6D207375737007
:10E7F000656E6400556E6B6E6F776E206576656E24
:10E8000074004465766963652064617461206E6F8D
:10E810007420666F756E6420666F7220696E746511
:10E820007266616365202575007756616C75652099
:10E8300073686F756C64206265203000556E686186
:10E840006E646C65642072657175657374203078D0
:10E850002530327800556E737570706F7274656410
:10E860002070726F746F636F6C3A20257500446579
:10E8700076696365206973206E6F7420636F6E66BE
:10E88000696775726564007573625F686964006BBF
:10E890005F6D7367715F676574206572726F723A3E
:10E8A000202564004576656E742064726F70706513
:10E8B000642C2071756575652066756C6C2C206EF6
:10E8C0006F7420626C6F636B696E6720696E207372
:10E8D000797377712E00696E7075740000291E1FA0
:10E8E00020212223242526272D2E2A2B141A081511
:10E8F000171C180C12132F302800041607090A0BD6
:10E900000D0E0F33343500311D1B0619051110365D
:10E9100037380055002C393A3B3C3D3E3F404142A0
:10E920004353475F6061565C5D5E57595A5B6200B6
:10E93000000000444500000000000000580054465C
:10E9400000004A524B504F4D514E494C00000000C0
:10E9500000000048696E70757420646576696365AF
:10E96000206E6F74207265616479006B65796D61EA
:10E9700070206576656E74206F7574206F662072E6
:10E98000616E67653A20726F773D257520636F6C05
:10E990003D257500696E7075745F6B65796D61708A
:10E9A00000757362645F776F726B710055534244F8
:10E9B000206576656E7420616C6C6F636174696F3D
:10E9C0006E206661696C6564210055534244206580
:10E9D00076656E74206D656D6F727920636F7272EB
:10E9E000757074656400556E6B6E6F776E2055534D
:10E9F0004220706F776572206576656E742025649D
:10EA0000006E6F742061747461636865642C2045C6
:10EA10005020307825303278206576656E74206419
:10EA2000726F70706564006E5246205553424420E8
:10EA30007472616E73666572206572726F722028DF
:10EA40004F5554293A203078253032780046616994
:10EA50006C656420746F20616C6C6F6320657674E4
:10EA60000055534244206576656E74207175657556
:10EA7000652066756C6C2100556E6B6E6F776E202D
:10EA800055534244206576656E743A2025686400CB
:10EA9000556E6578706563746564206576656E741F
:10EAA00020286E7266785F75736264293A20256447
:10EAB0002C20657020307825303278005F65705FDB
:10EAC0007374617475735F676574206661696C65E2
:10EAD000642120436F64653A20256400696E766185
:10EAE0006C696420656E64706F696E7420636F6E0C
:10EAF00066696775726174696F6E00696E76616CC4
:10EB0000696420656E64706F696E7420696E6465F7
:10EB1000782F6164647265737300696E76616C69E5
:10EB20006420656E64706F696E742074797065001E
:10EB300069736F20656E64706F696E742063616EB7
:10EB4000206F6E6C792062652069736F00455020DC
:10EB50006D6178207061636B65742073697A6520DC
:10EB60006D757374206265206120706F7765722007
:10EB70006F662032005354414C4C20756E73757093
:10EB8000706F72746564206F6E2049534F20656EFC
:10EB900064706F696E7400456E64706F696E742086
:10EBA000307825303278206973206E6F7420656E5E
:10EBB00061626C6564006E52462055534244207772
:10EBC00072697465206572726F723A202564000163
:10EBD0000002037573625F6E726678006E72665F24
:10EBE000757362645F636F6D6D6F6E00636C6F63EE
:10EBF0006B4035303030006866636C6B006C666368
:10EC00006C6B006866636C6B3139326D00686663EB
:10EC10006C6B617564696F00636C6F636B5F636FCE
:10EC20006E74726F6C006770696F403834323830C0
:10EC300030006770696F40383432353030004661DB
:10EC4000696C656420746F20616C6C6F63617465BE
:10EC5000206E657874205258206275666665723A37
:10EC6000202564004E6F20545820627566666572D8
:10EC700020617661696C61626C65004661696C65F2
:10EC80006420746F2073746172742049325320744D
:10EC900072616E736665723A20307825303878007C
:10ECA00043616E6E6F7420777269746520696E209F
:10ECB00073746174653A2025640054686973206434
:10ECC00065766963652063616E206F6E6C7920776D
:10ECD0007269746520626C6F636B73207570207449
:10ECE0006F2025752062797465730043616E6E6FC5
:10ECF00074207265616371756972652071756575DF
:10ED0000656420627566666572004E65787420627F
:10ED1000756666657273206E6F7420737570706CA3
:10ED2000696564206F6E2074696D65004E6F207296
:10ED30006F6F6D20696E2052582071756575650082
:10ED400043616E6E6F7420636F6E6669677572657E
:10ED500020696E2073746174653A202564005468DC
:10ED60006973206465766963652063616E207472DF
:10ED7000616E73666572206F6E6C792066756C6C5F
:10ED80002033322D62697420776F72647300556E80
:10ED9000737570706F7274656420776F726420731E
:10EDA000697A653A20257500556E737570706F72BB
:10EDB000746564206461746120666F726D61743A79
:10EDC0002030782530327800556E737570706F7210
:10EDD0007465642073747265616D20666F726D6115
:10EDE000743A2030782530327800556E7375707023
:10EDF0006F72746564206E756D626572206F662037
:10EE00006368616E6E656C733A20257500556E738C
:10EE10007570706F72746564206F7065726174696B
:10EE20006F6E206D6F64653A20307825303278003F
:10EE3000493253204D434B206672657175656E6390
:10EE4000793A2025752C2061637475616C205043DC
:10EE50004D20726174653A20257500556E7375708A
:10EE6000706F72746564206F7074696F6E733A208E
:10EE700030782530327800545820616E6420525822
:10EE800020636F6E66696775726174696F6E732057
:10EE900061726520646966666572656E7400496EAC
:10EEA00076616C696420747269676765723A2025BF
:10EEB0006400496E617070726F7072696174652070
:10EEC00074726967676572202825642F2564292C70
:10EED000206163746976652073747265616D28734F
:10EEE000293A202564004661696C656420746F20AE
:10EEF000696E697469616C697A65204932533A2098
:10EF0000307825303878004661696C656420746F0C
:10EF1000207265717565737420636C6F636B3A2042
:10EF20002564006932734032383030300069327302
:10EF30005F6E7266780050696E20256420696E7479
:10EF400065727275707420636F6E66696775726141
:10EF500074696F6E206661696C65643A202564008F
:10EF600050696E20256420636F6E666967757261F3
:10EF700074696F6E206661696C65643A202564006F
:10EF8000436F756C64206E6F7420736574206770B6
:10EF9000696F2063616C6C6261636B006B65797093
:10EFA000616400696E7075745F6770696F5F6B6232
:10EFB000645F6D6174726978006B65795F696E6416
:10EFC000657820256420676574206661696C6564D6
:10EFD0003A20256400627574746F6E7300677069FF
:10EFE0006F5F6B65797300696E7075745F6B6264D7
:10EFF0005F6D617472697800000102030405060701
:10F000000B4661696C656420746F20616C6C6F6382
:10F0100061746520505049204368616E6E656C00D4
:10F0200075617274403830303000756172745F6E93
:10F030007266785F756172746500000000010101FD
:10F040000000010000000C04241C0020303030308F
:10F0500030303030303030303030000101000000CE
:10F0600048616C74696E672073797374656D0055BF
:10F070006E6B6E6F776E206572726F7200756E6B5D
:10F080006E6F776E003E3E3E205A455048595220E2
:10F09000464154414C204552524F522025643A205B
:10F0A0002573206F6E2043505520256400466175FE
:10F0B0006C7420647572696E6720696E7465727213
:10F0C0007570742068616E646C696E670A004375C0
:10F0D0007272656E74207468726561643A2025707E
:10F0E0002028257329004350552065786365707486
:10F0F000696F6E00556E68616E646C656420696E40
:10F100007465727275707400537461636B206F76EE
:10F110006572666C6F77004B65726E656C206F6F01
:10F120007073004B65726E656C2070616E69630070
:10F130006F7300737973776F726B7100286E756CE3
:10F140006C29002A666C6F61742A0000F3B200001B
:10F150005BBA000068D6000000000000D802002062
:10F160003A000000EC0200203A000000C402002037
:10F170003A000000000300203A00000000000000F8
:10F1800077BE00000000000000000000B93C000055
:10F1900080000000000000000000000000000000EF
:10F1A000000000000000000000000000000000005F
:10F1B000000000000000000000000000000000004F
:10F1C000000000000000000000000000000000003F
:10F1D000000000000000000000000000000000002F
:10F1E000000000000000000000000000000000001F
:10F1F000000000000000000000000000000000000F
:10F2000000000000000000000000000000000000FE
:10F2100000000000000000000000000000000000EE
:10F2200000000000000000000000000000000000DE
:10F2300000000000000000000000000000000000CE
:10F2400000000000000000000000000000000000BE
:10F2500000000000000000000000000000000000AE
:10F26000000000000000000000000000000000009E
:10F2700094D7000000000000010000000000000022
:10F280000090D0030070015000000000FFFFFFFF5E
:10F290003F000000FFFFFFFF3F00000000000000F4
:10F2A000000000000000000000000000000000005E
:10F2B000000000000000000000000000000000004E
:10F2C000000000000000000000000000000000003E
:10F2D000000000000000000000000000000000002E
:10F2E000000000000000000000000000000000001E
:10F2F000000000000000000000000000000000000E
:10F3000000000000000000000000000008000000F5
:10F31000FF000000000000000300000000000000EB
:10F32000D4010020D401002000000000E1A400006E
:10F33000200200201802002010020020000000001F
:10F34000080200200DA6000059A500008DA50000B0
:10F35000D5A50000DC2600203A00003AE026002077
:10F360003A00003AE42600203A00003AE82600205D
:10F370003A00003A30020020F4010020EC010020A5
:10F38000E8010020E401002000000000000000006F
:10F39000000000000000000000000000000000006D
:10F3A000000000000000000000000000000000005D
:10F3B000000000000000000000000000000000004D
:10F3C000000000000000000000000000000000003D
:10F3D00000000000000000008C0200208C020020D1
:10F3E0001848002000000000200000001400000069
:10F3F00000000000A8020020A8020020C045002054
:10F400000000000002000000CC000000000000002E
:10F41000C4020020C4020020000000000000000020
:10F420000E000000D8020020D802002000000000DA
:10F43000000000000E000000EC020020EC020020A2
:10F4400000000000000000000E000000000300208B
:10F450000003002000000000000000000E0000007B
:10F46000140300201403002000000000000000002E
:10F470000E00000028030020280300200C000000DC
:10F48000100000005847002018480020584700206E
:10F49000584700200000000000000000500300203A
:10F4A0005003002001000000010000006003002064
:10F4B00060030020000000000100000000000000C8
:10F4C00000000000780300207803002012010002F1
:10F4D00000000040E22F04000004010203010902C1
:10F4E0000000000100E032090400000103010000F7
:10F4F0000921110100012200000705800310000905
:10F50000040309040E035A65706879720000000054
:10F5100000001E03327832204B6579706164204808
:10F52000494400000000000000000000000000004E
:10F53000220330313233343536373839414243448F
:10F540004546000000000000000000000000000030
:10F5500000000000000000009B03002091BE00009E
:10F560001D3D0000193E000000000000013F0000AA
:0CF57000010000004000002015E015E044
:00000001FF
