:10000000C841002009330000AFBD0000F5320000F8
:10001000F5320000F5320000F5320000F532000044
:100020000000000000000000000000006534000037
:10003000F53200000000000005340000F532000039
:10004000F5350000F5350000F5350000F535000008
:10005000F5350000F5350000F5350000F5350000F8
:10006000F5350000F5350000F5350000F5350000E8
:10007000F5350000F5350000F5350000F5350000D8
:10008000F5350000F5350000F5350000F5350000C8
:10009000F5350000F5350000F5350000F5350000B8
:1000A000F5350000F5350000F5350000F5350000A8
:1000B000F5350000F5350000F5350000F535000098
:1000C000F5350000F5350000F5350000F535000088
:1000D000F5350000F5350000F5350000F535000078
:1000E000F5350000F5350000F5350000F535000068
:1000F000F5350000F5350000F5350000F535000058
:10010000F5350000F5350000F5350000F535000047
:10011000F5350000F5350000F5350000F535000037
:10012000F5350000F5350000F5350000F535000027
:10013000F5350000F5350000F5350000F535000017
:10014000F5350000F5350000F5350000F535000007
:04015000F535000081
:1001540053B94AB9002908BF00281CBF4FF0FF312A
:100164004FF0FF3000F00CB8ADF1080C6DE904CE8F
:1001740000F01AF8DDF804E0DDE9022304B070476A
:10018400704700BF10F8012B11F8013B012A28BF6A
:100194009A42F7D0D01A7047034613F8012B002A6D
:1001A400FBD1181A013870472DE9F04786468C4672
:1001B4000846089E154674461946002B40F0C18037
:1001C4008542B2FA82F245D94AB1C2F1200300FA5B
:1001D40002FC954094402EFA03F343EA0C0C4FEAD8
:1001E400154EA8B2230CBCFBFEF80EFB18CC08FB82
:1001F40000F943EA0C43994528D9EB1808F1FF3775
:1002040004D2994502D9A8F102072B44A3EB0903B0
:10021400A4B2B3FBFEFC0EFB1C330CFB00F044EA5F
:100224000344A04214D92C190CF1FF3304D2A04288
:1002340002D9ACF102032C44241A43EA07401EB14C
:10024400D440002334607360BDE8F0874746DDE79F
:100254006346F1E792BB431B01214FEA154EAFB24F
:10026400200CB3FBFEFC0EFB1C330CFB07F840EA2E
:100274000343984561D9EB180CF1FF3004D298453B
:1002840002D9ACF102002B44A3EB0803A4B2B3FBE4
:10029400FEFC0EFB1C330CFB07F744EA0344A742A5
:1002A4004DD92C190CF1FF3304D2A74202D9ACF179
:1002B40002032C44E41B43EA0040C0E7C2F12003DC
:1002C4009540944020FA03F12EFA03F34FEA154EB9
:1002D4009040AFB20343B1FBFEFC0EFB1C10190CA3
:1002E4000CFB07F841EA0041884522D969180CF152
:1002F400FF3004D2884502D9ACF102002944A1EBB5
:1003040008019BB2B1FBFEFC0EFB1C110CFB07F7B2
:1003140043EA01439F420ED9EB180CF1FF3104D29A
:100324009F4202D9ACF102012B44DB1B41EA00419C
:1003340093E76046E3E76146F7E76046A4E7634670
:10034400B8E7834206D916B9002108467CE7C6E916
:1003540000E0F9E7B3FA83F78FB9834201D372451A
:1003640008D8BEEB020460EB030301209C461EB9CF
:10037400002169E73846FAE7C6E9004CF8E7C7F117
:10038400200CBB400EFA07F522FA0CF42EFA0CF1FD
:10039400BA401C4320FA0CF3B8404FEA1449014315
:1003A4001FFA84FEB3FBF9F809FB18300B0C08FBA9
:1003B4000EFA43EA00439A4540D9E31808F1FF30A6
:1003C40004D29A4502D9A8F102002344A3EB0A03FC
:1003D40089B2B3FBF9F809FB183308FB0EFE41EAB6
:1003E40003418E452CD9611808F1FF3304D28E45A0
:1003F40002D9A8F10203214443EA0040A1EB0E0113
:10040400A0FB02984145CE46434602D306D14D4552
:1004140004D20138B9EB020E68EB0403002EA7D016
:10042400B5EB0E0261EB030101FA0CFC22FA07F3AF
:10043400F9404CEA0303C6E9003199E74046C5E7B1
:100444004346D9E72DE9F041C588876828460BF073
:1004540049FD0446284603F043FE031E2DDA002C12
:1004640067D0354B012F1A7858D122431A70334B79
:10047400186800285DD0304B314A1B78314913701D
:1004840000230C68304D02F8013FA3422CBF002129
:10049400E95C0133062B02F8011FF6D10023082280
:1004A400274903F09BFD0346002842D0BDE8F041F4
:1004B4000221264A26480BF070BB224D224E8CB1F5
:1004C4001D4A012F117825D121431170002228687B
:1004D4001D49DCB2824224D1062AC8D0511C2960AD
:1004E400B354C4E7012FF1D000202C68164ADBB2C4
:1004F400A042BCD012F8017B411C9F4217D1671E59
:100504003A1A8C4238BF0022304431440CF024FDA6
:100514002F60ACE721EA04011170E5E722EA040246
:10052400A4E711F8017BA742A1D00132D2E7084623
:10053400DEE7BDE8F08100BFBC280020481200209F
:10054400C32800204C120020BD280020BEDB000080
:1005540098D5000098B500AF294808F0DBFB294C7A
:10056400206028B928480AF0C5FE0020BD4698BD81
:1005740000233F22254903F01BFD20680BF0A8FC53
:1005840008B12348EFE701F0D3FF08B12148EAE7B7
:10059400214C20460CF025F9034698B921686C4695
:1005A40088B06A461D48C2E905014FF40071918381
:1005B4001B4942F8101F4FF4E2511A4801F0B2F8F7
:1005C400A546D2E718480CF00CF9B0B1174C2046F8
:1005D4000CF007F950B12269A1681368204643F072
:1005E400805313600B68124A1C2198474FF0FF3167
:1005F4004FF0FF300CF07DFBF8E70E48B3E700BF87
:10060400D3DB000048120020D9DB00004EDC0000E0
:10061400EFDB000004DC000008D2000017DC00005F
:100624000300000198D5000048D2000088D10000E2
:1006340001000A0038DC0000F0B587B000AF45685F
:10064400064612220021B81D0CF0A0FCEA69224BD8
:10065400B3FBF2F31022BB60AB683A71FB606B68CA
:1006640002223B614FF47A737A717B612868836854
:1006740001211B683A1D9847041E06DB0023297BD1
:10068400DAB291420BD8002405E001212346134A33
:1006940013480BF082FA20461C37BD46F0BD6A6948
:1006A400D25C0133042AEBD96C4688B06A463368BD
:1006B4000C49C2E905134FF4007393830A4B42F8C3
:1006C400103F00234FF4E251054801F02BF8A546F2
:1006D4006FF01504DFE700BF40420F0092DC00001A
:1006E400F0D50000ACDC0000030000012DE9F34765
:1006F400456800230C461646A8684FF4A02201A9B9
:1007040095F8247095F8259095F8268008F0E2FC79
:10071400031EC7F100070ADA0121404A40480BF0E2
:100724003CFA6FF00B04204602B0BDE8F087214686
:10073400019806EB860640F8047B2644B1424CD16E
:100744000023298B9AB2914249D828686A68836841
:100754000199DB689847041E45DA0199A8680CF0F2
:1007640096F8012123462F4A2D480BF016FADAE7B2
:100774006B699B5C042B29D8DFE803F02403202257
:1007840026000A784FF0080C4FF0800E002312EA7E
:100794000E0F0CBFC246CA46BCF1010C4AEA031351
:1007A4004FEA5E0EF3D187EA334340F8043B013449
:1007B4002B7BE2B29342DBD80531BFE74A78E1E70D
:1007C4008A78DFE7CA78DDE70A79DBE70199A86868
:1007D4000CF05DF86FF01504A5E70024E8E740F895
:1007E40023700133ADE728688368002201211B6967
:1007F4009847041E97DB28688368022201211B693D
:100804009847041E8FDBD5E907206B689B0802FB21
:10081400030009F001FB002485E700BFC7DC0000EA
:10082400F0D50000E1DC00002DE9F04F91B0009319
:1008340002F004030293C2F3C203013384070546A2
:100844000E46DDF868800392059340F0BB81041DD9
:1008540030B1072909D86FF01B0011B0BDE8F08F43
:1008640001F007063444C6F10806009B4FF0000966
:100874004FF0040A591E4FF0FF334F460193CB4605
:100884005346CDF810900DB1009A226005980028C7
:1008940000F3E8809848009A824203D39748824242
:1008A400C0F0E080039AA4EB050E92074FEA9E0085
:1008B40000F103810F2F00F2B180002D00F00581BB
:1008C40007F140020DEB020C019A0CF8200C0CF815
:1008D400102C049801300490E7E07A285DD84B2866
:1008E4000ED8472859D829282DD8252852D054D88D
:1008F40020287AD02338D0F1000B4BEB000B74E0A6
:100904004C382E2849D8DFE800F070484848484859
:100914004848484848484B4848484848484848593F
:10092400484B4B595959704B6D487048184B1848EF
:1009340048827F4B48484B487F0000204FF0000B13
:100944004FF0040A38E001222A38C0B202FA00F05B
:1009540010EA0E0F49D110F0625C2FD110EA020B9D
:1009640043D06046013C5444B4FBFAF40AFB04F45B
:10097400002D61D0A3EB050CA444B4453FF66BAF46
:10098400002868D1042B47D158F8043B2360042382
:1009940004342AE0019A013A01924FF0000B24E05A
:1009A40011F8010C6C2834D1002011F8023C834664
:1009B4006C2BC5D14FF0080A5346D3E708F107085A
:1009C40028F00708073424F00704F8E802AB35B12F
:1009D40006982044B0423FF63EAFC4E900AB4FF066
:1009E400000B08344FF0080A534611F8010F002891
:1009F40078D0BBF1000F7FF470AF2528F5D14FF00C
:100A0400010B019B013301934FF0040AECE75846B4
:100A140094E700208346A5E7082B02D06FF0150069
:100A24001BE708F1070828F00708F8E80223C4E9DF
:100A3400002308230834D8E768B9042B02D108F14D
:100A44000408A4E7082BE9D108F1070828F00708EF
:100A540008F10808EDE7059A013A059258F8042BC5
:100A6400009210E7039A900720D54FF0010CA4EBF5
:100A7400050E4FEA9E00BEF5007FCFD20F2FCDD8D2
:100A8400F5B107F140020DEB020E019AC0B20EF867
:100A9400200C0EF8102CBCF1000F3FF41AAF60F0DC
:100AA4007F000EF8200C09F101090137C5F1080295
:100AB4004FF6DA7E0434069297E74FF0000CDAE73B
:100AC400BCF1000F01D00136EFE70298023600288E
:100AD400EBD10098CDE90631FFF75EFBDDE9063185
:100AE4000644E2E7631BB3F5806F97D245B9A6F1DC
:100AF4000804E018B1E600BFA8D00000A0F100008F
:100B0400029A9B0828602B709DF81030C2B1EB70DC
:100B140085F80290B9F1000F05D0002208A8C5F1AC
:100B2400010C97420ED14FF0000AC5F101030DF1FB
:100B3400200801930DF1300B574512D1601B8CE650
:100B44006B70E5E710F8013B190608D50CEB040EB1
:100B5400B64503F07F033FF67EAE04F8013B013255
:100B6400DFE7B9F1000F03D098F90020002A17DB62
:100B7400029BD3B11AF80B2004F8012B0022019B2D
:100B840018191044B0423FF666AE98F80000009978
:100B940004F8010B204603920CF0D1F9039A144493
:100BA4000AF1010A08F10108C6E798F8002055F88F
:100BB40022300093029B009845F82230FFF7ECFAAC
:100BC400421CDCE76FF00D0047E600BF2DE9F04F53
:100BD40097B000AFD7F880B03B62CBF3C0030446B4
:100BE400894690F802A0FA62BB6141B94578007861
:100BF4000AEB800020444D4517D8A0EB0409E378A4
:100C0400FB61BAF1000F02D01BF0010F16D1FB6992
:100C140053BBFB6A1BB1494620463A6A98474D4686
:100C240028465C37BD46BDE8F08F461C3046FFF7CA
:100C3400B3FA0130304409F10109DCE76268237832
:100C44007A62FA6A9900796104EB8301002A40F020
:100C540001810E464FF000084D4601EB0A094E454E
:100C64004CD101EB0A0610E01BF0020FD1D023781F
:100C74009A007A61626804EB83017A62FA6A002A54
:100C840077D14D46904601EB0A061BF0050F0CBFC9
:100C940002230123FB62FB6906EB430A0BF0020308
:100CA400BB625645BCD016F8021B16F8013C54F83A
:100CB4002390994B994502D3984B994536D3BB69F8
:100CC400002B40D0786A0AF0EEFA00283BD0E946BF
:100CD4008AB06A46924B53617B6AC2E906314FF48B
:100CE400007313848F4B42F8103F00234FF41251CA
:100CF4008D4800F017FD023DCD46D2E716F8013BC2
:100D0400F96254F82300FFF747FAD7F88430F96AF8
:100D140001304BB1D7F8883098453EBFD7F88430BE
:100D240023F8180008F10108054498E7BB6923B1CA
:100D3400786A0AF0B8FA0028C9D11BF0010F05D16E
:100D4400FB6AED1AADE7BB6A002BAAD04846FFF751
:100D540023FAD7F8843053B1D7F8883098453FBF89
:100D6400D7F88420431C22F8183008F10108054400
:100D740097E7BAF1000F73D01BF0040673D0D04686
:100D8400002607F1480052463B61B9620CF0D7F8DF
:100D9400B96A3B6901EB0A02BA62FA69F96952005D
:100DA400FA60BA6A02EB41023A610BF00202BA60DD
:100DB4003A69B96A8A4258D162781BF0020F18BFA7
:100DC40000217A6208BF4FEA5801B2181BF0010FE4
:100DD400D2B240F09F801BF0040F14BF40460020A5
:100DE400BB616270A070E17020463A6A7969FB6A5F
:100DF4009847051EFFF614AFBB69414623707B6A12
:100E04003A6A6370FB6984F802A0E37007F1480052
:100E1400FB6A9847B0F10008C0F2BA807B69A9EB7D
:100E24000A01C91AFB683A6AC91AD7E90A0398473A
:100E34000028C0F2AF804FF0000BA84408EB000577
:100E440007F1380AB34571D300213A6A0846FB6AB0
:100E54009847E5E656464FF0000807F1380092E758
:100E64005646D04696E7B04694E7BA6A12F8021B93
:100E740012F8015CBA6254F82500274A904202D362
:100E8400264A90421ED3BA6932B1786A7B600AF06E
:100E94000AFA7B6800288BD1BA6802BB08F12802E1
:100EA40007F1300C08F10100944407F1580208F1ED
:100EB400020852FA80F00CF8101C5FFA88F800F867
:100EC400105C75E7BA693AB1786A7B600AF0EBF9AD
:100ED4007B6800287FF46CAF1BF0010F09D006F18A
:100EE400280207F13000711C161806F8205CCEB2F7
:100EF4005EE71BF0040F3FF45BAF08F1280207F133
:100F0400300008F1010102EB000808F8105C5FFAF8
:100F140081F84DE7002063E7A8D00000A0F10000AD
:100F240010DD00000400000140D500001BF80A3069
:100F340054F8239087F83730D7F884302BB3D7F898
:100F440088309B4521D2D7F8843033F81B800121A7
:100F54003A6AFB6A07F13700984700281ADB054410
:100F6400B8F1000F06D14846FFF716F900F1010861
:100F74001FFA88F8414648463A6AFB6A98470028AF
:100F840008DB05440BF1010B5CE74FF00008DEE7DA
:100F9400454645E6054643E6014B1860704700BFE9
:100FA4000000002080B505460E461746984608F016
:100FB40075FF03460CF06CF80446DFF818904246BF
:100FC40049F8003039463046A84754F8090002F081
:100FD40001FA00BF080000002DE9F047058B044624
:100FE4002807904611D4022905F0070540F0CC806B
:100FF40020460AF013FC78B10138218B042811D85B
:10100400DFE800F0C2106D85950001290CBF45F0A2
:10101400100545F02005258388F31188BFF36F8FF1
:10102400BDE8F08701F0070AAA4500F0A580002773
:10103400B9463E46A368002B00F0BC8041F008018D
:10104400218388F31188BFF36F8FA168002900F012
:10105400BA800D68002900F0B68033465246204617
:10106400D1F80480C047002D76D02B6829461D4650
:10107400F0E701F007035A1F012A1BD8002221F0D0
:101084000701062B276889B2C4E9002209D13B462F
:1010940003E0628B013262831B68002BF9D141F0BB
:1010A4000201204621830AF0B9FB00287AD041F0DE
:1010B400200176E0042B0AD121F0070189B22046F1
:1010C40021830AF0ABFB10B141F020012183218B75
:1010D40001F0070AAA454FD00027B946AAE72369B9
:1010E40021F0070141F00601062DD3F80090218379
:1010F4002DD1B9F1000F3FD041F00801218388F3CD
:101104001188BFF36F8F20463949C84729E021F081
:101114000701236941F0040189B2042DD3F8049036
:101124002183E6D000274FF0040A3E4682E721F0EF
:101134000701236941F0050189B2052DD3F8089010
:101144002183D6D000274FF0050A3E4672E70027D8
:101154004FF0060A3E466DE72B4687E7B9F1000FCC
:10116400D1D1EFF31188202383F31288BFF36F8F5B
:10117400238B23F008032383258BEA062ED525F041
:101184001003238305F007056669218B002EBFF643
:1011940070AF00232768C4E9003321F0070141F050
:1011A40001012183218B4FF0000901F0070AAA45B0
:1011B4007FF440AF002F9CD041F00801218388F3D5
:1011C4001188BFF36F8F002FC8D03D68394633466E
:1011D400524620460AF04EFB2F46F4E7AB067FF555
:1011E4001BAF25F02003238305F0070500E700BFAC
:1011F400A5B800002DE9F047044607464FF0010961
:10120400DFF8508014B93846BDE8F08794FAA4F5A5
:10121400B5FA85F509FA05F32E0108EB05156FEA11
:10122400030A24EA03042B7B002BEBD058F8063086
:101234001B694BB94644736804222846196807EAB7
:101244000A070AF032FCDDE7284698470028D9D17E
:10125400F0E700BFF8D5000030B5002289B00F498F
:101264000F480BF019FE002200230024CDE90623C9
:101274000E230C4DCDE903344FF440722846CDE9DA
:101284000144094B0949009408F02AFB08492846FF
:101294000BF07EFC204609B030BD00BFB91200003F
:1012A40038080020B0030020CD1500008829002054
:1012B400C4DD0000014808F0EFB800BFE4020020DC
:1012C4002DE9F047804621480F460AF0D2FB064636
:1012D400002833D000252846BDE8F087237B83B15E
:1012E4002368DB680BB120469847636883F806904F
:1012F40023681B69D3B963680422204619680AF07D
:10130400D4FB013610345445E8D3B8F1000FE2D0D1
:10131400002DDFD02846FFF76DFF0546002FF7D0DC
:1013240000214FF4A4700BF0E4FCF1E72046984749
:101334000028E0D009FA06F31D43E2E705464FF022
:101344000109034CDFF80CA0DDE700BF60120020A8
:10135400F8D5000008D60000014B53F82000704770
:1013640070D6000008B5034608462BB1044A136042
:1013740000F06EFC002008BD6FF01500FBE700BF15
:101384000400002010B5044C237813B9034808F076
:1013940083F80123237010BDCB280020E402002031
:1013A40010B5044609480AF064FB3CB1084BD3E885
:1013B400EF1F0139C3E8E21F002AF8D105480BF0FA
:1013C40077FDBDE81040044808F066B858120020C4
:1013D4005C12002038080020E402002000200146AE
:1013E400034BD3E8EF0FC3E8E21F002AF9D170479B
:1013F4005812002070B5FFF7F1FF0546074C084E60
:10140400B44200D370BD63685B792BB123685B6819
:1014140013B12946204698471034F1E7F8D5000067
:1014240008D6000010B5044C044920460AF074F8AC
:10143400034B1C6010BD00BFD40100205CD600002B
:101444005012002000230D4A10B513700C4A4FF4BB
:10145400004113600B4A0C481360FFF783FFFFF74A
:10146400E1FF0A4B0A4918468B4200D310BD1A1AF1
:101474005C681211013222711033F5E7CC28002088
:10148400581200205C12002073BA0000F8D5000046
:1014940008D6000001460022002301480AF05DB886
:1014A400D401002001480AF0F6B800BFD40100209E
:1014B400024B014618680AF042B900BF50120020DE
:1014C40001480AF077B900BFD401002070B5274B5A
:1014D4001878002849D0FFF7E5FF0546002841D1D8
:1014E400234B244C1B68002B19DD0BF08EFC4FF4AE
:1014F4007A72A0FB020302FB0131C30B43EA4143AE
:10150400D4E900209B1A40F2E9324FEAD13161EB71
:101514000001934271F1000101D3FFF76BFFD4E99D
:10152400003213F57A7342F10002C4E90032BDE8D7
:101534007040FFF7C5BF63685B7923B12368294610
:1015440020461B6898471034B442F4D32846FFF76A
:10155400AFFF094BD3E8EF1F0139C3E8E21F002AAC
:10156400BED0F7E7054C064EEEE770BDCB28002051
:1015740058120020300800205C120020F8D500002A
:1015840008D6000070B50D4D297861B90120FFF728
:1015940097FE0B4C0B4EB44206D3FFF797FF00287F
:1015A400FBD101232B7070BD63685B791BB1236889
:1015B40020469B6898471034EDE700BFCC280020F4
:1015C400F8D5000008D6000000212DE9F0470846B0
:1015D400FFF776FE044658B340F267684FF00009FF
:1015E4000BF056FD1B4B1C4A1B58136033B11B4BAD
:1015F4001B68092B02DD1A4807F04EFF0025194F1E
:10160400DFF85CA044B12046FFF7F4FD044618B9A6
:101614004FF0FF384FF0FF39FFF758FF064628B95F
:10162400B5B942464B46504607F06AFF3546E9E7EE
:101634004FF0FF384FF0FF39D2E72B689B691BB19D
:1016440000222846114698471035BD42F5D3E8E7F5
:10165400054DFAE708000000541200205C12002037
:10166400E402002008D60000F8D5000013B518489D
:101674000AF0FFF9174B1B7873B1EFF311842023A1
:1016840083F31288BFF36F8FFFF720FF84F3118871
:10169400BFF36F8F02B010BD0F4B1B68002BF9D046
:1016A40050B9002200230D48CDE900234FF4004235
:1016B400002308F0EFFEEDE70928EBD107480BF013
:1016C400F7FB074802B0BDE8104007F0E5BE00BFD5
:1016D4005C120020CC28002054120020380800207E
:1016E400E402002010B5064B04461B6898472146C7
:1016F400A060044809F0B0FFBDE81040FFF7B6BF92
:1017040004000020D4010020044A054B9B1AB1EBCD
:10171400D30F34BF52F831000020704740D5000089
:10172400F8D500002DE9F04F8FB0C1F34A2804AF7B
:101734000D469146B8607B600C0DB8F1000F63D084
:1017440000264FF0040B4FF00A0A07F11403C7F800
:101754000C80C7E907667E620193CDF808B0CDF826
:1017640000A007F11C0332464846F968FFF72EFA39
:10177400B0F5006F03461CD36C468AB0D9F8041048
:1017840004AB26481A46C3E9050140F2FF71D9614A
:101794004FF400711984224B42F8103F4FF4125158
:1017A40033462048FFF7BEFFA5462C37BD46BDE8AB
:1017B400F08FC0F30A0804F11700184420F0070062
:1017C40080083B60FFF766FE68F35325044690B13A
:1017D4003B6800F11001C7E9083607F11403F96109
:1017E400CDE900A3CDF808B048460F4AF96807F1DF
:1017F4001C03FFF7EBF968F353252A4620467B6860
:10180400B9680AF071F9D0E704F1170020F0070075
:101814008008FFF73FFE0446EDE700BFD9DD000076
:101824000400000180D50000C1BA00002DE9F04F8A
:1018340087B00446DDE9105ADDE9127993469846EB
:101844000391BFB13B46524610210020CDF80090D1
:10185400CDF81490FEF7E8FFB0F5006F06460AD302
:1018640040F2FF730221174A174807B0BDE8F04F52
:101874000AF093B93E4605F11700304420F0070002
:101884008008FFF707FE04F007040BF0070BE400E1
:1018940044EA8B1444EA462444EA0554054640B11C
:1018A4003FB13B4652463146CDF800901030FEF72A
:1018B400BBFF434622462846039907B0BDE8F04FD4
:1018C4000AF012B918DE000080D50000406820B18B
:1018D400034BC01A40F3CF0070474FF0FF307047FE
:1018E40040D500000EB403B503AB53F8042B0146F6
:1018F4000448019302F09CF802B05DF804EB03B0D5
:10190400704700BF01BC0000CA0605D48B064CBF5B
:1019140002490349FFF7E6BF704700BF51DE0000EC
:1019240050DE00002DE9F04F89B09B46149B9DF8D2
:101934004CA00693159B04460593169B0D469046B2
:10194400179E0493BAF1000F00F09D8006F4807393
:1019540007930AF0A8F806F00209024600283ED0D0
:1019640020469149FFF7BEFF0746B9F1000F08D0A2
:1019740016F0440F35D12A4620468C49FFF7B2FFB2
:10198400074406F0010353B1894B204653F82A203B
:10199400884B8949002A08BF1A46FFF7A3FF06F4BB
:1019A4008073002B49D006F00803002B63D1B8F1F3
:1019B400000F66D0424620468049FFF793FF054654
:1019C400069B3D44002B6DD1049B002B73D1F30780
:1019D40000F1E48031462046FFF796FFD8E0074641
:1019E400C3E7774B18680028CAD0764B4FF47A794E
:1019F4001B684FF03C0CB5FBF3F5B5FBF0F14FF46D
:101A0400616300FB115509FB05F5B1FBF3F2B5FB6E
:101A1400F0FE03FB121100FB1E55B1FBFCF309FBA6
:101A240005F5B5FBF0F50CFB131120460091CDE94B
:101A340001E56549FFF756FFA2E706F00803EBB19D
:101A4400624B204653F82A206149FFF74BFF0546B5
:101A5400B8F1000F05D0424620465849FFF742FF2F
:101A64000544BBF1000FABD05A4620465949FFF755
:101A740039FF0544A4E74FF0000BE1E706F0080541
:101A8400E6E745469CE7BBF1010F069B06D1002B18
:101A940064D1049B002B7BD000250CE0002BF8D0F4
:101AA4004D485CE04D48069B22464D4909F0CAFB6F
:101AB400049B002B68D0DFF82C81DFF82C91049F65
:101AC4003146102F204628BF10274FF0000BFFF798
:101AD4001BFF5D4545DC059B494620461A78FFF708
:101AE40001FF4FF0010B1BF0070F03D141462046C5
:101AF400FFF7F8FE5F453BD9059B4946204613F89E
:101B04000B20FFF7EFFE0BF1010BBBF1100FEAD135
:101B14004FF0000B20463549FFF7E4FE5A46059B7B
:101B240020469A5CA2F120015F2928BF2E22304969
:101B3400FFF7D8FE0BF1010BBBF1100F1DD01BF00A
:101B4400070F03D141462046FFF7CCFE5F455A46B6
:101B5400E5D841462046FFF7C5FEEBE71F4855464A
:101B6400A1E741462046FFF7BDFE0BF1010BB0E7AC
:101B740020462049FFF7B6FEC5E7059B3B44059385
:101B8400049BDB1B04939AD1BAF1000F7FF41FAFBF
:101B9400204609B0BDE8F04F0AF023B82046054AB4
:101BA4000549FFF79FFE15E758DE00005CDE0000E4
:101BB40080D6000053DE000081DE000084DE0000D9
:101BC400681200206412002065DE000094D6000034
:101BD40088DE00008EDE00002FBC000001BC000087
:101BE400353A00009BDE000093DE00009DDE00001D
:101BF4009FDE000099DE000042F20F7373B58B4242
:101C040028BF0B4605680446052168460D4A08F0BE
:101C14004DFE0646636828460B225B680A4909F0B4
:101C2400D2FF63683246694628465B6809F0CBFFF9
:101C340063681B2228465B68044909F0C4FF02B0AC
:101C440070BD00BF37EF0000BEDE0000A2DE000062
:101C540000210123064A904206D8064A01B901230D
:101C64001360054B18607047012140085B00F2E7E0
:101C740040420F006412002068120020F8B50D469F
:101C84000446064F4618B44201D12846F8BD14F85C
:101C9400011BBB6801485B689847F4E7A8D10000C2
:101CA400014B036000207047DCD60000F0B40D4BFC
:101CB4000D4E5F6A0D4BB34203D36FF08500F0BC49
:101CC40070475C68BC420AD31D6945B194F802C0F0
:101CD4008488E4B2A44502D12B46F0BC18472433CF
:101CE400E9E700BF90120020B00300208C0300201D
:101CF4002DE9F04705460E461746134CDFF84C8095
:101D0400DFF84C90444503D36FF08500BDE8F087BD
:101D14006268D9F824309A4213D3A3698BB1A98895
:101D24009078C9B2884205D13A4631462846BDE882
:101D3400F04718475279012A03D13A4631462846DA
:101D440098472434DEE700BF8C030020B003002052
:101D5400901200202DE9F04105460E4617460A4C24
:101D6400DFF82880444502D36FF0850009E06369F9
:101D74000BB92434F6E73A463146284698470028FA
:101D8400F7D1BDE8F08100BF8C030020B003002030
:101D94000022024B1A605A60704700BF4B130020A8
:101DA40070B50B4B0B4CA34201D3002070BD002235
:101DB400196A1E7F0439D5B2AE4201D82433F2E742
:101DC400013211F832508542F5D10120EEE700BF0F
:101DD4008C030020B003002073B584880D46E4B260
:101DE40063068DF8074007D02046FFF7D9FFB0B14E
:101DF400144B93F8BA0090B12346124E8DB10321CF
:101E0400114A124809F08DFF9DF8070002F04AFEBE
:101E1400F3691BB108200DF107019847012002B0B6
:101E240070BD03210A4A094809F07BFF9DF80700A9
:101E340002F06AFEF369002BF0D009200DF10701CE
:101E4400EBE700BF9012002004DF0000D0D50000B3
:101E540017DF000008B501210346034A034809F0CF
:101E640060FF002008BD00BF2CDF0000D0D50000BB
:101E740038B505460AF083F810F1780F044611D1FD
:101E84002B4602210C4A0D4809F04BFF284609F065
:101E94004AFF0B4A0024D2F8C43023EA0003C2F8F4
:101EA400C43007E00028F1D02B460121054A03483D
:101EB40009F037FF204638BD47DF0000D0D50000C9
:101EC4009012002068DF000008B509480378C3F3C6
:101ED40041130A3350F823303BB100F1080200F1FA
:101EE40010019847C043C00F08BD1846FCE700BF67
:101EF4009012002004282DE9F74F04460F46DFF81E
:101F0400989015D001282FD1DFF8908098F8B93037
:101F140053B300F0EFFD224D4D4522D24FF0000A9D
:101F24002A6A2B7F5FFA8AF6B34204D82435F3E792
:101F3400FFF72EFFE8E702EBC606307901920AF0BC
:101F44001EF88346307909F0EEFED8F8C430BBF1B0
:101F5400000F23EA0003019AC8F8C4300AF1010A09
:101F6400DFDA002388F8B9300D4D4D4508D30B4B0B
:101F74001B6A6BB13946204603B0BDE8F04F1847E1
:101F8400EB681BB13A462146284698472435ECE7CE
:101F940003B0BDE8F08F00BFB00300209012002012
:101FA4008C03002073B5044680782B4D8DF8000017
:101FB4002379627943EA0223ADF80230E37803F02F
:101FC40003038DF8043009F0AEFED5F8C43006469C
:101FD40018420CD0A478204600F06EFD2046FFF78E
:101FE40047FF0AF0CFFD10B9962007F015FF6846A9
:101FF40002F02AFD10F1780F9DF800301BD1022168
:10200400164A174809F08DFE9DF8000002F0B8FD4D
:1020140010F1780F19D102219DF80030114A1048AF
:1020240009F07FFE0120D5F8C43085F8B9003343A8
:10203400C5F8C43007E00028E6D00B4A084801215F
:1020440009F06FFE002002B070BD0028EAD09DF8B0
:102054000030064AF2E700BF901200208ADF000039
:10206400D0D50000D1DF0000ADDF0000F1DF0000BB
:102074002DE9F047A84E0446B3690F461546FBB94F
:10208400237803F01F03012B00F09E80022B00F045
:10209400068133BB94F900002A680028617834DA99
:1020A400062912D008292BD0D9B9012351701370F5
:1020B40096F8C3305B0043F001031370022328E158
:1020C40098470028DCD100200DE06288100A011F27
:1020D4000129844605D9072803D8716AD2B20C783D
:1020E4001CB96FF01500BDE8F0874E78664503D142
:1020F4009A4200F0098101332144F0E70B7808E1AA
:1021040096F8BA301370012303E101390829E8D89D
:1021140001A353F821F000BFB7210000E72000001D
:10212400C5210000E720000041210000E720000055
:10213400E7200000E72000004F2100006088C0B2C3
:1021440002F044FC0028BED0CBE76388756A63BB09
:10215400FFF71EFE638886F8BA30F369002BB2D00D
:1021640003206E499847AEE76B78042B10D0052BFB
:1021740011D0022B04D16F796388BB4208BF0120C0
:102184002B781D442B78002BEED10028A9D0DFE753
:1021940095F80380F4E76388BB42F1D1B8F1000FEE
:1021A400EED12846FFF7FEFEEAE7FF270020B846F7
:1021B400E8E76388012B94D1002386F8C33082E7D3
:1021C4006388012B8DD1F8E796F8BA30D5F800C0B2
:1021D400002B86D0756AA3882A465FFA83FE10789E
:1021E40000283FF47EAF5178022904D192F804808C
:1021F400F04500F295800244F1E78CF800208CF859
:10220400012039605FE7154496E00B2A7FF469AF3B
:1022140000274FF0FF08BA46C14606E06B78042B4E
:102224000FD0052B21D02B781D442B78002BF5D112
:10223400F36913B1514607209847002F7FF443AF49
:102244004FE795F80280A38895F803909845EAD162
:1022540063889945E7D1B8F1070F1DD806EB080349
:10226400AA46012783F8BB90DDE7A3884345DAD16A
:102274006388DBB24B450AD0AF78384600F01CFCCB
:102284003846FFF7F5FDB0FA80F77F09CBE728461B
:10229400FFF788FE0746C6E7AA460027C3E794F976
:1022A40000206378002A19DA002B7FF41AAFA38880
:1022B4002D68DCB25B060AD02046FFF771FD0028CA
:1022C4003FF40FAF96F8BA30002B3FF40AAF29461B
:1022D400204602F039FC00236B70EFE6012B08D096
:1022E400032B7FF4FEAE6388002B7FF4FAAE01214A
:1022F40003E0618800297FF4F4AE2046FFF76CFD0B
:1023040000287FF4E0AEECE6022829607FF4F6AE04
:102314004B883B60D7E600BF901200204A13002090
:1023240094F9000062780028BFF66FAF002A3FF4EA
:1023340064AF0A2A7FF4D5AE2A78002A3FF4D1AEDE
:10234400697804297FF45FAFA9788B427FF45BAF8F
:10235400072B8EBF00239B1993F8BB308CF80030F9
:10236400D1E600BF2DE9F84F05460F469046994641
:102374000426DFF834B0DFF834A04B464246394631
:10238400284602F027FC10F10B0F044609D12B4616
:102394005A460221504609F0C4FC07F0BDFC013E38
:1023A400EBD12046BDE8F88F12E00000D0D5000044
:1023B40013B5164C237DF3B9E26801AB8020A16804
:1023C4000192FFF7CFFF019AA3681344A360E36867
:1023D4009B1AE3606BB962B12369E2889A4208DD13
:1023E40094F8C82093FBF2F102FB11330BB90123DB
:1023F400237502B010BD002380201A4619462375A8
:1024040002B0BDE8104002F0E5BB00BF901200200E
:102414007FB500230D4606460193002862D10029AA
:102424003AD108220B460DEB020109F0C1FD002848
:1024340004DA802002F036FB04B070BD2E4C029A00
:10244400C4E903552260039ABDF80E30626004F1BA
:102454003802A2609DF908202575002A0FDB802B25
:1024640009D90121254A264809F08EFB802002F073
:1024740019FB2846DEE713B1C4E90333DCE7FFF7B1
:1024840023FD0028D5D0E28823699A42D4BFE260B4
:10249400E360FFF78DFFCFE7174C01ABD4E90212DD
:1024A400002A05DC024609F083FD0028C4DAC0E7EF
:1024B40009F07EFD002804DA802002F0F3FA3046A9
:1024C400B8E7019AA3681344A360E3689B1AE36026
:1024D400002BB1D104F13803A360FFF7F5FC002809
:1024E400D7D1A6E78028A7D1034BDA68002AD0D138
:1024F4001B7D002BCDD19FE79012002039E0000016
:10250400D0D50000054B064A58629A62054A00205D
:10251400DA62054A1A63054A9A61704790120020EC
:1025240075200000B11C0000591D0000F51C0000BE
:102534002DE9F34104464C4D4FF0FF334FF0FF3289
:102544004A4806F0AFFE95F8B8306BB10221484A0C
:10255400484809F019FB6FF07704444806F01AFF65
:10256400204602B0BDE8F0816B6A6BB900F0D4F884
:10257400FFF7C8FF6B6A3BB901213F4A3D4809F0A8
:1025840003FB4FF0FF34E8E73C482C62E8616E6AD5
:1025940002F062FC02F0E8F9041EDEDB00F0CCFA83
:1025A400041EDADB7378012B01D1F3793BB90121E5
:1025B400334A304809F0E8FA6FF01504CDE70026F5
:1025C400684685F8C830ADF802308DF804608DF89F
:1025D400006002F039FA041EBFDB802768468DF8DC
:1025E400007002F031FA041EB7DB3046254902F0D0
:1025F4001FFC041EB1DB3846224902F019FC041EFC
:10260400ABDB214CDFF8848044451AD3002002F070
:10261400B7FA041EA1DBD5F8C430802043F00103CF
:10262400C5F8C43002F0ACFA041E96DBD5F8C43009
:10263400002443F48033C5F8C430012385F8B8304E
:102644008BE70026276A227FF3B29A4201D824340A
:10265400DAE707EBC30257F83310107902F0E8FB0E
:1026640001360028EFD08CE7901200209802002059
:1026740052E00000D0D5000075E00000F91E000013
:102684009AE00000152400008C030020B003002011
:1026940030B51F4B8BB005AA03F11005144618681A
:1026A4005968083303C4AB422246F7D11B78102281
:1026B4002370002101A80AF069FC122200211548A8
:1026C4000AF064FC102101A809F077FD00281BDD45
:1026D4000828B8BF082001AB09381A1800200D4992
:1026E40012F8013F0AAC04EB131403F00F03283370
:1026F4006B4414F8144C13F8143C013008280C7083
:102704004B7001F10201EBD102480BB030BD00BFA8
:10271400D4E00000CF2800202DE9F04F87B0894B8A
:1027240000AF93F800A0BAF1000F04D086481C371C
:10273400BD46BDE8F08F844C00264FF001193546A4
:10274400B046FE6023783BB9804B02349C42F3D1FF
:1027540001237C4A1370E9E76378052B1DD8DFE871
:1027640013F0AD000600EE00AD001F005000402342
:1027740087F810A07B8287F814A007F1100002F0FC
:1027840037F940B1082307F110007B8202F030F9D9
:1027940008B1A7F812A07B8AE37123781C44D1E71F
:1027A400E378002BF9D1A37813B3FB680133DBB2D0
:1027B400FB60F2E76B689C421CD02435644B9D425D
:1027C400F8D36D4688B06A46624BC2E905340323E8
:1027D40042F8103F00234FF4C2515F48FEF7A2FFB6
:1027E400AD465D4801215D4A09F0CEF900209EE71F
:1027F4005B4DE3E7AB68002BD7D02046F9689847D8
:10280400D3E7002D58D1574A0121534809F0BCF9A8
:10281400E7E72B6AA07803EBC2010B79984245D114
:102824004FF0010BE0785FFA8BF300F0030038758A
:10283400207994F805C040EA0C20788294F90200CB
:10284400002826DA4FF0010C0BF110000CFA00F00E
:1028540010EA090F25D143F08000387407F1100005
:10286400C7E90031BA6002F0C3F8D7E901123B6846
:10287400B8B93A7C12F0800FA2700A714FF00102CD
:102884001DBF1033DBB29A4002FA0BF249EA020987
:1028940083E7012000FA0BF010EA090F01D1184672
:1028A400DBE70BF1010BBBF1100FBBD101322B7F26
:1028B4009A42AED32C4AA7E70022F8E7032E24D18C
:1028C400FFF7E6FE8346A0B1FDF766FC034680B140
:1028D400102806D0B8600221244A1F4809F054F990
:1028E400BB68102BA8BF102359461A46A01C0AF037
:1028F40026FB6FF002012378091BE21804EB530353
:10290400D14209D50136F6B247E7002EF1D1B8F12C
:10291400000F08D1164A77E702F801AC13F8010951
:1029240002F8020DECE7A4EB080388F80230C3F3C5
:10293400072388F80330FB6888F80430E2E7A046F0
:102944002BE700BFCE280020040300208C030020C6
:10295400B0030020E5E00000C8D50000CBE1000092
:102964008C03002005E1000046E1000063E1000063
:10297400AEE10000094B00211A4610B51C788442D0
:1029840004D15C6814B102EB811010BD013104293B
:1029940003F14003F2D10020F7E700BF5C130020ED
:1029A4002DE9FF4150F8283C0446103310F82C6CF4
:1029B4000AD1036950F8202C98073DD5D2B959079C
:1029C40015D5002344F8283C54F8283C10330BD088
:1029D40054E9077554F8148C0AF0D4F8002857D039
:1029E400214632480AF0B2F804B0BDE8F08143F061
:1029F4000403236103AB304654F8241CFFF7B2FCF4
:102A0400034640B101212A4A2A48009609F0CFF82A
:102A14006FF01503D6E7039A54F8243C134444F8A2
:102A2400243C54F8203C9B1A44F8203C54F81C3CA9
:102A3400134444F81C3CC7E703AB304654F8241C49
:102A440002F052F903460028DCD1039D54F8243CDB
:102A54002B4444F8243C54F8203C5B1B44F8203CB1
:102A640054F81C3C2B4444F81C3C002DA9D030469F
:102A740002F0F8F9B5FBF0F303FB1055002DA0D1DB
:102A840054F8203C002B9CD0304602F083F99BE79D
:102A940044F8180CA4F1100006F0FEFC002DA3D09D
:102AA400424639463046A8479EE700BF0811002039
:102AB400F9E10000E8D5000010B5EFF311842023FC
:102AC40083F31288BFF36F8FFFF754FF50B143684D
:102AD400103307D16FF08B0300F12C0143600448DD
:102AE4000AF034F884F31188BFF36F8F10BD00BF70
:102AF40008110020F8B5042520270D4CEFF31186AA
:102B040087F31288BFF36F8F6368103307D16FF0B8
:102B14008B030848636004F12C010AF017F886F36C
:102B24001188BFF36F8F013D04F14004E6D1F8BD75
:102B34005C1300200811002070B50025094C0A4ED2
:102B44003146204609F0E6FF0122A4F110001146A7
:102B5400013509F094FF042D04F14004F0D1002064
:102B640070BD00BF88130020A529000008B50448E3
:102B740008F0C0FBBDE80840024808F0BBBB00BF3A
:102B840023E2000058E20000014807F04DBD00BFF9
:102B9400DCD6000038B5044618B90F4B0F485B6803
:102BA40098476168B1F5683F10D0B1F5680F0DD052
:102BB4000B4DA9420AD011F46861206807D0014680
:102BC400084809F064FE00232360656038BD1422C0
:102BD4000AF0DCF9F9E700BF6001002086E200009A
:102BE4002C5F5CA95C19002008B560B34368B3F599
:102BF400683F0ED0B3F5680F18D0144A934220D022
:102C040000684FF0FF324FF0FF3306F04BFB58B132
:102C140015E001220368D3E8EF1F002903D1C3E8BC
:102C2400E02F0028F7D10AD1002008BD0368084A24
:102C34001B7803F5807352F82330002BF4D0054839
:102C4400F3E70548F1E76FF4E040EEE72C5F5CA999
:102C540000000350E98FFFFFEA8FFFFF08B520B3A0
:102C64004368B3F5683F09D0B3F5680F13D0114A30
:102C740093421DD0006806F08DFB14E00022036827
:102C8400D3E8EF1F012903D1C3E8E02F0028F7D1CF
:102C940009D0094808BD00210368084A1B7803F5D8
:102CA400807342F823100020F4E76FF4E040F1E76A
:102CB4000348EFE72C5F5CA9E98FFFFF0000035096
:102CC400EA8FFFFF10B5044618B91D4B1D485B6819
:102CD40098476368B3F5683F2FD0B3F5680F2CD0DD
:102CE400194A934219D1236803BB4FF0FF324FF0C6
:102CF400FF332146154806F0EDF908B923681BB9DE
:102D04000F4B13485B6898471422002120680AF08F
:102D14003DF94FF46863636008E0B3F5683F0DD88C
:102D24003A2B03D040F6BA629342DED1206809F010
:102D340014FE636843F03A03636010BD054AF3E789
:102D44006001002086E200002C5F5CA95C19002071
:102D5400ACE200003A00003A08B5064940231422C8
:102D6400054809F086FDBDE808400449044807F019
:102D7400CDBC00BF5C1400205C190020E4D6000028
:102D8400F8D600002DE9F04706460C4600AF0029AE
:102D940036D0D1E90012E9468AB06D46A3684FF0F7
:102DA400050AA8461F48C5E90723C5E9050148F8EF
:102DB40010AF002342464FF421511B48FEF7B2FCEA
:102DC400D4E90312CD466369AD461848C5E9072323
:102DD400C5E90501C5F810A0002342464FF421516E
:102DE4001148FEF79FFCCD46E3690121104A0E48C5
:102DF40008F0D3FEA36901210E4A0B4808F0CDFE6A
:102E0400012E07D1EFF305830B4A31460648103BE8
:102E140008F0C3FE2146304605F0B0FFBD46BDE8CC
:102E2400F08700BFD9E20000B0D5000008E300003D
:102E340037E3000046E3000074E3000030BFFFF70F
:102E4400FDBF00BF2DE9F04105460B4EDFF82C8095
:102E5400324606EB0807CC1B204609490AF06FF8F6
:102E6400A01942460021083C0AF090F82C6707F1AB
:102E74000800BDE8F08100BF00000000040000006D
:102E840020D60000054B5A699B689A421FBF044A2A
:102E9400536843F080535360704700BFB02600204E
:102EA40000ED00E070B52A4C06460D4629482A4933
:102EB40008F082FFA36ADB0647D52648274908F0B5
:102EC4007BFF1120A36A1C0704D52248244908F07B
:102ED40073FF12201E4CA36A990712D521491D487D
:102EE40008F06AFF636BA26A120609D501211E4A23
:102EF400184808F052FE1EB1A36A23F08003A362AF
:102F04001320134CA36ADE0704D51248174908F0AE
:102F140053FF1420A36A9C0604D50E48144908F0F4
:102F24004BFF15200A4B9A6AD10658BF9A6A9A6ACF
:102F3400920642BF5A6A22F400525A629A6A42F0D6
:102F4400FF029A6200232B7070BD1020BAE700BF05
:102F540000ED00E0B0D5000087E300009DE3000031
:102F6400D0E30000E3E30000FBE3000011E4000011
:102F740030E4000010B5244C2449254808F01CFF17
:102F8400A36A99013ED52248224908F015FF1E2064
:102F9400A36ADA0104D51E481F4908F00DFF1F205B
:102FA400194CA36ADB0204D519481C4908F004FF34
:102FB4000220A36A1C0304D51548194908F0FCFE35
:102FC4002120114CA36A590304D51148154908F06E
:102FD400F3FE2220A36A9A0304D50D48124908F08F
:102FE400EBFE2320084CA36ADB0304D508480F49F1
:102FF40008F0E2FE2420A36A6FEA03436FEA134356
:10300400A36210BD1D20C3E700ED00E05FE40000F3
:10301400B0D5000077E400008AE40000A4E40000D6
:10302400CEE40000ECE4000011E500002BE5000014
:1030340070B5294C06460D462848294908F0BCFEBF
:10304400A36AD9043CD52548264908F0B5FE1720C3
:10305400A36A1A0504D52148234908F0ADFE1820B7
:103064001D4CA36A9B0512D51C48204908F0A4FEF8
:10307400A36BA26A100409D501211D4A174808F060
:103084008CFD1EB1A36A23F40043A3621920124CE1
:10309400A36A590504D51148164908F08DFE1A2073
:1030A400A36ADA050ED50D48134908F085FE1B20E6
:1030B400094A936A43F47F43936200232B7070BDE3
:1030C4001620C5E7A36A9B04F2D504480B4908F00F
:1030D40073FE1C20ECE700BF00ED00E0B0D500005B
:1030E40056E500006CE50000D0E300007DE500003B
:1030F40096E50000ABE50000C6E5000030E4000002
:103104002DE9F0418AB0654B0446D3F804800026CB
:1031140000AFC8F3080586F31188BFF36F8F02F080
:103124007F43B3F17F4F07D102F00C03082B12D178
:103134005B495C4808F040FE002634460023FB71DE
:10314400EB1E092B00F28980DFE803F00A7F827B03
:1031540087878787878510074CBF0C460126EDE7D4
:103164005149504808F028FE00234C4DFB71EB6A8E
:103174009A0705D54D494B4808F01EFE002331E05F
:10318400EB6A002B01DA4A49F5E7EB6A5B00F5D5F7
:103194004849444808F010FE6B69A26943F48073FF
:1031A4006B61BFF34F8FBFF36F8F6B6932F8022CE3
:1031B40023F480736B61BFF34F8FBFF36F8F4DF6B2
:1031C40002739A4207D0AB6ADBB26BB30120F91DDC
:1031D400FFF768FE37E023680121374A314808F0D9
:1031E400DCFC2368FA79DAB907F1080504F1200C4C
:1031F4002A4620686168083403C264451546F7D13D
:103204007A6A002E45D0C2F3080121B96FEA52222E
:103214006FEA42227A62184607F10801FFF7B2FD0D
:103224002837BD46BDE8F081AB6A13F47F4F04D064
:103234000120F91DFFF7FCFE05E0AB6AB3F5803F02
:103244009CD3FFF797FE0346CCE70020F91DBFE7A8
:103254000020F91DEEE719498DE7194A18F4F87FA3
:10326400E8468AB0174B18BF13466A461649103D04
:10327400C2E905134FF400731384144BD56142F86B
:10328400103F00234FF411510648FEF74BFAC54690
:1032940074E722F4FF7222F00102BBE700ED00E0C4
:1032A4000CE60000B0D5000037E600004EE6000052
:1032B4006FE600007DE600009CE60000B8E6000032
:1032C400F3E50000DEE50000DCE600000400000198
:1032D400064B5A6942F010025A615A6942F48062FC
:1032E4005A615A6922F008025A61704700ED00E001
:1032F400EFF30880EFF3098101B57246FFF700FF91
:1033040001BD00BF002080F31488BFF36F8F00203D
:1033140080F30A8880F30B880F4880F3088804F050
:1033240047FB00200D490860BFF34F8F00F02CF8D5
:10333400202080F311880A484FF40061401880F37C
:103344000988EFF314800221084380F31488BFF343
:103354006F8F00F0EBF80000C841002094ED00E00E
:1033640088340020002318460649D1F89020C2F37F
:103374000722934200DB7047C1F89830C1F8A000DF
:103384000133F6E700ED00E010B572B6002484F3D3
:103394001388FFF7E7FF23464FF0FF300C4A03F191
:1033A40020010133102B42F82100F8D100234FF003
:1033B400FF30074A03F160010133102B42F821006A
:1033C400F8D162B6BFF34F8FBFF36F8F10BD00BF4C
:1033D40000E100E0084B9B6883420BD1EFF30583C7
:1033E40043B1064B5A6842F080525A605A6A22F43A
:1033F40000425A6206F058BDB026002000ED00E0FD
:1034040014498A684FF030001044EFF3098C80E8C7
:10341400F01F202080F31288BFF36F8F0E4F4FF000
:1034240000664A698A603E60106F0C4C2060506FE1
:103434000023536780F3118802F1300090E8F01FF5
:103444008CF3098802F1000004B508F0BDFCBDE866
:1034540004407047B026002004ED00E078190020F5
:103464001EF0040F0CBFEFF30880EFF309808169AD
:1034740011F8021C0229FFD001B5724608F091FC34
:1034840001BD00BF40B2002807DB01234109034A04
:1034940000F01F00834042F82130704700E100E053
:1034A40040B200280CDB01220649430900F01F004A
:1034B4008240203341F82320BFF34F8FBFF36F8F37
:1034C400704700BF00E100E0054B420953F8222099
:1034D400012300F01F0003FA00F01040704700BF02
:1034E40000E100E040B2002801F10101ACBF00F1AD
:1034F4006040064B4FEA4111C9B2ABBF00F56140D1
:1035040000F00F0080F800131954704714ED00E028
:10351400044B054A23F07F039360BFF34F8FBFF33F
:103524006F8F70470000000000ED00E008B5FFF762
:10353400EFFF074AD2F8883023F47003C2F88830CA
:1035440005F00AFD06F0E4FD00F046F805F044FD40
:1035540000ED00E042F8203C009B0B4942F81C3C83
:10356400019B21F0010142F8183C029B42F8081C1F
:1035740042F8143C4FF0807342F8043C0023203A94
:1035840002654367704700BFA90F000000B50B4BED
:1035940015469860026F0A4B0E461A60036E83F359
:1035A4000B882C4686F309880020064B9847204652
:1035B400002100220023044C204700BFB026002035
:1035C40078190020D5BD0000A90F00001022014B7E
:1035D4001A61704700ED00E0002320210348C2185F
:1035E4000133452B82F80013F9D1704700E100E064
:1035F40008B5EFF30583064A103B02EBC30152F80A
:10360400330049688847BDE80840FFF73BBC00BF6A
:1036140088D200001FB5094C094A234601210948F4
:1036240000F012F900230393074B0121E41A01A8C7
:103634000193029400F012F904B010BD00000720B9
:103644000000002008D70000B003002010B50C7A59
:103654000B6804F01F0223F01F031A43CB686409AC
:1036640023F01F03054943EA440343F00103C1F86F
:103674009800C1F89C20C1F8A03010BD00ED00E016
:1036840010B50A4BD3F89030C3F30723013B98429B
:1036940008D901210346064A064808F07EFA6FF06D
:1036A400150010BDFFF7D2FFFBE700BF00ED00E0FF
:1036B400F3E60000A0D500002DE9F04F894614463A
:1036C40006464FF00008514D85B0C84527DAD6F8B4
:1036D40004A0BAF1000F44D0BAF11F0F17D91AF0A1
:1036E4001F0F14D1D6F800B01BF01F0F0FD158468E
:1036F40008F0AAFB07460AEB0B00013808F0A4FB0C
:10370400874210D06FF01507414A3B4601E043461B
:10371400404A0121404808F040FA6FF01504204661
:1037240005B0BDE8F08F17F1160FEDD0BC42EBDD0C
:10373400C5F89870D5F89C10C5F89870D5F8A030E5
:1037440021F01F0143F01F0BD6E900321A449942BD
:1037540002F1FF3A1DD1D34507D13146F8B208F042
:103764007CFB08F101080C36AFE73146C5F89870C8
:10377400D5F89C3022F01F0203F01F031343C5F851
:103784009C30E0B208F069FB10F1160FC5D0441C60
:10379400E7E7C5F89870D5F8A020013B23F01F0394
:1037A40002F01F021343D3453146E0B2C5F8A030FE
:1037B400E8D008F052FB10F1160FAED0C5F898709F
:1037C400D5F89C209DF808300BF1FF3B62F304030D
:1037D4008DF80830D5F8A0309DF808205B0863F315
:1037E40047128DF80820D6E900321344009323F0E1
:1037F4001F035B44A3EB0A03013023F01F03694654
:10380400C0B20393FFF73CFFBEE700BF00ED00E04A
:103814003CE7000019E70000A0D500000522044B96
:10382400C3F89420BFF34F8FBFF36F8F704700BF6F
:1038340000ED00E0BFF35F8F0022024BC3F8942039
:10384400704700BF00ED00E010B5034C2278FFF78D
:1038540033FF207010BD00BFE12800202DE9F74F91
:10386400294D8A4606464FF00008AB46274FD045FF
:103874001BDAD6F80490B9F1000F3FD0316808463E
:10388400019108F0E1FA0199044609EB01000138BD
:1038940008F0DAFA84424FF014021D4B08D002FB00
:1038A40008F36FF015024BF8032003B0BDE8F08F66
:1038B40014F1160F2C60F8D01978A142F5DD02FB43
:1038C40008B0C7F89840C7F89840D7F89C4000F172
:1038D4000801007B64F304000871D7F8A0000C7998
:1038E400400860F347140C71D7F89C1021F01F01B5
:1038F4006960D7F8A01021F01F01296108F10108BF
:1039040014350C36B3E700BF7C19002000ED00E04D
:10391400E1280020F0B54149414CD1F890302568A8
:10392400C3F307239D4287B075D80020FFF782FFB9
:103934003C4BC1F8C030854216D13B4C01A82570E0
:10394400FEF7AEF900250646384FAE4213D10020EB
:1039540023783249D1F89020C2F30722934254DBF2
:10396400FFF75CFF00202FE0616801EB0011FFF717
:103974006DFE0130DFE70199280101EB0513DA68D8
:103984003A40B2F5001F21D0B2F5800F2BD0B2F52A
:10399400801F38D15A689B680958013B22F01F00E8
:1039A40003440120844623F01F0340EA4C10CDE970
:1039B40002218DF8100002A920780593FFF760FE1C
:1039C40000281DDA6FF0150007B0F0BD5A689B6837
:1039D4000958013B22F01F0003444FF0020C012060
:1039E40023F01F03E1E75A689B680958013B22F062
:1039F4001F0003444FF0000C062023F01F03D4E7FC
:103A040023780133237001359FE7C1F89830C1F85A
:103A1400A00001339EE74FF0FF30D5E700ED00E052
:103A240014D70000AAFF4400E12800200000F0FFA2
:103A3400F0B587B007460E461446002110226846AA
:103A44001D4609F0A3FA02238DF80230054B2A46DD
:103A540021466846CDE90476019306F053FF07B08A
:103A6400F0BD00BF91BE000008B5024B1B6898472B
:103A7400002008BD90190020034B044A1860937875
:103A840043F0020393707047901900203000002027
:103A940008B50649064821F00701C1F1005202F5B4
:103AA400E02207F077FB002008BD00BFA74A0020F2
:103AB40094190020054B03EB8000D0F8003223F06A
:103AC400E04343F04053C0F800327047002584506F
:103AD400052370B5144D154E2C780134B4FBF3F363
:103AE40003EB8303E41A08F0BFFD114A137823B1F2
:103AF40056F82430C01A072814D94FF05023D3F8AD
:103B0400141141B10021C3F81411D3F814312C70ED
:103B14000CB9012313702C7808F0A6FD46F8240094
:103B2400012070BD0020FCE7E3280020A01900203C
:103B3400E2280020012208B50B4B0C49C3F80025EC
:103B440002230020C1F8D036FFF7B4FF1046FFF778
:103B5400B1FFC1F80427C1F80429C1F8002BBDE85E
:103B6400084000F0A5B800BF00100050004000500D
:103B740007B50DF1070004F03FF80F4B984218D138
:103B84004FF480620D4B0E49C3F8B8254FF4006220
:103B9400C3F83C259DF8070008F07DFD9DF807005B
:103BA400084908F073FD01209DF80730984004F09F
:103BB4001DF803B05DF804FB0000AD0B00A002503B
:103BC4002CA0025028A1025048B1054B054A1B689D
:103BD400B3FBF2F35843044B43F001031847704717
:103BE4003401002040420F0020D60000002170B5AF
:103BF400104C114D114E000714F8013B03F01F0245
:103C04005B090FD0012B0FD1334603EB8203D3F8AA
:103C14000022013122F0E04202430429C3F80022C9
:103C2400EAD170BD2B46F0E70023803253F82230EE
:103C3400FFDE00BF76E70000002584500028845092
:103C44002DE9F041064601200D46FFF7CFFF4FF462
:103C54007F03D3F83021D3F83431072A20D1023B33
:103C6400032B02D8114AD35CD3B14FF050244FF048
:103C7400010800270520C4F81886C4F8147608F053
:103C840003FD4046C4F8148608F0FEFCC4F814761C
:103C9400C4F8187630462B46BDE8F0410021184799
:103CA4004FF050230022C3F81426F3E772E7000014
:103CB4000149024807F001BE3CD70000B4190020B6
:103CC40003460221014A024807F067BF7AE7000071
:103CD400D8D5000070B504460D4601460A4808F0E0
:103CE40049F820B92046BDE87040FFF7E9BF022D2E
:103CF40008D150F8083C2BB11B691BB1BDE87040DA
:103D04000068184770BD00BFE819002080B500AFF7
:103D140088B06A46064BC2E90530032342F8103FD7
:103D240000234FF4C4510348FDF7FCFCBD4680BD9D
:103D3400A0E70000D8D5000070B506460D46014640
:103D4400314807F0FFFF044620B93046BDE8704013
:103D5400FFF7DCBF0A2D55D8DFE805F0060D27294B
:103D6400323D445454543100284A0321BDE8704084
:103D7400274808F0ABB803212548264A08F0A6F8DE
:103D84000023012104F8033C04F8023C14F8043C29
:103D940020688B4204F8041C11D054F8083C73B119
:103DA4009B6863B1BDE8704018471B4ADDE70321F7
:103DB4001A4A174808F08AF8012304F8033C70BD36
:103DC4000321174A124808F081F8002304F8033C41
:103DD40004F8023CF3E70321124A0D4808F076F890
:103DE4000123F5E70321104A094808F06FF814F895
:103DF400023C002BE3D003210C4A054808F066F886
:103E04000023E5E70A4AB0E7E8190020C1E700000B
:103E1400D8D50000CEE70000E4E70000F5E7000095
:103E240007E800001BE800002CE800003BE8000065
:103E340048E800002DE9F041904690F9002004463E
:103E4400002A0D46037803DB6FF01500BDE8F0810E
:103E540003F01F03012BF7D14378062BF4D1878895
:103E64004688FFB239461548360A07F076FF30B95E
:103E740002213B46124A134807F08FFEE4E7212E45
:103E840004D0222E10D06FF08500DFE70368E188AC
:103E94005B685B6813F8092F914294BF29602A601C
:103EA4000020C8F80030D1E7E38850F80C2C9A427F
:103EB40094BF2A602B6050F8103CF1E7E819002009
:103EC40056E80000D8D500002DE9F0410F4681885E
:103ED4000546C9B23048904607F03FFF044648B94A
:103EE400AB882E4802212E4A07F057FE6FF01200CD
:103EF400BDE8F08195F900300068002B6E781CDA7B
:103F0400022E08D0032E09D0012E42D154F8083CC9
:103F14000BB11C68ECB96FF08500E9E76B882BB135
:103F24000121204A1D4807F0D1FFF4E70123043C96
:103F3400C8F800403B600020DAE70A2EEBD00B2ED5
:103F44000ED0092E25D154F8083C002BE3D05C6830
:103F5400E0E743463A462946A446BDE8F0416047B7
:103F64006B88012B05D9104A01210C4807F015FE76
:103F7400D1E714F8042C9A42DDD0D9B254F8083CA5
:103F840004F8041C002BD6D09B68002BD3D0984790
:103F9400D1E7064A3346E7E7E8190020D8D5000000
:103FA40056E800007DE80000A9E8000090E8000061
:103FB40010B50469A3600023C4E900126361064BD1
:103FC4002061596804F1140211B9C3E9002210BD3B
:103FD4000A605A60FBE700BFE819002070B5446826
:103FE4000069457B3DB1807B28B9206ABDE87040FB
:103FF4000079FEF7B7B90221034A044807F066FFC7
:104004006FF00A0070BD00BFC2E80000D8D5000000
:10401400F0B5114D114E124F85B04FF0FF334FF0F4
:10402400FF32284601A905F0DBF8034690B10121CF
:104034003A460C4807F0B1FDEFE7236813B1019A43
:10404400934203D1D4E9013101A898470C34B44216
:10405400F3D3E2E7044CFAE7AC02002020D60000D8
:10406400E3E8000060D5000008D60000F0B517466C
:104074001E4685B001909DF82800DDE90C542346C6
:104084002C432A468DF808008DF80910ADF80A7003
:1040940003960AD008F0FCFF0C49D1F880400C4983
:1040A40009588C4204BF002213460A4801A905F0AE
:1040B4003FF8041E07DA0221074A084807F064FDA6
:1040C400204605B0F0BD0024FAE700BF0811002027
:1040D40008000000AC020020F8E8000060D50000F1
:1040E400772804D8034B185C08B100B270474FF02E
:1040F400FF30704730E9000008B50121034A044845
:1041040007F042FD6FF0120008BD00BFA8E90000EF
:1041140078D500007FB503460846DA884968012A45
:1041240004694E6817D0B2F5A57F17D00AB99A680A
:1041340062601B796BB1D4E900320D7BAB4202D2D1
:104144004D7B954210D8022100921248124A07F082
:104154002EFD04B070BD9A682260EAE79A68003ABE
:1041640018BF01222272E4E705FB03228B68934205
:10417400EFD936F81220002AEBD0237A4FF0FF351E
:104184004FF0FF340121CDE902450091FFF76EFFA6
:10419400DFE700BF78D50000BFE90000020600F0A9
:1041A4007F0312D5082B05D1010700F00F0306D5B4
:1041B4000E48704710F0780F12D100F00F034C2016
:1041C40000EB43100A4B18447047082B05D1020733
:1041D40000F00F0306D50748704710F0780FF6D0AB
:1041E40000207047044800EB43107047481B002030
:1041F400FC190020681C0020681B002001490248AB
:1042040008F0A4BC241A0020F0080020014601484C
:1042140008F02ABCF402002000220023014805F023
:1042240009B900BFF402002013B500220121372090
:10423400FFF758F9114800F0CFFE114B98421AD1FC
:104244000024104804F098FC0F4804F027FD4FF0B8
:10425400FF334FF480620D490D48009405F08EFA47
:104264000C490B4808F094FC0B480C4908F052FC2C
:10427400204602B010BD6FF00400FAE721480000A8
:104284000000AD0B26EC00005CD700008830002055
:10429400F0080020F5E90000241A00201944000069
:1042A400002310B50B49D1E8EF2F012A03D1C1E84F
:1042B400E03F0028F7D10CD151F8044C14392046C2
:1042C40007F089FB783004D12046BDE8104007F0A0
:1042D4005EBB10BD1C1A002038B5002464F07F00BA
:1042E400C0B2FFF75BFF013407F030FE082CF5D1B4
:1042F40000240E4DE0B2FFF751FF036903B90561D5
:10430400013407F023FE082C05F14005F2D10848DA
:1043140007F01CFE074BD3F87C2212B9064AC3F8F7
:104324007C22064807F012FE002038BD8C200020B5
:10433400481B0020FC1900208C1C0020681C002055
:1043440010B5054CFFF768FF20B14168204608F01E
:104354009EFAF7E710BD00BF1002002007B5002346
:104364000022144801A904F0B5FEE8B10121124A63
:10437400124807F0FEFDFFF7E3FF002200230D487B
:1043840001A904F0A7FE30B101210D4A0B4807F042
:10439400F0FD00200AE00423019840600374FFF755
:1043A40035FFFFF72BFFF4E70198406003B05DF899
:1043B40004FB00BF1002002000EA0000E0D500006A
:1043C4001EEA000003460121014A024807F0E5BB4A
:1043D4003AEA0000E0D50000022810B511D80B4AD3
:1043E400145CFFF7BBFF80B1002204720274FFF774
:1043F4000DFF074B93F824303BB1BDE81040FFF7A5
:10440400FDBEBDE81040FFF7DDBF10BD23EC00008A
:10441400FC1900202DE9F0438046A04CDFF880927F
:1044240085B0FFF7F9FE074610B905B0BDE8F08383
:1044340094F825203B7C3AB9002B00F09B807968E6
:10444400974808F024FAECE7042B00F27181DFE8C6
:1044540013F0910005000F0139015A0118F8043CCA
:1044640033B9BB685B7A01218E4A8F4807F095FB0C
:104474003B7BBD68032B38D8DFE803F0023E646958
:1044840000226E69894B32607260D3F880143170F7
:10449400D3F884147170D3F88814D3F88C0441EAE7
:1044A40000217180D3F89014D3F8940441EA0021D8
:1044B400B180D3F89814D3F89C3441EA0323F380F1
:1044C4000823EB6030687168794B03C311462B688D
:1044D400687A984796F90030002B09DBF3889AB282
:1044E40032B1A4F88C3201F0C3F848467968A8E7E1
:1044F4000023A4F88C32F8E76B7F002BF5D02B7FD8
:10450400002BF2D000264FF0FF324FF0FF33694802
:104514006E772E7707F02FFD6B6901A901936B6805
:10452400CDE90236687A00F0ADFD634A0346904255
:1045340004D00121614A5C4807F02FFB5D4807F075
:104544001CFDD2E701212B68687A9847CDE7AB7A46
:104554006BB9EB7F5BB957484FF0FF324FF0FF3335
:1045640007F009FD01F08AF8524807F006FD022120
:104574002B68E9E73B7A042BB7D8DFE803F055034F
:104584001F636F0000F0E8FC05460028ADD100F081
:1045940095FC01234A49D1E8EF2F002A03D1C1E851
:1045A400E03F0028F7D1A0D141F8085C41F8105C45
:1045B400E0691439636107F093F996E7002565F023
:1045C4007F00C0B2FFF7EAFD037A13B1407A01F02D
:1045D400B7F90135082DF2D194F854311BB194F890
:1045E400550101F0ADF90025E8B2FFF7D7FD037AD4
:1045F40013B1407A01F0A4F90135082DF4D194F8EF
:1046040074321BB194F8750201F09AF9002000F09D
:1046140087FC012384F825302368002B3FF465AF21
:1046240000210220984760E7002584F8255001F016
:10463400EFF8FFF735FE2368002B3FF456AF294609
:104644000420EFE7002A3FF450AF00F08FFC23680A
:10465400002B3FF44AAF00210520E3E72368002B39
:104664003FF443AF002A3FF440AF00210620D9E7CE
:1046740008F110054FF0FF334FF0FF32284607F0E2
:104684007AFCFFF729FE284607F077FC58F8283C07
:10469400002B3FF42AAF00210120C3E7FC190020BE
:1046A4001002002055EA0000E0D50000006003502D
:1046B400001A0020341A00200000AD0B7BEA000031
:1046C4001C1A002094F8743263B1012584F88952CD
:1046D40084F88852FFF742FE60B92946174A184801
:1046E40007F047FC58F8283C002B3FF4FEAE0021AD
:1046F4000A2097E7134A057405738260FFF786FD65
:10470400FFF77CFDEEE701210F4A0D4807F031FC6D
:1047140004F0ACFA01F07CF800F0C6FBFFF710FEE1
:10472400FFF7DAFD04F09AFA084800F055FCDCE6DD
:104734000121074A024807F030FAD6E6A1EA000050
:10474400E0D50000681C0020B5EA00002148000004
:10475400CCEA0000F7B5877806463846FFF71EFD19
:104764003B060546F4781DD554B1032C06D001212F
:104774002346274A2748009707F019FA03B0F0BDEB
:10478400FFF7ECFD03460028F8D00122AC77027451
:10479400032202739D60FFF739FD03B0BDE8F040CA
:1047A400FFF72CBD54B1012CE1D1FFF7D7FD03462F
:1047B4000028E3D06C7704740473EBE7FFF7CEFDB5
:1047C4000028DBD0B278144B12F0800F02F00801FD
:1047D40011D041B1D3F8A836EB600123037402234E
:1047E40085600373D7E7142102F00F0201FB023343
:1047F400D3F80836F0E711B1D3F8A837ECE7142161
:1048040002F00F0201FB0233D3F80837E4E700BFDC
:10481400E4EA0000E0D50000006003501422F0B583
:1048240006468BB000210DEB020008F0AFFB337895
:10483400013B052B21D8DFE803F08B0314147B160E
:10484400032300248DF81C30FFF788FD0346A0B134
:1048540000F108020474DDE9070182E80300184648
:1048640026E00423EDE7B7783846FFF797FC837A10
:10487400054623B1013B022B54D90BB0F0BD3B06D6
:10488400F4781CD54CB1032CF7D001212346314ACE
:104894003148009707F08BF9EFE7FFF75FFD034618
:1048A4000028EAD00122AC770274032202739D60CF
:1048B400FFF7ACFC0BB0BDE8F040FFF79FBC54B170
:1048C400012CE2D1FFF74AFD03460028D5D06C77CE
:1048D40004740473EBE7FFF741FD04460028CCD0D1
:1048E40002230127037307748560B07805F10C0176
:1048F40007F07AFB034620B1184A3946164807F0F8
:104904004CF9174AE968B2F88C328B4206D95B1A23
:10491400A2F88C3200F0ACFE2046C9E70023A2F8CE
:104924008C32F9E730460BB0BDE8F040FFF712BF18
:1049340003A800F07BFE9DF80D30052B04D19DF8F3
:104944000C3013F0600F98D0064B012407937BE7DB
:10495400022479E7E4EA0000E0D5000010EB00004F
:10496400FC190020681B002038B5154D95F824402B
:1049740024BB05F1380007F0F0FF022001F044F9F0
:1049840022460121E8613620FEF7ACFD04F066F909
:10499400FFF7A2FC044610B9012385F82430094B23
:1049A4001B680BB1FFF72AFC074BD3F80034DB0775
:1049B40002D50020FFF710FD204638BD0024FBE798
:1049C400FC190020F402002000700350074B93F8F8
:1049D40024203AB193F82530002B14BF00206FF047
:1049E400120070476FF01200704700BFFC190020DE
:1049F40008B50378027903F00F0142B991B10D4A69
:104A040001210D4807F0B5FA4FF0FF3008BD082921
:104A140001D90A4AF4E7012A04D11B0707D4084A3A
:104A24000221EEE713F00800F0D0064AF8E7002070
:104A3400ECE700BF30EB0000E0D500004FEB0000D6
:104A44006EEB000084EB000038B5134B044693F87A
:104A54002430EBB105782846FFF7A0FB88B14572F6
:104A640023798372638843602078618810F0080F8B
:104A74000AD14B1E0B4207D00121084A084807F00F
:104A840078FA6FF0150038BD07F0A9FA0020FAE7AC
:104A94006FF01200F7E700BFFC190020A1EB000043
:104AA400E0D5000038B5154B054693F824200AB329
:104AB40093F82530F3B1FFF771FB044610B96FF09A
:104AC400150038BD817A01290FD007D9023901298F
:104AD40007D900206369E060A361F2E700F0D4FD28
:104AE400F7E7284600F076FDF3E7054A054807F0A6
:104AF40040FAE4E76FF01200E3E700BFFC1900207E
:104B0400C9EB0000E0D5000038B50E4B054693F81C
:104B1400242082B193F825306BB1FFF73FFB68B1D5
:104B240015F008040AD1284600F076FD284600F066
:104B34003FFF204638BD6FF01200FBE76FF0150011
:104B4400F8E700BFFC19002038B50C4B054693F874
:104B540024200C4662B193F825304BB1FFF71EFBBD
:104B640048B144B1284600F03DFD2070002038BD16
:104B74006FF01200FBE76FF01500F8E7FC19002056
:104B840070B5134E044696F82430C3B1FFF706FB04
:104B94000546B8B1230705D4204600F03DFD204664
:104BA40000F006FF2B7A83B901232B7296F8253087
:104BB4000BB9002070BD204600F0C2FEF9E76FF08B
:104BC4001200F7E76FF01500F4E76FF07700F1E7F4
:104BD400FC1900202DE9F043DFF8F4801E4698F814
:104BE400243007468946154685B0002B6DD098F8C9
:104BF4002530002B69D003060BD5FFF7CFFA044606
:104C040038B1037A5BB901213B46324A324806F097
:104C1400C4FF6FF01504204605B0BDE8F0834FF0E3
:104C2400FF334FF0FF3208F1380007F0A4F9A37FF7
:104C340033B108F1380007F0A0F96FF00A04EAE78D
:104C4400A37A05B37BB301234FF00008A37738465A
:104C540001A9CDE90195CDF80C8000F013FA1F4AA3
:104C6400034690422DD084F81E800EB1C6F8008011
:104C740001211B4A184806F090FF6FF004041948FC
:104C840007F07BF9C7E7E27F02B1E577002BDAD1C1
:104C940000F000FD8742D6D000F0F0FC114807F088
:104CA4006CF90024B7E7B8F80A309D42F0D2626884
:104CB400B5FBF2F302FB1353002BE9D10123E37795
:104CC400E6E706B135600024D9E76FF01204A2E7E5
:104CD400FC190020EBEB0000E0D500000000AD0B58
:104CE4000AEC0000341A00202DE9F0411D46254B42
:104CF400174693F8242080460E46002A3FD093F8A6
:104D04002530002B3BD010F0800F0ED101B967B9CC
:104D14004046FFF743FA044638B1037A43B9012108
:104D24004346194A194806F038FF6FF0150013E09E
:104D34004FF0FF334FF0FF32154807F01CF9E368DA
:104D4400B8469F4228BF984646B93FB905B12B6083
:104D54000F4807F012F90020BDE8F08142463046C2
:104D6400A16908F0ECF8A3694344A361E368A3EBE9
:104D74000803E360002DEBD0C5F80080E8E76FF08E
:104D84001200E9E7FC190020EBEB0000E0D500007D
:104D9400341A002070B5224D064695F82430002BB5
:104DA4003AD095F82530002B36D003060BD4FFF704
:104DB400F5F9044638B1037A43B901213346194A57
:104DC400194806F0EAFE6FF0150070BD4FF0FF338E
:104DD4004FF0FF3205F1380007F0CDF8E368B3B9BE
:104DE400012663692677A361637F83B1FFF7B6FA6F
:104DF40030B905F1380007F0C0F86FF00B00E4E7B4
:104E0400067484600673FFF701FAFFF7F7F90748A1
:104E140007F0B3F80020D8E76FF01200D5E700BF21
:104E2400FC190020EBEB0000E0D50000341A002050
:104E340010B5084B0C4693F824302BB1FFF7AEF9AC
:104E440028B10460002010BD6FF01200FBE76FF082
:104E54001500F8E7FC190020014B1860704700BFEB
:104E6400FC19002008B5074B93F8243023B1FFF751
:104E740095F920B1406808BD6FF01200FBE76FF0B0
:104E84001500F8E7FC190020064B10F0800FA3F181
:104E9400D80208BF1346182200F00F0002FB0030AE
:104EA400704700BFA42300200023024A1360024A73
:104EB4001370704784240020E82800204FF4006217
:104EC400114BC3F800240122C3F80025D3F80024B1
:104ED4001205FBD54FF40062C3F800248022C3F806
:104EE4001C250122C3F8302540F2FF12074B1A603B
:104EF4000023074A1360074A1370074A13700222FB
:104F0400064B1A70704700BF0060035080240020D5
:104F14007C240020E4280020E6280020E828002043
:104F24000022094B10B51A70084A094B094C002895
:104F340008BF13463620C4F80033FEF7A3FA012352
:104F4400C4F8043510BD00BFE7280020FDFFDF01D1
:104F5400FDFFFF0100600350034B1878012894BF44
:104F640000200120704700BFE828002010B54FF052
:104F7400FF324FF0FF33154804F0C2FAEFF311810A
:104F8400202383F31288BFF36F8F114B1B7803F038
:104F9400FF0483B10F4BD3F8002412F400720AD13A
:104FA4000120C3F82C05D3F82C05D3F800048005A0
:104FB40002D5C3F82C25002481F31188BFF36F8F29
:104FC400024804F069FA204610BD00BFD402002054
:104FD400E728002000600350F8B51C4B1C7894BBF4
:104FE4001B4A40F2FF171060012226461A7064F033
:104FF4007F0514F0080FEDB214BF3946402128464E
:1050040006F0EDFF2846FFF73FFF0134092C8675B3
:1050140006730661EBD1002440F2FF17254614F015
:10502400080FE6B214BF39464021304606F0D7FFD8
:105034003046FFF729FF0134092C85750573056196
:10504400EDD10448F8BD0448FCE700BFE82800207F
:10505400842400200000AD0B0500AD0B084B10F0BC
:10506400800F14BFD3F81025D3F81425012300F0C2
:105074000F018B40134214BF01200020704700BF72
:105084000060035002462DE9F843EFF31187202313
:1050940083F31288BFF36F8F030703D1194B1B7877
:1050A40083422AD1184B10461C684FF00109E4438F
:1050B40006F08DFF154EA4B2356809FA00F82C43AA
:1050C40014EA08041BD11046FFF7DEFE034680F8FD
:1050D4000C9007C983E807004FF480021C619C759B
:1050E4000B4B45EA08050B483560C3F8042187F3E8
:1050F4001188BFF36F8FBDE8F8830748F7E70748C7
:10510400F5E700BFE6280020802400207C2400204E
:1051140000E100E00000AD0B0A00AD0B0B00AD0B8D
:1051240010F0080F074B06D0D3F8C00410F4803FEA
:1051340018BF0020704700F00F0000F5947053F87A
:1051440020007047006003502DE9F04FAB4BAC4F8B
:10515400D3F8542185B0DAB10022C3F85421D3F82E
:105164000413890214D58DF80C20D3F8202503A844
:10517400ADF80E20D3F8C034002B14BF4FF0012239
:105184004FF480723B6813433B609E4B1B68984707
:105194009A4BD3F8604134B10022C3F86021D3F8AC
:1051A4006C44C3F86C44D3F828214AB10022C3F8F4
:1051B4002821954B187806F00AFF012383401C43ED
:1051C400DFF84882924E98F8005098F9009015F054
:1051D400080141D1B9F1000F05F00F032CDA8D4A13
:1051E40052F8230010B342F823101422534303F15E
:1051F400A04303F55833D3F80836874A03F0010374
:1052040011784B401370854804F046F92846FFF79F
:105214003BFE837D032B37D1284606F0D8FE0123BD
:1052240003FA00F0336823EA0003336001254FF0EA
:105234000609DFF8D0A15DE0794A52F8230000287E
:10524400F4D042F823101422534303F1A04303F58E
:105254005833D3F80837D0E7B9F1000F674B09DBAF
:10526400D3F85021002AE1D00022C3F85021D3F80A
:10527400A837C2E7D3F82C21002AD7D00022C3F8DC
:105284002C21D3F8A836B8E7037BDBB9284606F00F
:105294009EFE012303FA00F03368B9F1000F23EAFC
:1052A4000003336001DA882DC0D106238DF80C3059
:1052B40000238DF80F30534B8DF80E501B6803A854
:1052C4009847B3E7002DB1D101224C4BDA64ADE726
:1052D40094FAA4F0B0FA80F03A6805FA00F31A439D
:1052E4000F283A6024EA0304326840F39D80134295
:1052F40000F0AA80002CEBD1404BD3F800215AB126
:10530400C3F80041474B03A81C703F4B1C7001239A
:1053140003933C4B1B689847384BD3F85821002A19
:105324002ED00022C3F85821D3F80044C3F8004417
:10533400E30508D501223B4B03A81A70022303930B
:10534400304B1B689847A50508D50022354B03A8A8
:105354001A70032303932B4B1B68984760050FD5E2
:10536400304B1A7862B100221A700122234B03A831
:10537400C3F808259A6504230393224B1B689847B6
:105384001E4BD3F85C3103B3244B9B681BB998F8CC
:105394000030590619D00022184B03A8C3F85C2129
:1053A400D3F88034184A23F07F031370336823F052
:1053B400011333603B6823F4803343F001033B6003
:1053C400052303930F4B1B68984732683B681A42C6
:1053D40000F0938000220023104804F091F8002884
:1053E40040F08B80054BD3F82C35002B00F0A880BF
:1053F4000A4805B0BDE8F04F04F04EB80060035011
:105404008024002084240020E6280020E5280020B1
:105414007C24002008610350E4280020D4020020EA
:1054240030610350E728002013407FF463AF60F03D
:105434007F018DF80C908DF80E108DF80F30DAF88E
:10544400003003A8984755E7A0F110018DF80C909F
:105454008DF80E108DF80F50F1E749F080052846BD
:10546400FFF712FD4368B0F814B001689B4528BFEC
:105474009B4601F06043B3F1005F044604D05A46F2
:10548400514807F05CFD5049226863685A44226021
:10549400A268A3EB0B03D20768B2636005D5BBF126
:1054A400000F04D10023237301E0002BFAD0012262
:1054B40002FA09F92AEA09033B60236915F0080F87
:1054C4005B44236188F80050404B6FD100284FF0B3
:1054D400140005F00F0500FB0530B5BF03EB850391
:1054E4000A35C0F80016C0F80017B5BFC0F804B6F6
:1054F400C0F804B75A6043F8252005B0BDE8F08F22
:1055040061464FF0000B70454AD1003A18BF0122A2
:10551400BCF1000F46D0584544D9012202FA09F2E1
:1055240023EA02033360062302218DF80C30284B52
:10553400A1751B688DF80E508DF80F1003A89847BD
:105544003368D7F800A013EA0A093FF451AF19F001
:10555400012214BF92FAA2F999FAA9F9B9FA89F9C0
:10556400B9F10F0F01937FF678AFA9F11005EDB2F1
:105574002846FFF789FC04462846FFF7D1FD6268F8
:10558400B4F814E09042D4F800C0019BB8D800EB02
:105594000C0B121AC4F800B0614683466260B2E78D
:1055A4000022B5E768B2002A81D17BE70028B5BFA5
:1055B400C3F8A016C3F8A017C3F8A4B6C3F8A4B7D9
:1055C400B4BF5A629A6498E78C22002000600350AA
:1055D40084240020024B40F48070C3F818057047FF
:1055E40000600350030713D400F00F0310F0800F82
:1055F400084A0BBF03F5887303F5847302EB830237
:1056040052F8230008BF5068003818BF01207047C3
:105614000020704700600350034BC3F80C0540F4AE
:105624008070C3F80C0570470060035000230360CA
:1056340043600E4BD3F880240270D3F88424427064
:10564400D3F88824D3F88C1442EA01224280D3F898
:105654009024D3F8941442EA01228280D3F8982447
:10566400D3F89C3442EA0323C3807047006003509C
:105674000122014BDA647047006003500122014BA0
:105684001A657047006003500122014B5A65704748
:1056940000600350014B1878704700BFE6280020D3
:1056A400024610B5EFF31184202383F31288BFF36D
:1056B4006F8F06F08CFC01230A4903FA00F00B6893
:1056C40023EA00030B6012F0080101BF02F00F028D
:1056D400054B02F5947243F8221084F31188BFF34A
:1056E4006F8F10BD8024002000600350F7B5014681
:1056F400EFF31185202383F31288BFF36F8FFFF735
:10570400C3FB0646084606F062FC012211F0800F36
:1057140002FA00F22D4818D1036832EA03040AD0D1
:105724000846FFF7BDFF0323B37585F31188BFF364
:105734006F8F03B0F0BD264923EA020303600B68B0
:10574400347323EA02030B60EDE70B0715D48029B9
:10575400204B2FD001F00F0404F2DA346400C3F8B4
:105764000048D3F80448D3F80478E4B244F00204BF
:105774003C43C3F80448D3F80438154F04683B6825
:1057840064EA030C1CEA020FCFD013433B600023EE
:105794003373032324EA02040622B3758DF8073019
:1057A4000D4B04601B688DF804208DF8061001A8C9
:1057B4009847BAE740F2B474C3F80048D3F80448F1
:1057C400D3F80478E4B244F00404D1E77C24002044
:1057D40080240020006003508424002038B504464F
:1057E400094D4FF0FF324FF0FF33284603F088FE97
:1057F4002046FFF77BFF284603F04EFE4FF480025D
:10580400024BC3F8042138BDD402002000E100E0BB
:10581400F8B54FF0FF324FF0FF332A4803F070FE23
:105824004FF48002284B3620C3F88421FDF74CFE48
:1058340098B10127254E264B34681B68240C240498
:105844001C4354BB40F2FF13224D33603620C5F88D
:105854000445FDF725FEC5F800431F4A13788BB1B4
:1058640000211C4BC3F808110121C3F80026C3F81A
:1058740004165960D3F808110029FBD00021C3F89D
:10588400081111700022134BC3F800250D4803F0D2
:1058940003FE0122114B1A70F8BD94FAA4F5B5FA6F
:1058A40085F528460F2DC6BFA5F11000C0B240F003
:1058B4008000030701D4FFF719FF07FA05F524EA6E
:1058C4000504BEE7D402002000E100E080240020AB
:1058D4007C24002000600350E4280020E8280020F5
:1058E40010B504464FF0FF324FF0FF33114803F078
:1058F40007FE2046FFF7FAFE012304F00F0293404F
:10590400DB430D4A14F0800F15BFD2F81015D2F8FE
:1059140014150B400B4014BFC2F81035C2F81435EF
:10592400044803F0B9FD4FF48002044BC3F804218A
:1059340010BD00BFD40200200060035000E100E06D
:1059440070B50446FFF78AFB68B9012504F00F021D
:1059540014F0800F144B05FA02F205D0D3F8101599
:105964000A43C3F8102570BDD3F814150A43C3F8CD
:105974001425631E062BF6D8EFF31186202383F338
:105984001288BFF36F8F2046FFF78AFE204606F089
:105994001EFB064A8540136823EA0503136086F359
:1059A4001188BFF36F8FDEE7006003507C24002072
:1059B400030610B5044605D4FFF714FE10B12046C3
:1059C400FFF76EFE014BC3F8184510BD006003508D
:1059D400084B70B5C31A0D4607499B10044659433A
:1059E4004022064806F01FFB2B4601462046BDE830
:1059F400704018479C240020B76DDBB648D10000E6
:105A0400402373B50B4C0093041B0B460D460A4907
:105A1400A41061430646094A094806F02FFB011EFB
:105A240005DA30462B4602B0BDE87040184702B094
:105A340070BD00BF9C240020B76DDBB6E9C0000038
:105A440048D1000010B5EFF31184202383F31288AA
:105A5400BFF36F8F074A136823F00201DB0711605D
:105A640002D4012006F023FE84F31188BFF36F8F64
:105A740010BD00BF3C2500202DE9F8430022012180
:105A840006460520FDF72EFD114802F035F9114BAD
:105A9400984219D102F040F900244FF01C090C2758
:105AA400DFF834803569414609FB045005F005FFF1
:105AB400002807DB012307FB04551C44042CAB67B7
:105AC400F0D10020BDE8F8836FF00400FAE700BFCE
:105AD400D95B00000000AD0B64D700001FB50022A5
:105AE4000123CDE902236B46084ACDF800D0CDF856
:105AF40004D006F0F0FA002805DB4FF480420023BE
:105B0400684603F0FDFC05B05DF804FB1FC100000E
:105B14000C22104B014602FB0033002030B4D3E9C1
:105B24001C521867EFF31180202484F31288BFF30A
:105B34006F8F9C6F04F0C00444F002049C6780F3F0
:105B44001188BFF36F8F1DB12B4630BC0248184734
:105B540030BC70479C24002048D1000010B4EFF3FF
:105B64001182202383F31288BFF36F8F17480168D3
:105B740041F002040460C80707D482F31188BFF31C
:105B84006F8F012010BC02F0E3B84FF05021D1F820
:105B94000C04D1F80C14C907EFD5EFF3118083F38B
:105BA4001288BFF36F8F0A498B6F03F0C00343F071
:105BB40002038B6780F31188BFF36F8F82F3118820
:105BC400BFF36F8F002010BCFFF7A2BF3C2500205D
:105BD4009C240020092813D8DFE800F005101212D5
:105BE400121212120E0C074B986F10F0070007D117
:105BF400FFF78EBF0220FBE70320F9E70120F7E758
:105C0400704700BF9C240020C3B21C20014A03FB40
:105C1400002070479C2400202DE9F0410122074612
:105C24003649D1E8EF3FC1E8E02F0028F9D133B974
:105C3400334934484B60CB608A6005F051FE7B1ECB
:105C4400012B2BD8012F07D14FF05023D3F81C344C
:105C540003F00303022B21D006F094FF0546F8B9A4
:105C6400294B1B78E3B14FF0502302220646C3F8B8
:105C740008234FF05024DFF89480D4F81824D4F883
:105C84001834D20315D503F00303022B01D0012FDE
:105C94000FD16DB386F31188BFF36F8FBDE8F08128
:105CA400EFF31186202383F31288BFF36F8F01254E
:105CB400DFE7C5B1304606F0ABF8D4F81835DBB2EF
:105CC400012BDAD1D4F80421002AD6D00022C4F85A
:105CD4000421D4F804210222C4F818252022C8F88B
:105CE4008021A360C9E70021212007F002F8E4E73E
:105CF4004FF050230222C3F80423CFE79824002056
:105D040088240020B82400208629002000E100E037
:105D140008B5074806F065FD38B10648FDF7ACFE46
:105D24000448FBF739F9002008BD6FF01200FBE7C7
:105D3400A8D100003D5D00000A2838B50446074D8F
:105D440004D1AB680D2128465B689847AB680348CB
:105D54005B68E1B29847204638BD00BFA8D1000077
:105D6400F0B51646426801F01F04107B87B044EA80
:105D740040141069002871D0B6F5001F02F1100517
:105D840006D12146284606F012FD002007B0F0BDDA
:105D94000027B6F5800F01A80197476039D1B3F108
:105DA400007F14BF052304238DF804300023CDE9BC
:105DB4000403039393680DF1030723FA01F111F02F
:105DC40001013DD1B6F1A07F3AD104F01F0362096D
:105DD40003F1800328D0012A46D1254A52F8233002
:105DE400DB072DD43A462146284602F0BBFA214B64
:105DF40098421BD002972146284603AA02F06AF96A
:105E04001D4B98422DD101222146284602F002FB67
:105E1400BBE7B3F1C06F05D0B3F1007F14BF01231A
:105E24000223C1E70323BFE7144AD7E739462846CC
:105E340002F0E8FA104B9842DCD06FF00B00A5E7B3
:105E44003A462146284602F08DFA0B4B9842D2D1AD
:105E540028469DF8031002F0CDFACCE76FF08500D8
:105E640094E76FF0150091E751F82330FFDE00BF8F
:105E7400002884500400AD0B0000AD0B00258450B5
:105E84004209034670B502D0012A17D070BD0D4EE9
:105E9400326951680029F9D0012503F01F030C6809
:105EA4009D400029F2D08A682A4002D030464B68CF
:105EB40098472CB1236821461C46F2E7024EE7E7D7
:105EC4002346F8E788D1000068D1000038B545685A
:105ED4002B69B3B11035284602F082FA044680B922
:105EE4000146284602F058FA084B98420BD1224644
:105EF4002846074902F030FA224605210D20FDF715
:105F0400F1FA002038BD6FF00400FBE70000AD0B90
:105F1400855E00002DE9F04340F206354668D00660
:105F240048BF0320337B02EA050558BFC2F3401083
:105F340087B001F01F07B5F5837F144647EA43177E
:105F44008DF8030043D00FD8062D18D007D8B5B16B
:105F5400022D3ED06FF0150007B0BDE8F083B5F513
:105F6400807FF7D101250AE040F20222954232D027
:105F7400B5F5407F31D0B5F5007FEBD10225220382
:105F84002DD5012372688B409360326982BB07F080
:105F94001F037F092AD0012F77D13E4A02EB8302E7
:105FA40084F48033D2F80012C3F30043C4F34044B2
:105FB40044EA430421F4706144EA800421F00F01AF
:105FC40044EA05230B43C2F800320020C4E7072546
:105FD400D5E70425D3E70525D1E70325CFE76303F8
:105FE40041BF012372688B40D360CEE72A4AD5E7CC
:105FF4001036394630460DF1020202F0B3F914F4BA
:10600400403F80460CD13946304606F0CEFB234B48
:106014009845DAD130469DF8021002F0EBF9D4E746
:106024004FF0000901AB3946304603AACDE90439E3
:10603400CDE90199CDF80C9002F04CF8174B984239
:1060440088D114F4003315D09DF8033084F48034DF
:10605400C4F300448DF80E3039464B46304603AA4B
:106064008DF80C508DF80D4002F0F4F80B4B98426B
:10607400CDD06FE7CDE9043339460DF10303304643
:1060840003AA039302F026F8F0E7803352F8233092
:10609400FFDE00BF00288450002584500000AD0BB3
:1060A40008B500220023D0F8800003F013F8021E84
:1060B40005DA0448044906F0BFF8002008BD0120B1
:1060C400FCE700BF58D5000092EC0000002330B577
:1060D40085B0CDE90133039390F8E53004461BBB4A
:1060E400204601A9FFF7DCFF00283ED16FF00B0525
:1060F400D4F8DC0002F072FC94F8E9305B0702D5B6
:10610400206805F044FC029911B1E06906F0BFFB78
:10611400019919B1D4F8800006F0B9FB042384F87E
:10612400E430284605B030BD01A906F072F820B964
:106134001449154806F0AAF8D8E794F8E530012B7D
:10614400CED1029B0022C4F8E030D4F8DC0001A9CF
:1061540002F07CFB0D4B0246984210D00C490A48D1
:1061640006F06AF86FF00405C2E794F8E530002BF6
:10617400E7D1D4F884309B08ADF80C30E1E7002572
:10618400CFE700BFB8EC000058D500000000AD0B0D
:10619400CFEC000037B50446002201212820FDF78A
:1061A400A1F9636800215D6B01AA284606F0E3F9B2
:1061B400002819DB019B2A681979186801F012F884
:1061C400002811DB042308220849094806F0AEFB25
:1061D400042308220749084806F0A8FB0020246984
:1061E400FFF712FD2060002003B030BD78250020A9
:1061F4009800002058250020FC000020F0B5056917
:1062040087B01346CDE9011295F8E920D20706D4E8
:106214002C492D4806F03AF86FF0040030E095F868
:10622400E420511E012904D92849274806F004F81E
:10623400F2E72A6A9A4201D3032B01D82449F4E7EE
:106244006C6A05F15006631C1CD04FF4004740F201
:10625400E730002124EAE4744FF47A720023C4FB8B
:106264000701F9F775FF02460B46304601A902F013
:106274005FFF002804DB95F8E430022B06D00020F1
:1062840007B0F0BD4FF0FF321346EEE795F8E83063
:10629400002BF4D00026284603A9CDE90366059611
:1062A40005F0B7FF20B90B49074805F0EFFFE6E713
:1062B400284685F8E86003A905F0C3FF0028DED16D
:1062C400AAE700BFC2E8000058D50000F4EC0000C3
:1062D4000EED00003FED0000F0B5044688070F46C0
:1062E40085B04AD5614D95F8E430D5F8E010032B1C
:1062F40004BF012385F8E430002933D06368994250
:1063040002D0E86906F0C3FA0023D5F8DC00C5F82A
:10631400E03002F063FB95F8E930590702D52868AC
:1063240005F035FB216800293CD16368002B7BD143
:10633400FB0740F1988000234C4CCDE901330393D3
:1063440094F8E5304BB194F8E630002B77D0D4F8CC
:10635400E03002930123ADF80C3001A9434805F065
:1063640070FF80E0D5F8DC0002F038FB95F8E930E6
:106374005A0702D5286805F00AFB002CD2D13B4C01
:1063840094F8E430032B06D039493A4805F07EFFEF
:10639400042384F8E430D4F8DC0005B0BDE8F04010
:1063A40002F00ABB314D95F8E76026B1D5F88000BC
:1063B40006F06DFAB9E7238901919B00029300224C
:1063C400002301A905F1B40002F0B2FE002811DA9D
:1063D4002949284805F05AFF042385F8E430216848
:1063E400D5F8800006F053FA6368FBB91F4BD3F865
:1063F400DC00D2E795F8E5305BB16368002B97D0F9
:106404001A4AD2F8E010994212D1012382F8E730F7
:10641400ECE795F8E660002EEFD0012385F8E7302D
:106424006368002BECD1E1E70026E9E70126E7E702
:106434001946D06906F02BFA002ED7D178E720460A
:1064440001A905F0E6FE002887D194F8E430032B77
:106454004FF0010305D1D4F8E02084F8E63002922D
:1064640079E784F8E83005B0F0BD00BF48000020AB
:106474005EED000058D5000080ED00002DE9F04FDE
:10648400056997B095F8E4E01446BEF1010FD0F821
:1064940004B0039105D072469D499E4805F0CCFE98
:1064A40034E0D2F80490B9F1000F27D1284605F062
:1064B40006FF039B013B012B1CD895F8E9303C22D5
:1064C40069F3000385F8E930494605F1140006F044
:1064D4005DFD039B022B0BD195F8E9303C226FF351
:1064E4004103002185F8E93005F1780006F04EFDFE
:1064F40000200DE0039B002BEED0F9E7D36813F0E6
:10650400030808D08449834805F0C0FE6FF01500E5
:1065140017B0BDE8F08F0CAE0BF10C070FCF0FC610
:106524000FCF0FC697E80300237886E80300182BE3
:106534009BF82C600BD006D8082B0BD0102B15D051
:106544001A467649A9E7202BFAD1032200E0022259
:10655400049201E0CDF81080A27802F00707032F1F
:1065640007D0042F0ED08FB16D4996E7CDF810E017
:10657400F2E700210127059112F03801069107D0B6
:1065840068498AE701210F460591F5E70597F3E786
:106594006278022A029203D0012A03D062497CE77E
:1065A400069A0292E27802F006010629089116D1B1
:1065B400DBF80420D2F86025002A15DA00230793BB
:1065C40095F8E92063F3820285F8E92094F9033011
:1065D400E278002B01DB530666D554495DE702F0EF
:1065E400060119B1524958E7012208929BF8382054
:1065F4005B00022A4FF0000A4E4A099308BF0022AA
:106604004FF0FF330A92CDF81CA00B934A4B099A22
:1066140033F82A60099BB6FBF3F302FB13632BBB2D
:1066240006FB09F10A9A080502EB5102090BF9F776
:106634008FFDB0F5801F19D84FF48013B3FBF0F32E
:106644000A9AB2FBF3F3B3FBF6F60B9AB14594BF87
:10665400A6EB0906A9EB0606964207D25FFA8AF270
:1066640006920203984607922EB10B960AF1010A8C
:10667400BAF1090FCAD1304B069A03EB820296781D
:10668400069A33F82230B8FBF3F3032100932B4A24
:106694004346204805F08BFA9BF83830DDF820E0BB
:1066A400003B18BF01238BE7039B013B012B47D918
:1066B400039B002B7FF41CAF0FCC05F1780CACE8E6
:1066C4000F0023688DF85060CCF80030059B8DF8DE
:1066D40045E08DF84730049B8DF846708DF84830BE
:1066E400029B05F18C048DF84930079B0CAE139383
:1066F4000FCE0FC40FCE0FC496E8030084E8030046
:1067040095F8E93043F0020385F8E930F0E600BF7C
:1067140094ED000058D50000B2ED0000E2ED000059
:10672400FCED00001CEE00003EEE0000AFEE0000A9
:1067340061EE00000048E8018ADB000084EE0000FE
:10674400A04605F1140CB8E80F00ACE80F00D8F827
:1067540000308DF845E0CCF80030059B8DF846708C
:106764008DF84730049B8DF850608DF84830029BBB
:1067740005F1280C8DF84930079B0DF1300813936F
:10678400B8E80F00ACE80F00B8E80F00ACE80F0061
:1067940098E803008CE8030095F8E93043F001031E
:1067A40085F8E930039B022B86D0A1E62DE9F04160
:1067B400022980460D461646046900AF0CD194F8B0
:1067C400E93003F00303032B1BD06949694805F042
:1067D4005DFD6FF0040069E001290BD194F8E93004
:1067E40013F0010FF1D0042E59D8DFE806F0183D5C
:1067F4003D6251000029E8D194F8E93013F0020F0A
:10680400F0E7282204F18C01A01806F0C7FB20B998
:10681400226AD4F884309A42E5D05749D6E794F8EE
:10682400E430012BD5D1002384F8E550A4F8E630F8
:1068340084F8E830D8F81050D8F8044095F8E530DA
:106844002268012B0CBF05F1280105F18C01D5F854
:10685400DC0001F029FF494B0246984244D04849E4
:10686400444805F0E9FCB4E794F8E430022BB0D1D5
:1068740094F8E5309D4224D1022E4FF003035ED1FB
:10688400B5FA85F56D0984F8E43084F8E6505BE0E8
:1068940094F8E430042B9CD12946204662E0324629
:1068A4003849344805F0C8FC6FF01500BD46BDE812
:1068B400F08194F8E430022B48D194F8E5309D42FD
:1068C40046D06C468AB06A46C2E9075305232E496E
:1068D400C2E9051642F8103F00234FF42151254820
:1068E400FAF720FFA546DFE7022385F8E43094F8A1
:1068F40038306268991E4B424B41C2F82C3595F8EA
:10690400E930580715D5214B0022AB6003232868D2
:106914002A61EB60291D04F0E3FF041E14DAD5F8A4
:10692400DC0002F05BF801232246194985F8E430C3
:1069340096E72846FFF7CAFB00EAE070B6E784F85A
:10694400E430012384F8E6300020AFE7012B06D0C1
:106954000123D4F8DC0084F8E73002F02DF829464E
:10696400D8F8100005F0ABFC012384F8E430EBE721
:10697400C2E8000058D50000CBEE00000000AD0BCB
:106984003AEF0000F2EE000006EF000099C20000AA
:106994005BEF0000F7B50369144693F8E9200D4650
:1069A400920707D41A491B4805F070FC6FF00400E5
:1069B40003B0F0BD93F8E42003F1B407042A25D012
:1069C400D3F88860731C1DD04FF4004C40F2E730BC
:1069D400002126EAE6764FF47A720023C6FB0C0106
:1069E400F9F7B6FB02460B466946384602F0F8FB57
:1069F40010F1230FDAD00028DAD1009B2B60019B21
:106A04002360D5E74FF0FF321346EDE70022FBE7A2
:106A1400C2E8000058D50000014805F0A8BD00BF39
:106A240048D200002DE9F3474568EC6CACB100296D
:106A340047D04FF400400021EE68274D0023E6FBC9
:106A44000051264A2846F9F783FB02460B462046A6
:106A540002B0BDE8F04702F0FFBE6B6C8BB30029B7
:106A640014BF4FF0B8664FF400164FF00108DFF87A
:106A7400709006F400072B799C4222DAEB6B03EB4F
:106A8400C40253F83400117983680269D3F818A05A
:106A9400BAF1000F1AD0BFB1126808FA01F3134219
:106AA4000CBF32464FF0707202EA090302F0B07272
:106AB400D04770B10121009023460A4A0A4805F0E4
:106AC40076F802B0BDE8F0873246EDE76FF0570084
:106AD400F0E70134CFE700BF3F420F0040420F0010
:106AE400400000068AEF000068D500002DE9F04F51
:106AF40085B006464FF000094568D0F8108002AF13
:106B04006B794B4526DC4FF0000A2A7952455EDC4E
:106B1400E86C10B1296D06F029F82979E86B05F0C5
:106B240058FC88F8140595F854302BB16979286C11
:106B340005F04FFC88F81505304600F019FB0446B3
:106B440040BB73685A6C2ABBDB6C1BBB304605F038
:106B54000EFD1FE02C6C54F8390004EBC90A05F053
:106B640040FE0346D8B954F839206C4688B0116801
:106B740002AA3C48C2E905014FF4007191833A49E5
:106B840042F8101F4FF4E2513848FAF7CBFDA546FE
:106B94006FF0120420460C37BD46BDE8F08F95F81F
:106BA400543073B14FF4B011504605F0B1FB0446B4
:106BB40050B14B46009001212D4A2C4804F0F7FFB8
:106BC400E8E74FF48031EFE709F1010998E7D5F8D8
:106BD4003CB04FEACA035BF83A007B600BEBCA098E
:106BE40005F0FFFD80B95BF83A306C4688B01B684D
:106BF40002AA1C49C2E905134FF4007393831A4B8C
:106C040042F8103F0346BDE74FF48031484605F093
:106C14007FFB044610B153460090CCE7696CE9B1A0
:106C24000C2303FB0A11012399F80440A86C03FA0E
:106C340004F4C1E901047B685BF803008268D46949
:106C44004CB10122A047041E08DA0121094A074871
:106C540004F09AFF9EE76FF05704F6E70AF1010A81
:106C640053E700BF28DC00000300000168D50000E2
:106C7400B4EF0000D4EF00000346F0B553F8186DEC
:106C84000546726885B0D16892685C1A154B241168
:106C94005C430C236343D718D058397905F019FCA9
:106CA400031E08DA012100930F4A23460F4804F01B
:106CB4007EFF05B0F0BD15F9082C9A42F9D04FF0CB
:106CC400FF304FF0FF3105F8083C3A89CDE9020165
:106CD4000121003B18BF012330460091FDF7C6F99E
:106CE400E7E700BFCDCCCCCC0DF0000050D50000C0
:106CF4002DE9F04F85B04FF00009466802AFF56802
:106D0400786018353D6073684B4505DC337D002B96
:106D140040F09F80002423E00C2303FB09F8D6F8FD
:106D240008A05AF808000AEB080405F05AFD0346C7
:106D3400D8B95AF808206C4688B0116802AA4E489F
:106D4400C2E905014FF4007191834C4942F8101FC8
:106D54004FF4E2514A48FAF7E5FCA5466FF01204F5
:106D640020460C37BD46BDE8F08FE3885AF808008A
:106D7400217943F480324FF0010C046913F0010FC0
:106D840023680CFA01FCD0F808E014BF4CEA0303B2
:106D940023EA0C032360DEF800309847044638B138
:106DA4004B46384A00900121354804F000FFD7E7EC
:106DB4007B68284645F8183C316905F0D7FE337DD9
:106DC400002B42D10123D6F808A0A5F114010AEB47
:106DD400080B9BF8042003FA02F22B4B45E904321A
:106DE4005AF808008268D46964B10122A047041EDD
:106DF4000BDA0121254A224804F0C6FE244A4B46F8
:106E04000094D0E76FF05704F3E79BF804105AF8A6
:106E1400080005F05EFB05F8080C5AF808009BF81A
:106E2400041083689C696CB14FF0C0634FF0A0728A
:106E3400A047041E09DA01212346164A104804F02B
:106E4400ACFEDBE76FF05704F5E709F101095035B3
:106E540059E74FF4004440F2E730002135684FF41D
:106E64007A720023E5FB0401F9F772F902460B4636
:106E7400386802F0F1FC4DE728DC00000300000153
:106E840050D50000B4EF0000FFC40000D4EF0000B0
:106E94008AEF000091EF00002DE9F04F04464368AB
:106EA4008FB0D3F800A003690A936FF00101204664
:106EB40005F03DFB2046DAF80830012198472046CA
:106EC400DAF80430984710B1204605F050FB0A99CF
:106ED4004FF0FF324FF0FF3301F17C0002F010FB62
:106EE400DAF80830002120469847D4F804B00CA8FA
:106EF400594605F020FBDDE90C23CDE9082305F014
:106F0400B3FB002667680B903D6804967B799E422C
:106F14005CDB4FF0FF31204605F009FB97F8203089
:106F24002BB163685D6B58790023834268DB656825
:106F340027696B6B059305F097FB97F878300690FB
:106F440047F82300059B03F1FF3C00236A79934231
:106F540064DB00266B799E42C0F284801E2297F87F
:106F640078300133B3FBF2F102FB113387F8783048
:106F7400049B002B00F0E48061680CA805F0DBFAA8
:106F8400DDE90C23CDE9082305F06EFB0B9B626859
:106F9400C01A00235579D9B28D4200F2DC80002258
:106FA400DBE90213002A18BF0B46704AA0FB020259
:106FB400C00B40EA4240181AB0F57A7F40F2D38001
:106FC400984228BF184602F027FF98E77B6A0BB166
:106FD4009B5D9BB12046314605F0A9FAF86905F09E
:106FE400FBFB6B68204698477B6A0BB19B5D18409E
:106FF4007B6B9855049B1843C3B20493013685E711
:10700400EE5C0133002E90D01A4682428DDAA95CE0
:1070140031404F1E0F42ABD10132F6E7296B1CF809
:10702400012FC95C8A420CD000264A4029798E423D
:1070340009DBE96AC85C0243CA549CF800102A6B55
:10704400D154013382E722FA06F0C00708D503FBC6
:10705400016197F878E0A86B01F0FF0100F801E006
:107064000136E3E7EB6A9B5D0793002B65D101369C
:1070740070E70122059802FA08F110F806900798C3
:10708400CAB2014253D006FB0383A86B03F0FF038B
:10709400C35C069857F8233012EA0909A0EB0303EE
:1070A4003248A3FB00304FEAD33343EA404C6B69C8
:1070B400A86918BF1846844539D3E86A835D23EA72
:1070C40001038355AB6A995D02EA010081452ED024
:1070D4004A409A554FF0FF324FF0FF33CDE9022377
:1070E40000223346032100922046FCF7BFFF4FF0F5
:1070F400FF324FF0FF33CDE9022300224346032140
:10710400009220460122FCF7B1FF4FF0FF324FF00E
:10711400FF33CDE902230122B9F10003009218BF25
:1071240001234FF4A57201212046FCF79FFF08F1CB
:1071340001082B7998459CDB99E74FF00008F8E7A4
:10714400DDE908230CA805F086FEDDE90C231343D2
:107154007FF41AAFA9E6D16AC95C013300293FF470
:107164001AAF01221CE74FF47A702CE740420F005B
:10717400F0B5054689B006690122002106F17C00BC
:1071840005F07DFC06F1900700240022002306F59B
:107194008871CDE9062338464FF48062CDE9034473
:1071A400CDE90144054B009502F09AFB2968384665
:1071B40005F0EEFC204609B0F0BD00BF9D6E000056
:1071C400036803F01F025B09026004D0012B03482B
:1071D40018BF002070470248704700BF0028845041
:1071E400002584502DE9F04F1546834640F2FF18E0
:1071F400DFF8B491DFF8B4A185B000EB8101594503
:1072040003D1002005B0BDE8F08FDBF80030C3F3F4
:10721400C322082AC3F3080400F2C0801B0E4445AD
:1072240008BF4FF0FF3419F80270222B00F2B98026
:10723400DFE803F012191F37222837B7B7B7B73A78
:10724400676A6D707376797CB7B77F94979AB7B78E
:10725400B79DA5A8ABAEB100C5F80C45601C72D1B2
:107264000BF1040BCBE7C5F81445661CF8D00026D7
:1072740072E0C5F80845F1E7621CC5F80845EFD08F
:10728400002604E0C5F80C45631CE9D0012603A8D8
:107294000394FFF795FF0122039B02FA03F3C360F3
:1072A4000BE0C5F81045E0E7C5F80845002FDCD130
:1072B400601CD5D0002606273246DBF80030039444
:1072C40003F40040002818BF002203A818BF0126B9
:1072D40001930092FFF774FF039C019B00EB840071
:1072E400D0F80042C3F3412C009A3B0243EA8C03DA
:1072F400134304EA0A04234343EA4603C0F8003272
:10730400AEE7C5F80C45D1E7C5F86445BCE7C5F858
:107314006445AAE7C5F86845B6E7C5F86845A4E733
:10732400C5F86C45A1E7C5F87045ADE7C5F86045FB
:10733400AAE7C5F86045621CDBF8003090D0C3F3BF
:107344000043002BA2D0012603A80394FFF738FFC3
:10735400039B06FA03F383603246AEE7C5F864453F
:10736400E9E7C5F86845E6E7C5F86C45E3E7C5F81D
:107374002445631C3FF474AF012600229DE7C5F841
:1073840028456BE7C5F83045F3E7C5F83445F0E721
:10739400C5F83845EDE7C5F83C455FE76FF01500E3
:1073A40030E76FF085002DE74CF00000F0F0FCFFB3
:1073B4002DE9F04104460D46476805F0E3FB4FF024
:1073C400200888B9264B1B7873B16426606805F0E1
:1073D400FFF8F0B9012005F057F9013EF6D100217C
:1073E400212005F086FCF0E7EFF31186314688F39F
:1073F4001288BFF36F8F606805F0EAF8A8B986F3C6
:107404001188BFF36F8FEFE786F31188BFF36F8F97
:10741400E5E7EFF31186314688F31288BFF36F8FE7
:10742400606805F0D5F80028EED0FB6900201D70D7
:107434006368FA691B68C3F844250122C3F8482528
:10744400C3F82001D3F82041C3F85801D3F85801F8
:107454009A6081F31188BFF36F8FBDE8F08100BF9C
:1074640086290020F8B50546002201210820FCF7F2
:1074740039F80820FCF706F86C680121E06805F08B
:10748400D8F86B6819682369C1F82435A27D637D37
:10749400207D1343228B02431343C1F86C356E687D
:1074A400D6E9004313F001034AD02F6907F108001D
:1074B40000F0A2FB2F4B984207D02F4801212F4AFE
:1074C40004F062FB6FF00400F8BD387A04F10C029A
:1074D40004F5907105F0E4F8387A012707FA00F012
:1074E40000F084FB0823C4F80035F369C4F844357C
:1074F4000023C4F84835A760D4F85831002BFBD0DA
:107504000026C4F800656B683146D86805F091F828
:107514006D683146E8682C6805F08BF80823C4F8D8
:1075240000352A7A52B92B6AC4F834350123C4F8D9
:107534003835C4F81021D4F8102123600020C3E7A3
:107544000822C4F80025F269C4F84425C4F8483573
:107554000123A360D4F82031002BFBD00023C4F80E
:107564002031D4F820310123E3604FF48073C4F850
:107574000433C1E70000AD0BC0D5000055F0000096
:107584000123834070B5DC430B4AD2E8EF1F01EAC4
:107594000405C2E8E65F002EF7D14FF48032824042
:1075A4000648C0F80823BFF35F8FBFF36F8F0B4209
:1075B40014BF0120002070BDE425002000500150BC
:1075C40070B40E4922F07F46D1E90034D01AC318B2
:1075D40044F10004C1E90034A6F50013B3F5400FEB
:1075E40009D2074B1B681A0A1B069C19054B42F16A
:1075F4000005C3E9004570BC02F066BEF80F002028
:10760400E825002000100020D9B101230D4A834051
:10761400D2E8EFCF4CEA030CC2E8E1CF0029F7D15E
:107624004FF48033084A8340C2F80433074BD3E84D
:10763400AF3FC340DB0742BF4FF40012044BC3F813
:1076440000217047E425002000500150E02500206F
:1076540000E100E00D4B1868010A0006BFF35F8FDC
:107664000B4BD3F80435181841F10001B3F5801F12
:107674000AD2084BD3E90023904271EB030303D2EF
:1076840010F1807041F10001704700BFE82500202F
:1076940000500150001000202DE9F04F85B016462F
:1076A4001F4604469DF840A0FFF76AFF0190FFF7CC
:1076B400D1FFB04271EB070352D23B4B301A67EB58
:1076C4000101984271F100014DD2384B03EB0413D0
:1076D400D3E902239F4208BF964258D04FF4803822
:1076E400334908FA04F8204626F07F4BC1F8488352
:1076F40004F0AEFF4FF00309584604F15005AD0005
:10770400ADB205F1502504F5A87305F58035029353
:10771400029A20F07F4341F82230C1F84483D1F823
:107724000435244AC01A033820F07F4090422ED9F1
:10773400286868B1D1F80435A3EB0B0020F07F4032
:10774400B0F5000F039322D9204604F081FF039B78
:10775400BAF1000F07D109EB030009F10109D7E7DA
:10776400BAF1000F09D06FF0150520460199FFF713
:107774004BFF284605B0BDE8F08F01230E4AA34015
:10778400D2E8EF0F1843C2E8E10F0029F8D1074906
:107794000E982301C8500F9B01EB04120025C2E987
:1077A40002675360E1E700BF01008000E80F00209A
:1077B40000500150FDFF7F00E02500207FB500252B
:1077C4004FF0FF304FF0FF31194C1A4B0226C4F82A
:1077D4000833C4F84833184BC4F80855C3E9020108
:1077E4004FF480334FF40012C4F80433134B0121D7
:1077F400C4F804631520C3F880212A46FBF772FEFF
:107804001520FBF73FFE01230D4AA360236013609C
:107814000C4B0D4A009328460023CDE90155FFF790
:107824003BFF3046FEF7F8F9284604B070BD00BFB0
:107834000050015003000F00E80F002000E100E0B9
:10784400E4250020C5750000FFFF7F002DE9F74304
:107854002E4BD3F8042390070BD5D3F8042142B15F
:107864000022C3F804212A4AD3F8043113680133EF
:107874001360264AD2F80433D90326D5254BD3E81E
:10788400EF1F21F00100C3E8E40F002CF7D1CB0770
:1078940002D4D2F84031C3B100251C4CC4F8405185
:1078A400D4F84031FFF7D6FEEFF31182202383F39F
:1078B4001288BFF36F8F184BD3E90267B042B94106
:1078C40006D282F31188BFF36F8F03B0BDE8F08353
:1078D4004FF0FF38D3E900104FF0FF391D60C3E9C2
:1078E40002894FF48033C4F84833C4F84051D4F8C3
:1078F400403182F31188BFF36F8F0029E5D00090E7
:1079040032463B4628468847DFE700BF0050015017
:10791400E8250020E0250020E80F002030B5431CB6
:10792400124C85B005D08442A8BF0446012CB8BFD0
:107934000124FFF78FFE0E4B0C4DD3E90013401AC0
:10794400B0F5000F0FD22218AA4228BF2A46002001
:1079540052180849CDE90100009143F10003FFF7F3
:107964009BFE05B030BD2A46F1E700BFFFFF7F0054
:10797400F80F0020C575000008B5FFF76BFE024B39
:107984001B68C01A08BD00BFF80F00204FF47F0326
:10799400D3F83021D3F83431072A05D1023B032B25
:1079A40002D8024AD05C70470020704796F000006D
:1079B40008B5FFF7EBFF58B1644BD3F8202A3AB966
:1079C4000D21C3F8201A0121C3F81C19C3F81C297E
:1079D4000022D30003F57F03D3F80013013107D04D
:1079E400D3F800130132D3F80433202A0B60F0D10A
:1079F400FFF7CCFF002840F0A080FFF7C7FF40B19D
:107A0400534B544AC3F830254FF050230122C3F896
:107A140058254FF47F03D3F83021D3F83431072AA3
:107A240009D1023B032B06D84B4AD35C1BB100227D
:107A34004A4BC3F84C25FFF7A9FF50B14FF0502330
:107A4400D3F80024D10742BF0022C3F81421C3F89D
:107A540018214FF47F03D3F83021D3F83431072AA7
:107A640009D14FF05023D3F80024D20744BF6FF05C
:107A74000102C3F80024FFF789FF18B16522334BD4
:107A8400C3F80C274FF47F03D3F83021D3F83431F3
:107A9400072A16D1314BD3F82034002B11DA4FF0DA
:107AA40050230322C3F8182501229A60D3F8042135
:107AB400002AFBD00022C3F804210122DA60C3F8B3
:107AC40018254FF47F03D3F83021D3F83431072A33
:107AD40023D1023B032B02D8214AD35CEBB17E2293
:107AE4001A4B1B49C3F80C27C3F83C297F231D4AB2
:107AF400C2F818310023C1F8043EC1F8083E01F56C
:107B04004821C1F81031C2F82431C2F82C3102F5F1
:107B1400FF1202F58052C2F8A032134AD2F88C3018
:107B240043F44063C2F88C30104A114B1168C3F817
:107B34004415D269C3F84C2508BD2922034BC3F868
:107B44000C270322C3F83C2757E700BF004000502E
:107B5400009003504400EFBE92F000000020035058
:107B64008EF000000020005000ED00E00080FF00D7
:107B74000060005030B50468ACB1B4FA84F301225B
:107B8400C3F11F03DBB29A4024EA0202D0E8EF5F9C
:107B9400A54204D1C0E8EC2FBCF1000FF6D1EAD124
:107BA40002480B7030BD0248FCE700BF0000AD0B7B
:107BB4000200AD0B10B50368CB40DB0710D40123E2
:107BC4008B40026843EA0201D0E8EF4F944204D1AB
:107BD400C0E8EC1FBCF1000FF6D1F2D1014810BD92
:107BE4000148FCE70000AD0B0400AD0B014BC3F8EA
:107BF40004057047007001500146014800F048B97F
:107C0400380100200328F7B506462ED84FF050213E
:107C1400364B374A33F81000925DC1F8080300254B
:107C24000A44012142F210744FF05027314B116085
:107C340033F816308E4203F150231D601B688DF813
:107C4400071008BF0DF10705022E32D0032E40D0D5
:107C5400012E1CD0D7F8183403F480333DB923B176
:107C6400012004F011FD013CF0D103B0F0BDD7F8C0
:107C7400182402F003022A70002BF6D09DF80700A6
:107C84000128F2D104F000FD013CDDD1EDE7D7F885
:107C94000C3403F480333DB9002BE6D0012004F00A
:107CA400F3FC013CF3D1E0E7D7F80C2402F0010225
:107CB400E1E7D7F85C3403F480333DB9002BD4D02A
:107CC400012004F0E1FC013CF3D1CEE7D7F85C24B9
:107CD400ECE7D7F85434DB03C7D5002DCED101200F
:107CE40004F0D2FC013CF4D1BFE700BFB6DB0000D6
:107CF4009AF00000AEDB0000044B1A7922B901228D
:107D040018601A710248704702487047EC25002039
:107D14000000AD0B0C00AD0B08B50B4B1B6833B169
:107D24000520FBF7D1FB10B90520FBF7ABFB4FF0A7
:107D340050220123C2F81835C2F81435C2F8803530
:107D4400024A137008BD00BFEC25002084290020DE
:107D540010B5032845D8DFE800F01802554F00227B
:107D64004FF480730121002003F1502318601C6834
:107D7400012402F150221460284A1268002A47D0D4
:107D84004FF05023C3F804132BE04FF05023D3F8E3
:107D94001814D3F81824C90312D502F00303022BD4
:107DA40005D0012B02D00020FFF72CFF01234FF058
:107DB40050220221C2F8183508224FF48273D2E708
:107DC400D3F81424D207F1D5D3F81C2402F003020B
:107DD400013A012AE7D8114A12681AB10222C3F8FB
:107DE400042310BDD3F80421002AFBD00022C3F8D9
:107DF4000421D3F80431F4E718224FF490734FF4BC
:107E04008071B0E720224FF492734FF40071AAE717
:107E14001A68002AFCD018601B68E2E7EC250020F1
:107E2400F8B54FF0502301250026D3F80443174F2B
:107E340004B9F8BDB4FA84F0C0F11F00830003F55F
:107E440080739BB203F1502305FA00F2196892B2D1
:107E540024EA02040029EBD01E601B684FF0502373
:107E6400022AC3F808230DD1D3F81814D3F8181430
:107E740001F00301012905D1C3F81825C3F804232F
:107E84009960D5E73B68C0B29847D1E7EC2500205C
:107E94000079024B03EB0010FFF76CBE4001002099
:107EA400036803F01F025B09026004D0012B03483E
:107EB40018BF002070470248704700BF0028845054
:107EC40000258450034A4309D35C00F01F00184482
:107ED400C0B270479EF0000070B50546FFF7F2FF90
:107EE4000C4C083034F810300E46DA0508D5C3F3CC
:107EF400432304EBC302284654F8333052689847AE
:107F0400A3682BB131462846E268BDE870401847A3
:107F140070BD00BFF425002008B5FFF7D3FF034B65
:107F2400083033F81000400B08BD00BFF4250020D2
:107F340008B5FFF7C7FF034B083033F81000C0F350
:107F4400400008BDF425002008B5FFF7BBFF034B34
:107F5400083033F81000C0F3401008BDF4250020A9
:107F6400034611F0010010B5CCB20BD1A207C4F343
:107F740040000DD5074A106A58601062003818BFD7
:107F8400012005E004490A6A1A600A62002AEDD059
:107F940010BD00BF002884500025845010B5FFF7A1
:107FA40091FF124A083032F81030D9051CD5C3F3BA
:107FB400432123F4F85322F81030002002F10E0478
:107FC40034F8023F13F4807F03D0C3F34323994270
:107FD4000AD001303028F3D1002342F8313004486C
:107FE400BDE81040FFF7E6BD10BD00BFF42500203A
:107FF4006C260020F0B5044600200125064601F158
:10800400A05101F55151104A89008A420BD10F4BFE
:10801400D3F87C2132B10022C3F87C21D3F87C311F
:1080240040F00040F0BD02F13043A3F551439B08FA
:1080340005FA03F31C4204D0176817B116601768D9
:1080440018430432E1E700BF00D1005000D00050D3
:10805400F7B506460846FFF735FF1A4F00F1080545
:1080640037F815300C46DB072AD5304604F079FB87
:108074002046FFF769FF58B12046FFF74DFF002265
:10808400316800B201EB8003C3F81025C3F8102552
:108094002046FFF783FF002301A827F81530019439
:1080A400FFF7FEFE019B00EB8300D0F80022064B95
:1080B400134043F00203C0F80032044803B0F0BD9B
:1080C4000348FBE7F4250020F0F0FCFF0000AD0BB3
:1080D4000400AD0B2DE9F0431646804685B00846F2
:1080E400FFF7F0FE0C463168054609B32046FFF75A
:1080F4001FFF18B12046FFF727FF10BB00230DF127
:108104000F02CDE900338DF80E308DF80F30204684
:108114000B460DF10E0104F0CCFA4A4A05F10801B0
:1081240032F8113023F0020343F0010322F8113036
:1081340073687BB320461F785968FFF7F9FE10B1C6
:10814400E9B1414829E03F4A05F1080032F810300E
:1081540023F02003DB04DB0C22F8103079B1032F69
:10816400EFD87168D1F804E0D8F800109EF800C088
:1081740001EB8C01A7B9C1F81075C1F81075314A2B
:1081840005F1080132F8113023F01C0343EA870398
:1081940022F81130B3685BBB2C4805B0BDE8F0830E
:1081A400D1F810E543EA4C332EF0030EC1F810E584
:1081B400D8F8001043F0200301EB8C0EDEF8101504
:1081C40022F8103021F44F3121F44071CEF810150B
:1081D4002102DEF8108501F47C5141EA074141EAAD
:1081E4000801CEF8101502EB4C01A1F87C40C6E75B
:1081F4002046D3E90067FFF7D1FE002ECCD0114C06
:10820400D4E90023964203D19F4201D1002209E020
:108214000F480DF10F01FFF7ADFC0C4B9842BCD198
:108224009DF80F2004EBC20308355F6034F8153065
:1082340044F8326043EA422343F4807324F815304F
:10824400AAE700BFF42500200400AD0B0000AD0B2D
:108254006C2600202DE9F0430C46804685B020466C
:1082640011461D46FFF72EFE064629B32046FFF7AA
:108274005FFE18B92046FFF767FE18BB334F06F1BF
:10828400080937F8193013F01C0F02D04B78012B72
:1082940018D001238DF80F3000234A1CCDE90013B8
:1082A40020468B1C0DF10F0104F003FA37F8193046
:1082B40043F0030327F81930002D44D02046FFF77C
:1082C40037FE18B9224805B0BDE8F083002295F8BE
:1082D40000C0D8F800301D4F03EB8C03C3F8102501
:1082E400C3F8102506F1080237F812104FEA8C0E75
:1082F40021F02001C904C90C27F812106E7816B3B6
:10830400D8F80000AD787044D0F81035360423F462
:10831400991323F4F853C0F81035230203F47C5363
:1083240006F440362D05D0F810E5334305F48015E6
:108334002B4341EA4C3143EA0E0341F02001C0F8DB
:10834400103527F812100348BDE700BFF4250020BC
:108354000400AD0B0000AD0B014BC3E902127047E2
:10836400F425002010B508461446FFF7EDFD50B182
:108374000846FFF7A7FD054B083033F810300448D2
:108384005B0B237010BD0348FCE700BFF4250020FD
:108394000000AD0B0400AD0B70B50E4C064694F80E
:1083A4008C50A5B96022294604F1100004F0EEFDBA
:1083B4003068C0F87C51D0F87C3140F30730FBF7CB
:1083C40061F80123044884F88C30A36770BD034826
:1083D400FCE700BFF42500200000AD0B0C00AD0B42
:1083E400034B93F88C00003818BF0120704700BF7E
:1083F400F42500200079024B03EB8000FFF7DABB81
:10840400500100200079024B03EB8000FFF7B2BB60
:1084140050010020F7B5054608461646FFF794FDBF
:108424000C462968F0B12046FFF782FD0746C8B91B
:108434002046FFF771FD04B2A40004F580728F504A
:108444008A5829682144D1F8102542F00102C1F864
:1084540010252EB10122296802FA00F3C1F8043371
:1084640003B0F0BDD1F804332046002BA4BF4FF075
:108474000043C1F80433FFF725FD0F4B083033F8F0
:108484001030C3F38203042B11D0052B11D001A8A3
:108494000194FFF705FD019A0369D34003F001033A
:1084A400991C204603B0BDE8F04004F04BB9032109
:1084B400F7E70221F5E700BFF42500202DE9F04F8E
:1084C400634B0821D3F8040387B0C0B240F00040E6
:1084D400FFF790FD051E2BDA0023032104A8CDE944
:1084E4000433FFF73DFD4FF000094FF0010BDFF8B7
:1084F40064A10DF110081AF8013B5749DA088A5CA7
:1085040003F0070322FA03F3DA071CD408F1040882
:10851400B9F1000F14D000214FF00040FFF76AFDBD
:10852400032104A8FFF71CFD0028DCD125F0004539
:108534000124474E494F002D75D107B0BDE8F08F97
:108544004FF00109D7E7464B4B440093D8F800108D
:108554000029DBD091FAA1F1B1FA81F1009B1C78DA
:1085640041EA44142046FFF7ADFC3C4B083033F895
:108574001070C80818F8002001F007010BFA01F187
:1085840022EA0102BB0808F8002003A8019303941F
:10859400FFF786FC039A019B803250F82220C7F330
:1085A40082065B073746C2F3014221D5204639468D
:1085B400D6B2FFF791FC03A80394FFF771FC039B69
:1085C400803350F82330C3F301439E4207D1002186
:1085D400204604F0B7F83146204604F0B3F803A867
:1085E4000394FFF75DFC039B0BFA03F30362ADE70F
:1085F400022A0CD10321204604F0A4F806F0050356
:10860400012BECD139462046FFF766FCE7E702214F
:108614002046019204F096F8032EF3D0019A032A1F
:10862400DDD1022EEDE795FAA5F3B3FA83F304FA4C
:1086340003F225EA020503F5A27256F8221007EBAD
:108644004303B3F87C00C1F30141FFF745FC72E733
:1086540000D00050AEF00000D8D90000F42500206E
:10866400AEF0000010B500F01F0440090ED0012840
:108674000ED10A4B03EB8403D3F80042084841EAC5
:10868400420120400143C3F8001210BD054BF1E73D
:108694000023803453F82430FFDE00BF00288450C8
:1086A400F0F0FCFF002584502DE9F04F634E037970
:1086B40089B05F0106EB43131B7905460C4607920C
:1086C400002B40F0B88091F820300A7E497D0029C3
:1086D40075D094F823302068002B00F0A28094F821
:1086E400203094F819E00193236894F816A00293BB
:1086F400636894F817900393A36894F8188004931C
:10870400E36894F815B005932369E26906932B682E
:1087140094F821C094F8220094F82410C3F804B506
:10872400C3F824A5C3F82095C3F81C85C3F828E52D
:10873400DDF804E0C3F818E5002A78D14CEA0020FB
:10874400C3F81025C3F82C0571B9029AC3F864253F
:10875400039AC3F86825049AC3F86025059AC3F8F8
:108764007025069AC3F86C25079B94F82420F351CE
:1087740094F8233006EB07089B0143EAC21398F8E8
:10878400052002F03F02134388F8053000232868CF
:10879400C0F80431D0F80421C0F81431D0F8142101
:1087A400C0F80831D0F8083140F30730FAF76AFE10
:1087B4000123234888F8043009B0BDE8F08F012A6A
:1087C40003D1012B0BD11F48F6E7022A23D1082B32
:1087D40005D840F2551222FA03F3D807F3D494F8DB
:1087E4002330002B7FF47BAF206803F0EAFF60683E
:1087F40003F0E7FFA068411C01D003F0E2FFE0684A
:10880400421C01D003F0DDFF2069431C3FF467AF35
:1088140003F0CFFF63E7032AE1D1012BD3D9032B64
:10882400D0E703F0C6FF606803F0C3FFE2E7C3F8D4
:108834001425012282E70448BEE700BF84260020F5
:108844000000AD0B0400AD0B0C00AD0B70B5354B47
:1088540002790446550103EB42121279012A5CD1D4
:108864000A6822B102F06040B0F1005F57D1486855
:1088740020B100F06040B0F1005F50D1003A18BF61
:1088840001222B44587903F1080562F30000587162
:108894004A680126101E18BF01205A7922F01E02D0
:1088A40042EA40025A7107C985E807000022C3E979
:1088B40005222168C1F80065022119712168C1F8F7
:1088C4000421D1F804112168C1F814215D79D1F88B
:1088D400142105FA06F22D0102F0020205F020052A
:1088E40021682A4342F00402C1F804232268D968AB
:1088F4001B8AC2F85035C2F83805003818BF012069
:10890400C2F80805C2F84015003918BF0121C2F8A1
:108914000C15236804481E6070BD0448FCE7044835
:10892400FAE700BF842600200000AD0B0500AD0B64
:108934000A00AD0B70B51C4B0279550103EB4212D2
:108944005279D2062BD50C6824B104F06042B2F1FE
:10895400005F26D14A6822B102F06046B6F1005F9A
:108964001FD100680E892B44C0F85065C0F8384503
:10897400003C18BF0124C0F80845C0F84025003A5F
:1089840018BF012203F10804C0F80C2507C984E8C4
:1089940007005A7905486FF304125A7170BD0448F0
:1089A400FCE70448FAE700BF842600200000AD0B72
:1089B4000500AD0B0A00AD0B0279074B03EB421324
:1089C4005A796FF304125A7122220368C3F80823F8
:1089D400012203685A607047842600202DE9F84379
:1089E40004460679FFF7E8FF00681A4D40F30730A4
:1089F400FAF756FD002223687701C3F8002505EB3A
:108A04004616737959061FD42368D3F86405D3F83E
:108A14006895D3F86085D3F87065D3F86C4503F096
:108A2400CCFE484603F0C9FEB8F1FF3F02D04046F1
:108A340003F0C3FE721C02D0304603F0BEFE631C7A
:108A440002D0204603F0B9FE00233D442B71BDE85B
:108A5400F88300BF84260020F0B5444A85B0D2F8DC
:108A640014312BB10023C2F81431D2F8143120236D
:108A7400D2F8041131B10021C2F80411D2F8042152
:108A840043F00203394AD2F8081131B10021C2F887
:108A94000811D2F8082143F0040313F0200F344CDA
:108AA4000AD0627942F0080202F0120112296271BE
:108AB40004BF42F0200262719E070AD5627942F037
:108AC400040202F011011129627104BF42F0200274
:108AD40062715D0716D500210422244B254DC3F88D
:108AE4000823C3F80015284655F8143C9847012379
:108AF4000221237155F8143CA5F10C0005B0BDE822
:108B0400F0401847637903F00F020F2A08D0D80702
:108B140001D4190704D46279920724D45B0722D5BF
:108B24006379276813F0200603F0F30508D025F0D5
:108B3400300545F01005012100203B466571DDE755
:108B44000C4B0DF1040C45F0100593E8070065711A
:108B54008CE8070013E90700C4E9026683E807000C
:108B640001216046B84705B0F0BD00BF0080025047
:108B7400842600209826002010B5174C23784BBB80
:108B84000378164AC3F34003C2F8003B037803F0AA
:108B94000103C2F804370378DB0710D54FF47F03D1
:108BA400D3F83011D3F83431072908D1023B032B11
:108BB40005D80B49CB5C13B10123C2F82837052033
:108BC400FAF782FC10B90520FAF75CFC012305488A
:108BD400237010BD0448FCE78529002000400050A4
:108BE400B0F000000000AD0B0C00AD0B4FF05023B3
:108BF40010B5D3F8044361070AD5D3F808213AB174
:108C04000022C3F80821D3F80831124B1B68984797
:108C1400A2060CD54FF05023D3F814213AB100200A
:108C2400C3F81401D3F814310B4B1B68984763063F
:108C34000FD54FF05023D3F8182152B10022C3F8B6
:108C44001821D3F81831044B0120BDE810401B68EB
:108C5400184710BDA8260020A42600200722024B96
:108C6400C3F80423704700BF007003500722024B6F
:108C7400C3F80823704700BF00700350072208B5EB
:108C8400044B3720C3F80823FAF70AFC0022024BEE
:108C94001A6008BD00700350AC26002010B50446CD
:108CA400FFF7ECFF2268054B37201A600022044BC3
:108CB400C3F80821BDE81040FAF7E4BBAC26002055
:108CC4000070035010B5114CD4F800312BB10020C2
:108CD4000F4BC4F800011B689847D4F8043133B132
:108CE4000023C4F804310A4B01201B689847074B42
:108CF400D3F8082142B10022C3F80821044B022012
:108D0400BDE810401B68184710BD00BF0070035039
:108D1400AC26002070B5044688B10378C3B10D4D6C
:108D24000D4EB54201D3002409E02968A14208D1BF
:108D3400284603F056FD002814BF2C460024204684
:108D440070BD2046F7F71EFA0028F1D02035E8E779
:108D54001C46F4E748D1000088D2000010B5044650
:108D6400F8F710FC03480121034A02F00DFF2046E6
:108D740003F042FDB0D50000B4F000002DE9F84343
:108D840004460D4600AFEFF31188202383F31288C5
:108D9400BFF36F8F0428294A98BF294BE9468AB04C
:108DA4009668117C98BF53F820306A4688BF254BDB
:108DB400C2E9073140F2013323489384234BC2E9CB
:108DC400050442F8103F00234FF431512048F8F7CE
:108DD400A9FCCD4645B1EB69C3F3080323B10121D6
:108DE4001C4A1B4802F0D0FE2EB1304603F0D3FEDD
:108DF40008B1037803B91848E9468AB06A46174BA4
:108E0400D061C2E9053640F201331384144B42F8B1
:108E1400103F00234FF411510D48F8F783FC294605
:108E2400CD462046FFF79AFF88F31188BFF36F8F72
:108E34003046FAF7CFFABD46BDE8F883B0260020E5
:108E4400DCD90000C3F00000D9F0000005000001E7
:108E5400B0D5000001F10000D1F0000022F10000C3
:108E64000400000138B50A4B53F82040013053F890
:108E74002050A54200D838BD606830B1037FDB07BD
:108E840001D403F0C1FC0834F3E723689847FAE7F8
:108E9400F0D90000012270B52A4B032086B01A7065
:108EA400FFF7E0FFFAF764FEF9F760FE0420FFF72E
:108EB400D9FF254C254D2646AE4204F1300410D38B
:108EC40000F0DAFE204C224EAC4226D300F0E8FE3D
:108ED400F7F740FB1F4A137B23F00103137306B01B
:108EE40070BD54F80C3C059354F8103C049354F8AA
:108EF400143C039354F8183C029354F81C3C01931B
:108F040054F8203C009354E90A2354E90C0100F07E
:108F1400A9FC54F8303C5E65CDE7D4E90A23B3F1EB
:108F2400FF3F08BFB2F1FF3F05D052EA03012068BA
:108F340003D100F08FFF3034C6E73146183001F01A
:108F440031F9F8E786290020B0D40000E0D400000D
:108F54008DCC00008810002008B50348034A002186
:108F6400121A03F068FC08BDB00300208829002011
:108F74000023012270B586B0CDE904230F220193AA
:108F8400CDE9023214234FF4A0720E4D0E4E03FBB2
:108F940000550E4906EBC016044602FB00110C4BAB
:108FA4003046009500F05EFC737B2C7423F00403C0
:108FB4007373084B013403EBC423EE606B6006B09B
:108FC40070BD00BFB026002008100020883C00209F
:108FD40001C9000088340020BFB50020FFF742FF1C
:108FE4002B4B03F5006282F3088883F30A8800247C
:108FF400E023284D284F85F82230EC772C766C76C8
:10900400AC7685F820406B6A43F4E0236B6285F804
:109014002340FAF75DF9FAF7D9FA4FF0FF33AB6260
:10902400EB62FAF777FCFAF7F5FAF8F70BFA1B4854
:1090340000F082FC03F0D4FBFAF77CFD0120FFF77B
:1090440011FF0220164DFFF70DFF00F05DFE154BDA
:1090540015495D61154B4FF4806205930123284641
:10906400CDE90343CDE901443B46009400F0FAFB0B
:1090740006466A7B284622F004026A7303F0C7FDA1
:109084002046FFF775FF3A4631462846FAF77EFA3E
:109094008834002000ED00E0998E0000A811002023
:1090A40088100020B0260020C83D00208DDC000080
:1090B400002038B5054C064DAC4200D338BD2046DF
:1090C40003F0BDFB0028F9DB1C34F5E71002002097
:1090D4004802002073B50C46EFF31181202585F377
:1090E4001288BFF36F8FC5685DB125602B68C360BC
:1090F400836901338361002081F31188BFF36F8F8B
:1091040011E052EA030603D16FF00B002560F3E788
:10911400CDE900230246083000F0F4FC18B9034BF3
:109124009B681B69236002B070BD00BFB02600209D
:109134002DE9F34104460E4600F10808EFF31187C8
:10914400202181F31288BFF36F8F006AE16888429F
:1091540033D22568AC4219D0C5B1284603F0D9FBF7
:1091640005F1180003F025FEA268002431462869A1
:1091740003F0E5FE2846AC6703F049FD4046394656
:1091840000F054FD204602B0BDE8F081A2683146EB
:10919400E06903F0D4FE0020E369A2681344626925
:1091A400E361934204BF2369E361236A01332362C9
:1091B40087F31188BFF36F8FE5E752EA03010AD002
:1091C4000649404689680E61CDE9002339462246A6
:1091D40000F098FCD7E76FF02200E9E7B026002002
:1091E400F7B50446084604F10807EFF31186202179
:1091F40081F31288BFF36F8F216A002939D0A268E6
:10920400A16903F09CFEA369A268256813446269FE
:10921400A361934204BF2369A361236AAC4203F1AF
:10922400FF33236233D02846002D31D003F071FB85
:1092340005F1180003F0BDFDA2682969E06903F097
:109244007EFEE369A268284613446269E36193429F
:1092540004BF2369E361236A013323620024AC67FA
:1092640003F0D5FC3846314600F0E0FC204603B05C
:10927400F0BD52EA030110D0094989680861CDE9BB
:10928400002331462246384600F03CFCEFE700203C
:1092940086F31188BFF36F8FE9E76FF02200F7E7D9
:1092A400B02600202DE9F341044617461E46EFF38D
:1092B4001188202383F31288BFF36F8FC368334A66
:1092C4007BB180689168884219D057EA060318D1A7
:1092D40088F31188BFF36F8F6FF00F0002B0BDE801
:1092E400F081916891F90E100133E3609368216174
:1092F400A36088F31188BFF36F8F0020EEE7216924
:10930400F2E791F90E1090F90E306FF07E02994257
:10931400A8BF19469142B8BF11468B422DDD03F018
:1093240014FB054622464146CDE90076184800F074
:10933400E9FB0028E1D0EFF31186202383F31288A0
:10934400BFF36F8FA068D0B1236821699C420AD013
:109354004BB193F90E309942A8BF19466FF07E03C2
:109364009942B8BF194603F0F0FA40B131460848B3
:1093740000F05CFC6FF00A00B0E70025D2E7002D96
:10938400F4D186F31188BFF36F8FF3E7B026002082
:1093940087290020F8B583680546002B3FD0234A6F
:1093A400926893423ED1C368012B03D9013BC36049
:1093B4000020F8BDEFF31187202383F31288BFF355
:1093C4006F8F0169806803F0C0FA2C68AC4207D142
:1093D4000023C5E9023387F31188BFF36F8FE7E7F2
:1093E400002CF5D0D4E90032002613605A60637B68
:1093F400C4E9006623F002036373A66004F1180055
:1094040003F0D7FCAC6094F90E3020462B61A667BC
:1094140003F0FDFB3946064800F008FCC8E76FF08E
:109424001500C6E74FF0FF30C3E700BFB0260020A9
:109434008729002037B51146EFF31185202282F3E6
:109444001288BFF36F8F04689CB12368426823F0CD
:1094540003039442036008BF43600121204603F0E4
:10946400F7FA044685F31188BFF36F8F204603B0E3
:1094740030BD51EA0302F5D000F10802CDE9001332
:109484001046294600F03EFB0028EFD1014B9B68B3
:109494001C69EBE7B026002070B5EFF3118620239A
:1094A40083F31288BFF36F8F0468A0421AD0CCB143
:1094B400D4E90032002513605A60637BC4E9005587
:1094C40023F002036373A56004F1180003F071FC38
:1094D4002046A56703F09BFB3146BDE87040074872
:1094E40000F0A4BBD0E902329A4218BF0133836072
:1094F40086F31188BFF36F8F70BD00BF87290020EA
:1095040013B5EFF31181202484F31288BFF36F8F16
:10951400846844B1013C846081F31188BFF36F8F88
:10952400002002B010BD52EA030406D181F3118871
:10953400BFF36F8F6FF00F00F3E7CDE9002302460E
:10954400014800F0DFFAECE78729002007B5074B54
:109554004FF48062009306494FF0FF33054800F052
:109564000DF9002003B05DF804FB00BF08DA000029
:10957400C8410020081100202DE9FF41044620279E
:109584004E4EEFF3118887F31288BFF36F8FD4F830
:109594008450F5B9022104F19C0003F07CFA002800
:1095A40068D004F1940500220121284603F0C8FB89
:1095B4000028F8D100234FF0FF3202934FF0FF331D
:1095C4004146CDE900233E4804F18C0200F008FD39
:1095D400D7E7D4F888202B689542C4F8843008BFB4
:1095E400C4F88830D4F89C3043F00203C4F89C30AB
:1095F400EB6823F0040343F00103EB606B6888F32A
:109604001188BFF36F8F28469847EFF3118887F3CB
:109614001288BFF36F8FEB68D80623F0010236D4AB
:10962400EA60EB689A0716D5306823F00203EB6012
:1096340088B10021036870B14268954235D103684E
:1096440069BB72683360824200D17360002340F8C2
:10965400083BFFF721FFD4F89C3023F00203C4F841
:109664009C3088F31188BFF36F8FDB0589D400F039
:1096740053FB86E7D4F89C30D9069BD5C4F89C00EC
:1096840088F31188BFF36F8F04B0BDE8F08123F035
:109694001103EB6005F11000FFF7FEFEC1E70B605C
:1096A4007368834208BF7160D0E723B11A6801462A
:1096B40018461346BFE71A46F9E700BFD026002034
:1096C40087290020F8B5C36804469A070F46C3F3F8
:1096D40040062ED45B071CD40B680BB983680B605F
:1096E400E368DD0742BFA36802263B603D6858BFBC
:1096F4000126002D3CD0204B9A68D5F880309A4240
:109704000AD0D5F89C30D807C3F3800214D46FF084
:10971400120600233B6025E003F034FAD5F89C30B0
:109724000028F0D1D907C3F3C002F0D552B15B07CA
:1097340008D46FF00F06ECE7002AFAD1C3F3C00394
:10974400002BF6D100232360D5F8883063B9C5E92E
:109754002144284603F0B9F9E36843F00403E360C5
:109764003B68A3603046F8BD1C60C5F88840F0E74C
:109774006FF01506CDE700BFB0260020F0B5044613
:10978400002089B0C4E921000E9D04F18C00C4E9D5
:10979400230004F19400C4E9250055B32879002876
:1097A40040F2011008BF0120C4F89C0000204FF0D3
:1097B400FF364FF0FF37CDE90330CDE90100CDE9A5
:1097C400066720460C4B009400F08AF855B12968CE
:1097D40011B1204603F0DCF96B791BB1237B43F014
:1097E40001032373204600F035FBC4F8804009B020
:1097F400F0BD0120D8E700BF7D950000F7B50C4609
:1098040016461D460190EFF31187202383F3128837
:10981400BFF36F8F084603F049F955EA060309D1EF
:10982400204601A9FFF74EFF87F31188BFF36F8F1E
:1098340003B0F0BDE368324643F00803E360019BE4
:109844000449A36204F110002B4600F0ABFC012094
:10985400EAE700BFDDCA000001460148FFF7CEBFBA
:10986400081100202DE9F043984685B000F1580313
:10987400C0E91633109B002603730423073222F039
:10988400070543730F9B01EB05090F468373494694
:10989400C0E906668660C6730446F9F7D3FA0E9BE0
:1098A400073020F00700A066C4E9187502930D9BE9
:1098B400A9EB000901930C9B4A46009339464346A1
:1098C4002046F9F747FE054B66659B6803B1DB6EDE
:1098D4004846E36605B0BDE8F08300BFB02600202B
:1098E400F0B5002587B00595109DDDE91276049545
:1098F4000F9D044603950E9D02950D9D01950C9DAB
:109904000095FFF7AFFFB6F1FF3F08BFB7F1FF3F88
:1099140005D056EA070305D1204600F09BFA2046FD
:1099240007B0F0BD3A46334604F11800014900F08F
:1099340039FCF4E78DCC000040F20113838100234D
:10994400C0E91833C366014B98607047B026002005
:109954006FF00A01084A93689967084958674B6889
:1099640043F080534B60002383F31188BFF36F8F60
:109974009368986F704700BFB026002000ED00E0A8
:1099840070B590F90D20437B002A36DBD90634D11B
:109994001B4C63F07F032246437352F8183FE1697E
:1099A400934207D1C0E900210860E06111E09942C7
:1099B400F8D01B68002BF5D090F90E5093F90E6087
:1099C400B542F4D0AE42F2DD5968C0E90031086016
:1099D4005860A569954200D005B9E568A3685A7B2B
:1099E400D20604D1DA897F2A01D9AA6932B1AB42FD
:1099F40002D0284600F034FB656170BD6361FCE76A
:109A0400B026002038B590F90D200146002A437B8A
:109A140004DA03F07F03437303F0BFF80D4D2A46C5
:109A240052F8184FAB68944200D004B9EC688B42EA
:109A340007D05A7BD20604D1DA897F2A01D9A269D8
:109A44002AB1A34202D0204600F00AFB23466B61F0
:109A540038BD00BFB0260020B3F1FF3F08BFB2F10C
:109A6400FF3F03D00249183000F09CBB704700BF91
:109A74008DCC000070B590F90D200146002A437B7F
:109A840004DA03F07F03437303F087F81C4C4B7B29
:109A9400224663F07F034B7352F8183FE069934208
:109AA40007D1C1E900200160E16111E09842F8D0DA
:109AB4001B68002BF5D091F90E5093F90E60B54256
:109AC400F4D0AE42F2DD5868C1E90030016059605B
:109AD400A569A368954200D005B9E5688B4207D013
:109AE4005A7BD20604D1DA897F2A01D9AA692AB11C
:109AF400AB4202D0284600F0B3FA2B46636170BD36
:109B0400B0260020F8B5DDE906670D4B0C469868D1
:109B140011460C4A1060EFF31182202282F312885E
:109B2400BFF36F8F9D68284603F049F828463246F4
:109B34003B46FFF791FF2046BDE8F840FFF708BF1A
:109B4400B0260020D8260020F8B50446EFF311878C
:109B5400202383F31288BFF36F8F437B49B203F052
:109B64001F02002A0CBF0126002639D103F07F030F
:109B74002D4D437303F011F82A46437B817363F040
:109B84007F03437352F8183F934227D1E869C4E92D
:109B940000200460EC610FE09842F8D01B68002BB1
:109BA400F5D093F90EC06145F6D08C45F4DD5968C3
:109BB400C4E900310C605C60AC69944200D004B923
:109BC400EC68AB689C4202D0204600F049FA6C6114
:109BD40087F31188BFF36F8F3046F8BDE869DEE77D
:109BE4009B071ED5856802F0D8FF81732B689D42C0
:109BF40009D16B68C4E900531C606C60E8E76A68CB
:109C04009342F6D01B68002BF3D093F90E209142B7
:109C1400F5D08A42F3DD5A68C4E9003214605C600E
:109C2400D6E78173D4E700BFB026002049B9EFF32B
:109C3400058030B9054B5A699B689A4201D0FFF7F9
:109C440087BE81F31188BFF36F8F7047B026002061
:109C5400034648B9EFF3058232B9064A516992685E
:109C6400914201D0FFF774BE83F31188BFF36F8F65
:109C7400704700BFB0260020EFF31181202383F347
:109C84001288BFF36F8F054B9A68D37B013BD37364
:109C940081F31188BFF36F8F704700BFB026002097
:109CA40070B5EFF31186202383F31288BFF36F8F0F
:109CB400144DAB68DA7B0132DA732A4652F8184F36
:109CC400944200D004B9EC685A7BD20604D1DA89F4
:109CD4007F2A01D9A2692AB1A34202D0204600F00A
:109CE400BFF923466B6186F31188BFF36F8FEFF3DF
:109CF4001180202383F31288BFF36F8FBDE8704077
:109D0400FFF7A6BFB0260020024B03F11802C3E9F7
:109D140006227047B026002070B5EFF31186202389
:109D240083F31288BFF36F8F1B4CA168E0690B6843
:109D3400814214BF1A46002249680B605960A36827
:109D4400E1692AB9154AC3E900210B60E3610CE01B
:109D540093F90E0092F90E50A84218D0854216DDF0
:109D64005168C3E900210B605360A5690B4B9D4208
:109D740000D005B9E568A3689D4202D0284600F0EA
:109D84006FF965613046BDE87040FFF7E1BD8A4276
:109D9400D8D01268D5E700BFB0260020C82600201E
:109DA400F8B550EA010306460C4603D1FFF7B4FFA9
:109DB4000020F8BDEFF31187202383F31288BFF34B
:109DC4006F8F124D124BA8681860FFF71BFEA8682E
:109DD400234632460F49183000F0E4F9AA680446D5
:109DE400537B384643F004035373FFF7B1FDAB686C
:109DF400D3E90A23B3F1004F08BF002AD8D103F0F6
:109E040000F8201A20EAE070D3E700BFB026002053
:109E1400D82600208DCC000038B500240B494FF41F
:109E240000458C462146C0FB05C100236046084A14
:109E3400F6F78EF9C117FFF7B3FF47F6FF73044A2D
:109E4400C0FB0234DB0B43EA444038BD3F420F0001
:109E540040420F0038B50446EFF31185202383F305
:109E64001288BFF36F8F437B5B070FD5183002F066
:109E7400A0FF637B204623F004036373FFF780FD98
:109E84002946BDE838400448FFF7D0BE85F3118861
:109E9400BFF36F8F38BD00BF87290020014B98683E
:109EA400704700BFB02600202DE9F8430446077B25
:109EB400EFF31185202383F31288BFF36F8F437B65
:109EC400190705D585F31188BFF36F8FBDE8F883B3
:109ED400D90943F008025AD14273A36813B120464A
:109EE40002F063FE04F1180002F063FFA66D04F1B2
:109EF4005808B04511D04FF0000976B1304602F051
:109F040054FE06F1180002F054FF3046C6F878906B
:109F1400FFF736FDA66DB045EFD1DFF8B880D8F86D
:109F240008309C423BD1EFF30589B9F1000918BF11
:109F34004FF00109D8F81860274A964200D00EB9AC
:109F4400D8F80C60B34202D0304600F089F8C8F863
:109F54001460B9F1000F02D02048FFF7EDFCD8F8E7
:109F640008309C4231D1EFF3058373BB227BD207C7
:109F740018D42846FFF7ECFCFB07A7D5002383F38E
:109F84001188BFF36F8F0423184602DF9EE703F0A6
:109F94007F0343F00803437302F0FFFD9DE74FF096
:109FA4000009C7E785F31188BFF36F8F83F3118826
:109FB400BFF36F8F0423184602DFEFF311802023D1
:109FC40083F31288BFF36F8FD4E785F31188BFF34F
:109FD4006F8FD1E7B0260020C8260020A8110020EA
:109FE400D3B5DDE90667089CCDE90067FFF78AFD74
:109FF4001CB1034B9B681B69236002B0D0BD00BF3A
:10A00400B02600200122044BC01A044BC010584350
:10A01400034B1A54704700BF28120020ABAAAAAA07
:10A0240087290020C3897F2B12D80A4B1B6863B190
:10A03400094B90F90E201B689A4209DB437BDB062F
:10A0440006D1064BC31A18BF012303F00100704761
:10A054000023FAE754010020DC2600200810002029
:10A0640070B50E4B0E4C1E7C054606EB460304EB06
:10A07400C304204602F09DFE00220A4B28469A554E
:10A08400FFF7D0FF48B1084B2046BDE870401A687E
:10A094000649013AD31700F085B870BDB0260020F8
:10A0A40028120020872900205401002009A0000064
:10A0B40038B5EFF31185202383F31288BFF36F8F34
:10A0C400104B114A9C681068A04206D1FFF7C8FFE4
:10A0D40085F31188BFF36F8F38BD00211B7C11609D
:10A0E4000A4AD35C002BF3D02046FFF79BFF0028DD
:10A0F400EED0637BDB0602D12046FFF7BBFC204693
:10A10400E4E700BFB0260020D826002087290020DD
:10A11400074808B5074A0849121A02F08EFBBDE841
:10A1240008400648064A0749121A02F086BB00BFD7
:10A1340000000020B0030020A0F100000000002077
:10A1440000000020A0F10000024B1868984208BFEC
:10A154000020704758010020034B1B680BB9FDF722
:10A164000BBC0020704700BFE026002030B570B162
:10A174000B4B5B6898420AD0036843B1D3E90421CE
:10A18400D0E90445121941EB0501C3E90421D0E9E2
:10A19400003213605A600023C0E9003330BD00BFB1
:10A1A40058010020B3F1FF3F08BFB2F1FF3F2DE992
:10A1B400F84F0446994615461F467BD08160EFF35D
:10A1C4001188202383F31288BFF36F8F013279F152
:10A1D400FF33DFF8E8A020DBFFF7BEFFDAE9002752
:10A1E400013549F100092D1849EBE07306464FF09B
:10A1F4000109C4E90453AD1843EB0707FFF7A4FFB3
:10A204000346DFF8BCE0DEF804A0EBB9C4E900EAD9
:10A21400CAF80040CEF8044028E06FF00103DAE900
:10A2240000125B1A4FF0FF3161EB02025B1B62EB21
:10A234000902012B72F10001BCBF012300224FF07F
:10A244000009C0E90432D9E7D3E9041CD4E90420A5
:10A254008A4270EB0C0B24DA891A5A686CEB000002
:10A26400C3E90410C4E9003214605C60FFF76CFFBA
:10A2740084420ED1134B1B685BB9B9F1000F02D1B4
:10A28400FFF76AFF0646304602F07CFD0021FDF729
:10A2940045FB88F31188BFF36F8F28463946BDE824
:10A2A400F88F521A60EB0C009A45C4E90420ADD033
:10A2B4001B68AAE700252F46EFE700BF40120020E5
:10A2C40058010020E02600202DE9F047EFF3118526
:10A2D400202383F31288BFF36F8FDFF8A09000264A
:10A2E400C9F800000027FFF72FFFDFF89480D9F8A2
:10A2F4000030D8E900ECD91750B1D0E90442A342A8
:10A3040071EB020A1BDAE41A62EB0102C0E90442AF
:10A31400002413EB0E034CEB01012046C8E9003185
:10A32400C9F8004002F02EFD2146FDF7F7FA85F347
:10A334001188BFF36F8FBDE8F047FFF7B9BE14EB88
:10A344000E024CEBE473C0E90467C8E90023FFF78D
:10A354000DFF85F31188BFF36F8F83689847EFF380
:10A364001185202383F31288BFF36F8FD9F800304F
:10A374001B1BC9F80030FFF7E7FEB8E7E026002012
:10A384004012002010B5EFF31184202383F31288C8
:10A39400BFF36F8FFFF7E0FE0346054AD2E90001E1
:10A3A400181841EBE37184F31188BFF36F8F10BD6C
:10A3B40040120020F8B50446EFF31187202383F3FD
:10A3C4001288BFF36F8F026822B187F31188BFF33D
:10A3D4006F8FF8BDD0E90A36581C46F100010228F7
:10A3E40071F1000127D3012B76F10001BCBF0123D9
:10A3F40016465D1E46F1FF3602F007FD013041F1BD
:10A404000001401946EB0101012871F1000139DB1B
:10A4140002F0FBFC013041F100016FF00102401930
:10A4240046EB01034FF0FF31121A61EB03032046A0
:10A434001749FFF7B7FE236B01332363236A6BB11C
:10A4440087F31188BFF36F8F2046236A9847EFF391
:10A454001187202383F31288BFF36F8F54F8185F9A
:10A46400A542B2D0002DB0D0284602F0DFFB002375
:10A47400AB6787F31188BFF36F8F2846BDE8F840B8
:10A4840002F0C5BB6FF001024FF0FF33CFE700BF0E
:10A49400B9A300002DE9F04105461C4690461F462D
:10A4A400EFF31186202383F31288BFF36F8FB4F187
:10A4B400FF3F08BFB2F1FF3F05D186F31188BFF318
:10A4C4006F8FBDE8F081531C74F1FF3309DB012A5F
:10A4D40074F10003BCBF0122002412F1FF3844F1DF
:10A4E400FF37284602F065FCDDE906010023C5E9D3
:10A4F4000A012B6342463B4628460249FFF752FEB7
:10A50400DBE700BFB9A30000F8B507460C461646C2
:10A5140002F038FB08B10020F8BD0D4B9B68DD6EDE
:10A52400002DF8D0221DF6D2EFF31184202383F3FB
:10A534001288BFF36F8F284647F00401B04784F3B5
:10A544001188BFF36F8F0028E5D040F8045BE3E780
:10A55400B02600200146024A0020FFF7D5BF00BF05
:10A5640093B1000038B5064C064DAC4201D300202F
:10A5740038BD2046D4E9011202F0BDFC1434F4E7DE
:10A58400480200204802002010B50A4C23681BB181
:10A5940001232360002010BD00F0F4F80028F7D058
:10A5A4000138072803D8044B53F8200010BD034892
:10A5B40010BD00BFE426002010DA0000FE8FFFFF6C
:10A5C400BFF34F8F0549064BCA6802F4E062134398
:10A5D400CB60BFF34F8F00BFFDE700BF00ED00E08D
:10A5E4000400FA0530B44FF0FE3200250B4B0C4C3E
:10A5F4000C494968C3F80024C3F80424C3F80824A8
:10A60400C3F80C24C3F81024C3F81424C3F8182482
:10A61400C3F81C24C4F8005530BC084700508450CB
:10A624000040845060010020024BD0E90012C3E9CD
:10A63400001270476001002010B5044650B16368F1
:10A6440013F0685F05D0064A934202D0002362608B
:10A65400236010BD034B04485B689847EFE700BFD5
:10A664002C5F5CA96001002030DA0000C8B14368A7
:10A674000D4A934213D013F0685F0ED0012350E8C3
:10A68400002F194640E8001C9CF0000FF7D1012A66
:10A69400F5D0BFF35F8F002070470448704704482B
:10A6A40070476FF4E04070472C5F5CA9E98FFFFFAF
:10A6B400EA8FFFFF034680B1426809498A420AD003
:10A6C40012F0685F05D0BFF35F8F002210461A6056
:10A6D400704704487047044870476FF4E04070477F
:10A6E4002C5F5CA9E98FFFFFEA8FFFFF10B50446DA
:10A6F40020B10023034A2360626010BD0248FFF7C3
:10A7040071FFF6E73A00003A58DA000070B5194CC8
:10A71400D0F804C00668C4F804C0D0F808C0C06803
:10A72400C4F808C0E06026600868134B134D186035
:10A734004868D5F818215860886812F0685F9860F6
:10A74400C8680969D860196112D000230C4A05F55C
:10A754008A70C5F81431C5F8B831C5F81821C5F8A0
:10A76400BC21B047236805F5DC70BDE8704018478C
:10A7740070BD00BF7C01002068010020FC26002081
:10A784002C5F5CA908B500F011F830B900F010F89E
:10A7940038B9054AC2F80C0A08BD00F037F803209E
:10A7A40008BD042008BD00BF00508450002070473D
:10A7B40010B5114800F048F800B110BD0F4800F082
:10A7C40043F80028F9D10E4C204600F03DF800284B
:10A7D400F3D10C4B0C481C6000F036F801460028FD
:10A7E400EBD100F02DF8044608B1204610BD00F06E
:10A7F4003FF82046FAE700BFBC010020B801002062
:10A80400B4010020AC010020B001002008B50848C4
:10A8140000F024F8074800F021F8074800F01EF87B
:10A82400064800F01BF8BDE8084000F00BB800BF74
:10A83400BC010020B8010020B4010020B0010020B8
:10A8440000207047704700BF08B5034B02681B68BF
:10A8540010689847002008BD7C01002008B5034B10
:10A8640002685B6810689847002008BD7C010020DE
:10A8740070B5094C094D2069AB68984718B1084B6D
:10A8840008485B6898470021074AEB681160206913
:10A89400BDE87040184700BF680100207C0100201B
:10A8A400600100207CDA0000F82600200CB430B5EA
:10A8B40089B005460C461C22002101A802F066FB63
:10A8C400022305958DF806300D4B029323462CB1D7
:10A8D400B4F1004F28BF4FF00043013B1D440DAAC3
:10A8E4000C9901A80695009200F00CF814B1059B90
:10A8F40000221A7009B0BDE8304002B0704700BFB2
:10A9040085D000002DE9F04F43688DB01546804690
:10A91400029383789A0740F10D8100240E78002E6B
:10A9240000F00A81252E0BD04B1C039301344146C1
:10A934003046029B98470028C0F2F6800399EDE761
:10A944004E788B1C252E0393F0D00027B946BB46C6
:10A95400BBF11F0F38D8A6F12003102B0AD8DFE86B
:10A9640003F02A0909300909092109090928092DCF
:10A9740009091F00A6F13003092B33D92A2E37D138
:10A984001BF0400F55F8043B40F08280002BA7BF1A
:10A994004BF0200B9946C3F100094BF0280B01E062
:10A9A4004BF0010B039B13F8016B0393002ECFD1E3
:10A9B40030E04BF0020B4BF0040BF3E74BF0080BC9
:10A9C400F0E74BF0100BEDE7BBF17F0F19D8A6F1C0
:10A9D4003003092BD2D81BF0400F03D00A2101FB0E
:10A9E4000737DFE70A214BF0200B01FB0939D9E7D0
:10A9F4002E2E06D11BF0400F40F09E804BF0400BF2
:10AA0400D0E76C2E31D02BD8682E36D06A2E3CD0AD
:10AA14004C2E3AD0002F46F02003B8BF2BF0400252
:10AA2400A3F16501BCBF00271FFA82FB022901D9EB
:10AA3400612B2FD107350727DFF8ACA225F00705D6
:10AA440008351BF0080F66D00AEB070B56465E4527
:10AA540063D1A4EB0A0AA9EB070906EB0A026FE12A
:10AA6400742E9FD07A2E9DD0D4E71BF0800F18BF90
:10AA74004BF4007B4BF0800B94E71BF4807F18BFF2
:10AA84004BF4007B4BF4807B8CE74BF4207B89E711
:10AA94001F4687E7A6F16301122900F2F080DFE880
:10AAA40011F013004F00EE00EE00EE00EE004F0038
:10AAB400EE00EE00EE00EE00EE00FE00E900EE0017
:10AAC400EE001B00EE00AF0055F8043B01270DF12A
:10AAD400180A8DF81830B4E755F804AB834BBAF173
:10AAE400000F08BF9A461BF0400F504614BF39466A
:10AAF4004FF0FF3102F062FA0746A2E741462020F8
:10AB0400029B984700280FDB013EB742F6D34C4422
:10AB1400B146A41B98E74E46F7E7414616F8010BE9
:10AB2400029B9847002892DA98F8023043F0040315
:10AB340088F802304FF0FF3420460DB0BDE8F08FA6
:10AB44001BF0800F34D01BF4007F2CD0073525F088
:10AB54000705AA4669685AF8080B2BF01005002966
:10AB6400ADB237DA404245F4806561EB41010DF145
:10AB7400180B0A235A4602F02DFAA0EB0B0301939B
:10AB84006B0662D5019B25F001019F4289B240F317
:10AB9400A180002E00F0998015F0100240F09C80F6
:10ABA400BB460D4623E0AA465AF8040BC117D4E766
:10ABB400AA461BF4807F5AF8041B01D10846F5E726
:10ABC4001BF4007F19BF48B241F3C01108B241F32E
:10ABD400C031C2E750EA0103C9D11BF0400FC6D00F
:10ABE400002FC4D12BF01102BB46019795B240F25D
:10ABF400064115EA01021CBF0BF1010B00222CE0F7
:10AC04002BF010020A231FFA82FB1BF0800C49D0A0
:10AC14001BF4007115BF0735AA4625F007055AF83D
:10AC2400040B1EBFAA4669685AF8080B50EA0105CE
:10AC340045D12BF016051BF0400FADB242D0002FCA
:10AC440040D12BF01702019795B215F0100248D0AD
:10AC5400019B002E42D103F1010B29075AD4EB07C3
:10AC640006D5D9456FDDA9EB0B030199CB465F18D7
:10AC74005B4649E04BF0100B10237826C5E7782B90
:10AC840004D1C6F1780343F01003BEE74146252002
:10AC9400029B98470028FFF647AF023447E6082393
:10ACA4000026B2E7AA461BF480715AF8040BBDD003
:10ACB4001BF400711ABFC0B2614680B2B6E72BF034
:10ACC400060295B20DF1180B54E725F01105BB46A9
:10ACD400ADB28CE70D46B8E73B460D4603F1020BD7
:10ACE400BBE7DDF804B082E797F1000090F10000C3
:10ACF400CDE9043241462020029B98470028FFF604
:10AD040013AF049B059A01339945F1DCA4EB0B01C5
:10AD14009B46CC180AB341463020029B9847002832
:10AD2400FFF602AF8EB901342744391B019B9942C7
:10AD340024DC1D4655BB019AA9EB0B095546224458
:10AD44001446914433E0019F92E702344146304671
:10AD5400029B98470028E7DAE6E640F206410D42F6
:10AD6400E2D015F0020F04F10104414614BF2B2078
:10AD7400202015F4806F18BF2D20E9E741463020CC
:10AD8400029B013498470028CFDACDE606AB013D9B
:10AD94004146585D029B98470028CBDAC4E64146F9
:10ADA4002020029B013498470028FFF6BDAEA9EB92
:10ADB4000403002BF3DCC1E570474379012B01D177
:10ADC400F5F740BB7047436818697047836800EB28
:10ADD400C101B3F5004F2CBF51F8220031F8120025
:10ADE400704700EBC1018068B0F5004F2CBF41F8FB
:10ADF400223021F812307047012208B5FFF7E6FF30
:10AE0400D04008BD836800EBC101B3F5004F08D3FF
:10AE14004B681AB143F001034B60704723F0010300
:10AE2400FAE74B881AB143F001034B80704723F0D3
:10AE34000103FAE753000122FFF7D3BF8368B3F598
:10AE4400004F34BF04230823C91A081AC0087047E6
:10AE5400B0F5004F34BF04230823481C0833A0EB8B
:10AE6400D300B0FA80F0C0F11F0070472DE9F04123
:10AE7400174603220E460446FFF7A8FF86420546FE
:10AE840007F104080AD10122E368BA4023EA020365
:10AE9400E360002344F82830BDE8F0813146022203
:10AEA4002046FFF793FF06462B4601460322204621
:10AEB40044F82850FFF795FF334629462046BDE85D
:10AEC400F0410222FFF78DBF70B50D468668044637
:10AED400FFF792FFB6F5004F014601D3012809D0D0
:10AEE4003046FFF7B5FF294602462046BDE87040CC
:10AEF400FFF7BCBF70BD2DE9F04705468068FFF73A
:10AF0400A7FF05EB800ADAF8109088460646B9F1E7
:10AF1400000F1BD00327DAF8104028462146FFF71C
:10AF24006BFF404507D3324621462846FFF79EFF74
:10AF34002046BDE8F087032221462846FFF746FF56
:10AF4400013FCAF8100001D08145E4D14FF0FF342D
:10AF5400EB680136B4401C40EAD094FAA4F2B2FA89
:10AF640082F2131D55F82340DEE72DE9F041144623
:10AF74000E460546FFF740FFA4EB0608371B0744BF
:10AF8400424631462846FFF755FF3A4621462846B1
:10AF9400FFF750FF4346002221462846FFF721FFD2
:10AFA40021462846FFF728FF3B4621180022284661
:10AFB400BDE8F041FFF715BF2DE9F0411646044600
:10AFC4000F46FFF719FF314605462046FFF714FFE9
:10AFD40005442A4639462046FFF72CFF31462046D1
:10AFE400FFF70AFF2B46311800222046BDE8F04146
:10AFF400FFF7F7BE2DE9F0410D4686680446FFF7DA
:10B00400FBFEB6F5004F014601D3012832D030468D
:10B01400FFF71EFF04EB80010E6996B90122E36875
:10B0240082401343E36002220D612B4629462046E9
:10B03400FFF7D7FE032229462046BDE8F041FFF77B
:10B04400D0BE022231462046FFF7C0FE0746034623
:10B0540029462046FFF7C5FE0322334629462046EB
:10B06400FFF7BFFE39462B462046FFF7BAFE022201
:10B074003146E1E7BDE8F081F8B50C460546FFF737
:10B08400BBFE2618012231462846FFF79FFEC30760
:10B094000CD431462846FFF717FF21462846FFF710
:10B0A400ABFE214622182846FFF786FF00222146E0
:10B0B4002846FFF78BFE271A012239462846FFF758
:10B0C40085FE10EA020613D139462846FFF7FCFE36
:10B0D400214632462846FFF779FE2246211A2846A1
:10B0E400FFF76AFF214632462846FFF76FFE241A0F
:10B0F40021462846BDE8F840FFF77CBF38B571B15A
:10B10400056800222846FFF799FE044601462846B2
:10B11400FFF778FE2146BDE83840FFF7ADBF38BDE4
:10B1240070B5066809B9002070BDB368B3EBD10FE0
:10B13400F9D9B3F5004F34BF04230823CC1D1C44B4
:10B14400E40821463046FFF7D6FE05460028EAD03B
:10B1540001463046FFF750FEA04209D92C44294647
:10B1640030462246FFF701FF21463046FFF742FFF3
:10B17400304601222946FFF745FEB368B3F5004F78
:10B1840034BF0423082303EBC5031844CCE711465A
:10B19400FFF7C6BFB2F5802F2CBF082304232DE987
:10B1A400F0410026D21A8C18CD1D25F0070524F095
:10B1B4000704641BE408056021462046AC60EE6089
:10B1C400FFF746FE421D9200013002F107074FEAE5
:10B1D400D7073146A2F1100205F11000B8BF32467C
:10B1E40001F0D4FE3A4631462846FFF723FE3346A3
:10B1F400324631462846FFF7F4FDA4EB07082846FB
:10B2040031460122FFF7FEFD42463946FFF712FEA2
:10B214003B46324639462846FFF7E3FD2146284699
:10B22400FFF708FE4346324621462846FFF7D9FD7C
:10B23400214628460122FFF7E5FD3946BDE8F041E5
:10B24400FFF7D8BE2DE9F04706460D461746984647
:10B254002BB34FF0000A98F8004093F80190DB7884
:10B26400A40004EB430498F802301C444444CA4547
:10B2740009D339463046AC46D8F8042008F108030F
:10B28400BDE8F047604714F8013B0AF1010A204683
:10B2940048F82340F4F780FF01300444E7E76FF0F7
:10B2A4001500BDE8F08770B500250246284614460F
:10B2B40014F8013B0BB9184609E098B18D4207D147
:10B2C400702B04D0A3F140023A2A0BD8002070BDA1
:10B2D400A3F140063A2E05D853780135941C002B6F
:10B2E400E9D00020252B224608BF80F00100DEE7CC
:10B2F400002070470FB407B504A951F8040B01915D
:10B3040000F0C0FB03B05DF804EB04B0704710B567
:10B314000369024613F0080009D11368D4689C42FB
:10B324009BBF0120126AE31AD31A0B6010BD0023DD
:10B334001846FAE713B501A90446FFF7E8FF20B160
:10B34400019BE268013B13440193206A019BC01AEC
:10B35400013802B010BD10B5044650182269236AA2
:10B36400D20702D5013B184010BD984228BFC01A2D
:10B37400FAE710B504460A46C168FFF7ECFF2369F3
:10B38400E06023F00803236110BD38B50D46C2699F
:10B394008B00016843F00203044642F8213001683F
:10B3A4002A46FFF7D8FFE3686168984208BF23691B
:10B3B400206008BF43F008032A46204608BF2361E3
:10B3C400FFF7C9FF606038BD2DE9F74FC768C6694C
:10B3D4009B4606EB8703009316F82730044603F0D8
:10B3E4000303022B884691464FF000030BD01360F1
:10B3F400CBF8003023699B0713D44FF0000A504662
:10B4040003B0BDE8F08F56F8271013608908CBF815
:10B414000030EFD0FFF7ADFFE368A3604FF0010AFF
:10B42400EDE7A36906EB8700984716F82720054641
:10B4340012F0010AE1D012F002021FD0B8F1000F9D
:10B4440003D041462046FFF7A0FF61682A46204604
:10B45400FFF781FFD4E902219142606006D12A46B8
:10B464002046FFF778FF4FF0000AA060A268226030
:10B47400E260226942F008022261C0E701462046E8
:10B484000192FFF776FFE368A360B8F1000F04D0E0
:10B494002168E369019A43F8212005EB0802CBF8FF
:10B4A400002021682046FFF756FF2369206043F0FF
:10B4B4000803236116F827306FF3000306F82730DA
:10B4C400009BC9F80030A9E770B504461546FFF79C
:10B4D40042FF2368834205D12369216023F00803D6
:10B4E400236170BDE269AB0043F0020342F82130EE
:10B4F40061682A462046FFF72EFF6060F1E738B501
:10B50400036904465B0706D5456AFFF713FF8542C6
:10B514002CBF6562606238BD38B50D4604461C22F6
:10B52400002101F033FD0022EB68A361AB68636185
:10B534002B68E3616B68626223622A6923B1591E36
:10B54400194208BF42F001022261012204F12800DD
:10B554000021BDE8384001F092BA2DE9F04F0025F2
:10B5640087B00093036A04468B420E469246A9466E
:10B574000395059539D3EFF3118B202383F31288B8
:10B58400BFF36F8F059AD8462AB129462046FFF7A4
:10B594009BFF0023059304A92046FFF7B8FE0499F6
:10B5A4000746B1422AD32268E369204613F82210E1
:10B5B40003EB820921F0030103F8221021683246CB
:10B5C400FFF7C9FEE3682060984212D0002788F391
:10B5D4001188BFF36F8F039929B162690AB12046BC
:10B5E400904700230393002FC5D1484607B0BDE818
:10B5F400F08F236943F008032361E7E718B120467D
:10B60400FFF7C3FEE3E7009B5AEA03021CD0019153
:10B6140001F0B8FA0199B8B9BBF1000F14D187F35E
:10B624001188BFF36F8F5246009B04F12800FDF789
:10B6340067FFEFF31188202383F31288BFF36F8F22
:10B64400B0FA80F77F09C2E7204605AB03AA256854
:10B65400FFF7BAFE0746BAE770B5044683690846A1
:10B664000D4698470246EFF31186202383F3128890
:10B67400BFF36F8F2B78204643F001032B70616872
:10B68400FFF769FE60602046FFF739FF86F31188F3
:10B69400BFF36F8F70BD2DE9F04104462027EFF30F
:10B6A400118687F31288BFF36F8F236913F0080F95
:10B6B400A36802D16268934200D9226AD21AE1696E
:10B6C40032B986F31188BFF36F8F4FF0000833E06F
:10B6D40011F8232001EB830812F00300F1D00228B3
:10B6E40003D151F82350AD0805D1D00712D44046F8
:10B6F400A36998470546A1682A462046FFF72BFE12
:10B704002946A0602046FFF734FE86F31188BFF374
:10B714006F8FC4E742F0020201F82320A369404678
:10B72400A5689847294602462046FFF714FEA06004
:10B7340086F31188BFF36F8F4046BDE8F081F8B5FA
:10B744000446836908460D4698470646EFF3118779
:10B75400202383F31288BFF36F8F2B786FF30003DA
:10B764002B7023699B0705D5E268E36903EB820329
:10B774009D421AD12B786FF341032B70D4E9023127
:10B78400994204D132462046FFF7E5FDA0603146D8
:10B794002046FFF7EEFD87F31188BFF36F8F04F1A6
:10B7A4002800BDE8F840FDF777BE2B6860F39F03DF
:10B7B4002B60F0E7EFF31181202383F31288BFF3AA
:10B7C4006F8F036913F0080F836802D142689342B4
:10B7D40000D9026AD31A81F31188BFF36F8F181E40
:10B7E40018BF01207047002203680BB91846704740
:10B7F4008B4210D10B6842B942680360914200D178
:10B804004360002301200B60704713604368994232
:10B8140008BF4260F5E71A461B68E6E7038B13F09E
:10B82400070305D10368002B0CBF002003207047D9
:10B83400022B05D1408BB0FA80F04009800070479C
:10B84400012B05D10368002B0CBF00200520704795
:10B854000020704710B50C4600B111B96FF0150007
:10B8640010BD081D00F0D2F80028F9D1A368032BFD
:10B87400F6D9F3E72DE9F0410D4607461946281D90
:10B8840090461E4600F0D3F8044638B1334642468B
:10B8940029463846A446BDE8F0416047BDE8F0813A
:10B8A40010B4EFF31182202484F31288BFF36F8F56
:10B8B400416110BC0121F5F78FBB38B50C46054634
:10B8C40058B151B10B6843B14B6833B11C2200210C
:10B8D40001F05CFB00202C6138BD6FF01500FBE724
:10B8E40070B505460E46FFF7B5FF041E14DBEFF3F3
:10B8F4001182202383F31288BFF36F8F4FF6FF71F9
:10B904006B8B2C8B8B4204F0070407D182F31188D4
:10B91400BFF36F8F6FF00A04204670BD022C0CD168
:10B9240001336B8382F31188BFF36F8F00232246A8
:10B9340031462846FFF79EFFEEE7062C14D8DFE8D1
:10B9440004F004131313041A0400002333606B6817
:10B954003BB9C5E90066ACB902212846F5F73CFBC2
:10B96400DAE71E606E60F6E782F31188BFF36F8F2B
:10B974006FF00404D0E782F31188BFF36F8F6FF088
:10B984008504C9E782F31188BFF36F8FC4E710B54C
:10B99400EFF31182202383F31288BFF36F8F048B9C
:10B9A40004F00704022C0AD0012C0CBF6FF0040031
:10B9B4006FF0850082F31188BFF36F8F08E0438B2B
:10B9C400013B9BB2438323B92146F5F705FB20468F
:10B9D40010BD2046EEE738B5A8B1A1B1EFF311854B
:10B9E400202282F31288BFF36F8F048BFFF7FBFED4
:10B9F40030B104F0070085F31188BFF36F8F38BDB1
:10BA04006FF07700F7E76FF01500F8E7034658B1D9
:10BA1400426802F00302012A03D0032A04D1026817
:10BA240012B10020986070476FF0150070474268AB
:10BA3400034602F00302032A4FF00002816014BFA0
:10BA4400104600685A607047704703785B075FBF11
:10BA540003684288C3F34A2303EB12105DBF173017
:10BA640020F007008008002070470020704700F095
:10BA7400FBBD0346D3E8EF0F421CC3E8E12F0029C6
:10BA8400F8D170471FB50023CDE902011A461946C3
:10BA94001846CDE90033F5F7C9FE05B05DF804FB9F
:10BAA4000120F5F77DBC002070474368DA7101225C
:10BAB4004368196043685A71F5F764BC70B5D2E9FC
:10BAC40001369B1B8B420C4615460AD313680A4663
:10BAD4000146981901F033FA2046AB682344AB6061
:10BAE40070BD6FF01B00FBE770B50E461546194696
:10BAF400044618B9BDE87040F5F752BC33B1C2F33F
:10BB04004A231030120D184401F019FAC4E9005602
:10BB14002046BDE87040F5F7E5BD2DE9F3415F1C13
:10BB24004FEA8708064608F1170020F0070080084E
:10BB34000C461546F5F7AEFC00238DF80470ADF8FD
:10BB440005308DF8073068B10346019AA8F1040165
:10BB540043F8102F2A46294452F8045B8A4243F8DA
:10BB6400045FF9D100233146A20102F4E07242EAF3
:10BB7400482222F07F4222F4700222F03F0202B0F7
:10BB8400BDE8F041FFF7B0BF07B50123019201AA58
:10BB9400FFF7C3FF03B05DF804FB07B5CDE900234D
:10BBA40002236A46FFF7B9FF03B05DF804FB1FB533
:10BBB400CDE90123069B01AA03930323FFF7ADFFFD
:10BBC40005B05DF804FBF8B506460D4614461F465D
:10BBD40004B9F8BD214628463A46B047241A05441C
:10BBE400F6E710B542680446D2E90023816800688C
:10BBF400FFF7E9FF002263681A6010BD38B54B688F
:10BC040005461A68CB680C469A4202D10846FFF7EB
:10BC1400E8FF6368D3E8EF2F511CC3E8E01F002856
:10BC2400F8D1A36800209D5438BD0A2838B50446CD
:10BC34000D4602D10D20FFF7E1FF29462046FFF70C
:10BC4400DDFF002038BD2DE9F043054687B00846E6
:10BC54000E8891F800900C46D1F808801746F5F745
:10BC640035FE011EC6F38216C9F3C2091EDB48461F
:10BC7400F5F74AFD0346214651F8102B6088C2F3BC
:10BC84004A22002A01EB020408BF00210022C0F36B
:10BC94000B10CDE90407CDE902142846414601966C
:10BCA4000092F5F73FFE07B0BDE8F0830023E2E71A
:10BCB400436800201B685B681961704743681B6810
:10BCC4001A6852685360704701212DE9F0414368B6
:10BCD4001B685A6811751D682F68D5E90136D3E9C8
:10BCE40000481CB96B681C60BDE8F08121463046F1
:10BCF4004246B847241A0644F3E743681B681868A9
:10BD0400F5F77ABF70B543680C461D686B6818690F
:10BD1400F5F722FB214603460F222868BDE8704050
:10BD24001847FFF73ABF10F0700F00F07F0201D000
:10BD3400F6F790B810F0800F4FF0010018BF1032E2
:10BD440090407047006838B150F8043C04385B6890
:10BD54008B4201D04068F6E77047006848B150F85C
:10BD6400043C04385B685B689B788B4201D0406874
:10BD7400F4E7704730B5006888B150F8043C0438E3
:10BD84005B681A6A1D7F0023043ADCB2A54201D81D
:10BD94004068F1E7013312F833408C42F5D130BDED
:10BDA400FEE701460068F6F7EDBF08B5F7F746F879
:10BDB400BDE80840F7F766B80A460121FFF7E4BE7C
:10BDC40000210120F6F7DEBF036E83F30B88704772
:10BDD40061B662B680F31188BFF36F8F704708B500
:10BDE40072B6002383F31188BFF36F8FF7F770FEE9
:10BDF40050B1BFF34F8F30BF00BF00BF00BF00BFC3
:10BE040000BF00BF00BF00BF62B6BFF36F8F08BDA5
:10BE140010B5044672B6002383F31188BFF36F8F05
:10BE2400F7F756FE50B1BFF34F8F20BF00BF00BFDE
:10BE340000BF00BF00BF00BF00BF00BF84F3118874
:10BE4400BFF36F8F62B610BD40E800F313F4803F78
:10BE5400D8B208BF6FF01500704730B50C684B6856
:10BE640085B00A894D890094013B24F01F042344C2
:10BE740002F01F0242EA451223F01F0369468DF8BF
:10BE840008200393F7F7FCFB05B030BD08B5D1E9F2
:10BE940004319847002008BD08B5F7F7E5FD0020F8
:10BEA40008BD4FF05023012270B50C460546C3F877
:10BEB40014260020F7F79AFE28462346BDE8704072
:10BEC400002118478170704700207047FFF75CBE5F
:10BED400036942685B68526800201374C3F3072344
:10BEE4005374704761281BD010D836281AD007D84D
:10BEF4001D2819D0A0F12A0148424841400070474A
:10BF0400A0F1380250425041800070477D280DD086
:10BF14007E280DD0A0F16403584258418001704737
:10BF24001020704720207047012070470820704778
:10BF34008020704708B54368186800F052FC18B9AF
:10BF4400BDE80840F8F7D8B8002008BD10B503696B
:10BF54000446C0E905330023C360837F13B1407AEC
:10BF6400F9F73CFC0123237700236377E377A37776
:10BF740010BDFFF709BEFDF795B9FDF70BBA38B54B
:10BF84000446F8F70BF9054660B1037A6BB1204615
:10BF94000024F9F7A5FC2846AC77FFF7D7FF204625
:10BFA4002C7238BD6FF01500FBE76FF07700F8E7EF
:10BFB40070B504460E461546F8F796FE30B906B934
:10BFC40025B12046BDE87040F8F7E4BE70BDC34318
:10BFD40000F00F00C3F3C01300EB0310704708B563
:10BFE400F8F752FF818208BD08B5F8F74DFFEFF36B
:10BFF4001183202282F31288BFF36F8F02690A60D3
:10C00400027B2AB9807D83F31188BFF36F8F08BD4B
:10C014000420F8E70C220369C9B201FB0233986FCC
:10C0240000F00700704770B5C9B20369EFF31185DA
:10C03400202484F31288BFF36F8F0C2606FB01348F
:10C04400A46F14F0C00408D0A24206D085F311886E
:10C05400BFF36F8F4FF0FF3070BD012271430B446B
:10C064009A6785F31188BFF36F8F43680B445B684D
:10C0740098470020F0E78022FFF7D5BFF8B5069F68
:10C084000469C9B2EFF31186202585F31288BFF342
:10C094006F8F0C2569430C44A56F05F0070CBCF1A8
:10C0A400010F0BD1A76786F31188BFF36F8FC4E923
:10C0B4001C2343685B5898470020F8BD05F0C00571
:10C0C400AF4286F31188BFF36F8F0CBF6FF0770018
:10C0D4004FF0FF30F1E713B580240094FFF7CEFF53
:10C0E40002B010BD10B41C240069CBB203FB0400E1
:10C0F400002110BC10470320FBF72ABE0220FBF7E7
:10C1040027BE0020FBF724BE032000F0D0BA022093
:10C1140000F0CDBA002000F0CABA1046FDF7BCB951
:10C12400436800205B681B690B607047436802EA40
:10C1340001005B6821EA020198600020D960704721
:10C14400436800205B6899607047436800205B681F
:10C15400D960704743685A68536821EA03000B406A
:10C1640090600020D360704710B503695868F8B137
:10C17400884219D19C680868A142586000D198602F
:10C18400002008602AB15A680A609A68596002B9A6
:10C194009960002010E0814206D108682060986808
:10C1A4008142EDD19C60EBE7044600680028F2D19F
:10C1B400002AE8D16FF0150010BD082913B528BF77
:10C1C40008214FF47F020C46D2F80432D2F8082238
:10C1D4001BBA12BA00920A466946019300F0AFFEF8
:10C1E400204602B010BD0129036907D193F8E90084
:10C1F40010F001000CD003F11400704739B993F822
:10C20400E90010F0020003D003F178007047002029
:10C21400704713B50C460022002369465030FCF7E2
:10C22400DFFF20B9009B6360019B9B082381B0FA68
:10C2340080F0400902B010BD13460A460121FFF701
:10C24400ACBC70B590F8E5300446012B0E4613D013
:10C25400F9F726FF054640B90423D4F8DC0084F836
:10C26400E430FCF7A9FB284670BD94F8E5301BB90F
:10C27400D4F884309B08338173683146D4F8DC00E9
:10C28400C4F8E030FCF756FB0125ECE70A4601212F
:10C29400FFF77ABC91F8E03010B5012B0C4609D1B8
:10C2A400D1F8D800FCF79AFB54F8040CBDE8104010
:10C2B400FFF76DBB081FBDE81040F9F707BF4B1E21
:10C2C400012B73B504460D461ED800F1500600221A
:10C2D400002369463046FCF783FF80B1022D15D157
:10C2E40004F1B4050022002369462846FCF778FFD0
:10C2F40060B90099D4F8800000F0C9FAF2E7009917
:10C30400E06900F0C4FAE2E70029E9D002B070BDA8
:10C3140003460A46F0B41979DB8800681343DC024B
:10C324008768066906D513F4402F03D0DA0748BF9F
:10C3340083F44023012534688D4023F48012DB0705
:10C344004CBF2C43AC4334603B68F0BC184738B551
:10C354000C46056983685B68984718B923682A689E
:10C364005340236038BD2DE9F3410369466893F8CF
:10C37400145555B3F46B01A92068FFF7E8FF23793E
:10C38400019C3279DC404FF0FF33934024EA0304EC
:10C39400E4B2204602B0BDE8F081F36B01A903EBDF
:10C3A400C50253F835001779FFF7D1FF20B9019B77
:10C3B40008FA07F71F4203D008FA05F32343DCB257
:10C3C40001353379AB42E8DCE3E72C464FF0010852
:10C3D400F7E70346012270B58A4201DB012070BDF4
:10C3E4009E6805681C46AE420BD1DE89C588AE4204
:10C3F40007D1257B047908331444A54201D10132C5
:10C40400EAE70020EBE72DE9F04146684C1C076998
:10C4140096F805C01FD00124881C06BF04FA0CF44A
:10C4240004F1FF348C4097F81555002D4ED0336C31
:10C4340018681979036904FA01F21B685A40012348
:10C44400846803FA0CF3A468013B03FA01F1234660
:10C45400BDE8F04118470024E5E7D7F810356340FC
:10C46400EB40DA071FD5336C96F8542003EBC50074
:10C474000AB353F8353001791A6908FA01F11268E0
:10C4840008FA05FC11420CEA040C05D0BCF1000FBB
:10C4940005D09A68126904E0BCF1000FF9D09A68DB
:10C4A400D2681846904701357379AB42D5DCC7F89A
:10C4B4001045BDE8F08124FA05F3DB074CBF4FF4C7
:10C4C400D0114FF48031FFF723FFECE74FF0010860
:10C4D400EAE737B50C460569836801A95B689847A4
:10C4E40048B9019B2A685A40012303FA04F10A421D
:10C4F40014BF1846002003B030BD70B540F2E730D9
:10C504000C464FF4004551F8043C00215B684FF49D
:10C514007A721E680023E6FB0501F3F719FE024652
:10C524000B4604F11400BDE87040FDF795B943686B
:10C534001B681B68184770B50D6904463DB94FF078
:10C54400FF324FF0FF3300F062FC204670BD4FF421
:10C55400004640F2E73000214FF47A720023E5FBF5
:10C564000601F3F7F5FD02460B462046EBE70069AA
:10C574007C30FCF791BF30B543681360057A44689A
:10C5840004EBC504A34202D36FF0010030BD5C7913
:10C594008C4201D00833F0E70020F7E743681B68BA
:10C5A400D3F88004C3F88004704742681368D3F852
:10C5B400100150B10020126A12780A70C3F81001F9
:10C5C400D3F8102101221A6070474FF0FF307047F2
:10C5D40002680346D2F8580140B95B68DB0706D409
:10C5E400D2F82001003818BF01207047012070479D
:10C5F40043681B68D3F80423D20517D5D3F8202148
:10C60400A2B1EFF31182202181F31288BFF36F8F5F
:10C61400D3F8201131B10021C3F82011D3F820112F
:10C624000121D96082F31188BFF36F8FD3F8583199
:10C63400704713B501AA0446FFF79DFF002805DBE8
:10C64400019B226819791868FAF7CCFD02B010BD75
:10C65400002200F150039B009BB203F1502303F529
:10C6640080331A601B68704708B5FAF7F3FF08BDFA
:10C67400FDF78ABF08B5F6F787FAF6F76DFBBDE854
:10C684000840FDF781BF004700F0A6B840F0004025
:10C69400C1F88000704740F00040C1F88000704746
:10C6A40040F00040C1F88000C2F880007047FBF7FA
:10C6B400A9BAF7B51646DDE90847019001A81D4659
:10C6C400FBF7EEFB019BB6F1000C18BF4FF0010C19
:10C6D40000EB83000B1E18BF0123002D43EA4C031B
:10C6E40014BF4FF00C0C4FF0000C002C43EA0C0369
:10C6F40014BF4FF4706C4FF0000C002F43EA0C038E
:10C7040014BF4FF4403C4FF0000CD0F8002243EA31
:10C714000C0322EA030301B109780EB136787600DE
:10C7240019430DB12D78AD0031430CB124782402A6
:10C7340029430FB13F783F040C433C43C0F8004207
:10C7440003B0F0BD1FB50DF10F03019300238DF865
:10C754000F101A4619460093FFF7ABFF05B05DF8BA
:10C7640004FB38B5054608460C46FBF7EDFBB0B1B3
:10C774000846FBF7DDFB90B90846FBF7CDFB012328
:10C784002A688340C2F808332A6803B202EB8303A1
:10C79400D3F8102522F00302C3F8102538BD204633
:10C7A400BDE838400021FFF7CDBFFBF751BCFFF7D0
:10C7B400D8BF00221146FBF755BF01220021FBF729
:10C7C40051BF01221146FBF74DBF08B5FCF70EFA25
:10C7D400BDE80840FBF724BB08B1F7F7F5B970478B
:10C7E400704740B1C368587810F001001EBF187834
:10C7F400B0FA80F040097047EFF31183202383F3EC
:10C804001288BFF36F8FFEE710B54369044633B94E
:10C814000020E268537843F00103537010BD984739
:10C824000028F5D00028B8BF4042FF28A8BFFF2049
:10C83400E3681870EDE700F0A9BB00F080BB416924
:10C84400836843EA010212F003020FD1C260026955
:10C85400013A01FB023382689A4201D900207047F1
:10C86400C2681A604269C3609B1AF4E76FF015004E
:10C87400704710B5C0E90432002381608361044627
:10C88400FFF7DDFF0028A8BFC4E9004410BD2DE96F
:10C89400F04105460F46EFF31188202383F31288F5
:10C8A400BFF36F8FC668F6B90468A0421BD0D4B139
:10C8B400D4E9003213605A60637BC4E9006623F054
:10C8C40002036373A66004F1180000F072FA2046B4
:10C8D400A667276100F09BF9414605F10800BDE811
:10C8E400F041FDF7A3B93E60AB69EF60013BAB617A
:10C8F40088F31188BFF36F8FBDE8F081202408B559
:10C90400EFF3118384F31288BFF36F8FFFF767FA95
:10C91400F6E7D0E9003213605A600023427BC0E995
:10C92400003322F00202427383607047C0E902239D
:10C9340003FB02120023C0E90521C0E900000161E4
:10C94400C161036280F82430704790F90E308B4245
:10C9540001D0FDF7F9B80020704703460020C3E971
:10C964000033C3E902007047D0E9003213605A6013
:10C974000023427BC0E9003322F002024273836049
:10C9840070472DE9F843904604460D469DF8202053
:10C9940000F10809EFF31187202181F31288BFF316
:10C9A4006F8F02B14568A668B14515D0A6B10024C1
:10C9B4003046FFF7D9FF06F1180000F0FAF93046C7
:10C9C400B467C6F8108000F022F948463946FDF7EE
:10C9D4002DF92046BDE8F883A3B10820FDF7BAFD80
:10C9E400002832D00122C0F804800260016801F0FE
:10C9F40003015DB922680A430260626820606AB973
:10CA040060600BE04046C8F80030EFE72A68032A6C
:10CA140010D80160616839B9C4E90000002087F3C7
:10CA24001188BFF36F8FD5E70A6802F0030202434F
:10CA34000A60E5E722F003020A4302602A6802F072
:10CA4400030240EA02032B60E8E76FF00B00E6E71D
:10CA540010B5044630B10268930703D0446809B1A5
:10CA640000F042FA204610BD012307B500930023CD
:10CA74000A461946FFF785FF03B05DF804FB3AB197
:10CA84008A4205D3C0E90212C0E9000000207047C1
:10CA94006FF015007047012302688B4022EA0303FC
:10CAA400036022FA01F000F00100704710B5032181
:10CAB40004460C30FFF7EFFF30B104F1100000F032
:10CAC40078F9B0FA80F0400910BD20B100228C3012
:10CAD400114600F035B9704773B50446EFF311857C
:10CAE400202383F31288BFF36F8F0023A0F1100675
:10CAF400032104380193FFF7CEFF28B1A369304620
:10CB040001A90193FCF7DEFD85F31188BFF36F8F54
:10CB140002B070BD38B504460D461022002100F065
:10CB240035FA656038BD13B501900846EFF31184FA
:10CB3400202383F31288BFF36F8F01A9FCF7C2FD92
:10CB440084F31188BFF36F8F02B010BD10B5FFF7E7
:10CB5400EAFF041E08DDEFF31180202383F312881B
:10CB6400BFF36F8FFDF774F8204610BD38B530223F
:10CB74000D460021044600F009FA4FF48073656005
:10CB8400E36038BDEFF30580003818BF012070471B
:10CB94006FF05700704700207047D0E900321360EF
:10CBA4005A600023C0E90033704708B5FFF7F5FF6A
:10CBB400437B23F0020343730023836008BD38B52D
:10CBC40004460D46FCF71EFF637B43F002036373C8
:10CBD400E5B1A5602B689D4209D16B68C4E9005397
:10CBE4001C606C6012E06A689A42F6D01B68002BE5
:10CBF400F3D094F90E2093F90E108A42F3D09142A7
:10CC0400F1DD5A68C4E9003214605C6038BD10B5C7
:10CC1400EFF31184202383F31288BFF36F8FFCF7A3
:10CC2400AFFE84F31188BFF36F8F10BD08B5EFF327
:10CC34001181202282F31288BFF36F8F83680BB1B6
:10CC4400FFF7B3FF81F31188BFF36F8F08BD01466F
:10CC540010B5EFF31184202383F31288BFF36F8F91
:10CC6400437B13F0280F0AD183680BB1FFF79DFFB4
:10CC74004B7B084623F004034B73FCF781FE84F3DB
:10CC84001188BFF36F8F10BD01211838FFF7DFBF84
:10CC940008B50346EFF31181202282F31288BFF313
:10CCA4006F8F0068834207D008B1FFF77EFF81F3DE
:10CCB4001188BFF36F8F08BD0020F8E710B5FFF7A8
:10CCC400B5FFBDE81040183000F073B838B505461C
:10CCD40004680020AC4200D138BD002CFCD02046B2
:10CCE400FFF7ECFF2046FFF792FF2C680120A542D6
:10CCF400F1E738B504460D46FDF752F8B5F1FF3FAC
:10CD040008BFB4F1FF3F0246204618D000204FF47C
:10CD14007A7447F6FF730146C2FB0431B3F5004F42
:10CD240071F100020BD36FF400429A4243F6FF7292
:10CD34008A4132BF6FF00040D80B40EA414038BD11
:10CD440038B5EFF31185202383F31288BFF36F8F77
:10CD54000468A04212D09CB1A16722612046FFF76B
:10CD640024FF04F1180000F024F82046FCF708FE24
:10CD7400012085F31188BFF36F8F38BD0020F8E7D9
:10CD84002046F6E708B50246FDF7DEF970B1D0E9B2
:10CD940004319B1A61EBE272B3F1004F72F10001AE
:10CDA40004DA002AACBF1846002008BD6FF000402A
:10CDB400FBE7024638B5EFF31185202383F312888D
:10CDC400BFF36F8F0368CBB1FDF7BEF9044610467D
:10CDD400FDF7CCF900224FF000438442C0E904235C
:10CDE40006D1FDF7B9F9FFF7CDFF0021FAF796FD5B
:10CDF400002085F31188BFF36F8F38BD6FF01500E5
:10CE0400F7E708B5FDF7BEFA08BDFDF7BBBAB3F105
:10CE1400FF3F08BFB2F1FF3F70B504461D461646FA
:10CE240013D01A4315D06FF001024FF0FF33921B59
:10CE340063EB0501002904DAFDF7A4FA821941EB3A
:10CE44000501C4E90021204670BD4FF0FF321146B0
:10CE5400F7E70022FBE7B3F1FF3F08BFB2F1FF3F62
:10CE6400F8B5074616461C4610D054EA020311D002
:10CE7400FDF788FAB0420A46A14103460AD2F31AE2
:10CE840064EB0204C7E900343846F8BD4FF0FF33C1
:10CE94001C46F7E70023FBE70023C0E9081200F172
:10CEA4001802C0E90622C0E90033036343637047F4
:10CEB40010B50446FFF77DFFA8B9636A0BB120469D
:10CEC400984704F11800FFF7E3FE60B1FFF79FFEF7
:10CED400EFF31180202383F31288BFF36F8FBDE833
:10CEE4001040FCF7B5BE10BD20B1011F50F8040C72
:10CEF40000F009B8704710B400F10C04C0E9034411
:10CF040010BCFEF747B938B50446EFF3118520236A
:10CF140083F31288BFF36F8FFEF7F0F804F10C006F
:10CF2400FFF7D4FE30B1294604F11400BDE83840BF
:10CF3400FCF77CBE85F31188BFF36F8F38BD0A44BC
:10CF4400431E914200D1704710B511F8014B914234
:10CF540003F8014FF9D110BD884210B501EB02046A
:10CF640002D98442234607D8431EA14208D011F8AF
:10CF7400012B03F8012FF8E7024401468A4200D14D
:10CF840010BD13F8014D02F8014DF7E702440346C2
:10CF9400934200D1704703F8011BF9E701390244B9
:10CFA40010B5904201D1002005E0037811F8014F3B
:10CFB400A34201D0181B10BD0130F2E70246014420
:10CFC40010B58A42134603D01C780132002CF8D1E4
:10CFD400181A10BDF0B5C3F13707044603F01F0358
:10CFE4001046FFB2082BE6B232D0102B3DD06508B4
:10CFF400A40845EAC17544EA81748A082D1942EBF4
:10D004005102290941EA02716D1842EB1212290AF0
:10D0140041EA02616D1842EB1222290C41EA0241F5
:10D024006D1842EB1242AD1842F10002EC0844EADA
:10D034004274D10804EB8402A6EB4205EDB2092D3B
:10D044000CD90134A5F10A0541F10001EDB212E059
:10D05400E40806F0070544EA4174C908303554EA87
:10D06400010200F8015BBDD1F0BD240906F00F05F3
:10D0740044EA01740909092D84BFED19EDB2EDE705
:10D08400D1E9043293421EBF5A1C0A6118707047DA
:0CD0940001480068704700007819002077
:08D0A000E830FF7F01000000F1
:10D0A8000000000048D10000B5900000000000001A
:10D0B80069A50000000000000000000088D1000001
:10D0C8000000000068D1000075C6000000000000E4
:10D0D80000000000A8D10000155D0000000000005D
:10D0E800C1770000000000005D1200000000000091
:10D0F800953A00000000000000000000C8D10000C0
:10D1080079C60000000000005195000000000000F2
:10D1180000000000E8D100002D42000000000000DF
:10D128000000000068D200000000000048D20000A3
:10D138000000000028D200000000000008D2000013
:10D1480040EC000070D7000018D50000C601002090
:10D158009C2400207D5A0000000000000000000010
:10D168007AEC0000A0D70000E0D40000C80100203D
:10D1780040250020D15E00000000000000000000F3
:10D1880086EC0000B8D70000E0D40000CA010020F7
:10D198004C250020D15E00000000000000000000C7
:10D1A80074F000008CD9000034D50000D2010020B2
:10D1B800D425002069740000000000000000000071
:10D1C800D3DB00008C03002048D70000C2010020F8
:10D1D800D0190020CDBE00000000000000000000B3
:10D1E80077EF0000D0D7000004D50000CC01002064
:10D1F80048000020996100000000000000000000C5
:10D20800F7DC000028D6000050D60000C00100203E
:10D21800000000003D0600000000000000000000C3
:10D22800EEE900004CD7000000000000C401002017
:10D23800F019002039BF00000000000000000000C5
:10D24800F0EF000030D8000000000000CE01002000
:10D2580090090020F16A00000000000000000000B2
:10D2680029F0000044D9000000000000D00100208F
:10D2780082290020F56C000000000000000000007A
:10D2880000000000C5BD000000000000C5BD000092
:10D2980000000000C5BD000000000000C5BD000082
:10D2A80000000000C5BD0000CFC700008BC600000D
:10D2B80000000000C5BD000000000000C5BD000062
:10D2C800A8D10000F5C5000000000000C5BD0000A1
:10D2D80000000000C5BD000000000000C5BD000042
:10D2E80000000000C5BD0000C18400008BC600001E
:10D2F80000000000C5BD000000000000C5BD000022
:10D3080000000000C5BD000000000000C5BD000011
:10D3180000000000C5BD000000000000C5BD000001
:10D3280000000000C5BD00000000000051780000AA
:10D3380000000000C5BD000000000000C5BD0000E1
:10D3480000000000C5BD000000000000C5BD0000D1
:10D3580000000000C5BD000000000000C5BD0000C1
:10D3680000000000C5BD000000000000C5BD0000B1
:10D3780000000000C5BD000000000000C5BD0000A1
:10D3880000000000C5BD000000000000C5BD000091
:10D3980000000000C5BD000000000000C5BD000081
:10D3A80000000000C5BD000000000000C5BD000071
:10D3B80000000000C5BD000000000000C5BD000061
:10D3C8005D8A00008BC6000000000000C5BD00009B
:10D3D80000000000C5BD000000000000C5BD000041
:10D3E80000000000C5BD000000000000C5BD000031
:10D3F80000000000C5BD000000000000C5BD000021
:10D4080000000000C5BD000000000000C5BD000010
:10D4180000000000C5BD000000000000C5BD000000
:10D4280000000000C5BD000000000000C5BD0000F0
:10D438004D5100008BC60000C98C00008BC600004F
:10D4480000000000C5BD000000000000C5BD0000D0
:10D4580000000000C5BD000000000000C5BD0000C0
:10D4680000000000C5BD000000000000C5BD0000B0
:10D4780000000000C5BD000000000000C5BD0000A0
:10D4880000000000C5BD000000000000C5BD000090
:10D4980000000000C5BD000000000000C5BD000080
:08D4A80000000000C5BD0000FA
:10D4B00070080020882C00200004000015400000A7
:10D4C0000000000000000000000000000E0000004E
:10D4D000000000002AE90000000000000000000039
:10D4E000195F000025C1000031C1000045C10000E6
:10D4F0004FC1000059C10000655D00006DC1000012
:04D500000000000027
:10D5040081640000EBC10000996900000162000021
:04D51400B1670000FB
:10D51800E15A00007BC00000DBC0000000000000F2
:0CD5280019C0000000000000000000001E
:0CD53400AFC50000B5730000A1C50000E9
:10D54000B3DD0000030000006CEC000003000000ED
:10D5500031F000000300000081EF00000300000034
:10D560002AE9000003000000F7EF000003000000BC
:10D570003BF0000003000000E8E9000003000000A9
:10D58000CCDD000003000000D0DD0000030000003F
:10D59000FBDE0000030000008DDC00000400000042
:10D5A000EFE600000300000030EC00000300000084
:10D5B00084F10000030000006EE70000030000009B
:10D5C0007EF0000003000000EAE10000030000001C
:10D5D000C9E0000003000000DBE8000003000000D9
:10D5E00027EC00000300000016E20000030000002A
:08D5F00000DD00000400000052
:10D5F800C0D6000008000020EADE0000010000009C
:10D6080048D20000BFAD00000000000048D2000072
:08D618001941000028D20000B6
:10D620000338FDD870470000E8D10000CC000000AE
:10D630002C02002005000000040000000BDD0000AB
:10D640001E0000000A0000002C010000000E08006F
:10D65000F106000000000000CBAD00003004002007
:10D6600000010000A5BA00004FBA0000020000004F
:10D670004BBC0000000000000000000000000000A3
:10D6800000000000CADE0000D2DE00000000000042
:10D690000000000000000000DADE0000DEDE000016
:10D6A000E2DE0000E6DE0000B0D600006C120020D2
:10D6B000811C000084120020CD2800200100000001
:10D6C00009BD0000FFBC0000CDBC0000C1BC0000D3
:10D6D00000000000B5BC00000000000000000000D9
:10D6E000A5BD000028000020200000201800002018
:10D6F0000000000010000020C92C0000992B000041
:10D70000ED2B0000612C0000000000200000000054
:10D7100006000100020000001CD70000000000000D
:10D720005FE7000006000000E0FF0F00000000209F
:10D7300067E7000021000000E0FF0620453C0000F4
:10D74000A7BE0000000000000000000048D200005A
:10D750009CDA00007700000007110000DD430000A4
:10D7600000000000055A0000D5590000000000002C
:10D77000615B0000495A00004BEC000007C100004B
:10D7800019C1000051EC000001C1000013C10000EC
:10D7900057EC0000FBC000000DC1000061EC000070
:10D7A000FFFF00000028845000000000010000007E
:10D7B00000D0005000000000FFFFFFFF0025845054
:10D7C000000000000000000000D000500000000039
:10D7D000DD6200000080025000000000FFFFFFFF3C
:10D7E000FFFFFFFFFFFFFFFFFFFFFFFFFFFFFFFF49
:10D7F00007000000010100000000002000000001FF
:10D80000010000000CD80000010000000080025060
:10D8100018D800000100000020D80000040000001B
:10D820002F00000D2C00000F2D0000122E00001103
:10D8300038D900000511000088130000881300008B
:10D840006400000010270000204E0000320000009D
:10D850000100000000000000712900206029002064
:10D860004F2900203E290020E928002010D900007F
:10D8700088D80000982500201D6A000000000000E4
:10D88000000000000000000088D100001900010025
:10D8900088D100001600010088D100001A000100A4
:10D8A00088D100001800010088D100001400010098
:10D8B00068D100000800010088D1000006000100C6
:10D8C00068D100000000010068D1000001000100E3
:10D8D00088D100000500010088D10000040001008B
:10D8E00068D100000B00010088D100001F0001007A
:10D8F00088D100001E00010068D100000A0001006C
:10D9000088D100001D00010088D100001C0001002A
:10D9100068D100000500110088D100001700110037
:10D9200068D100000600110088D10000130011002A
:10D9300088D10000070011000BC400006BC3000079
:10D94000296A00001E000000040000005CD90000ED
:10D95000A80E00207D6C00000000000088D10000AF
:10D96000170011000B00000088D100001800110002
:10D970000200000088D10000080011000300000030
:10D9800088D1000009001100040000000080005050
:10D990000100000000000000B0D900000000D60126
:10D9A00000000000000000008329002082290020E0
:10D9B00000800050BCD9000001000000C4D9000064
:10D9C000040000001400000013000002160600010D
:10D9D0001506000308000000030000003AF10000F3
:10D9E00048F100005CF100006BF1000077F10000ED
:10D9F000A8D00000A8D00000E8D00000F0D00000BF
:10DA000048D1000048D1000087F10000000100006B
:10DA1000FF8FFFFFFF8FFFFFFE8FFFFFFE8FFFFFD8
:10DA2000FD8FFFFFFC8FFFFFFC8FFFFFFB8FFFFFD2
:10DA30006D757465785F667265652063616C6C6591
:10DA4000642077697468204E554C4C207061726177
:10DA50006D6574657200000043616E277420696E05
:10DA6000697469616C697A65206D757465782C20BC
:10DA7000776173204E554C4C0D0A0000436F756C56
:10DA800064206E6F74206C6F636B20706F776572AB
:10DA90002073617665206D75746578000000000064
:10DAA000B800B900BA00000000000000000000004B
:10DAB000A500A400A3007100000000000000000009
:10DAC00000003C003D003E0000003F0040004100DF
:10DAD00042004300440057005800D200460077003F
:10DAE00029000200030004000500060007000800EA
:10DAF00009000A000B000C000D000E006E0066000D
:10DB000068000F001000110012001300140015002F
:10DB100016001700180019001A001B002B006F00D8
:10DB20006B006D003A001E001F0020002100220043
:10DB30002300240025002600270028001C000000E8
:10DB40000000000000002A002C002D002E002F00F5
:10DB50003000310032003300340035003600000060
:10DB600000000000670000001D007D00380000007C
:10DB70000000390000000000640000008B0061001C
:10DB8000BB00000069006C006A002000000030004B
:10DB90000100400002006000030080000400C0009B
:10DBA00005000001060080010700000208000401D2
:10DBB0000001240120010200010000020001484987
:10DBC00044207772697465206661696C65643A20E7
:10DBD0002564004849445F30004849442064657624
:10DBE000696365206E6F7420666F756E640A0055F8
:10DBF00053422048494420696E6974206661696C0B
:10DC000065640A0055534220656E61626C6520664A
:10DC100061696C65640A004C4544207374726970D4
:10DC200020646576696365202573206973206E6FB3
:10DC300074207265616479006B6264206465766942
:10DC40006365206E6F742072656164790A00050156
:10DC50000906A101050719E029E71500250175014D
:10DC600095088102750895018103750195050508E0
:10DC7000190129059102750395019103750895060F
:10DC8000150025650507190029658100C06D6169CA
:10DC90006E0049325320636F6E6669677572652046
:10DCA0006661696C656420282564290025733A2023
:10DCB000696E76616C696420636F6C6F7572206D3C
:10DCC000617070696E6700545820736C61622061E6
:10DCD0006C6C6F63206661696C656420282564291B
:10DCE000006932735F7772697465206661696C657B
:10DCF000642028256429007773323831324030009F
:10DD00007773323831325F693273000201030004E5
:10DD100028756E7369676E65642920636861722077
:10DD20002A207573656420666F7220252570206136
:10DD30007267756D656E742E204974277320726545
:10DD4000636F6D6D656E64656420746F20636173CD
:10DD50007420697420746F20766F6964202A2062B1
:10DD6000656361757365206974206D6179206361F5
:10DD7000757365206D69736265686176696F72207D
:10DD8000696E206365727461696E20636F6E666987
:10DD90006775726174696F6E732E20537472696E49
:10DDA000673A2225732220617267756D656E743A39
:10DDB00025640063627072696E74665F7061636B84
:10DDC000616765006C6F6767696E67006C6F6700FD
:10DDD0006C6F675F6D676D74004D65737361676528
:10DDE000202822257322292064726F7070656420B8
:10DDF0006265636175736520697420657863656524
:10DE000064732073697A65206C696D6974617469E3
:10DE10006F6E2028257529004D6573736167652035
:10DE200064726F70706564206265636175736520EC
:10DE3000697420657863656564732073697A652009
:10DE40006C696D69746174696F6E2028257529008D
:10DE50000D0A001B5B306D00257320005B253038F8
:10DE60006C755D20005B253032753A253032753A8D
:10DE7000253032752E253033752C253033755D20D5
:10DE80000025730025732F003C25733E2000257369
:10DE90003A2000253032782000202020007C002508
:10DEA0006300206D657373616765732064726F70C2
:10DEB000706564202D2D2D0D0A1B5B306D001B5BE2
:10DEC000313B33316D2D2D2D20001B5B313B333128
:10DED0006D001B5B313B33336D00657272007772EE
:10DEE0006E00696E6600646267006C6F675F6261F6
:10DEF000636B656E645F75617274006C6F675F75EC
:10DF0000617274005365742068616C7420657020C0
:10DF100030782530327800436C6561722068616C1E
:10DF2000742065702030782530327800456E64703A
:10DF30006F696E74203078253032782069732069DB
:10DF40006E76616C696400456E64706F696E7420F2
:10DF500030782530327820616C7265616479206494
:10DF6000697361626C6564004661696C6564207404
:10DF70006F2064697361626C6520656E64706F699F
:10DF80006E742030782530327800456E64706F6989
:10DF90006E742030782530327820616C726561644F
:10DFA0007920636F6E6669677572656400466169A2
:10DFB0006C656420746F20636F6E66696775726547
:10DFC00020656E64706F696E742030782530327809
:10DFD00000456E64706F696E742030782530327839
:10DFE00020616C726561647920656E61626C656444
:10DFF000004661696C656420746F20656E61626CB7
:10E000006520656E64706F696E74203078253032DB
:10E0100078004661696C656420746F20777269745A
:10E020006520656E64706F696E74206275666665E2
:10E0300072203078253032780052657175657374BE
:10E040002062756666657220746F6F20736D616CF7
:10E050006C00555342206465766963652073757062
:10E06000706F727420616C726561647920656E6195
:10E07000626C6564004661696C656420746F20633E
:10E080006F6E6669677572652055534220646576C8
:10E0900069636520737461636B004572726F6E65AE
:10E0A0006F75732064657669636520646573637258
:10E0B0006970746F72206F7220624D617850616375
:10E0C0006B657453697A6530007573625F64657659
:10E0D000696365003031323334353637383941427F
:10E0E00043444546005468657265206973206E6F2D
:10E0F000207573625F6366675F6461746120666F39
:10E100007220257000556E696E697469616C697A58
:10E110006564207573625F6366675F646174612024
:10E12000706F696E7465722C20636F727275707493
:10E1300065642064657669636520646573637269EC
:10E1400070746F723F004661696C656420746F2063
:10E1500076616C696461746520656E64706F696E68
:10E16000747300746865206E657720534E20646573
:10E170007363726970746F7220646F65736E277455
:10E180002068617665207468652073616D65206C18
:10E19000656E67746820617320434F4E4649475F40
:10E1A0005553425F4445564943455F534E00496EBF
:10E1B000636F6D706C657465206465766963652056
:10E1C00064657363726970746F72004661696C652F
:10E1D0006420746F206669787570205553422064FE
:10E1E000657363726970746F72007573625F6465E2
:10E1F0007363726970746F72005472616E736665D6
:10E2000072206572726F722025642C206570203038
:10E210007825303278007573625F7472616E736650
:10E220006572002A2A2A20426F6F74696E67206E19
:10E23000524620436F6E6E6563742053444B2076C4
:10E24000332E312E302D3663366535623332343914
:10E250003665202A2A2A0A002A2A2A205573696E3E
:10E2600067205A6570687972204F532076342E31BA
:10E270002E39392D3136313236383364343031303D
:10E28000202A2A2A0A006D757465785F696E6974A0
:10E290002063616C6C65642077697468204E554C0E
:10E2A0004C20706172616D6574657200436F756CAE
:10E2B00064206E6F7420616C6C6F63617465206D97
:10E2C00075746578206265666F726520696E697421
:10E2D00069616C697A696E670072302F61313A202A
:10E2E00020307825303878202072312F61323A2062
:10E2F00020307825303878202072322F61333A2050
:10E30000203078253038780072332F61343A20205D
:10E31000307825303878207231322F69703A2020D9
:10E32000307825303878207231342F6C723A2020C2
:10E330003078253038780020787073723A20203099
:10E340007825303878004661756C74696E6720698D
:10E350006E737472756374696F6E20616464726544
:10E36000737320287231352F7063293A2030782555
:10E3700030387800556E68616E646C65642049526F
:10E38000516E3A202564002A2A2A2A2A204D505507
:10E39000204641554C54202A2A2A2A2A002020535C
:10E3A0007461636B696E67206572726F7220286397
:10E3B0006F6E746578742061726561206D6967683D
:10E3C00074206265206E6F742076616C6964290028
:10E3D0002020556E737461636B696E67206572727D
:10E3E0006F72002020446174612041636365737320
:10E3F0002056696F6C6174696F6E0020204D4D4628
:10E40000415220416464726573733A2030782578F4
:10E41000002020496E737472756374696F6E2041B9
:10E4200063636573732056696F6C6174696F6E0006
:10E430002020466C6F6174696E672D706F696E7411
:10E44000206C617A792073746174652070726573D1
:10E450006572766174696F6E206572726F72002AE0
:10E460002A2A2A2A205553414745204641554C54D3
:10E47000202A2A2A2A2A0020204469766973696F93
:10E480006E206279207A65726F002020556E616C73
:10E4900069676E6564206D656D6F72792061636375
:10E4A000657373002020537461636B206F7665720F
:10E4B000666C6F772028636F6E7465787420617264
:10E4C0006561206E6F742076616C6964290020207C
:10E4D0004E6F20636F70726F636573736F72206924
:10E4E0006E737472756374696F6E73002020496C6B
:10E4F0006C6567616C206C6F6164206F66204558A5
:10E50000435F52455455524E20696E746F205043FC
:10E51000002020496C6C6567616C20757365206F05
:10E520006620746865204550535200202041747461
:10E53000656D707420746F206578656375746520EF
:10E54000756E646566696E656420696E7374727554
:10E550006374696F6E002A2A2A2A2A2042555320A2
:10E560004641554C54202A2A2A2A2A002020537436
:10E5700061636B696E67206572726F720020205054
:10E5800072656369736520646174612062757320CC
:10E590006572726F720020204246415220416464CD
:10E5A000726573733A2030782578002020496D70A9
:10E5B000726563697365206461746120627573209C
:10E5C0006572726F72002020496E73747275637485
:10E5D000696F6E20627573206572726F720052658A
:10E5E00073657276656420457863657074696F6ED3
:10E5F00020280053707572696F757320696E746599
:10E60000727275707420284952512000535053453E
:10E610004C20696E20746872656164206D6F64655A
:10E6200020646F6573206E6F7420696E6469636126
:10E63000746520505350002A2A2A2A2A2048415221
:10E6400044204641554C54202A2A2A2A2A002020B8
:10E65000427573206661756C74206F6E20766563F9
:10E66000746F72207461626C652072656164002051
:10E67000204465627567206576656E7400202046CB
:10E6800061756C7420657363616C6174696F6E2071
:10E69000287365652062656C6F7729004152434895
:10E6A0005F4558434550542077697468207265610E
:10E6B000736F6E2025780A002A2A2A2A2A204465A8
:10E6C000627567206D6F6E69746F7220657863651F
:10E6D0007074696F6E202A2A2A2A2A002A2A2A2A76
:10E6E0002A20257320256429202A2A2A2A2A006D17
:10E6F0007075004661696C656420746F20616C6C94
:10E700006F63617465206E6577204D50552072658A
:10E7100067696F6E2025750A0050617274697469AB
:10E720006F6E2025753A2073616E69747920636875
:10E7300065636B206661696C65642E00496E766165
:10E740006C696420756E6465726C79696E6720729D
:10E750006567696F6E20696E64657820257500466F
:10E760004C4153485F30005352414D5F3000736F4E
:10E7700063000000000121200B0A4465766963658F
:10E780002064617461206E6F7420666F756E642002
:10E79000666F7220656E64706F696E7420257500F7
:10E7A0004465766963652064617461206E6F7420CE
:10E7B000666F756E6420666F7220636667202570D1
:10E7C00000446576696365206572726F7200446506
:10E7D000766963652072657365742064657465632A
:10E7E0007465640044657669636520636F6E6E6569
:10E7F000637465640044657669636520636F6E6663
:10E80000696775726564004465766963652064694B
:10E8100073636F6E6E6563746564004465766963E7
:10E82000652073757370656E646564004465766910
:10E83000636520726573756D65640066726F6D2027
:10E8400073757370656E6400556E6B6E6F776E20B6
:10E850006576656E740044657669636520646174ED
:10E8600061206E6F7420666F756E6420666F722013
:10E87000696E7465726661636520257500775661FF
:10E880006C75652073686F756C642062652030005C
:10E89000556E68616E646C65642072657175657330
:10E8A000742030782530327800556E737570706F33
:10E8B000727465642070726F746F636F6C3A202598
:10E8C0007500446576696365206973206E6F7420F6
:10E8D000636F6E66696775726564007573625F6801
:10E8E0006964006B5F6D7367715F67657420657243
:10E8F000726F723A202564004576656E74206472EA
:10E900006F707065642C2071756575652066756C17
:10E910006C2C206E6F7420626C6F636B696E672065
:10E92000696E2073797377712E00696E707574004B
:10E9300000291E1F20212223242526272D2E2A2BA5
:10E94000141A0815171C180C12132F30280004165F
:10E9500007090A0B0D0E0F33343500311D1B061944
:10E960000511103637380055002C393A3B3C3D3EF6
:10E970003F4041424353475F6061565C5D5E57597B
:10E980005A5B6200000000444500000000000000E7
:10E990005800544600004A524B504F4D514E494C7E
:10E9A0000000000000000048696E70757420646506
:10E9B00076696365206E6F74207265616479006B9F
:10E9C00065796D6170206576656E74206F75742051
:10E9D0006F662072616E67653A20726F773D2575AC
:10E9E00020636F6C3D257500696E7075745F6B6593
:10E9F000796D617000757362645F776F726B71001F
:10EA000055534244206576656E7420616C6C6F636B
:10EA10006174696F6E206661696C6564210055538D
:10EA20004244206576656E74206D656D6F72792045
:10EA3000636F7272757074656400556E6B6E6F777C
:10EA40006E2055534220706F776572206576656E33
:10EA500074202564006E6F7420617474616368654E
:10EA6000642C20455020307825303278206576653A
:10EA70006E742064726F70706564006E524620552B
:10EA8000534244207472616E7366657220657272BF
:10EA90006F7220284F5554293A203078253032782B
:10EAA000004661696C656420746F20616C6C6F63F3
:10EAB000206576740055534244206576656E742057
:10EAC00071756575652066756C6C2100556E6B6E91
:10EAD0006F776E2055534244206576656E743A20F8
:10EAE00025686400556E657870656374656420659B
:10EAF00076656E7420286E7266785F75736264291D
:10EB00003A2025642C20657020307825303278003A
:10EB10005F65705F7374617475735F676574206699
:10EB200061696C65642120436F64653A2025640047
:10EB3000696E76616C696420656E64706F696E746D
:10EB400020636F6E66696775726174696F6E0069C4
:10EB50006E76616C696420656E64706F696E742096
:10EB6000696E6465782F6164647265737300696EA1
:10EB700076616C696420656E64706F696E74207470
:10EB80007970650069736F20656E64706F696E746B
:10EB90002063616E206F6E6C792062652069736FEF
:10EBA000004550206D6178207061636B657420733F
:10EBB000697A65206D757374206265206120706FBD
:10EBC000776572206F662032005354414C4C20759B
:10EBD0006E737570706F72746564206F6E20495328
:10EBE0004F20656E64706F696E7400456E64706F5F
:10EBF000696E7420307825303278206973206E6F0A
:10EC00007420656E61626C6564006E5246205553D7
:10EC10004244207772697465206572726F723A207F
:10EC2000256400010002037573625F6E72667800EE
:10EC30006E72665F757362645F636F6D6D6F6E0099
:10EC4000636C6F636B4035303030006866636C6BAB
:10EC5000006C66636C6B006866636C6B3139326D97
:10EC6000006866636C6B617564696F00636C6F63E9
:10EC70006B5F636F6E74726F6C006770696F4038A2
:10EC80003432383030006770696F40383432353094
:10EC900030004661696C656420746F20616C6C6F34
:10ECA00063617465206E65787420525820627566C1
:10ECB0006665723A202564004E6F205458206275B4
:10ECC0006666657220617661696C61626C6500469A
:10ECD00061696C656420746F20737461727420497B
:10ECE0003253207472616E736665723A20307825F3
:10ECF0003038780043616E6E6F7420777269746586
:10ED000020696E2073746174653A2025640054682C
:10ED10006973206465766963652063616E206F6E38
:10ED20006C7920777269746520626C6F636B7320F5
:10ED3000757020746F2025752062797465730043A7
:10ED4000616E6E6F742072656163717569726520A2
:10ED500071756575656420627566666572004E65DD
:10ED600078742062756666657273206E6F742073A6
:10ED70007570706C696564206F6E2074696D6500D4
:10ED80004E6F20726F6F6D20696E20525820717522
:10ED90006575650043616E6E6F7420636F6E6669A2
:10EDA0006775726520696E2073746174653A2025F9
:10EDB00064005468697320646576696365206361E3
:10EDC0006E207472616E73666572206F6E6C79204E
:10EDD00066756C6C2033322D62697420776F7264B3
:10EDE0007300556E737570706F7274656420776F01
:10EDF00072642073697A653A20257500556E7375C3
:10EE000070706F72746564206461746120666F72E3
:10EE10006D61743A2030782530327800556E737504
:10EE200070706F727465642073747265616D2066B2
:10EE30006F726D61743A2030782530327800556EEB
:10EE4000737570706F72746564206E756D62657233
:10EE5000206F66206368616E6E656C733A2025755D
:10EE600000556E737570706F72746564206F706595
:10EE7000726174696F6E206D6F64653A2030782519
:10EE800030327800493253204D434B206672657111
:10EE900075656E63793A2025752C20616374756100
:10EEA0006C2050434D20726174653A2025750055E1
:10EEB0006E737570706F72746564206F7074696FB3
:10EEC0006E733A2030782530327800545820616EC5
:10EED0006420525820636F6E666967757261746949
:10EEE0006F6E732061726520646966666572656E17
:10EEF0007400496E76616C69642074726967676535
:10EF0000723A20256400496E617070726F70726988
:10EF10006174652074726967676572202825642FA3
:10EF20002564292C20616374697665207374726589
:10EF3000616D2873293A202564004661696C656417
:10EF400020746F20696E697469616C697A65204903
:10EF500032533A20307825303878004661696C6544
:10EF60006420746F207265717565737420636C6FB3
:10EF7000636B3A2025640069327340323830303098
:10EF8000006932735F6E7266780050696E20256486
:10EF900020696E7465727275707420636F6E666935
:10EFA0006775726174696F6E206661696C65643A39
:10EFB0002025640050696E20256420636F6E6669A9
:10EFC0006775726174696F6E206661696C65643A19
:10EFD00020256400436F756C64206E6F7420736528
:10EFE00074206770696F2063616C6C6261636B0091
:10EFF0006B657970616400696E7075745F677069C4
:10F000006F5F6B62645F6D6174726978006B6579C4
:10F010005F696E6465782025642067657420666189
:10F02000696C65643A20256400627574746F6E7350
:10F03000006770696F5F6B65797300696E707574D6
:10F040005F6B62645F6D6174726978000001020336
:10F05000040506070B4661696C656420746F2061C6
:10F060006C6C6F6361746520505049204368616E19
:10F070006E656C00756172744038303030007561B7
:10F0800072745F6E7266785F7561727465000000FD
:10F09000000101010000010000000C04241C0020FC
:10F0A00030303030303030303030303030300001BF
:10F0B0000100000048616C74696E67207379737495
:10F0C000656D00556E6B6E6F776E206572726F7234
:10F0D00000756E6B6E6F776E003E3E3E205A455057
:10F0E00048595220464154414C204552524F5220DB
:10F0F00025643A202573206F6E20435055202564E7
:10F10000004661756C7420647572696E6720696E63
:10F11000746572727570742068616E646C696E6774
:10F120000A0043757272656E74207468726561645A
:10F130003A202570202825732900435055206578F2
:10F1400063657074696F6E00556E68616E646C659E
:10F150006420696E746572727570740053746163B3
:10F160006B206F766572666C6F77004B65726E65AB
:10F170006C206F6F7073004B65726E656C207061F0
:10F180006E6963006F7300737973776F726B7100D0
:10F19000286E756C6C29002A666C6F61742A0000F9
:10F1A000F5B200006FBA0000A8D600000000000011
:10F1B0005C0200203A000000700200203A000000CB
:10F1C000480200203A000000840200203A000000BB
:10F1D000000000009DBE00000000000000000000D4
:10F1E000D93C00008000000000000000000000008A
:10F1F000000000000000000000000000000000000F
:10F2000000000000000000000000000000000000FE
:10F2100000000000000000000000000000000000EE
:10F2200000000000000000000000000000000000DE
:10F2300000000000000000000000000000000000CE
:10F2400000000000000000000000000000000000BE
:10F2500000000000000000000000000000000000AE
:10F26000000000000000000000000000000000009E
:10F27000000000000000000000000000000000008E
:10F28000000000000000000000000000000000007E
:10F29000000000000000000000000000000000006E
:10F2A000000000000000000000000000000000005E
:10F2B000000000000000000000000000000000004E
:10F2C00000000000D4D70000000000000100000092
:10F2D000000000000090D00300700150000000000A
:10F2E000FFFFFFFF3F000000FFFFFFFF3F000000A8
:10F2F000FF0000009002000058010020580100208B
:10F3000000000000C5A50000A40100209C01002011
:10F3100094010020000000008C010020F1A60000F4
:10F320003DA6000071A60000B9A60000E826002056
:10F330003A00003AEC2600203A00003AF02600207D
:10F340003A00003AF42600203A00003AB4010020C6
:10F3500078010020700100206C010020680100206D
:10F36000000000000000000000000000000000009D
:04F370000000000099
:10F374000000000000000000000000000000000089
:10F384000000000000000000000000000000000079
:10F394000000000000000000000000000000000069
:08F3A400000000000000000061
:04F3AC00000000005D
:10F3B0001002002010020020204800200000000061
:10F3C0002000000014000000000000002C020020BB
:10F3D0002C020020C84500200000000002000000B0
:08F3E000CC0000000000000059
:10F3E8004802002048020020000000000000000041
:10F3F8000E0000005C0200205C02002000000000FB
:10F40800000000000E0000007002002070020020C2
:10F4180000000000000000000E0000008402002030
:10F428008402002000000000000000000E00000020
:10F438009802002098020020000000000000000050
:04F448000E000000B2
:10F44C00AC020020AC0200200C00000010000000F8
:10F45C0060470020204800206047002060470020C3
:08F46C00000000000000000098
:10F47400D4020020D402002001000000010000009A
:10F48400E4020020E402002000000000010000006B
:10F494000000000000000000FC020020FC0200202C
:10F4A4001201000200000040E22F040001040102E6
:10F4B400030109020000000100E032090400000118
:10F4C4000301000009211101000122000007058049
:10F4D40003100009040309040E035A657068797265
:10F4E4000000000000001E03327832204B65797062
:10F4F400616420484944000000000000000000004E
:10F5040000000000220330313233343536373839C5
:10F514004142434445460000000000000000000052
:08F524000000000000000000DF
:10F52C00000000001F030020C9BE00003D3D00008C
:10F53C00CD3E000000000000393E0000010000003C
:04F54C00400000205B
:04F5500015E015E0CD
:0400000300003309BD
:00000001FF
